{
"type": "FeatureCollection",
"name": "track_points",
"crs": { "type": "name", "properties": { "name": "urn:ogc:def:crs:OGC:1.3:CRS84" } },
"features": [
{ "type": "Feature", "properties": { "track_fid": 0, "track_seg_id": 0, "track_seg_point_id": 0, "ele": 1137.800048828125, "time": "2025-08-08T15:43:13Z" }, "geometry": { "type": "Point", "coordinates": [ -121.281378390267491, 44.019816471263766 ] } },
{ "type": "Feature", "properties": { "track_fid": 0, "track_seg_id": 0, "track_seg_point_id": 1, "ele": 1137.199951171875, "time": "2025-08-08T15:43:25Z" }, "geometry": { "type": "Point", "coordinates": [ -121.281393645331264, 44.019803395494819 ] } },
{ "type": "Feature", "properties": { "track_fid": 0, "track_seg_id": 0, "track_seg_point_id": 2, "ele": 1136.800048828125, "time": "2025-08-08T15:43:32Z" }, "geometry": { "type": "Point", "coordinates": [ -121.28140814602375, 44.019816219806671 ] } },
{ "type": "Feature", "properties": { "track_fid": 0, "track_seg_id": 0, "track_seg_point_id": 3, "ele": 1137.199951171875, "time": "2025-08-08T15:43:41Z" }, "geometry": { "type": "Point", "coordinates": [ -121.281420551240444, 44.019821248948574 ] } },
{ "type": "Feature", "properties": { "track_fid": 0, "track_seg_id": 0, "track_seg_point_id": 4, "ele": 1137.5999755859375, "time": "2025-08-08T15:43:51Z" }, "geometry": { "type": "Point", "coordinates": [ -121.28143647685647, 44.019826278090477 ] } },
{ "type": "Feature", "properties": { "track_fid": 0, "track_seg_id": 0, "track_seg_point_id": 5, "ele": 1137.800048828125, "time": "2025-08-08T15:44:04Z" }, "geometry": { "type": "Point", "coordinates": [ -121.281446870416403, 44.019826529547572 ] } },
{ "type": "Feature", "properties": { "track_fid": 0, "track_seg_id": 0, "track_seg_point_id": 6, "ele": 1137.800048828125, "time": "2025-08-08T15:44:19Z" }, "geometry": { "type": "Point", "coordinates": [ -121.281447121873498, 44.019826361909509 ] } },
{ "type": "Feature", "properties": { "track_fid": 0, "track_seg_id": 0, "track_seg_point_id": 7, "ele": 1137.800048828125, "time": "2025-08-08T15:44:40Z" }, "geometry": { "type": "Point", "coordinates": [ -121.281452067196369, 44.019826781004667 ] } },
{ "type": "Feature", "properties": { "track_fid": 0, "track_seg_id": 0, "track_seg_point_id": 8, "ele": 1137.4000244140625, "time": "2025-08-08T15:45:10Z" }, "geometry": { "type": "Point", "coordinates": [ -121.281448882073164, 44.019833235070109 ] } },
{ "type": "Feature", "properties": { "track_fid": 0, "track_seg_id": 0, "track_seg_point_id": 9, "ele": 1137.5999755859375, "time": "2025-08-08T15:45:23Z" }, "geometry": { "type": "Point", "coordinates": [ -121.281443685293198, 44.019830720499158 ] } },
{ "type": "Feature", "properties": { "track_fid": 0, "track_seg_id": 0, "track_seg_point_id": 10, "ele": 1138.0, "time": "2025-08-08T15:45:51Z" }, "geometry": { "type": "Point", "coordinates": [ -121.281464137136936, 44.019827451556921 ] } },
{ "type": "Feature", "properties": { "track_fid": 0, "track_seg_id": 0, "track_seg_point_id": 11, "ele": 1138.4000244140625, "time": "2025-08-08T15:46:04Z" }, "geometry": { "type": "Point", "coordinates": [ -121.281468663364649, 44.019836587831378 ] } },
{ "type": "Feature", "properties": { "track_fid": 0, "track_seg_id": 0, "track_seg_point_id": 12, "ele": 1137.199951171875, "time": "2025-08-08T15:46:15Z" }, "geometry": { "type": "Point", "coordinates": [ -121.281475285068154, 44.019835246726871 ] } },
{ "type": "Feature", "properties": { "track_fid": 0, "track_seg_id": 0, "track_seg_point_id": 13, "ele": 1139.199951171875, "time": "2025-08-08T15:46:31Z" }, "geometry": { "type": "Point", "coordinates": [ -121.281482074409723, 44.019849495962262 ] } },
{ "type": "Feature", "properties": { "track_fid": 0, "track_seg_id": 0, "track_seg_point_id": 14, "ele": 1139.199951171875, "time": "2025-08-08T15:46:42Z" }, "geometry": { "type": "Point", "coordinates": [ -121.281491462141275, 44.019850920885801 ] } },
{ "type": "Feature", "properties": { "track_fid": 0, "track_seg_id": 0, "track_seg_point_id": 15, "ele": 1139.199951171875, "time": "2025-08-08T15:46:55Z" }, "geometry": { "type": "Point", "coordinates": [ -121.281527169048786, 44.019858632236719 ] } },
{ "type": "Feature", "properties": { "track_fid": 0, "track_seg_id": 0, "track_seg_point_id": 16, "ele": 1139.4000244140625, "time": "2025-08-08T15:47:02Z" }, "geometry": { "type": "Point", "coordinates": [ -121.28151903860271, 44.019843880087137 ] } },
{ "type": "Feature", "properties": { "track_fid": 0, "track_seg_id": 0, "track_seg_point_id": 17, "ele": 1139.4000244140625, "time": "2025-08-08T15:47:09Z" }, "geometry": { "type": "Point", "coordinates": [ -121.281514093279839, 44.019838264212012 ] } },
{ "type": "Feature", "properties": { "track_fid": 0, "track_seg_id": 0, "track_seg_point_id": 18, "ele": 1139.199951171875, "time": "2025-08-08T15:47:34Z" }, "geometry": { "type": "Point", "coordinates": [ -121.281507471576333, 44.019829295575619 ] } },
{ "type": "Feature", "properties": { "track_fid": 0, "track_seg_id": 0, "track_seg_point_id": 19, "ele": 1138.4000244140625, "time": "2025-08-08T15:47:56Z" }, "geometry": { "type": "Point", "coordinates": [ -121.281592631712556, 44.01982787065208 ] } },
{ "type": "Feature", "properties": { "track_fid": 0, "track_seg_id": 0, "track_seg_point_id": 20, "ele": 1138.4000244140625, "time": "2025-08-08T15:48:07Z" }, "geometry": { "type": "Point", "coordinates": [ -121.281664967536926, 44.019853686913848 ] } },
{ "type": "Feature", "properties": { "track_fid": 0, "track_seg_id": 0, "track_seg_point_id": 21, "ele": 1138.4000244140625, "time": "2025-08-08T15:48:12Z" }, "geometry": { "type": "Point", "coordinates": [ -121.281638480722904, 44.020044291391969 ] } },
{ "type": "Feature", "properties": { "track_fid": 0, "track_seg_id": 0, "track_seg_point_id": 22, "ele": 1138.5999755859375, "time": "2025-08-08T15:48:18Z" }, "geometry": { "type": "Point", "coordinates": [ -121.281686592847109, 44.020165242254734 ] } },
{ "type": "Feature", "properties": { "track_fid": 0, "track_seg_id": 0, "track_seg_point_id": 23, "ele": 1138.4000244140625, "time": "2025-08-08T15:48:22Z" }, "geometry": { "type": "Point", "coordinates": [ -121.281939642503858, 44.020216120406985 ] } },
{ "type": "Feature", "properties": { "track_fid": 0, "track_seg_id": 0, "track_seg_point_id": 24, "ele": 1139.0, "time": "2025-08-08T15:48:27Z" }, "geometry": { "type": "Point", "coordinates": [ -121.282461835071445, 44.020215282216668 ] } },
{ "type": "Feature", "properties": { "track_fid": 0, "track_seg_id": 0, "track_seg_point_id": 25, "ele": 1139.199951171875, "time": "2025-08-08T15:48:32Z" }, "geometry": { "type": "Point", "coordinates": [ -121.283050244674087, 44.020207738503814 ] } },
{ "type": "Feature", "properties": { "track_fid": 0, "track_seg_id": 0, "track_seg_point_id": 26, "ele": 1139.199951171875, "time": "2025-08-08T15:48:34Z" }, "geometry": { "type": "Point", "coordinates": [ -121.283277729526162, 44.020213522017002 ] } },
{ "type": "Feature", "properties": { "track_fid": 0, "track_seg_id": 0, "track_seg_point_id": 27, "ele": 1139.199951171875, "time": "2025-08-08T15:48:36Z" }, "geometry": { "type": "Point", "coordinates": [ -121.283479062840343, 44.020254341885448 ] } },
{ "type": "Feature", "properties": { "track_fid": 0, "track_seg_id": 0, "track_seg_point_id": 28, "ele": 1138.199951171875, "time": "2025-08-08T15:48:38Z" }, "geometry": { "type": "Point", "coordinates": [ -121.28370906226337, 44.020383339375257 ] } },
{ "type": "Feature", "properties": { "track_fid": 0, "track_seg_id": 0, "track_seg_point_id": 29, "ele": 1138.199951171875, "time": "2025-08-08T15:48:39Z" }, "geometry": { "type": "Point", "coordinates": [ -121.28370906226337, 44.020383339375257 ] } },
{ "type": "Feature", "properties": { "track_fid": 0, "track_seg_id": 0, "track_seg_point_id": 30, "ele": 1136.5999755859375, "time": "2025-08-08T15:48:44Z" }, "geometry": { "type": "Point", "coordinates": [ -121.283966219052672, 44.020589282736182 ] } },
{ "type": "Feature", "properties": { "track_fid": 0, "track_seg_id": 0, "track_seg_point_id": 31, "ele": 1136.199951171875, "time": "2025-08-08T15:48:46Z" }, "geometry": { "type": "Point", "coordinates": [ -121.284109968692064, 44.020644519478083 ] } },
{ "type": "Feature", "properties": { "track_fid": 0, "track_seg_id": 0, "track_seg_point_id": 32, "ele": 1136.199951171875, "time": "2025-08-08T15:48:48Z" }, "geometry": { "type": "Point", "coordinates": [ -121.284281630069017, 44.020681483671069 ] } },
{ "type": "Feature", "properties": { "track_fid": 0, "track_seg_id": 0, "track_seg_point_id": 33, "ele": 1136.4000244140625, "time": "2025-08-08T15:48:53Z" }, "geometry": { "type": "Point", "coordinates": [ -121.284520346671343, 44.020723393186927 ] } },
{ "type": "Feature", "properties": { "track_fid": 0, "track_seg_id": 0, "track_seg_point_id": 34, "ele": 1136.5999755859375, "time": "2025-08-08T15:48:57Z" }, "geometry": { "type": "Point", "coordinates": [ -121.284632999449968, 44.020778797566891 ] } },
{ "type": "Feature", "properties": { "track_fid": 0, "track_seg_id": 0, "track_seg_point_id": 35, "ele": 1136.800048828125, "time": "2025-08-08T15:48:59Z" }, "geometry": { "type": "Point", "coordinates": [ -121.284755626693368, 44.020838476717472 ] } },
{ "type": "Feature", "properties": { "track_fid": 0, "track_seg_id": 0, "track_seg_point_id": 36, "ele": 1136.800048828125, "time": "2025-08-08T15:49:01Z" }, "geometry": { "type": "Point", "coordinates": [ -121.284907087683678, 44.020853983238339 ] } },
{ "type": "Feature", "properties": { "track_fid": 0, "track_seg_id": 0, "track_seg_point_id": 37, "ele": 1136.800048828125, "time": "2025-08-08T15:49:03Z" }, "geometry": { "type": "Point", "coordinates": [ -121.285064248368144, 44.020805452018976 ] } },
{ "type": "Feature", "properties": { "track_fid": 0, "track_seg_id": 0, "track_seg_point_id": 38, "ele": 1136.800048828125, "time": "2025-08-08T15:49:04Z" }, "geometry": { "type": "Point", "coordinates": [ -121.285149659961462, 44.020771589130163 ] } },
{ "type": "Feature", "properties": { "track_fid": 0, "track_seg_id": 0, "track_seg_point_id": 39, "ele": 1136.5999755859375, "time": "2025-08-08T15:49:05Z" }, "geometry": { "type": "Point", "coordinates": [ -121.285248063504696, 44.02074015699327 ] } },
{ "type": "Feature", "properties": { "track_fid": 0, "track_seg_id": 0, "track_seg_point_id": 40, "ele": 1136.0, "time": "2025-08-08T15:49:08Z" }, "geometry": { "type": "Point", "coordinates": [ -121.285621142014861, 44.020673939958215 ] } },
{ "type": "Feature", "properties": { "track_fid": 0, "track_seg_id": 0, "track_seg_point_id": 41, "ele": 1135.800048828125, "time": "2025-08-08T15:49:12Z" }, "geometry": { "type": "Point", "coordinates": [ -121.286164373159409, 44.020552737638354 ] } },
{ "type": "Feature", "properties": { "track_fid": 0, "track_seg_id": 0, "track_seg_point_id": 42, "ele": 1136.199951171875, "time": "2025-08-08T15:49:15Z" }, "geometry": { "type": "Point", "coordinates": [ -121.286411974579096, 44.020473947748542 ] } },
{ "type": "Feature", "properties": { "track_fid": 0, "track_seg_id": 0, "track_seg_point_id": 43, "ele": 1136.4000244140625, "time": "2025-08-08T15:49:16Z" }, "geometry": { "type": "Point", "coordinates": [ -121.286479029804468, 44.020433966070414 ] } },
{ "type": "Feature", "properties": { "track_fid": 0, "track_seg_id": 0, "track_seg_point_id": 44, "ele": 1136.4000244140625, "time": "2025-08-08T15:49:18Z" }, "geometry": { "type": "Point", "coordinates": [ -121.286497972905636, 44.02040982618928 ] } },
{ "type": "Feature", "properties": { "track_fid": 0, "track_seg_id": 0, "track_seg_point_id": 45, "ele": 1136.5999755859375, "time": "2025-08-08T15:49:19Z" }, "geometry": { "type": "Point", "coordinates": [ -121.286528566852212, 44.020382249727845 ] } },
{ "type": "Feature", "properties": { "track_fid": 0, "track_seg_id": 0, "track_seg_point_id": 46, "ele": 1136.800048828125, "time": "2025-08-08T15:49:21Z" }, "geometry": { "type": "Point", "coordinates": [ -121.286635268479586, 44.020306393504143 ] } },
{ "type": "Feature", "properties": { "track_fid": 0, "track_seg_id": 0, "track_seg_point_id": 47, "ele": 1138.4000244140625, "time": "2025-08-08T15:49:24Z" }, "geometry": { "type": "Point", "coordinates": [ -121.286967946216464, 44.020048649981618 ] } },
{ "type": "Feature", "properties": { "track_fid": 0, "track_seg_id": 0, "track_seg_point_id": 48, "ele": 1140.800048828125, "time": "2025-08-08T15:49:28Z" }, "geometry": { "type": "Point", "coordinates": [ -121.287255780771375, 44.019788056612015 ] } },
{ "type": "Feature", "properties": { "track_fid": 0, "track_seg_id": 0, "track_seg_point_id": 49, "ele": 1142.199951171875, "time": "2025-08-08T15:49:30Z" }, "geometry": { "type": "Point", "coordinates": [ -121.287468848749995, 44.019605917856097 ] } },
{ "type": "Feature", "properties": { "track_fid": 0, "track_seg_id": 0, "track_seg_point_id": 50, "ele": 1143.800048828125, "time": "2025-08-08T15:49:32Z" }, "geometry": { "type": "Point", "coordinates": [ -121.287717455998063, 44.019439788535237 ] } },
{ "type": "Feature", "properties": { "track_fid": 0, "track_seg_id": 0, "track_seg_point_id": 51, "ele": 1144.5999755859375, "time": "2025-08-08T15:49:33Z" }, "geometry": { "type": "Point", "coordinates": [ -121.28785852342844, 44.019367787986994 ] } },
{ "type": "Feature", "properties": { "track_fid": 0, "track_seg_id": 0, "track_seg_point_id": 52, "ele": 1145.4000244140625, "time": "2025-08-08T15:49:34Z" }, "geometry": { "type": "Point", "coordinates": [ -121.288009397685528, 44.019304923713207 ] } },
{ "type": "Feature", "properties": { "track_fid": 0, "track_seg_id": 0, "track_seg_point_id": 53, "ele": 1147.0, "time": "2025-08-08T15:49:36Z" }, "geometry": { "type": "Point", "coordinates": [ -121.288339896127582, 44.019210375845432 ] } },
{ "type": "Feature", "properties": { "track_fid": 0, "track_seg_id": 0, "track_seg_point_id": 54, "ele": 1148.5999755859375, "time": "2025-08-08T15:49:39Z" }, "geometry": { "type": "Point", "coordinates": [ -121.288878852501512, 44.01914675720036 ] } },
{ "type": "Feature", "properties": { "track_fid": 0, "track_seg_id": 0, "track_seg_point_id": 55, "ele": 1148.199951171875, "time": "2025-08-08T15:49:44Z" }, "geometry": { "type": "Point", "coordinates": [ -121.289856936782598, 44.01911792345345 ] } },
{ "type": "Feature", "properties": { "track_fid": 0, "track_seg_id": 0, "track_seg_point_id": 56, "ele": 1147.5999755859375, "time": "2025-08-08T15:49:45Z" }, "geometry": { "type": "Point", "coordinates": [ -121.29005734808743, 44.019111637026072 ] } },
{ "type": "Feature", "properties": { "track_fid": 0, "track_seg_id": 0, "track_seg_point_id": 57, "ele": 1144.199951171875, "time": "2025-08-08T15:49:50Z" }, "geometry": { "type": "Point", "coordinates": [ -121.291061751544476, 44.019077438861132 ] } },
{ "type": "Feature", "properties": { "track_fid": 0, "track_seg_id": 0, "track_seg_point_id": 58, "ele": 1143.199951171875, "time": "2025-08-08T15:49:54Z" }, "geometry": { "type": "Point", "coordinates": [ -121.291837496683002, 44.019047850742936 ] } },
{ "type": "Feature", "properties": { "track_fid": 0, "track_seg_id": 0, "track_seg_point_id": 59, "ele": 1143.4000244140625, "time": "2025-08-08T15:49:58Z" }, "geometry": { "type": "Point", "coordinates": [ -121.292527578771114, 44.019021783024073 ] } },
{ "type": "Feature", "properties": { "track_fid": 0, "track_seg_id": 0, "track_seg_point_id": 60, "ele": 1142.800048828125, "time": "2025-08-08T15:50:01Z" }, "geometry": { "type": "Point", "coordinates": [ -121.292972071096301, 44.019007533788681 ] } },
{ "type": "Feature", "properties": { "track_fid": 0, "track_seg_id": 0, "track_seg_point_id": 61, "ele": 1141.4000244140625, "time": "2025-08-08T15:50:06Z" }, "geometry": { "type": "Point", "coordinates": [ -121.293586464598775, 44.018975263461471 ] } },
{ "type": "Feature", "properties": { "track_fid": 0, "track_seg_id": 0, "track_seg_point_id": 62, "ele": 1141.199951171875, "time": "2025-08-08T15:50:08Z" }, "geometry": { "type": "Point", "coordinates": [ -121.293755192309618, 44.019002756103873 ] } },
{ "type": "Feature", "properties": { "track_fid": 0, "track_seg_id": 0, "track_seg_point_id": 63, "ele": 1141.199951171875, "time": "2025-08-08T15:50:09Z" }, "geometry": { "type": "Point", "coordinates": [ -121.293831132352352, 44.019021950662136 ] } },
{ "type": "Feature", "properties": { "track_fid": 0, "track_seg_id": 0, "track_seg_point_id": 64, "ele": 1141.0, "time": "2025-08-08T15:50:10Z" }, "geometry": { "type": "Point", "coordinates": [ -121.293981419876218, 44.019025135785341 ] } },
{ "type": "Feature", "properties": { "track_fid": 0, "track_seg_id": 0, "track_seg_point_id": 65, "ele": 1141.0, "time": "2025-08-08T15:50:11Z" }, "geometry": { "type": "Point", "coordinates": [ -121.293981419876218, 44.019025135785341 ] } },
{ "type": "Feature", "properties": { "track_fid": 0, "track_seg_id": 0, "track_seg_point_id": 66, "ele": 1141.0, "time": "2025-08-08T15:50:12Z" }, "geometry": { "type": "Point", "coordinates": [ -121.294045457616448, 44.018999151885509 ] } },
{ "type": "Feature", "properties": { "track_fid": 0, "track_seg_id": 0, "track_seg_point_id": 67, "ele": 1141.199951171875, "time": "2025-08-08T15:50:13Z" }, "geometry": { "type": "Point", "coordinates": [ -121.294087870046496, 44.018958667293191 ] } },
{ "type": "Feature", "properties": { "track_fid": 0, "track_seg_id": 0, "track_seg_point_id": 68, "ele": 1141.199951171875, "time": "2025-08-08T15:50:14Z" }, "geometry": { "type": "Point", "coordinates": [ -121.294100359082222, 44.018910136073828 ] } },
{ "type": "Feature", "properties": { "track_fid": 0, "track_seg_id": 0, "track_seg_point_id": 69, "ele": 1141.199951171875, "time": "2025-08-08T15:50:15Z" }, "geometry": { "type": "Point", "coordinates": [ -121.294086696580052, 44.01886185631156 ] } },
{ "type": "Feature", "properties": { "track_fid": 0, "track_seg_id": 0, "track_seg_point_id": 70, "ele": 1141.4000244140625, "time": "2025-08-08T15:50:16Z" }, "geometry": { "type": "Point", "coordinates": [ -121.294054258614779, 44.018815839663148 ] } },
{ "type": "Feature", "properties": { "track_fid": 0, "track_seg_id": 0, "track_seg_point_id": 71, "ele": 1141.4000244140625, "time": "2025-08-08T15:50:19Z" }, "geometry": { "type": "Point", "coordinates": [ -121.293912520632148, 44.018657673150301 ] } },
{ "type": "Feature", "properties": { "track_fid": 0, "track_seg_id": 0, "track_seg_point_id": 72, "ele": 1141.5999755859375, "time": "2025-08-08T15:50:21Z" }, "geometry": { "type": "Point", "coordinates": [ -121.293835155665874, 44.01850663125515 ] } },
{ "type": "Feature", "properties": { "track_fid": 0, "track_seg_id": 0, "track_seg_point_id": 73, "ele": 1142.0, "time": "2025-08-08T15:50:23Z" }, "geometry": { "type": "Point", "coordinates": [ -121.29378167912364, 44.018327677622437 ] } },
{ "type": "Feature", "properties": { "track_fid": 0, "track_seg_id": 0, "track_seg_point_id": 74, "ele": 1142.199951171875, "time": "2025-08-08T15:50:28Z" }, "geometry": { "type": "Point", "coordinates": [ -121.293681347742677, 44.017811771482229 ] } },
{ "type": "Feature", "properties": { "track_fid": 0, "track_seg_id": 0, "track_seg_point_id": 75, "ele": 1141.4000244140625, "time": "2025-08-08T15:50:32Z" }, "geometry": { "type": "Point", "coordinates": [ -121.293682856485248, 44.017365351319313 ] } },
{ "type": "Feature", "properties": { "track_fid": 0, "track_seg_id": 0, "track_seg_point_id": 76, "ele": 1142.0, "time": "2025-08-08T15:50:36Z" }, "geometry": { "type": "Point", "coordinates": [ -121.293856780976057, 44.016902334988117 ] } },
{ "type": "Feature", "properties": { "track_fid": 0, "track_seg_id": 0, "track_seg_point_id": 77, "ele": 1142.199951171875, "time": "2025-08-08T15:50:39Z" }, "geometry": { "type": "Point", "coordinates": [ -121.294037830084562, 44.016557168215513 ] } },
{ "type": "Feature", "properties": { "track_fid": 0, "track_seg_id": 0, "track_seg_point_id": 78, "ele": 1142.0, "time": "2025-08-08T15:50:42Z" }, "geometry": { "type": "Point", "coordinates": [ -121.29419943317771, 44.016202446073294 ] } },
{ "type": "Feature", "properties": { "track_fid": 0, "track_seg_id": 0, "track_seg_point_id": 79, "ele": 1142.0, "time": "2025-08-08T15:50:43Z" }, "geometry": { "type": "Point", "coordinates": [ -121.294239247217774, 44.016079064458609 ] } },
{ "type": "Feature", "properties": { "track_fid": 0, "track_seg_id": 0, "track_seg_point_id": 80, "ele": 1142.199951171875, "time": "2025-08-08T15:50:46Z" }, "geometry": { "type": "Point", "coordinates": [ -121.294315354898572, 44.015559135004878 ] } },
{ "type": "Feature", "properties": { "track_fid": 0, "track_seg_id": 0, "track_seg_point_id": 81, "ele": 1142.199951171875, "time": "2025-08-08T15:50:47Z" }, "geometry": { "type": "Point", "coordinates": [ -121.294315354898572, 44.015559135004878 ] } },
{ "type": "Feature", "properties": { "track_fid": 0, "track_seg_id": 0, "track_seg_point_id": 82, "ele": 1143.4000244140625, "time": "2025-08-08T15:50:50Z" }, "geometry": { "type": "Point", "coordinates": [ -121.294270427897573, 44.015161329880357 ] } },
{ "type": "Feature", "properties": { "track_fid": 0, "track_seg_id": 0, "track_seg_point_id": 83, "ele": 1144.0, "time": "2025-08-08T15:50:51Z" }, "geometry": { "type": "Point", "coordinates": [ -121.294235726818442, 44.015032919123769 ] } },
{ "type": "Feature", "properties": { "track_fid": 0, "track_seg_id": 0, "track_seg_point_id": 84, "ele": 1144.800048828125, "time": "2025-08-08T15:50:55Z" }, "geometry": { "type": "Point", "coordinates": [ -121.293927524238825, 44.014408132061362 ] } },
{ "type": "Feature", "properties": { "track_fid": 0, "track_seg_id": 0, "track_seg_point_id": 85, "ele": 1143.4000244140625, "time": "2025-08-08T15:51:00Z" }, "geometry": { "type": "Point", "coordinates": [ -121.293559055775404, 44.013929525390267 ] } },
{ "type": "Feature", "properties": { "track_fid": 0, "track_seg_id": 0, "track_seg_point_id": 86, "ele": 1142.800048828125, "time": "2025-08-08T15:51:02Z" }, "geometry": { "type": "Point", "coordinates": [ -121.293387478217483, 44.01368385180831 ] } },
{ "type": "Feature", "properties": { "track_fid": 0, "track_seg_id": 0, "track_seg_point_id": 87, "ele": 1143.0, "time": "2025-08-08T15:51:06Z" }, "geometry": { "type": "Point", "coordinates": [ -121.293130069971085, 44.013162916526198 ] } },
{ "type": "Feature", "properties": { "track_fid": 0, "track_seg_id": 0, "track_seg_point_id": 88, "ele": 1142.4000244140625, "time": "2025-08-08T15:51:10Z" }, "geometry": { "type": "Point", "coordinates": [ -121.292830836027861, 44.01269244030118 ] } },
{ "type": "Feature", "properties": { "track_fid": 0, "track_seg_id": 0, "track_seg_point_id": 89, "ele": 1141.0, "time": "2025-08-08T15:51:13Z" }, "geometry": { "type": "Point", "coordinates": [ -121.292460272088647, 44.012417094781995 ] } },
{ "type": "Feature", "properties": { "track_fid": 0, "track_seg_id": 0, "track_seg_point_id": 90, "ele": 1138.5999755859375, "time": "2025-08-08T15:51:18Z" }, "geometry": { "type": "Point", "coordinates": [ -121.291664075106382, 44.012065138667822 ] } },
{ "type": "Feature", "properties": { "track_fid": 0, "track_seg_id": 0, "track_seg_point_id": 91, "ele": 1139.199951171875, "time": "2025-08-08T15:51:23Z" }, "geometry": { "type": "Point", "coordinates": [ -121.290853964164853, 44.011710584163666 ] } },
{ "type": "Feature", "properties": { "track_fid": 0, "track_seg_id": 0, "track_seg_point_id": 92, "ele": 1139.0, "time": "2025-08-08T15:51:25Z" }, "geometry": { "type": "Point", "coordinates": [ -121.290553389117122, 44.011577563360333 ] } },
{ "type": "Feature", "properties": { "track_fid": 0, "track_seg_id": 0, "track_seg_point_id": 93, "ele": 1139.5999755859375, "time": "2025-08-08T15:51:28Z" }, "geometry": { "type": "Point", "coordinates": [ -121.290118955075741, 44.011384025216103 ] } },
{ "type": "Feature", "properties": { "track_fid": 0, "track_seg_id": 0, "track_seg_point_id": 94, "ele": 1140.800048828125, "time": "2025-08-08T15:51:29Z" }, "geometry": { "type": "Point", "coordinates": [ -121.289986940100789, 44.011311018839478 ] } },
{ "type": "Feature", "properties": { "track_fid": 0, "track_seg_id": 0, "track_seg_point_id": 95, "ele": 1141.0, "time": "2025-08-08T15:51:30Z" }, "geometry": { "type": "Point", "coordinates": [ -121.289873784407973, 44.011224685236812 ] } },
{ "type": "Feature", "properties": { "track_fid": 0, "track_seg_id": 0, "track_seg_point_id": 96, "ele": 1141.4000244140625, "time": "2025-08-08T15:51:31Z" }, "geometry": { "type": "Point", "coordinates": [ -121.289776973426342, 44.0111268684268 ] } },
{ "type": "Feature", "properties": { "track_fid": 0, "track_seg_id": 0, "track_seg_point_id": 97, "ele": 1141.5999755859375, "time": "2025-08-08T15:51:33Z" }, "geometry": { "type": "Point", "coordinates": [ -121.289643533527851, 44.010899383574724 ] } },
{ "type": "Feature", "properties": { "track_fid": 0, "track_seg_id": 0, "track_seg_point_id": 98, "ele": 1142.0, "time": "2025-08-08T15:51:36Z" }, "geometry": { "type": "Point", "coordinates": [ -121.289559630677104, 44.01050727814436 ] } },
{ "type": "Feature", "properties": { "track_fid": 0, "track_seg_id": 0, "track_seg_point_id": 99, "ele": 1142.0, "time": "2025-08-08T15:51:37Z" }, "geometry": { "type": "Point", "coordinates": [ -121.289537753909826, 44.010370569303632 ] } },
{ "type": "Feature", "properties": { "track_fid": 0, "track_seg_id": 0, "track_seg_point_id": 100, "ele": 1142.4000244140625, "time": "2025-08-08T15:51:41Z" }, "geometry": { "type": "Point", "coordinates": [ -121.28945242613554, 44.009812083095312 ] } },
{ "type": "Feature", "properties": { "track_fid": 0, "track_seg_id": 0, "track_seg_point_id": 101, "ele": 1142.800048828125, "time": "2025-08-08T15:51:43Z" }, "geometry": { "type": "Point", "coordinates": [ -121.289406577125192, 44.009535564109683 ] } },
{ "type": "Feature", "properties": { "track_fid": 0, "track_seg_id": 0, "track_seg_point_id": 102, "ele": 1142.800048828125, "time": "2025-08-08T15:51:47Z" }, "geometry": { "type": "Point", "coordinates": [ -121.289312867447734, 44.009012617170811 ] } },
{ "type": "Feature", "properties": { "track_fid": 0, "track_seg_id": 0, "track_seg_point_id": 103, "ele": 1144.4000244140625, "time": "2025-08-08T15:51:51Z" }, "geometry": { "type": "Point", "coordinates": [ -121.289232904091477, 44.008529484272003 ] } },
{ "type": "Feature", "properties": { "track_fid": 0, "track_seg_id": 0, "track_seg_point_id": 104, "ele": 1146.800048828125, "time": "2025-08-08T15:51:55Z" }, "geometry": { "type": "Point", "coordinates": [ -121.289169620722532, 44.008179288357496 ] } },
{ "type": "Feature", "properties": { "track_fid": 0, "track_seg_id": 0, "track_seg_point_id": 105, "ele": 1147.0, "time": "2025-08-08T15:51:56Z" }, "geometry": { "type": "Point", "coordinates": [ -121.289165178313851, 44.008132349699736 ] } },
{ "type": "Feature", "properties": { "track_fid": 0, "track_seg_id": 0, "track_seg_point_id": 106, "ele": 1146.800048828125, "time": "2025-08-08T15:51:58Z" }, "geometry": { "type": "Point", "coordinates": [ -121.289170878008008, 44.008084237575531 ] } },
{ "type": "Feature", "properties": { "track_fid": 0, "track_seg_id": 0, "track_seg_point_id": 107, "ele": 1146.5999755859375, "time": "2025-08-08T15:52:00Z" }, "geometry": { "type": "Point", "coordinates": [ -121.289204489439726, 44.008052470162511 ] } },
{ "type": "Feature", "properties": { "track_fid": 0, "track_seg_id": 0, "track_seg_point_id": 108, "ele": 1146.800048828125, "time": "2025-08-08T15:52:01Z" }, "geometry": { "type": "Point", "coordinates": [ -121.289257127791643, 44.008030593395233 ] } },
{ "type": "Feature", "properties": { "track_fid": 0, "track_seg_id": 0, "track_seg_point_id": 109, "ele": 1146.5999755859375, "time": "2025-08-08T15:52:02Z" }, "geometry": { "type": "Point", "coordinates": [ -121.289342623203993, 44.008023720234632 ] } },
{ "type": "Feature", "properties": { "track_fid": 0, "track_seg_id": 0, "track_seg_point_id": 110, "ele": 1146.4000244140625, "time": "2025-08-08T15:52:03Z" }, "geometry": { "type": "Point", "coordinates": [ -121.289454521611333, 44.008027827367187 ] } },
{ "type": "Feature", "properties": { "track_fid": 0, "track_seg_id": 0, "track_seg_point_id": 111, "ele": 1146.0, "time": "2025-08-08T15:52:06Z" }, "geometry": { "type": "Point", "coordinates": [ -121.290069920942187, 44.008023217320442 ] } },
{ "type": "Feature", "properties": { "track_fid": 0, "track_seg_id": 0, "track_seg_point_id": 112, "ele": 1146.199951171875, "time": "2025-08-08T15:52:10Z" }, "geometry": { "type": "Point", "coordinates": [ -121.290676183998585, 44.007977368310094 ] } },
{ "type": "Feature", "properties": { "track_fid": 0, "track_seg_id": 0, "track_seg_point_id": 113, "ele": 1146.5999755859375, "time": "2025-08-08T15:52:11Z" }, "geometry": { "type": "Point", "coordinates": [ -121.29089386202395, 44.007945936173201 ] } },
{ "type": "Feature", "properties": { "track_fid": 0, "track_seg_id": 0, "track_seg_point_id": 114, "ele": 1147.800048828125, "time": "2025-08-08T15:52:14Z" }, "geometry": { "type": "Point", "coordinates": [ -121.291553182527423, 44.007778717204928 ] } },
{ "type": "Feature", "properties": { "track_fid": 0, "track_seg_id": 0, "track_seg_point_id": 115, "ele": 1148.5999755859375, "time": "2025-08-08T15:52:15Z" }, "geometry": { "type": "Point", "coordinates": [ -121.291975546628237, 44.007608983665705 ] } },
{ "type": "Feature", "properties": { "track_fid": 0, "track_seg_id": 0, "track_seg_point_id": 116, "ele": 1149.199951171875, "time": "2025-08-08T15:52:17Z" }, "geometry": { "type": "Point", "coordinates": [ -121.292175790295005, 44.007510244846344 ] } },
{ "type": "Feature", "properties": { "track_fid": 0, "track_seg_id": 0, "track_seg_point_id": 117, "ele": 1150.800048828125, "time": "2025-08-08T15:52:20Z" }, "geometry": { "type": "Point", "coordinates": [ -121.292720530182123, 44.007175639271736 ] } },
{ "type": "Feature", "properties": { "track_fid": 0, "track_seg_id": 0, "track_seg_point_id": 118, "ele": 1151.199951171875, "time": "2025-08-08T15:52:21Z" }, "geometry": { "type": "Point", "coordinates": [ -121.292884396389127, 44.007056532427669 ] } },
{ "type": "Feature", "properties": { "track_fid": 0, "track_seg_id": 0, "track_seg_point_id": 119, "ele": 1151.5999755859375, "time": "2025-08-08T15:52:24Z" }, "geometry": { "type": "Point", "coordinates": [ -121.293376330286264, 44.00668865069747 ] } },
{ "type": "Feature", "properties": { "track_fid": 0, "track_seg_id": 0, "track_seg_point_id": 120, "ele": 1151.800048828125, "time": "2025-08-08T15:52:27Z" }, "geometry": { "type": "Point", "coordinates": [ -121.293904138728976, 44.006309872493148 ] } },
{ "type": "Feature", "properties": { "track_fid": 0, "track_seg_id": 0, "track_seg_point_id": 121, "ele": 1153.0, "time": "2025-08-08T15:52:30Z" }, "geometry": { "type": "Point", "coordinates": [ -121.294438736513257, 44.005920616909862 ] } },
{ "type": "Feature", "properties": { "track_fid": 0, "track_seg_id": 0, "track_seg_point_id": 122, "ele": 1155.199951171875, "time": "2025-08-08T15:52:33Z" }, "geometry": { "type": "Point", "coordinates": [ -121.295147845521569, 44.005406219512224 ] } },
{ "type": "Feature", "properties": { "track_fid": 0, "track_seg_id": 0, "track_seg_point_id": 123, "ele": 1157.199951171875, "time": "2025-08-08T15:52:37Z" }, "geometry": { "type": "Point", "coordinates": [ -121.295665092766285, 44.005031380802393 ] } },
{ "type": "Feature", "properties": { "track_fid": 0, "track_seg_id": 0, "track_seg_point_id": 124, "ele": 1158.4000244140625, "time": "2025-08-08T15:52:39Z" }, "geometry": { "type": "Point", "coordinates": [ -121.29600003361702, 44.004788221791387 ] } },
{ "type": "Feature", "properties": { "track_fid": 0, "track_seg_id": 0, "track_seg_point_id": 125, "ele": 1159.199951171875, "time": "2025-08-08T15:52:43Z" }, "geometry": { "type": "Point", "coordinates": [ -121.296840235590935, 44.004172319546342 ] } },
{ "type": "Feature", "properties": { "track_fid": 0, "track_seg_id": 0, "track_seg_point_id": 126, "ele": 1160.0, "time": "2025-08-08T15:52:47Z" }, "geometry": { "type": "Point", "coordinates": [ -121.297345831990242, 44.003807622939348 ] } },
{ "type": "Feature", "properties": { "track_fid": 0, "track_seg_id": 0, "track_seg_point_id": 127, "ele": 1161.0, "time": "2025-08-08T15:52:48Z" }, "geometry": { "type": "Point", "coordinates": [ -121.297517828643322, 44.003694886341691 ] } },
{ "type": "Feature", "properties": { "track_fid": 0, "track_seg_id": 0, "track_seg_point_id": 128, "ele": 1163.800048828125, "time": "2025-08-08T15:52:51Z" }, "geometry": { "type": "Point", "coordinates": [ -121.298221154138446, 44.003302194178104 ] } },
{ "type": "Feature", "properties": { "track_fid": 0, "track_seg_id": 0, "track_seg_point_id": 129, "ele": 1164.5999755859375, "time": "2025-08-08T15:52:53Z" }, "geometry": { "type": "Point", "coordinates": [ -121.298401867970824, 44.003208735957742 ] } },
{ "type": "Feature", "properties": { "track_fid": 0, "track_seg_id": 0, "track_seg_point_id": 130, "ele": 1166.5999755859375, "time": "2025-08-08T15:52:55Z" }, "geometry": { "type": "Point", "coordinates": [ -121.298761703073978, 44.00302148424089 ] } },
{ "type": "Feature", "properties": { "track_fid": 0, "track_seg_id": 0, "track_seg_point_id": 131, "ele": 1170.4000244140625, "time": "2025-08-08T15:52:59Z" }, "geometry": { "type": "Point", "coordinates": [ -121.299657393246889, 44.00256659835577 ] } },
{ "type": "Feature", "properties": { "track_fid": 0, "track_seg_id": 0, "track_seg_point_id": 132, "ele": 1170.800048828125, "time": "2025-08-08T15:53:02Z" }, "geometry": { "type": "Point", "coordinates": [ -121.300019575282931, 44.002382950857282 ] } },
{ "type": "Feature", "properties": { "track_fid": 0, "track_seg_id": 0, "track_seg_point_id": 133, "ele": 1171.199951171875, "time": "2025-08-08T15:53:05Z" }, "geometry": { "type": "Point", "coordinates": [ -121.300567332655191, 44.002111377194524 ] } },
{ "type": "Feature", "properties": { "track_fid": 0, "track_seg_id": 0, "track_seg_point_id": 134, "ele": 1172.199951171875, "time": "2025-08-08T15:53:08Z" }, "geometry": { "type": "Point", "coordinates": [ -121.301111737266183, 44.001828823238611 ] } },
{ "type": "Feature", "properties": { "track_fid": 0, "track_seg_id": 0, "track_seg_point_id": 135, "ele": 1174.0, "time": "2025-08-08T15:53:11Z" }, "geometry": { "type": "Point", "coordinates": [ -121.301642395555973, 44.001548867672682 ] } },
{ "type": "Feature", "properties": { "track_fid": 0, "track_seg_id": 0, "track_seg_point_id": 136, "ele": 1175.5999755859375, "time": "2025-08-08T15:53:13Z" }, "geometry": { "type": "Point", "coordinates": [ -121.301985969766974, 44.001366645097733 ] } },
{ "type": "Feature", "properties": { "track_fid": 0, "track_seg_id": 0, "track_seg_point_id": 137, "ele": 1179.5999755859375, "time": "2025-08-08T15:53:17Z" }, "geometry": { "type": "Point", "coordinates": [ -121.302630873396993, 44.001014772802591 ] } },
{ "type": "Feature", "properties": { "track_fid": 0, "track_seg_id": 0, "track_seg_point_id": 138, "ele": 1184.199951171875, "time": "2025-08-08T15:53:21Z" }, "geometry": { "type": "Point", "coordinates": [ -121.303293546661735, 44.000654267147183 ] } },
{ "type": "Feature", "properties": { "track_fid": 0, "track_seg_id": 0, "track_seg_point_id": 139, "ele": 1186.199951171875, "time": "2025-08-08T15:53:25Z" }, "geometry": { "type": "Point", "coordinates": [ -121.303965775296092, 44.000325193628669 ] } },
{ "type": "Feature", "properties": { "track_fid": 0, "track_seg_id": 0, "track_seg_point_id": 140, "ele": 1186.5999755859375, "time": "2025-08-08T15:53:27Z" }, "geometry": { "type": "Point", "coordinates": [ -121.304329046979547, 44.000179599970579 ] } },
{ "type": "Feature", "properties": { "track_fid": 0, "track_seg_id": 0, "track_seg_point_id": 141, "ele": 1186.5999755859375, "time": "2025-08-08T15:53:31Z" }, "geometry": { "type": "Point", "coordinates": [ -121.305122980847955, 43.999936273321509 ] } },
{ "type": "Feature", "properties": { "track_fid": 0, "track_seg_id": 0, "track_seg_point_id": 142, "ele": 1186.5999755859375, "time": "2025-08-08T15:53:32Z" }, "geometry": { "type": "Point", "coordinates": [ -121.305332779884338, 43.999888831749558 ] } },
{ "type": "Feature", "properties": { "track_fid": 0, "track_seg_id": 0, "track_seg_point_id": 143, "ele": 1187.199951171875, "time": "2025-08-08T15:53:35Z" }, "geometry": { "type": "Point", "coordinates": [ -121.305978856980801, 43.999784225597978 ] } },
{ "type": "Feature", "properties": { "track_fid": 0, "track_seg_id": 0, "track_seg_point_id": 144, "ele": 1187.800048828125, "time": "2025-08-08T15:53:36Z" }, "geometry": { "type": "Point", "coordinates": [ -121.30641127936542, 43.999741980805993 ] } },
{ "type": "Feature", "properties": { "track_fid": 0, "track_seg_id": 0, "track_seg_point_id": 145, "ele": 1187.800048828125, "time": "2025-08-08T15:53:40Z" }, "geometry": { "type": "Point", "coordinates": [ -121.307062637060881, 43.999715577811003 ] } },
{ "type": "Feature", "properties": { "track_fid": 0, "track_seg_id": 0, "track_seg_point_id": 146, "ele": 1186.5999755859375, "time": "2025-08-08T15:53:42Z" }, "geometry": { "type": "Point", "coordinates": [ -121.307500591501594, 43.999726222828031 ] } },
{ "type": "Feature", "properties": { "track_fid": 0, "track_seg_id": 0, "track_seg_point_id": 147, "ele": 1185.4000244140625, "time": "2025-08-08T15:53:44Z" }, "geometry": { "type": "Point", "coordinates": [ -121.307956567034125, 43.999756732955575 ] } },
{ "type": "Feature", "properties": { "track_fid": 0, "track_seg_id": 0, "track_seg_point_id": 148, "ele": 1183.800048828125, "time": "2025-08-08T15:53:48Z" }, "geometry": { "type": "Point", "coordinates": [ -121.308915037661791, 43.999822782352567 ] } },
{ "type": "Feature", "properties": { "track_fid": 0, "track_seg_id": 0, "track_seg_point_id": 149, "ele": 1183.5999755859375, "time": "2025-08-08T15:53:51Z" }, "geometry": { "type": "Point", "coordinates": [ -121.309662368148565, 43.999828482046723 ] } },
{ "type": "Feature", "properties": { "track_fid": 0, "track_seg_id": 0, "track_seg_point_id": 150, "ele": 1184.199951171875, "time": "2025-08-08T15:53:53Z" }, "geometry": { "type": "Point", "coordinates": [ -121.310159163549542, 43.999811634421349 ] } },
{ "type": "Feature", "properties": { "track_fid": 0, "track_seg_id": 0, "track_seg_point_id": 151, "ele": 1186.0, "time": "2025-08-08T15:53:55Z" }, "geometry": { "type": "Point", "coordinates": [ -121.310851173475385, 43.999765198677778 ] } },
{ "type": "Feature", "properties": { "track_fid": 0, "track_seg_id": 0, "track_seg_point_id": 152, "ele": 1187.5999755859375, "time": "2025-08-08T15:53:58Z" }, "geometry": { "type": "Point", "coordinates": [ -121.311272280290723, 43.999716667458415 ] } },
{ "type": "Feature", "properties": { "track_fid": 0, "track_seg_id": 0, "track_seg_point_id": 153, "ele": 1189.5999755859375, "time": "2025-08-08T15:54:01Z" }, "geometry": { "type": "Point", "coordinates": [ -121.311854152008891, 43.999576857313514 ] } },
{ "type": "Feature", "properties": { "track_fid": 0, "track_seg_id": 0, "track_seg_point_id": 154, "ele": 1190.800048828125, "time": "2025-08-08T15:54:04Z" }, "geometry": { "type": "Point", "coordinates": [ -121.312538031488657, 43.999253232032061 ] } },
{ "type": "Feature", "properties": { "track_fid": 0, "track_seg_id": 0, "track_seg_point_id": 155, "ele": 1191.5999755859375, "time": "2025-08-08T15:54:09Z" }, "geometry": { "type": "Point", "coordinates": [ -121.31317145191133, 43.998877890408039 ] } },
{ "type": "Feature", "properties": { "track_fid": 0, "track_seg_id": 0, "track_seg_point_id": 156, "ele": 1191.800048828125, "time": "2025-08-08T15:54:12Z" }, "geometry": { "type": "Point", "coordinates": [ -121.313673024997115, 43.998598856851459 ] } },
{ "type": "Feature", "properties": { "track_fid": 0, "track_seg_id": 0, "track_seg_point_id": 157, "ele": 1191.5999755859375, "time": "2025-08-08T15:54:15Z" }, "geometry": { "type": "Point", "coordinates": [ -121.314231427386403, 43.998330468311906 ] } },
{ "type": "Feature", "properties": { "track_fid": 0, "track_seg_id": 0, "track_seg_point_id": 158, "ele": 1191.5999755859375, "time": "2025-08-08T15:54:17Z" }, "geometry": { "type": "Point", "coordinates": [ -121.31463929079473, 43.998164841905236 ] } },
{ "type": "Feature", "properties": { "track_fid": 0, "track_seg_id": 0, "track_seg_point_id": 159, "ele": 1192.0, "time": "2025-08-08T15:54:21Z" }, "geometry": { "type": "Point", "coordinates": [ -121.315526263788342, 43.997884970158339 ] } },
{ "type": "Feature", "properties": { "track_fid": 0, "track_seg_id": 0, "track_seg_point_id": 160, "ele": 1192.5999755859375, "time": "2025-08-08T15:54:23Z" }, "geometry": { "type": "Point", "coordinates": [ -121.315990034490824, 43.997762594372034 ] } },
{ "type": "Feature", "properties": { "track_fid": 0, "track_seg_id": 0, "track_seg_point_id": 161, "ele": 1193.4000244140625, "time": "2025-08-08T15:54:26Z" }, "geometry": { "type": "Point", "coordinates": [ -121.316690845414996, 43.997578360140324 ] } },
{ "type": "Feature", "properties": { "track_fid": 0, "track_seg_id": 0, "track_seg_point_id": 162, "ele": 1193.5999755859375, "time": "2025-08-08T15:54:27Z" }, "geometry": { "type": "Point", "coordinates": [ -121.316923275589943, 43.997510634362698 ] } },
{ "type": "Feature", "properties": { "track_fid": 0, "track_seg_id": 0, "track_seg_point_id": 163, "ele": 1193.800048828125, "time": "2025-08-08T15:54:31Z" }, "geometry": { "type": "Point", "coordinates": [ -121.317834472283721, 43.997212992981076 ] } },
{ "type": "Feature", "properties": { "track_fid": 0, "track_seg_id": 0, "track_seg_point_id": 164, "ele": 1193.800048828125, "time": "2025-08-08T15:54:33Z" }, "geometry": { "type": "Point", "coordinates": [ -121.31826488301158, 43.9970494620502 ] } },
{ "type": "Feature", "properties": { "track_fid": 0, "track_seg_id": 0, "track_seg_point_id": 165, "ele": 1193.199951171875, "time": "2025-08-08T15:54:37Z" }, "geometry": { "type": "Point", "coordinates": [ -121.319114388898015, 43.99666397832334 ] } },
{ "type": "Feature", "properties": { "track_fid": 0, "track_seg_id": 0, "track_seg_point_id": 166, "ele": 1193.0, "time": "2025-08-08T15:54:39Z" }, "geometry": { "type": "Point", "coordinates": [ -121.319538177922368, 43.996440852060914 ] } },
{ "type": "Feature", "properties": { "track_fid": 0, "track_seg_id": 0, "track_seg_point_id": 167, "ele": 1192.199951171875, "time": "2025-08-08T15:54:41Z" }, "geometry": { "type": "Point", "coordinates": [ -121.320175370201468, 43.996079424396157 ] } },
{ "type": "Feature", "properties": { "track_fid": 0, "track_seg_id": 0, "track_seg_point_id": 168, "ele": 1191.5999755859375, "time": "2025-08-08T15:54:45Z" }, "geometry": { "type": "Point", "coordinates": [ -121.320825219154358, 43.99569938890636 ] } },
{ "type": "Feature", "properties": { "track_fid": 0, "track_seg_id": 0, "track_seg_point_id": 169, "ele": 1191.4000244140625, "time": "2025-08-08T15:54:49Z" }, "geometry": { "type": "Point", "coordinates": [ -121.321719819679856, 43.995177447795868 ] } },
{ "type": "Feature", "properties": { "track_fid": 0, "track_seg_id": 0, "track_seg_point_id": 170, "ele": 1191.5999755859375, "time": "2025-08-08T15:54:52Z" }, "geometry": { "type": "Point", "coordinates": [ -121.322402525693178, 43.994779391214252 ] } },
{ "type": "Feature", "properties": { "track_fid": 0, "track_seg_id": 0, "track_seg_point_id": 171, "ele": 1191.800048828125, "time": "2025-08-08T15:54:55Z" }, "geometry": { "type": "Point", "coordinates": [ -121.323075257241726, 43.994371946901083 ] } },
{ "type": "Feature", "properties": { "track_fid": 0, "track_seg_id": 0, "track_seg_point_id": 172, "ele": 1192.0, "time": "2025-08-08T15:54:58Z" }, "geometry": { "type": "Point", "coordinates": [ -121.323717646300793, 43.993941452354193 ] } },
{ "type": "Feature", "properties": { "track_fid": 0, "track_seg_id": 0, "track_seg_point_id": 173, "ele": 1192.199951171875, "time": "2025-08-08T15:55:00Z" }, "geometry": { "type": "Point", "coordinates": [ -121.324117965996265, 43.993634758517146 ] } },
{ "type": "Feature", "properties": { "track_fid": 0, "track_seg_id": 0, "track_seg_point_id": 174, "ele": 1192.199951171875, "time": "2025-08-08T15:55:02Z" }, "geometry": { "type": "Point", "coordinates": [ -121.324496744200587, 43.993313983082771 ] } },
{ "type": "Feature", "properties": { "track_fid": 0, "track_seg_id": 0, "track_seg_point_id": 175, "ele": 1191.800048828125, "time": "2025-08-08T15:55:05Z" }, "geometry": { "type": "Point", "coordinates": [ -121.325019188225269, 43.992811823263764 ] } },
{ "type": "Feature", "properties": { "track_fid": 0, "track_seg_id": 0, "track_seg_point_id": 176, "ele": 1191.5999755859375, "time": "2025-08-08T15:55:07Z" }, "geometry": { "type": "Point", "coordinates": [ -121.325358571484685, 43.992480067536235 ] } },
{ "type": "Feature", "properties": { "track_fid": 0, "track_seg_id": 0, "track_seg_point_id": 177, "ele": 1191.4000244140625, "time": "2025-08-08T15:55:08Z" }, "geometry": { "type": "Point", "coordinates": [ -121.325528221204877, 43.992316536605358 ] } },
{ "type": "Feature", "properties": { "track_fid": 0, "track_seg_id": 0, "track_seg_point_id": 178, "ele": 1191.199951171875, "time": "2025-08-08T15:55:10Z" }, "geometry": { "type": "Point", "coordinates": [ -121.325875148177147, 43.991993833333254 ] } },
{ "type": "Feature", "properties": { "track_fid": 0, "track_seg_id": 0, "track_seg_point_id": 179, "ele": 1191.199951171875, "time": "2025-08-08T15:55:12Z" }, "geometry": { "type": "Point", "coordinates": [ -121.326260799542069, 43.991696862503886 ] } },
{ "type": "Feature", "properties": { "track_fid": 0, "track_seg_id": 0, "track_seg_point_id": 180, "ele": 1190.800048828125, "time": "2025-08-08T15:55:15Z" }, "geometry": { "type": "Point", "coordinates": [ -121.326925652101636, 43.991324454545975 ] } },
{ "type": "Feature", "properties": { "track_fid": 0, "track_seg_id": 0, "track_seg_point_id": 181, "ele": 1190.5999755859375, "time": "2025-08-08T15:55:17Z" }, "geometry": { "type": "Point", "coordinates": [ -121.327421860769391, 43.991137286648154 ] } },
{ "type": "Feature", "properties": { "track_fid": 0, "track_seg_id": 0, "track_seg_point_id": 182, "ele": 1190.4000244140625, "time": "2025-08-08T15:55:18Z" }, "geometry": { "type": "Point", "coordinates": [ -121.327680945396423, 43.991063861176372 ] } },
{ "type": "Feature", "properties": { "track_fid": 0, "track_seg_id": 0, "track_seg_point_id": 183, "ele": 1190.5999755859375, "time": "2025-08-08T15:55:21Z" }, "geometry": { "type": "Point", "coordinates": [ -121.32848309352994, 43.990907538682222 ] } },
{ "type": "Feature", "properties": { "track_fid": 0, "track_seg_id": 0, "track_seg_point_id": 184, "ele": 1191.5999755859375, "time": "2025-08-08T15:55:24Z" }, "geometry": { "type": "Point", "coordinates": [ -121.329289432615042, 43.990856492891908 ] } },
{ "type": "Feature", "properties": { "track_fid": 0, "track_seg_id": 0, "track_seg_point_id": 185, "ele": 1192.5999755859375, "time": "2025-08-08T15:55:26Z" }, "geometry": { "type": "Point", "coordinates": [ -121.329812044277787, 43.990861186757684 ] } },
{ "type": "Feature", "properties": { "track_fid": 0, "track_seg_id": 0, "track_seg_point_id": 186, "ele": 1194.199951171875, "time": "2025-08-08T15:55:30Z" }, "geometry": { "type": "Point", "coordinates": [ -121.330812340602279, 43.990873759612441 ] } },
{ "type": "Feature", "properties": { "track_fid": 0, "track_seg_id": 0, "track_seg_point_id": 187, "ele": 1194.800048828125, "time": "2025-08-08T15:55:32Z" }, "geometry": { "type": "Point", "coordinates": [ -121.331290695816278, 43.990900162607431 ] } },
{ "type": "Feature", "properties": { "track_fid": 0, "track_seg_id": 0, "track_seg_point_id": 188, "ele": 1195.4000244140625, "time": "2025-08-08T15:55:34Z" }, "geometry": { "type": "Point", "coordinates": [ -121.331745833158493, 43.990962691605091 ] } },
{ "type": "Feature", "properties": { "track_fid": 0, "track_seg_id": 0, "track_seg_point_id": 189, "ele": 1196.5999755859375, "time": "2025-08-08T15:55:36Z" }, "geometry": { "type": "Point", "coordinates": [ -121.332411943003535, 43.991113565862179 ] } },
{ "type": "Feature", "properties": { "track_fid": 0, "track_seg_id": 0, "track_seg_point_id": 190, "ele": 1197.199951171875, "time": "2025-08-08T15:55:37Z" }, "geometry": { "type": "Point", "coordinates": [ -121.332625849172473, 43.991176849231124 ] } },
{ "type": "Feature", "properties": { "track_fid": 0, "track_seg_id": 0, "track_seg_point_id": 191, "ele": 1199.199951171875, "time": "2025-08-08T15:55:41Z" }, "geometry": { "type": "Point", "coordinates": [ -121.333221970126033, 43.991386061534286 ] } },
{ "type": "Feature", "properties": { "track_fid": 0, "track_seg_id": 0, "track_seg_point_id": 192, "ele": 1200.4000244140625, "time": "2025-08-08T15:55:43Z" }, "geometry": { "type": "Point", "coordinates": [ -121.333567723631859, 43.991520842537284 ] } },
{ "type": "Feature", "properties": { "track_fid": 0, "track_seg_id": 0, "track_seg_point_id": 193, "ele": 1201.800048828125, "time": "2025-08-08T15:55:46Z" }, "geometry": { "type": "Point", "coordinates": [ -121.334177171811461, 43.991761989891529 ] } },
{ "type": "Feature", "properties": { "track_fid": 0, "track_seg_id": 0, "track_seg_point_id": 194, "ele": 1201.800048828125, "time": "2025-08-08T15:55:48Z" }, "geometry": { "type": "Point", "coordinates": [ -121.334327878430486, 43.991822674870491 ] } },
{ "type": "Feature", "properties": { "track_fid": 0, "track_seg_id": 0, "track_seg_point_id": 195, "ele": 1201.5999755859375, "time": "2025-08-08T15:55:52Z" }, "geometry": { "type": "Point", "coordinates": [ -121.334939422085881, 43.992064744234085 ] } },
{ "type": "Feature", "properties": { "track_fid": 0, "track_seg_id": 0, "track_seg_point_id": 196, "ele": 1200.800048828125, "time": "2025-08-08T15:55:54Z" }, "geometry": { "type": "Point", "coordinates": [ -121.335374275222421, 43.992238836362958 ] } },
{ "type": "Feature", "properties": { "track_fid": 0, "track_seg_id": 0, "track_seg_point_id": 197, "ele": 1198.199951171875, "time": "2025-08-08T15:55:59Z" }, "geometry": { "type": "Point", "coordinates": [ -121.335987998172641, 43.992524826899171 ] } },
{ "type": "Feature", "properties": { "track_fid": 0, "track_seg_id": 0, "track_seg_point_id": 198, "ele": 1198.199951171875, "time": "2025-08-08T15:56:00Z" }, "geometry": { "type": "Point", "coordinates": [ -121.335987998172641, 43.992524826899171 ] } },
{ "type": "Feature", "properties": { "track_fid": 0, "track_seg_id": 0, "track_seg_point_id": 199, "ele": 1197.800048828125, "time": "2025-08-08T15:56:01Z" }, "geometry": { "type": "Point", "coordinates": [ -121.336068296805024, 43.992580231279135 ] } },
{ "type": "Feature", "properties": { "track_fid": 0, "track_seg_id": 0, "track_seg_point_id": 200, "ele": 1196.800048828125, "time": "2025-08-08T15:56:03Z" }, "geometry": { "type": "Point", "coordinates": [ -121.336161335930228, 43.992704534903169 ] } },
{ "type": "Feature", "properties": { "track_fid": 0, "track_seg_id": 0, "track_seg_point_id": 201, "ele": 1196.4000244140625, "time": "2025-08-08T15:56:05Z" }, "geometry": { "type": "Point", "coordinates": [ -121.336153876036406, 43.992846440523863 ] } },
{ "type": "Feature", "properties": { "track_fid": 0, "track_seg_id": 0, "track_seg_point_id": 202, "ele": 1196.0, "time": "2025-08-08T15:56:07Z" }, "geometry": { "type": "Point", "coordinates": [ -121.336067374795675, 43.993010139092803 ] } },
{ "type": "Feature", "properties": { "track_fid": 0, "track_seg_id": 0, "track_seg_point_id": 203, "ele": 1195.800048828125, "time": "2025-08-08T15:56:08Z" }, "geometry": { "type": "Point", "coordinates": [ -121.336003169417381, 43.993103932589293 ] } },
{ "type": "Feature", "properties": { "track_fid": 0, "track_seg_id": 0, "track_seg_point_id": 204, "ele": 1195.4000244140625, "time": "2025-08-08T15:56:10Z" }, "geometry": { "type": "Point", "coordinates": [ -121.335861096158624, 43.993313228711486 ] } },
{ "type": "Feature", "properties": { "track_fid": 0, "track_seg_id": 0, "track_seg_point_id": 205, "ele": 1194.199951171875, "time": "2025-08-08T15:56:14Z" }, "geometry": { "type": "Point", "coordinates": [ -121.335538057610393, 43.993744058534503 ] } },
{ "type": "Feature", "properties": { "track_fid": 0, "track_seg_id": 0, "track_seg_point_id": 206, "ele": 1194.0, "time": "2025-08-08T15:56:15Z" }, "geometry": { "type": "Point", "coordinates": [ -121.33543387055397, 43.993832152336836 ] } },
{ "type": "Feature", "properties": { "track_fid": 0, "track_seg_id": 0, "track_seg_point_id": 207, "ele": 1193.5999755859375, "time": "2025-08-08T15:56:16Z" }, "geometry": { "type": "Point", "coordinates": [ -121.335316440090537, 43.993905242532492 ] } },
{ "type": "Feature", "properties": { "track_fid": 0, "track_seg_id": 0, "track_seg_point_id": 208, "ele": 1193.0, "time": "2025-08-08T15:56:18Z" }, "geometry": { "type": "Point", "coordinates": [ -121.335049895569682, 43.993992581963539 ] } },
{ "type": "Feature", "properties": { "track_fid": 0, "track_seg_id": 0, "track_seg_point_id": 209, "ele": 1192.5999755859375, "time": "2025-08-08T15:56:20Z" }, "geometry": { "type": "Point", "coordinates": [ -121.334776896983385, 43.993981517851353 ] } },
{ "type": "Feature", "properties": { "track_fid": 0, "track_seg_id": 0, "track_seg_point_id": 210, "ele": 1191.800048828125, "time": "2025-08-08T15:56:22Z" }, "geometry": { "type": "Point", "coordinates": [ -121.334536587819457, 43.993875151500106 ] } },
{ "type": "Feature", "properties": { "track_fid": 0, "track_seg_id": 0, "track_seg_point_id": 211, "ele": 1191.5999755859375, "time": "2025-08-08T15:56:24Z" }, "geometry": { "type": "Point", "coordinates": [ -121.33438915014267, 43.993690246716142 ] } },
{ "type": "Feature", "properties": { "track_fid": 0, "track_seg_id": 0, "track_seg_point_id": 212, "ele": 1191.5999755859375, "time": "2025-08-08T15:56:25Z" }, "geometry": { "type": "Point", "coordinates": [ -121.334362244233489, 43.993581449612975 ] } },
{ "type": "Feature", "properties": { "track_fid": 0, "track_seg_id": 0, "track_seg_point_id": 213, "ele": 1191.4000244140625, "time": "2025-08-08T15:56:26Z" }, "geometry": { "type": "Point", "coordinates": [ -121.334375068545341, 43.993466952815652 ] } },
{ "type": "Feature", "properties": { "track_fid": 0, "track_seg_id": 0, "track_seg_point_id": 214, "ele": 1191.4000244140625, "time": "2025-08-08T15:56:28Z" }, "geometry": { "type": "Point", "coordinates": [ -121.334479674696922, 43.993237037211657 ] } },
{ "type": "Feature", "properties": { "track_fid": 0, "track_seg_id": 0, "track_seg_point_id": 215, "ele": 1191.800048828125, "time": "2025-08-08T15:56:31Z" }, "geometry": { "type": "Point", "coordinates": [ -121.334736160933971, 43.992853984236717 ] } },
{ "type": "Feature", "properties": { "track_fid": 0, "track_seg_id": 0, "track_seg_point_id": 216, "ele": 1192.199951171875, "time": "2025-08-08T15:56:32Z" }, "geometry": { "type": "Point", "coordinates": [ -121.334830960258842, 43.992711324244738 ] } },
{ "type": "Feature", "properties": { "track_fid": 0, "track_seg_id": 0, "track_seg_point_id": 217, "ele": 1192.199951171875, "time": "2025-08-08T15:56:36Z" }, "geometry": { "type": "Point", "coordinates": [ -121.335262292996049, 43.992065917700529 ] } },
{ "type": "Feature", "properties": { "track_fid": 0, "track_seg_id": 0, "track_seg_point_id": 218, "ele": 1192.800048828125, "time": "2025-08-08T15:56:39Z" }, "geometry": { "type": "Point", "coordinates": [ -121.335643753409386, 43.991513969376683 ] } },
{ "type": "Feature", "properties": { "track_fid": 0, "track_seg_id": 0, "track_seg_point_id": 219, "ele": 1193.5999755859375, "time": "2025-08-08T15:56:41Z" }, "geometry": { "type": "Point", "coordinates": [ -121.335912477225065, 43.991119517013431 ] } },
{ "type": "Feature", "properties": { "track_fid": 0, "track_seg_id": 0, "track_seg_point_id": 220, "ele": 1194.4000244140625, "time": "2025-08-08T15:56:43Z" }, "geometry": { "type": "Point", "coordinates": [ -121.336200647056103, 43.990704445168376 ] } },
{ "type": "Feature", "properties": { "track_fid": 0, "track_seg_id": 0, "track_seg_point_id": 221, "ele": 1195.199951171875, "time": "2025-08-08T15:56:45Z" }, "geometry": { "type": "Point", "coordinates": [ -121.336506754159927, 43.990264227613807 ] } },
{ "type": "Feature", "properties": { "track_fid": 0, "track_seg_id": 0, "track_seg_point_id": 222, "ele": 1196.0, "time": "2025-08-08T15:56:47Z" }, "geometry": { "type": "Point", "coordinates": [ -121.336826188489795, 43.989797858521342 ] } },
{ "type": "Feature", "properties": { "track_fid": 0, "track_seg_id": 0, "track_seg_point_id": 223, "ele": 1196.800048828125, "time": "2025-08-08T15:56:49Z" }, "geometry": { "type": "Point", "coordinates": [ -121.337154842913151, 43.989324783906341 ] } },
{ "type": "Feature", "properties": { "track_fid": 0, "track_seg_id": 0, "track_seg_point_id": 224, "ele": 1197.5999755859375, "time": "2025-08-08T15:56:51Z" }, "geometry": { "type": "Point", "coordinates": [ -121.337487017735839, 43.988852296024561 ] } },
{ "type": "Feature", "properties": { "track_fid": 0, "track_seg_id": 0, "track_seg_point_id": 225, "ele": 1198.4000244140625, "time": "2025-08-08T15:56:54Z" }, "geometry": { "type": "Point", "coordinates": [ -121.337985321879387, 43.988147377967834 ] } },
{ "type": "Feature", "properties": { "track_fid": 0, "track_seg_id": 0, "track_seg_point_id": 226, "ele": 1198.4000244140625, "time": "2025-08-08T15:56:55Z" }, "geometry": { "type": "Point", "coordinates": [ -121.338150780647993, 43.987913187593222 ] } },
{ "type": "Feature", "properties": { "track_fid": 0, "track_seg_id": 0, "track_seg_point_id": 227, "ele": 1198.5999755859375, "time": "2025-08-08T15:56:58Z" }, "geometry": { "type": "Point", "coordinates": [ -121.338642630726099, 43.98721095174551 ] } },
{ "type": "Feature", "properties": { "track_fid": 0, "track_seg_id": 0, "track_seg_point_id": 228, "ele": 1198.800048828125, "time": "2025-08-08T15:57:00Z" }, "geometry": { "type": "Point", "coordinates": [ -121.338970195502043, 43.986742654815316 ] } },
{ "type": "Feature", "properties": { "track_fid": 0, "track_seg_id": 0, "track_seg_point_id": 229, "ele": 1199.0, "time": "2025-08-08T15:57:01Z" }, "geometry": { "type": "Point", "coordinates": [ -121.339133558794856, 43.986509386450052 ] } },
{ "type": "Feature", "properties": { "track_fid": 0, "track_seg_id": 0, "track_seg_point_id": 230, "ele": 1199.4000244140625, "time": "2025-08-08T15:57:04Z" }, "geometry": { "type": "Point", "coordinates": [ -121.339626498520374, 43.985811593011022 ] } },
{ "type": "Feature", "properties": { "track_fid": 0, "track_seg_id": 0, "track_seg_point_id": 231, "ele": 1199.5999755859375, "time": "2025-08-08T15:57:06Z" }, "geometry": { "type": "Point", "coordinates": [ -121.339955488219857, 43.98534681648016 ] } },
{ "type": "Feature", "properties": { "track_fid": 0, "track_seg_id": 0, "track_seg_point_id": 232, "ele": 1200.199951171875, "time": "2025-08-08T15:57:09Z" }, "geometry": { "type": "Point", "coordinates": [ -121.340611791238189, 43.984418688341975 ] } },
{ "type": "Feature", "properties": { "track_fid": 0, "track_seg_id": 0, "track_seg_point_id": 233, "ele": 1200.4000244140625, "time": "2025-08-08T15:57:12Z" }, "geometry": { "type": "Point", "coordinates": [ -121.340938350185752, 43.983954750001431 ] } },
{ "type": "Feature", "properties": { "track_fid": 0, "track_seg_id": 0, "track_seg_point_id": 234, "ele": 1200.5999755859375, "time": "2025-08-08T15:57:15Z" }, "geometry": { "type": "Point", "coordinates": [ -121.34142835624516, 43.983261398971081 ] } },
{ "type": "Feature", "properties": { "track_fid": 0, "track_seg_id": 0, "track_seg_point_id": 235, "ele": 1201.0, "time": "2025-08-08T15:57:17Z" }, "geometry": { "type": "Point", "coordinates": [ -121.341758267953992, 43.982800645753741 ] } },
{ "type": "Feature", "properties": { "track_fid": 0, "track_seg_id": 0, "track_seg_point_id": 236, "ele": 1201.4000244140625, "time": "2025-08-08T15:57:19Z" }, "geometry": { "type": "Point", "coordinates": [ -121.342089688405395, 43.982340395450592 ] } },
{ "type": "Feature", "properties": { "track_fid": 0, "track_seg_id": 0, "track_seg_point_id": 237, "ele": 1202.199951171875, "time": "2025-08-08T15:57:22Z" }, "geometry": { "type": "Point", "coordinates": [ -121.342586819082499, 43.981648972257972 ] } },
{ "type": "Feature", "properties": { "track_fid": 0, "track_seg_id": 0, "track_seg_point_id": 238, "ele": 1203.5999755859375, "time": "2025-08-08T15:57:24Z" }, "geometry": { "type": "Point", "coordinates": [ -121.342913378030062, 43.981189141049981 ] } },
{ "type": "Feature", "properties": { "track_fid": 0, "track_seg_id": 0, "track_seg_point_id": 239, "ele": 1204.4000244140625, "time": "2025-08-08T15:57:25Z" }, "geometry": { "type": "Point", "coordinates": [ -121.343073388561606, 43.980959141626954 ] } },
{ "type": "Feature", "properties": { "track_fid": 0, "track_seg_id": 0, "track_seg_point_id": 240, "ele": 1208.800048828125, "time": "2025-08-08T15:57:28Z" }, "geometry": { "type": "Point", "coordinates": [ -121.343555599451065, 43.980276267975569 ] } },
{ "type": "Feature", "properties": { "track_fid": 0, "track_seg_id": 0, "track_seg_point_id": 241, "ele": 1210.800048828125, "time": "2025-08-08T15:57:30Z" }, "geometry": { "type": "Point", "coordinates": [ -121.344025488942862, 43.979589873924851 ] } },
{ "type": "Feature", "properties": { "track_fid": 0, "track_seg_id": 0, "track_seg_point_id": 242, "ele": 1210.800048828125, "time": "2025-08-08T15:57:31Z" }, "geometry": { "type": "Point", "coordinates": [ -121.344025488942862, 43.979589873924851 ] } },
{ "type": "Feature", "properties": { "track_fid": 0, "track_seg_id": 0, "track_seg_point_id": 243, "ele": 1212.4000244140625, "time": "2025-08-08T15:57:33Z" }, "geometry": { "type": "Point", "coordinates": [ -121.344324974343181, 43.979118894785643 ] } },
{ "type": "Feature", "properties": { "track_fid": 0, "track_seg_id": 0, "track_seg_point_id": 244, "ele": 1213.5999755859375, "time": "2025-08-08T15:57:35Z" }, "geometry": { "type": "Point", "coordinates": [ -121.344611551612616, 43.978636432439089 ] } },
{ "type": "Feature", "properties": { "track_fid": 0, "track_seg_id": 0, "track_seg_point_id": 245, "ele": 1214.5999755859375, "time": "2025-08-08T15:57:36Z" }, "geometry": { "type": "Point", "coordinates": [ -121.344878096133471, 43.978145839646459 ] } },
{ "type": "Feature", "properties": { "track_fid": 0, "track_seg_id": 0, "track_seg_point_id": 246, "ele": 1214.5999755859375, "time": "2025-08-08T15:57:37Z" }, "geometry": { "type": "Point", "coordinates": [ -121.344878096133471, 43.978145839646459 ] } },
{ "type": "Feature", "properties": { "track_fid": 0, "track_seg_id": 0, "track_seg_point_id": 247, "ele": 1215.4000244140625, "time": "2025-08-08T15:57:40Z" }, "geometry": { "type": "Point", "coordinates": [ -121.345229046419263, 43.977403035387397 ] } },
{ "type": "Feature", "properties": { "track_fid": 0, "track_seg_id": 0, "track_seg_point_id": 248, "ele": 1215.5999755859375, "time": "2025-08-08T15:57:42Z" }, "geometry": { "type": "Point", "coordinates": [ -121.345433481037617, 43.976903222501278 ] } },
{ "type": "Feature", "properties": { "track_fid": 0, "track_seg_id": 0, "track_seg_point_id": 249, "ele": 1215.5999755859375, "time": "2025-08-08T15:57:44Z" }, "geometry": { "type": "Point", "coordinates": [ -121.345616625621915, 43.976399386301637 ] } },
{ "type": "Feature", "properties": { "track_fid": 0, "track_seg_id": 0, "track_seg_point_id": 250, "ele": 1215.5999755859375, "time": "2025-08-08T15:57:45Z" }, "geometry": { "type": "Point", "coordinates": [ -121.34569943882525, 43.97614499554038 ] } },
{ "type": "Feature", "properties": { "track_fid": 0, "track_seg_id": 0, "track_seg_point_id": 251, "ele": 1215.5999755859375, "time": "2025-08-08T15:57:47Z" }, "geometry": { "type": "Point", "coordinates": [ -121.34584603831172, 43.975633531808853 ] } },
{ "type": "Feature", "properties": { "track_fid": 0, "track_seg_id": 0, "track_seg_point_id": 252, "ele": 1215.5999755859375, "time": "2025-08-08T15:57:49Z" }, "geometry": { "type": "Point", "coordinates": [ -121.345966486260295, 43.975119385868311 ] } },
{ "type": "Feature", "properties": { "track_fid": 0, "track_seg_id": 0, "track_seg_point_id": 253, "ele": 1215.0, "time": "2025-08-08T15:57:52Z" }, "geometry": { "type": "Point", "coordinates": [ -121.346104452386498, 43.97434338927269 ] } },
{ "type": "Feature", "properties": { "track_fid": 0, "track_seg_id": 0, "track_seg_point_id": 254, "ele": 1214.4000244140625, "time": "2025-08-08T15:57:54Z" }, "geometry": { "type": "Point", "coordinates": [ -121.346180057153106, 43.973824549466372 ] } },
{ "type": "Feature", "properties": { "track_fid": 0, "track_seg_id": 0, "track_seg_point_id": 255, "ele": 1213.800048828125, "time": "2025-08-08T15:57:56Z" }, "geometry": { "type": "Point", "coordinates": [ -121.346255075186491, 43.973305961117148 ] } },
{ "type": "Feature", "properties": { "track_fid": 0, "track_seg_id": 0, "track_seg_point_id": 256, "ele": 1212.5999755859375, "time": "2025-08-08T15:57:59Z" }, "geometry": { "type": "Point", "coordinates": [ -121.346370074898005, 43.972527449950576 ] } },
{ "type": "Feature", "properties": { "track_fid": 0, "track_seg_id": 0, "track_seg_point_id": 257, "ele": 1211.5999755859375, "time": "2025-08-08T15:58:01Z" }, "geometry": { "type": "Point", "coordinates": [ -121.346443751826882, 43.972007352858782 ] } },
{ "type": "Feature", "properties": { "track_fid": 0, "track_seg_id": 0, "track_seg_point_id": 258, "ele": 1210.800048828125, "time": "2025-08-08T15:58:03Z" }, "geometry": { "type": "Point", "coordinates": [ -121.346513656899333, 43.971488596871495 ] } },
{ "type": "Feature", "properties": { "track_fid": 0, "track_seg_id": 0, "track_seg_point_id": 259, "ele": 1210.0, "time": "2025-08-08T15:58:05Z" }, "geometry": { "type": "Point", "coordinates": [ -121.346582639962435, 43.970969589427114 ] } },
{ "type": "Feature", "properties": { "track_fid": 0, "track_seg_id": 0, "track_seg_point_id": 260, "ele": 1209.4000244140625, "time": "2025-08-08T15:58:07Z" }, "geometry": { "type": "Point", "coordinates": [ -121.346650952473283, 43.970451336354017 ] } },
{ "type": "Feature", "properties": { "track_fid": 0, "track_seg_id": 0, "track_seg_point_id": 261, "ele": 1209.4000244140625, "time": "2025-08-08T15:58:09Z" }, "geometry": { "type": "Point", "coordinates": [ -121.346719767898321, 43.969935094937682 ] } },
{ "type": "Feature", "properties": { "track_fid": 0, "track_seg_id": 0, "track_seg_point_id": 262, "ele": 1210.4000244140625, "time": "2025-08-08T15:58:11Z" }, "geometry": { "type": "Point", "coordinates": [ -121.346789253875613, 43.96942337974906 ] } },
{ "type": "Feature", "properties": { "track_fid": 0, "track_seg_id": 0, "track_seg_point_id": 263, "ele": 1213.0, "time": "2025-08-08T15:58:13Z" }, "geometry": { "type": "Point", "coordinates": [ -121.346896877512336, 43.968666158616543 ] } },
{ "type": "Feature", "properties": { "track_fid": 0, "track_seg_id": 0, "track_seg_point_id": 264, "ele": 1214.4000244140625, "time": "2025-08-08T15:58:15Z" }, "geometry": { "type": "Point", "coordinates": [ -121.3469332549721, 43.968416294082999 ] } },
{ "type": "Feature", "properties": { "track_fid": 0, "track_seg_id": 0, "track_seg_point_id": 265, "ele": 1216.5999755859375, "time": "2025-08-08T15:58:17Z" }, "geometry": { "type": "Point", "coordinates": [ -121.347005339339375, 43.967919666320086 ] } },
{ "type": "Feature", "properties": { "track_fid": 0, "track_seg_id": 0, "track_seg_point_id": 266, "ele": 1219.800048828125, "time": "2025-08-08T15:58:19Z" }, "geometry": { "type": "Point", "coordinates": [ -121.347075160592794, 43.967418763786554 ] } },
{ "type": "Feature", "properties": { "track_fid": 0, "track_seg_id": 0, "track_seg_point_id": 267, "ele": 1223.199951171875, "time": "2025-08-08T15:58:22Z" }, "geometry": { "type": "Point", "coordinates": [ -121.347186220809817, 43.966654250398278 ] } },
{ "type": "Feature", "properties": { "track_fid": 0, "track_seg_id": 0, "track_seg_point_id": 268, "ele": 1225.199951171875, "time": "2025-08-08T15:58:24Z" }, "geometry": { "type": "Point", "coordinates": [ -121.347259394824505, 43.966136332601309 ] } },
{ "type": "Feature", "properties": { "track_fid": 0, "track_seg_id": 0, "track_seg_point_id": 269, "ele": 1226.0, "time": "2025-08-08T15:58:25Z" }, "geometry": { "type": "Point", "coordinates": [ -121.347296945750713, 43.965875739231706 ] } },
{ "type": "Feature", "properties": { "track_fid": 0, "track_seg_id": 0, "track_seg_point_id": 270, "ele": 1226.800048828125, "time": "2025-08-08T15:58:26Z" }, "geometry": { "type": "Point", "coordinates": [ -121.347335418686271, 43.965614140033722 ] } },
{ "type": "Feature", "properties": { "track_fid": 0, "track_seg_id": 0, "track_seg_point_id": 271, "ele": 1228.199951171875, "time": "2025-08-08T15:58:28Z" }, "geometry": { "type": "Point", "coordinates": [ -121.347415465861559, 43.965090019628406 ] } },
{ "type": "Feature", "properties": { "track_fid": 0, "track_seg_id": 0, "track_seg_point_id": 272, "ele": 1229.199951171875, "time": "2025-08-08T15:58:30Z" }, "geometry": { "type": "Point", "coordinates": [ -121.34749811142683, 43.964568916708231 ] } },
{ "type": "Feature", "properties": { "track_fid": 0, "track_seg_id": 0, "track_seg_point_id": 273, "ele": 1229.800048828125, "time": "2025-08-08T15:58:31Z" }, "geometry": { "type": "Point", "coordinates": [ -121.347537338733673, 43.964309832081199 ] } },
{ "type": "Feature", "properties": { "track_fid": 0, "track_seg_id": 0, "track_seg_point_id": 274, "ele": 1231.4000244140625, "time": "2025-08-08T15:58:34Z" }, "geometry": { "type": "Point", "coordinates": [ -121.347695756703615, 43.963279528543353 ] } },
{ "type": "Feature", "properties": { "track_fid": 0, "track_seg_id": 0, "track_seg_point_id": 275, "ele": 1231.4000244140625, "time": "2025-08-08T15:58:35Z" }, "geometry": { "type": "Point", "coordinates": [ -121.347695756703615, 43.963279528543353 ] } },
{ "type": "Feature", "properties": { "track_fid": 0, "track_seg_id": 0, "track_seg_point_id": 276, "ele": 1231.5999755859375, "time": "2025-08-08T15:58:36Z" }, "geometry": { "type": "Point", "coordinates": [ -121.347735822200775, 43.96302136592567 ] } },
{ "type": "Feature", "properties": { "track_fid": 0, "track_seg_id": 0, "track_seg_point_id": 277, "ele": 1231.5999755859375, "time": "2025-08-08T15:58:39Z" }, "geometry": { "type": "Point", "coordinates": [ -121.347855683416128, 43.962245369330049 ] } },
{ "type": "Feature", "properties": { "track_fid": 0, "track_seg_id": 0, "track_seg_point_id": 278, "ele": 1231.800048828125, "time": "2025-08-08T15:58:40Z" }, "geometry": { "type": "Point", "coordinates": [ -121.347935562953353, 43.961724936962128 ] } },
{ "type": "Feature", "properties": { "track_fid": 0, "track_seg_id": 0, "track_seg_point_id": 279, "ele": 1232.0, "time": "2025-08-08T15:58:43Z" }, "geometry": { "type": "Point", "coordinates": [ -121.348011419177055, 43.961205342784524 ] } },
{ "type": "Feature", "properties": { "track_fid": 0, "track_seg_id": 0, "track_seg_point_id": 280, "ele": 1232.199951171875, "time": "2025-08-08T15:58:44Z" }, "geometry": { "type": "Point", "coordinates": [ -121.348089873790741, 43.960685916244984 ] } },
{ "type": "Feature", "properties": { "track_fid": 0, "track_seg_id": 0, "track_seg_point_id": 281, "ele": 1233.0, "time": "2025-08-08T15:58:47Z" }, "geometry": { "type": "Point", "coordinates": [ -121.348209483548999, 43.959908075630665 ] } },
{ "type": "Feature", "properties": { "track_fid": 0, "track_seg_id": 0, "track_seg_point_id": 282, "ele": 1233.0, "time": "2025-08-08T15:58:48Z" }, "geometry": { "type": "Point", "coordinates": [ -121.348209483548999, 43.959908075630665 ] } },
{ "type": "Feature", "properties": { "track_fid": 0, "track_seg_id": 0, "track_seg_point_id": 283, "ele": 1234.0, "time": "2025-08-08T15:58:49Z" }, "geometry": { "type": "Point", "coordinates": [ -121.348292464390397, 43.959391079843044 ] } },
{ "type": "Feature", "properties": { "track_fid": 0, "track_seg_id": 0, "track_seg_point_id": 284, "ele": 1235.0, "time": "2025-08-08T15:58:52Z" }, "geometry": { "type": "Point", "coordinates": [ -121.348374942317605, 43.958876766264439 ] } },
{ "type": "Feature", "properties": { "track_fid": 0, "track_seg_id": 0, "track_seg_point_id": 285, "ele": 1236.199951171875, "time": "2025-08-08T15:58:54Z" }, "geometry": { "type": "Point", "coordinates": [ -121.348454318940639, 43.958364883437753 ] } },
{ "type": "Feature", "properties": { "track_fid": 0, "track_seg_id": 0, "track_seg_point_id": 286, "ele": 1237.0, "time": "2025-08-08T15:58:55Z" }, "geometry": { "type": "Point", "coordinates": [ -121.348492624238133, 43.958109570667148 ] } },
{ "type": "Feature", "properties": { "track_fid": 0, "track_seg_id": 0, "track_seg_point_id": 287, "ele": 1239.4000244140625, "time": "2025-08-08T15:58:57Z" }, "geometry": { "type": "Point", "coordinates": [ -121.348606618121266, 43.95734254270792 ] } },
{ "type": "Feature", "properties": { "track_fid": 0, "track_seg_id": 0, "track_seg_point_id": 288, "ele": 1241.0, "time": "2025-08-08T15:59:00Z" }, "geometry": { "type": "Point", "coordinates": [ -121.348683480173349, 43.956829654052854 ] } },
{ "type": "Feature", "properties": { "track_fid": 0, "track_seg_id": 0, "track_seg_point_id": 289, "ele": 1242.5999755859375, "time": "2025-08-08T15:59:02Z" }, "geometry": { "type": "Point", "coordinates": [ -121.348763024434447, 43.956314669921994 ] } },
{ "type": "Feature", "properties": { "track_fid": 0, "track_seg_id": 0, "track_seg_point_id": 290, "ele": 1244.4000244140625, "time": "2025-08-08T15:59:04Z" }, "geometry": { "type": "Point", "coordinates": [ -121.34884424507618, 43.955798344686627 ] } },
{ "type": "Feature", "properties": { "track_fid": 0, "track_seg_id": 0, "track_seg_point_id": 291, "ele": 1246.0, "time": "2025-08-08T15:59:06Z" }, "geometry": { "type": "Point", "coordinates": [ -121.348926052451134, 43.955279588699341 ] } },
{ "type": "Feature", "properties": { "track_fid": 0, "track_seg_id": 0, "track_seg_point_id": 292, "ele": 1248.4000244140625, "time": "2025-08-08T15:59:09Z" }, "geometry": { "type": "Point", "coordinates": [ -121.349041135981679, 43.954502418637276 ] } },
{ "type": "Feature", "properties": { "track_fid": 0, "track_seg_id": 0, "track_seg_point_id": 293, "ele": 1250.0, "time": "2025-08-08T15:59:10Z" }, "geometry": { "type": "Point", "coordinates": [ -121.349118165671825, 43.953985841944814 ] } },
{ "type": "Feature", "properties": { "track_fid": 0, "track_seg_id": 0, "track_seg_point_id": 294, "ele": 1251.4000244140625, "time": "2025-08-08T15:59:13Z" }, "geometry": { "type": "Point", "coordinates": [ -121.349195279181004, 43.953467756509781 ] } },
{ "type": "Feature", "properties": { "track_fid": 0, "track_seg_id": 0, "track_seg_point_id": 295, "ele": 1253.0, "time": "2025-08-08T15:59:14Z" }, "geometry": { "type": "Point", "coordinates": [ -121.349274488165975, 43.952950090169907 ] } },
{ "type": "Feature", "properties": { "track_fid": 0, "track_seg_id": 0, "track_seg_point_id": 296, "ele": 1253.5999755859375, "time": "2025-08-08T15:59:16Z" }, "geometry": { "type": "Point", "coordinates": [ -121.349315643310547, 43.952691173180938 ] } },
{ "type": "Feature", "properties": { "track_fid": 0, "track_seg_id": 0, "track_seg_point_id": 297, "ele": 1255.5999755859375, "time": "2025-08-08T15:59:19Z" }, "geometry": { "type": "Point", "coordinates": [ -121.349439527839422, 43.951913835480809 ] } },
{ "type": "Feature", "properties": { "track_fid": 0, "track_seg_id": 0, "track_seg_point_id": 298, "ele": 1257.0, "time": "2025-08-08T15:59:22Z" }, "geometry": { "type": "Point", "coordinates": [ -121.349561652168632, 43.951139347627759 ] } },
{ "type": "Feature", "properties": { "track_fid": 0, "track_seg_id": 0, "track_seg_point_id": 299, "ele": 1257.199951171875, "time": "2025-08-08T15:59:23Z" }, "geometry": { "type": "Point", "coordinates": [ -121.349643627181649, 43.950621597468853 ] } },
{ "type": "Feature", "properties": { "track_fid": 0, "track_seg_id": 0, "track_seg_point_id": 300, "ele": 1258.199951171875, "time": "2025-08-08T15:59:25Z" }, "geometry": { "type": "Point", "coordinates": [ -121.349684363231063, 43.950361926108599 ] } },
{ "type": "Feature", "properties": { "track_fid": 0, "track_seg_id": 0, "track_seg_point_id": 301, "ele": 1258.199951171875, "time": "2025-08-08T15:59:27Z" }, "geometry": { "type": "Point", "coordinates": [ -121.349765751510859, 43.949845433235168 ] } },
{ "type": "Feature", "properties": { "track_fid": 0, "track_seg_id": 0, "track_seg_point_id": 302, "ele": 1260.199951171875, "time": "2025-08-08T15:59:30Z" }, "geometry": { "type": "Point", "coordinates": [ -121.349880751222372, 43.949073376134038 ] } },
{ "type": "Feature", "properties": { "track_fid": 0, "track_seg_id": 0, "track_seg_point_id": 303, "ele": 1261.199951171875, "time": "2025-08-08T15:59:31Z" }, "geometry": { "type": "Point", "coordinates": [ -121.349960630759597, 43.94855503924191 ] } },
{ "type": "Feature", "properties": { "track_fid": 0, "track_seg_id": 0, "track_seg_point_id": 304, "ele": 1261.199951171875, "time": "2025-08-08T15:59:32Z" }, "geometry": { "type": "Point", "coordinates": [ -121.349960630759597, 43.94855503924191 ] } },
{ "type": "Feature", "properties": { "track_fid": 0, "track_seg_id": 0, "track_seg_point_id": 305, "ele": 1262.800048828125, "time": "2025-08-08T15:59:35Z" }, "geometry": { "type": "Point", "coordinates": [ -121.350074959918857, 43.94777862355113 ] } },
{ "type": "Feature", "properties": { "track_fid": 0, "track_seg_id": 0, "track_seg_point_id": 306, "ele": 1264.199951171875, "time": "2025-08-08T15:59:36Z" }, "geometry": { "type": "Point", "coordinates": [ -121.350153079256415, 43.947265483438969 ] } },
{ "type": "Feature", "properties": { "track_fid": 0, "track_seg_id": 0, "track_seg_point_id": 307, "ele": 1265.199951171875, "time": "2025-08-08T15:59:39Z" }, "geometry": { "type": "Point", "coordinates": [ -121.35022759437561, 43.946750834584236 ] } },
{ "type": "Feature", "properties": { "track_fid": 0, "track_seg_id": 0, "track_seg_point_id": 308, "ele": 1268.5999755859375, "time": "2025-08-08T15:59:41Z" }, "geometry": { "type": "Point", "coordinates": [ -121.350333793088794, 43.945984141901135 ] } },
{ "type": "Feature", "properties": { "track_fid": 0, "track_seg_id": 0, "track_seg_point_id": 309, "ele": 1270.800048828125, "time": "2025-08-08T15:59:44Z" }, "geometry": { "type": "Point", "coordinates": [ -121.350409146398306, 43.945473432540894 ] } },
{ "type": "Feature", "properties": { "track_fid": 0, "track_seg_id": 0, "track_seg_point_id": 310, "ele": 1272.199951171875, "time": "2025-08-08T15:59:46Z" }, "geometry": { "type": "Point", "coordinates": [ -121.350487852469087, 43.944963645190001 ] } },
{ "type": "Feature", "properties": { "track_fid": 0, "track_seg_id": 0, "track_seg_point_id": 311, "ele": 1273.800048828125, "time": "2025-08-08T15:59:47Z" }, "geometry": { "type": "Point", "coordinates": [ -121.350569492205977, 43.944453187286854 ] } },
{ "type": "Feature", "properties": { "track_fid": 0, "track_seg_id": 0, "track_seg_point_id": 312, "ele": 1275.4000244140625, "time": "2025-08-08T15:59:50Z" }, "geometry": { "type": "Point", "coordinates": [ -121.350654484704137, 43.943940633907914 ] } },
{ "type": "Feature", "properties": { "track_fid": 0, "track_seg_id": 0, "track_seg_point_id": 313, "ele": 1276.800048828125, "time": "2025-08-08T15:59:52Z" }, "geometry": { "type": "Point", "coordinates": [ -121.350740985944867, 43.943424057215452 ] } },
{ "type": "Feature", "properties": { "track_fid": 0, "track_seg_id": 0, "track_seg_point_id": 314, "ele": 1278.5999755859375, "time": "2025-08-08T15:59:53Z" }, "geometry": { "type": "Point", "coordinates": [ -121.350823547691107, 43.942901277914643 ] } },
{ "type": "Feature", "properties": { "track_fid": 0, "track_seg_id": 0, "track_seg_point_id": 315, "ele": 1281.4000244140625, "time": "2025-08-08T15:59:56Z" }, "geometry": { "type": "Point", "coordinates": [ -121.350943325087428, 43.942115223035216 ] } },
{ "type": "Feature", "properties": { "track_fid": 0, "track_seg_id": 0, "track_seg_point_id": 316, "ele": 1282.199951171875, "time": "2025-08-08T15:59:57Z" }, "geometry": { "type": "Point", "coordinates": [ -121.350983893498778, 43.941853037104011 ] } },
{ "type": "Feature", "properties": { "track_fid": 0, "track_seg_id": 0, "track_seg_point_id": 317, "ele": 1284.0, "time": "2025-08-08T16:00:00Z" }, "geometry": { "type": "Point", "coordinates": [ -121.351102581247687, 43.941070251166821 ] } },
{ "type": "Feature", "properties": { "track_fid": 0, "track_seg_id": 0, "track_seg_point_id": 318, "ele": 1284.4000244140625, "time": "2025-08-08T16:00:03Z" }, "geometry": { "type": "Point", "coordinates": [ -121.351180365309119, 43.940549651160836 ] } },
{ "type": "Feature", "properties": { "track_fid": 0, "track_seg_id": 0, "track_seg_point_id": 319, "ele": 1284.5999755859375, "time": "2025-08-08T16:00:04Z" }, "geometry": { "type": "Point", "coordinates": [ -121.351257394999266, 43.94003089517355 ] } },
{ "type": "Feature", "properties": { "track_fid": 0, "track_seg_id": 0, "track_seg_point_id": 320, "ele": 1284.5999755859375, "time": "2025-08-08T16:00:06Z" }, "geometry": { "type": "Point", "coordinates": [ -121.351295616477728, 43.939772145822644 ] } },
{ "type": "Feature", "properties": { "track_fid": 0, "track_seg_id": 0, "track_seg_point_id": 321, "ele": 1284.800048828125, "time": "2025-08-08T16:00:08Z" }, "geometry": { "type": "Point", "coordinates": [ -121.351412627846003, 43.93899598158896 ] } },
{ "type": "Feature", "properties": { "track_fid": 0, "track_seg_id": 0, "track_seg_point_id": 322, "ele": 1285.4000244140625, "time": "2025-08-08T16:00:10Z" }, "geometry": { "type": "Point", "coordinates": [ -121.351491920650005, 43.938479069620371 ] } },
{ "type": "Feature", "properties": { "track_fid": 0, "track_seg_id": 0, "track_seg_point_id": 323, "ele": 1286.0, "time": "2025-08-08T16:00:13Z" }, "geometry": { "type": "Point", "coordinates": [ -121.351570375263691, 43.937963498756289 ] } },
{ "type": "Feature", "properties": { "track_fid": 0, "track_seg_id": 0, "track_seg_point_id": 324, "ele": 1287.0, "time": "2025-08-08T16:00:14Z" }, "geometry": { "type": "Point", "coordinates": [ -121.351608764380217, 43.937706341966987 ] } },
{ "type": "Feature", "properties": { "track_fid": 0, "track_seg_id": 0, "track_seg_point_id": 325, "ele": 1287.800048828125, "time": "2025-08-08T16:00:16Z" }, "geometry": { "type": "Point", "coordinates": [ -121.35168663226068, 43.937193034216762 ] } },
{ "type": "Feature", "properties": { "track_fid": 0, "track_seg_id": 0, "track_seg_point_id": 326, "ele": 1288.4000244140625, "time": "2025-08-08T16:00:19Z" }, "geometry": { "type": "Point", "coordinates": [ -121.351804817095399, 43.936422653496265 ] } },
{ "type": "Feature", "properties": { "track_fid": 0, "track_seg_id": 0, "track_seg_point_id": 327, "ele": 1289.199951171875, "time": "2025-08-08T16:00:21Z" }, "geometry": { "type": "Point", "coordinates": [ -121.351881260052323, 43.935908591374755 ] } },
{ "type": "Feature", "properties": { "track_fid": 0, "track_seg_id": 0, "track_seg_point_id": 328, "ele": 1290.0, "time": "2025-08-08T16:00:23Z" }, "geometry": { "type": "Point", "coordinates": [ -121.351955020800233, 43.935392769053578 ] } },
{ "type": "Feature", "properties": { "track_fid": 0, "track_seg_id": 0, "track_seg_point_id": 329, "ele": 1291.199951171875, "time": "2025-08-08T16:00:24Z" }, "geometry": { "type": "Point", "coordinates": [ -121.352025931701064, 43.934876024723053 ] } },
{ "type": "Feature", "properties": { "track_fid": 0, "track_seg_id": 0, "track_seg_point_id": 330, "ele": 1291.5999755859375, "time": "2025-08-08T16:00:27Z" }, "geometry": { "type": "Point", "coordinates": [ -121.352101620286703, 43.934361124411225 ] } },
{ "type": "Feature", "properties": { "track_fid": 0, "track_seg_id": 0, "track_seg_point_id": 331, "ele": 1292.4000244140625, "time": "2025-08-08T16:00:28Z" }, "geometry": { "type": "Point", "coordinates": [ -121.352140847593546, 43.934103464707732 ] } },
{ "type": "Feature", "properties": { "track_fid": 0, "track_seg_id": 0, "track_seg_point_id": 332, "ele": 1293.0, "time": "2025-08-08T16:00:29Z" }, "geometry": { "type": "Point", "coordinates": [ -121.352181835100055, 43.933846140280366 ] } },
{ "type": "Feature", "properties": { "track_fid": 0, "track_seg_id": 0, "track_seg_point_id": 333, "ele": 1294.4000244140625, "time": "2025-08-08T16:00:31Z" }, "geometry": { "type": "Point", "coordinates": [ -121.35226221755147, 43.933333586901426 ] } },
{ "type": "Feature", "properties": { "track_fid": 0, "track_seg_id": 0, "track_seg_point_id": 334, "ele": 1296.4000244140625, "time": "2025-08-08T16:00:33Z" }, "geometry": { "type": "Point", "coordinates": [ -121.35234042070806, 43.932823380455375 ] } },
{ "type": "Feature", "properties": { "track_fid": 0, "track_seg_id": 0, "track_seg_point_id": 335, "ele": 1300.199951171875, "time": "2025-08-08T16:00:36Z" }, "geometry": { "type": "Point", "coordinates": [ -121.35245525278151, 43.932063058018684 ] } },
{ "type": "Feature", "properties": { "track_fid": 0, "track_seg_id": 0, "track_seg_point_id": 336, "ele": 1303.0, "time": "2025-08-08T16:00:38Z" }, "geometry": { "type": "Point", "coordinates": [ -121.352529684081674, 43.931553857401013 ] } },
{ "type": "Feature", "properties": { "track_fid": 0, "track_seg_id": 0, "track_seg_point_id": 337, "ele": 1305.800048828125, "time": "2025-08-08T16:00:39Z" }, "geometry": { "type": "Point", "coordinates": [ -121.352566983550787, 43.931296952068806 ] } },
{ "type": "Feature", "properties": { "track_fid": 0, "track_seg_id": 0, "track_seg_point_id": 338, "ele": 1308.4000244140625, "time": "2025-08-08T16:00:41Z" }, "geometry": { "type": "Point", "coordinates": [ -121.352678546682, 43.930519782006741 ] } },
{ "type": "Feature", "properties": { "track_fid": 0, "track_seg_id": 0, "track_seg_point_id": 339, "ele": 1308.4000244140625, "time": "2025-08-08T16:00:42Z" }, "geometry": { "type": "Point", "coordinates": [ -121.352678546682, 43.930519782006741 ] } },
{ "type": "Feature", "properties": { "track_fid": 0, "track_seg_id": 0, "track_seg_point_id": 340, "ele": 1311.800048828125, "time": "2025-08-08T16:00:44Z" }, "geometry": { "type": "Point", "coordinates": [ -121.352766640484333, 43.929737247526646 ] } },
{ "type": "Feature", "properties": { "track_fid": 0, "track_seg_id": 0, "track_seg_point_id": 341, "ele": 1314.4000244140625, "time": "2025-08-08T16:00:46Z" }, "geometry": { "type": "Point", "coordinates": [ -121.352793546393514, 43.929212540388107 ] } },
{ "type": "Feature", "properties": { "track_fid": 0, "track_seg_id": 0, "track_seg_point_id": 342, "ele": 1315.800048828125, "time": "2025-08-08T16:00:47Z" }, "geometry": { "type": "Point", "coordinates": [ -121.352793546393514, 43.929212540388107 ] } },
{ "type": "Feature", "properties": { "track_fid": 0, "track_seg_id": 0, "track_seg_point_id": 343, "ele": 1319.5999755859375, "time": "2025-08-08T16:00:50Z" }, "geometry": { "type": "Point", "coordinates": [ -121.352767394855618, 43.928166059777141 ] } },
{ "type": "Feature", "properties": { "track_fid": 0, "track_seg_id": 0, "track_seg_point_id": 344, "ele": 1322.0, "time": "2025-08-08T16:00:52Z" }, "geometry": { "type": "Point", "coordinates": [ -121.352720037102699, 43.927648141980171 ] } },
{ "type": "Feature", "properties": { "track_fid": 0, "track_seg_id": 0, "track_seg_point_id": 345, "ele": 1323.4000244140625, "time": "2025-08-08T16:00:53Z" }, "geometry": { "type": "Point", "coordinates": [ -121.352688940241933, 43.927389057353139 ] } },
{ "type": "Feature", "properties": { "track_fid": 0, "track_seg_id": 0, "track_seg_point_id": 346, "ele": 1327.0, "time": "2025-08-08T16:00:56Z" }, "geometry": { "type": "Point", "coordinates": [ -121.352561535313725, 43.92661708407104 ] } },
{ "type": "Feature", "properties": { "track_fid": 0, "track_seg_id": 0, "track_seg_point_id": 347, "ele": 1329.5999755859375, "time": "2025-08-08T16:00:58Z" }, "geometry": { "type": "Point", "coordinates": [ -121.352445697411895, 43.926106039434671 ] } },
{ "type": "Feature", "properties": { "track_fid": 0, "track_seg_id": 0, "track_seg_point_id": 348, "ele": 1330.800048828125, "time": "2025-08-08T16:00:59Z" }, "geometry": { "type": "Point", "coordinates": [ -121.3523780554533, 43.925851816311479 ] } },
{ "type": "Feature", "properties": { "track_fid": 0, "track_seg_id": 0, "track_seg_point_id": 349, "ele": 1332.4000244140625, "time": "2025-08-08T16:01:01Z" }, "geometry": { "type": "Point", "coordinates": [ -121.352223996073008, 43.925348818302155 ] } },
{ "type": "Feature", "properties": { "track_fid": 0, "track_seg_id": 0, "track_seg_point_id": 350, "ele": 1333.4000244140625, "time": "2025-08-08T16:01:03Z" }, "geometry": { "type": "Point", "coordinates": [ -121.352138668298721, 43.925097193568945 ] } },
{ "type": "Feature", "properties": { "track_fid": 0, "track_seg_id": 0, "track_seg_point_id": 351, "ele": 1335.5999755859375, "time": "2025-08-08T16:01:05Z" }, "geometry": { "type": "Point", "coordinates": [ -121.351954769343138, 43.924593860283494 ] } },
{ "type": "Feature", "properties": { "track_fid": 0, "track_seg_id": 0, "track_seg_point_id": 352, "ele": 1337.199951171875, "time": "2025-08-08T16:01:06Z" }, "geometry": { "type": "Point", "coordinates": [ -121.351766427978873, 43.924091616645455 ] } },
{ "type": "Feature", "properties": { "track_fid": 0, "track_seg_id": 0, "track_seg_point_id": 353, "ele": 1338.4000244140625, "time": "2025-08-08T16:01:08Z" }, "geometry": { "type": "Point", "coordinates": [ -121.351669952273369, 43.923840830102563 ] } },
{ "type": "Feature", "properties": { "track_fid": 0, "track_seg_id": 0, "track_seg_point_id": 354, "ele": 1340.5999755859375, "time": "2025-08-08T16:01:10Z" }, "geometry": { "type": "Point", "coordinates": [ -121.351391170173883, 43.923097522929311 ] } },
{ "type": "Feature", "properties": { "track_fid": 0, "track_seg_id": 0, "track_seg_point_id": 355, "ele": 1342.0, "time": "2025-08-08T16:01:13Z" }, "geometry": { "type": "Point", "coordinates": [ -121.351203080266714, 43.922607852146029 ] } },
{ "type": "Feature", "properties": { "track_fid": 0, "track_seg_id": 0, "track_seg_point_id": 356, "ele": 1344.5999755859375, "time": "2025-08-08T16:01:15Z" }, "geometry": { "type": "Point", "coordinates": [ -121.350919520482421, 43.921864964067936 ] } },
{ "type": "Feature", "properties": { "track_fid": 0, "track_seg_id": 0, "track_seg_point_id": 357, "ele": 1345.5999755859375, "time": "2025-08-08T16:01:17Z" }, "geometry": { "type": "Point", "coordinates": [ -121.350824637338519, 43.921614848077297 ] } },
{ "type": "Feature", "properties": { "track_fid": 0, "track_seg_id": 0, "track_seg_point_id": 358, "ele": 1347.800048828125, "time": "2025-08-08T16:01:18Z" }, "geometry": { "type": "Point", "coordinates": [ -121.350634871050715, 43.9211121853441 ] } },
{ "type": "Feature", "properties": { "track_fid": 0, "track_seg_id": 0, "track_seg_point_id": 359, "ele": 1349.800048828125, "time": "2025-08-08T16:01:20Z" }, "geometry": { "type": "Point", "coordinates": [ -121.350446194410324, 43.920610025525093 ] } },
{ "type": "Feature", "properties": { "track_fid": 0, "track_seg_id": 0, "track_seg_point_id": 360, "ele": 1352.0, "time": "2025-08-08T16:01:22Z" }, "geometry": { "type": "Point", "coordinates": [ -121.35025642812252, 43.920105937868357 ] } },
{ "type": "Feature", "properties": { "track_fid": 0, "track_seg_id": 0, "track_seg_point_id": 361, "ele": 1354.199951171875, "time": "2025-08-08T16:01:24Z" }, "geometry": { "type": "Point", "coordinates": [ -121.3500692602247, 43.919600928202271 ] } },
{ "type": "Feature", "properties": { "track_fid": 0, "track_seg_id": 0, "track_seg_point_id": 362, "ele": 1355.199951171875, "time": "2025-08-08T16:01:26Z" }, "geometry": { "type": "Point", "coordinates": [ -121.349977143108845, 43.919347962364554 ] } },
{ "type": "Feature", "properties": { "track_fid": 0, "track_seg_id": 0, "track_seg_point_id": 363, "ele": 1357.800048828125, "time": "2025-08-08T16:01:28Z" }, "geometry": { "type": "Point", "coordinates": [ -121.349807074293494, 43.918838175013661 ] } },
{ "type": "Feature", "properties": { "track_fid": 0, "track_seg_id": 0, "track_seg_point_id": 364, "ele": 1362.0, "time": "2025-08-08T16:01:30Z" }, "geometry": { "type": "Point", "coordinates": [ -121.349632479250431, 43.918065698817372 ] } },
{ "type": "Feature", "properties": { "track_fid": 0, "track_seg_id": 0, "track_seg_point_id": 365, "ele": 1364.5999755859375, "time": "2025-08-08T16:01:32Z" }, "geometry": { "type": "Point", "coordinates": [ -121.349569195881486, 43.917544092983007 ] } },
{ "type": "Feature", "properties": { "track_fid": 0, "track_seg_id": 0, "track_seg_point_id": 366, "ele": 1366.800048828125, "time": "2025-08-08T16:01:34Z" }, "geometry": { "type": "Point", "coordinates": [ -121.34954497218132, 43.917022151872516 ] } },
{ "type": "Feature", "properties": { "track_fid": 0, "track_seg_id": 0, "track_seg_point_id": 367, "ele": 1369.199951171875, "time": "2025-08-08T16:01:36Z" }, "geometry": { "type": "Point", "coordinates": [ -121.349547486752272, 43.916761223226786 ] } },
{ "type": "Feature", "properties": { "track_fid": 0, "track_seg_id": 0, "track_seg_point_id": 368, "ele": 1369.199951171875, "time": "2025-08-08T16:01:37Z" }, "geometry": { "type": "Point", "coordinates": [ -121.349558550864458, 43.916499875485897 ] } },
{ "type": "Feature", "properties": { "track_fid": 0, "track_seg_id": 0, "track_seg_point_id": 369, "ele": 1371.4000244140625, "time": "2025-08-08T16:01:39Z" }, "geometry": { "type": "Point", "coordinates": [ -121.349656619131565, 43.915718095377088 ] } },
{ "type": "Feature", "properties": { "track_fid": 0, "track_seg_id": 0, "track_seg_point_id": 370, "ele": 1372.4000244140625, "time": "2025-08-08T16:01:41Z" }, "geometry": { "type": "Point", "coordinates": [ -121.34977363049984, 43.915201099589467 ] } },
{ "type": "Feature", "properties": { "track_fid": 0, "track_seg_id": 0, "track_seg_point_id": 371, "ele": 1373.4000244140625, "time": "2025-08-08T16:01:44Z" }, "geometry": { "type": "Point", "coordinates": [ -121.350015783682466, 43.914438849315047 ] } },
{ "type": "Feature", "properties": { "track_fid": 0, "track_seg_id": 0, "track_seg_point_id": 372, "ele": 1373.5999755859375, "time": "2025-08-08T16:01:45Z" }, "geometry": { "type": "Point", "coordinates": [ -121.350115444511175, 43.914188398048282 ] } },
{ "type": "Feature", "properties": { "track_fid": 0, "track_seg_id": 0, "track_seg_point_id": 373, "ele": 1374.0, "time": "2025-08-08T16:01:47Z" }, "geometry": { "type": "Point", "coordinates": [ -121.35034142062068, 43.913693865761161 ] } },
{ "type": "Feature", "properties": { "track_fid": 0, "track_seg_id": 0, "track_seg_point_id": 374, "ele": 1374.199951171875, "time": "2025-08-08T16:01:50Z" }, "geometry": { "type": "Point", "coordinates": [ -121.350609557703137, 43.913210732862353 ] } },
{ "type": "Feature", "properties": { "track_fid": 0, "track_seg_id": 0, "track_seg_point_id": 375, "ele": 1374.4000244140625, "time": "2025-08-08T16:01:52Z" }, "geometry": { "type": "Point", "coordinates": [ -121.351081794127822, 43.912505228072405 ] } },
{ "type": "Feature", "properties": { "track_fid": 0, "track_seg_id": 0, "track_seg_point_id": 376, "ele": 1374.800048828125, "time": "2025-08-08T16:01:55Z" }, "geometry": { "type": "Point", "coordinates": [ -121.351433666422963, 43.912048581987619 ] } },
{ "type": "Feature", "properties": { "track_fid": 0, "track_seg_id": 0, "track_seg_point_id": 377, "ele": 1375.199951171875, "time": "2025-08-08T16:01:56Z" }, "geometry": { "type": "Point", "coordinates": [ -121.351815545931458, 43.911606436595321 ] } },
{ "type": "Feature", "properties": { "track_fid": 0, "track_seg_id": 0, "track_seg_point_id": 378, "ele": 1375.5999755859375, "time": "2025-08-08T16:01:59Z" }, "geometry": { "type": "Point", "coordinates": [ -121.352443685755134, 43.910969076678157 ] } },
{ "type": "Feature", "properties": { "track_fid": 0, "track_seg_id": 0, "track_seg_point_id": 379, "ele": 1375.800048828125, "time": "2025-08-08T16:02:01Z" }, "geometry": { "type": "Point", "coordinates": [ -121.352669578045607, 43.910765228793025 ] } },
{ "type": "Feature", "properties": { "track_fid": 0, "track_seg_id": 0, "track_seg_point_id": 380, "ele": 1376.199951171875, "time": "2025-08-08T16:02:04Z" }, "geometry": { "type": "Point", "coordinates": [ -121.353388158604503, 43.910178830847144 ] } },
{ "type": "Feature", "properties": { "track_fid": 0, "track_seg_id": 0, "track_seg_point_id": 381, "ele": 1376.4000244140625, "time": "2025-08-08T16:02:06Z" }, "geometry": { "type": "Point", "coordinates": [ -121.354140350595117, 43.909614644944668 ] } },
{ "type": "Feature", "properties": { "track_fid": 0, "track_seg_id": 0, "track_seg_point_id": 382, "ele": 1376.4000244140625, "time": "2025-08-08T16:02:08Z" }, "geometry": { "type": "Point", "coordinates": [ -121.354647120460868, 43.909244081005454 ] } },
{ "type": "Feature", "properties": { "track_fid": 0, "track_seg_id": 0, "track_seg_point_id": 383, "ele": 1377.0, "time": "2025-08-08T16:02:11Z" }, "geometry": { "type": "Point", "coordinates": [ -121.355407945811749, 43.908694228157401 ] } },
{ "type": "Feature", "properties": { "track_fid": 0, "track_seg_id": 0, "track_seg_point_id": 384, "ele": 1377.4000244140625, "time": "2025-08-08T16:02:13Z" }, "geometry": { "type": "Point", "coordinates": [ -121.355659738183022, 43.908510832116008 ] } },
{ "type": "Feature", "properties": { "track_fid": 0, "track_seg_id": 0, "track_seg_point_id": 385, "ele": 1377.800048828125, "time": "2025-08-08T16:02:15Z" }, "geometry": { "type": "Point", "coordinates": [ -121.356159970164299, 43.908141776919365 ] } },
{ "type": "Feature", "properties": { "track_fid": 0, "track_seg_id": 0, "track_seg_point_id": 386, "ele": 1378.0, "time": "2025-08-08T16:02:17Z" }, "geometry": { "type": "Point", "coordinates": [ -121.356915179640055, 43.90758647583425 ] } },
{ "type": "Feature", "properties": { "track_fid": 0, "track_seg_id": 0, "track_seg_point_id": 387, "ele": 1377.800048828125, "time": "2025-08-08T16:02:19Z" }, "geometry": { "type": "Point", "coordinates": [ -121.357168145477772, 43.907401151955128 ] } },
{ "type": "Feature", "properties": { "track_fid": 0, "track_seg_id": 0, "track_seg_point_id": 388, "ele": 1377.199951171875, "time": "2025-08-08T16:02:21Z" }, "geometry": { "type": "Point", "coordinates": [ -121.357930060476065, 43.906842581927776 ] } },
{ "type": "Feature", "properties": { "track_fid": 0, "track_seg_id": 0, "track_seg_point_id": 389, "ele": 1376.4000244140625, "time": "2025-08-08T16:02:23Z" }, "geometry": { "type": "Point", "coordinates": [ -121.358439847826958, 43.906470173969865 ] } },
{ "type": "Feature", "properties": { "track_fid": 0, "track_seg_id": 0, "track_seg_point_id": 390, "ele": 1375.800048828125, "time": "2025-08-08T16:02:24Z" }, "geometry": { "type": "Point", "coordinates": [ -121.358696082606912, 43.906284347176552 ] } },
{ "type": "Feature", "properties": { "track_fid": 0, "track_seg_id": 0, "track_seg_point_id": 391, "ele": 1373.800048828125, "time": "2025-08-08T16:02:27Z" }, "geometry": { "type": "Point", "coordinates": [ -121.359208803623915, 43.905913196504116 ] } },
{ "type": "Feature", "properties": { "track_fid": 0, "track_seg_id": 0, "track_seg_point_id": 392, "ele": 1372.199951171875, "time": "2025-08-08T16:02:29Z" }, "geometry": { "type": "Point", "coordinates": [ -121.359718339517713, 43.905539950355887 ] } },
{ "type": "Feature", "properties": { "track_fid": 0, "track_seg_id": 0, "track_seg_point_id": 393, "ele": 1370.199951171875, "time": "2025-08-08T16:02:31Z" }, "geometry": { "type": "Point", "coordinates": [ -121.360479248687625, 43.904978865757585 ] } },
{ "type": "Feature", "properties": { "track_fid": 0, "track_seg_id": 0, "track_seg_point_id": 394, "ele": 1367.0, "time": "2025-08-08T16:02:34Z" }, "geometry": { "type": "Point", "coordinates": [ -121.36124124750495, 43.904418116435409 ] } },
{ "type": "Feature", "properties": { "track_fid": 0, "track_seg_id": 0, "track_seg_point_id": 395, "ele": 1364.800048828125, "time": "2025-08-08T16:02:37Z" }, "geometry": { "type": "Point", "coordinates": [ -121.361745083704591, 43.904045289382339 ] } },
{ "type": "Feature", "properties": { "track_fid": 0, "track_seg_id": 0, "track_seg_point_id": 396, "ele": 1362.800048828125, "time": "2025-08-08T16:02:38Z" }, "geometry": { "type": "Point", "coordinates": [ -121.362245148047805, 43.903676234185696 ] } },
{ "type": "Feature", "properties": { "track_fid": 0, "track_seg_id": 0, "track_seg_point_id": 397, "ele": 1361.0, "time": "2025-08-08T16:02:40Z" }, "geometry": { "type": "Point", "coordinates": [ -121.362743536010385, 43.903309274464846 ] } },
{ "type": "Feature", "properties": { "track_fid": 0, "track_seg_id": 0, "track_seg_point_id": 398, "ele": 1359.5999755859375, "time": "2025-08-08T16:02:42Z" }, "geometry": { "type": "Point", "coordinates": [ -121.363241169601679, 43.902945499867201 ] } },
{ "type": "Feature", "properties": { "track_fid": 0, "track_seg_id": 0, "track_seg_point_id": 399, "ele": 1358.4000244140625, "time": "2025-08-08T16:02:44Z" }, "geometry": { "type": "Point", "coordinates": [ -121.363736959174275, 43.902580551803112 ] } },
{ "type": "Feature", "properties": { "track_fid": 0, "track_seg_id": 0, "track_seg_point_id": 400, "ele": 1357.800048828125, "time": "2025-08-08T16:02:46Z" }, "geometry": { "type": "Point", "coordinates": [ -121.364234341308475, 43.902212167158723 ] } },
{ "type": "Feature", "properties": { "track_fid": 0, "track_seg_id": 0, "track_seg_point_id": 401, "ele": 1357.4000244140625, "time": "2025-08-08T16:02:48Z" }, "geometry": { "type": "Point", "coordinates": [ -121.364738177508116, 43.901841938495636 ] } },
{ "type": "Feature", "properties": { "track_fid": 0, "track_seg_id": 0, "track_seg_point_id": 402, "ele": 1357.4000244140625, "time": "2025-08-08T16:02:50Z" }, "geometry": { "type": "Point", "coordinates": [ -121.364990053698421, 43.901656866073608 ] } },
{ "type": "Feature", "properties": { "track_fid": 0, "track_seg_id": 0, "track_seg_point_id": 403, "ele": 1357.5999755859375, "time": "2025-08-08T16:02:52Z" }, "geometry": { "type": "Point", "coordinates": [ -121.365746185183525, 43.901104582473636 ] } },
{ "type": "Feature", "properties": { "track_fid": 0, "track_seg_id": 0, "track_seg_point_id": 404, "ele": 1357.800048828125, "time": "2025-08-08T16:02:54Z" }, "geometry": { "type": "Point", "coordinates": [ -121.366250272840261, 43.900737455114722 ] } },
{ "type": "Feature", "properties": { "track_fid": 0, "track_seg_id": 0, "track_seg_point_id": 405, "ele": 1358.199951171875, "time": "2025-08-08T16:02:56Z" }, "geometry": { "type": "Point", "coordinates": [ -121.366752432659268, 43.900369489565492 ] } },
{ "type": "Feature", "properties": { "track_fid": 0, "track_seg_id": 0, "track_seg_point_id": 406, "ele": 1359.199951171875, "time": "2025-08-08T16:02:59Z" }, "geometry": { "type": "Point", "coordinates": [ -121.367504457011819, 43.899816116318107 ] } },
{ "type": "Feature", "properties": { "track_fid": 0, "track_seg_id": 0, "track_seg_point_id": 407, "ele": 1360.199951171875, "time": "2025-08-08T16:03:02Z" }, "geometry": { "type": "Point", "coordinates": [ -121.36825405061245, 43.899260144680738 ] } },
{ "type": "Feature", "properties": { "track_fid": 0, "track_seg_id": 0, "track_seg_point_id": 408, "ele": 1360.800048828125, "time": "2025-08-08T16:03:04Z" }, "geometry": { "type": "Point", "coordinates": [ -121.368755539879203, 43.89888983219862 ] } },
{ "type": "Feature", "properties": { "track_fid": 0, "track_seg_id": 0, "track_seg_point_id": 409, "ele": 1361.4000244140625, "time": "2025-08-08T16:03:06Z" }, "geometry": { "type": "Point", "coordinates": [ -121.369260549545288, 43.898521699011326 ] } },
{ "type": "Feature", "properties": { "track_fid": 0, "track_seg_id": 0, "track_seg_point_id": 410, "ele": 1362.199951171875, "time": "2025-08-08T16:03:08Z" }, "geometry": { "type": "Point", "coordinates": [ -121.369762038812041, 43.898152224719524 ] } },
{ "type": "Feature", "properties": { "track_fid": 0, "track_seg_id": 0, "track_seg_point_id": 411, "ele": 1362.5999755859375, "time": "2025-08-08T16:03:10Z" }, "geometry": { "type": "Point", "coordinates": [ -121.370264366269112, 43.897784762084484 ] } },
{ "type": "Feature", "properties": { "track_fid": 0, "track_seg_id": 0, "track_seg_point_id": 412, "ele": 1363.0, "time": "2025-08-08T16:03:12Z" }, "geometry": { "type": "Point", "coordinates": [ -121.370770297944546, 43.897415539249778 ] } },
{ "type": "Feature", "properties": { "track_fid": 0, "track_seg_id": 0, "track_seg_point_id": 413, "ele": 1363.4000244140625, "time": "2025-08-08T16:03:14Z" }, "geometry": { "type": "Point", "coordinates": [ -121.371275559067726, 43.897041957825422 ] } },
{ "type": "Feature", "properties": { "track_fid": 0, "track_seg_id": 0, "track_seg_point_id": 414, "ele": 1363.4000244140625, "time": "2025-08-08T16:03:15Z" }, "geometry": { "type": "Point", "coordinates": [ -121.37152835726738, 43.896854789927602 ] } },
{ "type": "Feature", "properties": { "track_fid": 0, "track_seg_id": 0, "track_seg_point_id": 415, "ele": 1363.199951171875, "time": "2025-08-08T16:03:17Z" }, "geometry": { "type": "Point", "coordinates": [ -121.372033534571528, 43.896479029208422 ] } },
{ "type": "Feature", "properties": { "track_fid": 0, "track_seg_id": 0, "track_seg_point_id": 416, "ele": 1363.199951171875, "time": "2025-08-08T16:03:19Z" }, "geometry": { "type": "Point", "coordinates": [ -121.372287338599563, 43.896291358396411 ] } },
{ "type": "Feature", "properties": { "track_fid": 0, "track_seg_id": 0, "track_seg_point_id": 417, "ele": 1362.5999755859375, "time": "2025-08-08T16:03:21Z" }, "geometry": { "type": "Point", "coordinates": [ -121.373049840331078, 43.895730022341013 ] } },
{ "type": "Feature", "properties": { "track_fid": 0, "track_seg_id": 0, "track_seg_point_id": 418, "ele": 1362.199951171875, "time": "2025-08-08T16:03:23Z" }, "geometry": { "type": "Point", "coordinates": [ -121.373305236920714, 43.895543944090605 ] } },
{ "type": "Feature", "properties": { "track_fid": 0, "track_seg_id": 0, "track_seg_point_id": 419, "ele": 1361.5999755859375, "time": "2025-08-08T16:03:25Z" }, "geometry": { "type": "Point", "coordinates": [ -121.373814940452576, 43.895169692113996 ] } },
{ "type": "Feature", "properties": { "track_fid": 0, "track_seg_id": 0, "track_seg_point_id": 420, "ele": 1360.199951171875, "time": "2025-08-08T16:03:27Z" }, "geometry": { "type": "Point", "coordinates": [ -121.374577358365059, 43.89460751786828 ] } },
{ "type": "Feature", "properties": { "track_fid": 0, "track_seg_id": 0, "track_seg_point_id": 421, "ele": 1359.5999755859375, "time": "2025-08-08T16:03:29Z" }, "geometry": { "type": "Point", "coordinates": [ -121.37508312240243, 43.89423418790102 ] } },
{ "type": "Feature", "properties": { "track_fid": 0, "track_seg_id": 0, "track_seg_point_id": 422, "ele": 1359.199951171875, "time": "2025-08-08T16:03:31Z" }, "geometry": { "type": "Point", "coordinates": [ -121.375586288049817, 43.893861696124077 ] } },
{ "type": "Feature", "properties": { "track_fid": 0, "track_seg_id": 0, "track_seg_point_id": 423, "ele": 1358.800048828125, "time": "2025-08-08T16:03:33Z" }, "geometry": { "type": "Point", "coordinates": [ -121.37583858333528, 43.893675869330764 ] } },
{ "type": "Feature", "properties": { "track_fid": 0, "track_seg_id": 0, "track_seg_point_id": 424, "ele": 1357.199951171875, "time": "2025-08-08T16:03:36Z" }, "geometry": { "type": "Point", "coordinates": [ -121.376847764477134, 43.892934322357178 ] } },
{ "type": "Feature", "properties": { "track_fid": 0, "track_seg_id": 0, "track_seg_point_id": 425, "ele": 1356.4000244140625, "time": "2025-08-08T16:03:38Z" }, "geometry": { "type": "Point", "coordinates": [ -121.377350343391299, 43.89256258495152 ] } },
{ "type": "Feature", "properties": { "track_fid": 0, "track_seg_id": 0, "track_seg_point_id": 426, "ele": 1354.5999755859375, "time": "2025-08-08T16:03:41Z" }, "geometry": { "type": "Point", "coordinates": [ -121.378106893971562, 43.892004434019327 ] } },
{ "type": "Feature", "properties": { "track_fid": 0, "track_seg_id": 0, "track_seg_point_id": 427, "ele": 1352.199951171875, "time": "2025-08-08T16:03:44Z" }, "geometry": { "type": "Point", "coordinates": [ -121.378864534199238, 43.891443684697151 ] } },
{ "type": "Feature", "properties": { "track_fid": 0, "track_seg_id": 0, "track_seg_point_id": 428, "ele": 1350.4000244140625, "time": "2025-08-08T16:03:46Z" }, "geometry": { "type": "Point", "coordinates": [ -121.379370298236609, 43.89106834307313 ] } },
{ "type": "Feature", "properties": { "track_fid": 0, "track_seg_id": 0, "track_seg_point_id": 429, "ele": 1348.5999755859375, "time": "2025-08-08T16:03:48Z" }, "geometry": { "type": "Point", "coordinates": [ -121.379874972626567, 43.890694342553616 ] } },
{ "type": "Feature", "properties": { "track_fid": 0, "track_seg_id": 0, "track_seg_point_id": 430, "ele": 1348.5999755859375, "time": "2025-08-08T16:03:49Z" }, "geometry": { "type": "Point", "coordinates": [ -121.379874972626567, 43.890694342553616 ] } },
{ "type": "Feature", "properties": { "track_fid": 0, "track_seg_id": 0, "track_seg_point_id": 431, "ele": 1346.5999755859375, "time": "2025-08-08T16:03:50Z" }, "geometry": { "type": "Point", "coordinates": [ -121.380379144102335, 43.890323443338275 ] } },
{ "type": "Feature", "properties": { "track_fid": 0, "track_seg_id": 0, "track_seg_point_id": 432, "ele": 1344.800048828125, "time": "2025-08-08T16:03:52Z" }, "geometry": { "type": "Point", "coordinates": [ -121.380882645025849, 43.889953885227442 ] } },
{ "type": "Feature", "properties": { "track_fid": 0, "track_seg_id": 0, "track_seg_point_id": 433, "ele": 1343.4000244140625, "time": "2025-08-08T16:03:54Z" }, "geometry": { "type": "Point", "coordinates": [ -121.381384888663888, 43.889587260782719 ] } },
{ "type": "Feature", "properties": { "track_fid": 0, "track_seg_id": 0, "track_seg_point_id": 434, "ele": 1342.0, "time": "2025-08-08T16:03:57Z" }, "geometry": { "type": "Point", "coordinates": [ -121.382136158645153, 43.889035228639841 ] } },
{ "type": "Feature", "properties": { "track_fid": 0, "track_seg_id": 0, "track_seg_point_id": 435, "ele": 1341.5999755859375, "time": "2025-08-08T16:03:59Z" }, "geometry": { "type": "Point", "coordinates": [ -121.382637731730938, 43.888665335252881 ] } },
{ "type": "Feature", "properties": { "track_fid": 0, "track_seg_id": 0, "track_seg_point_id": 436, "ele": 1341.4000244140625, "time": "2025-08-08T16:04:00Z" }, "geometry": { "type": "Point", "coordinates": [ -121.382888937368989, 43.88848059810698 ] } },
{ "type": "Feature", "properties": { "track_fid": 0, "track_seg_id": 0, "track_seg_point_id": 437, "ele": 1341.199951171875, "time": "2025-08-08T16:04:02Z" }, "geometry": { "type": "Point", "coordinates": [ -121.383140059188008, 43.888296447694302 ] } },
{ "type": "Feature", "properties": { "track_fid": 0, "track_seg_id": 0, "track_seg_point_id": 438, "ele": 1341.0, "time": "2025-08-08T16:04:04Z" }, "geometry": { "type": "Point", "coordinates": [ -121.383893843740225, 43.887740476056933 ] } },
{ "type": "Feature", "properties": { "track_fid": 0, "track_seg_id": 0, "track_seg_point_id": 439, "ele": 1340.5999755859375, "time": "2025-08-08T16:04:06Z" }, "geometry": { "type": "Point", "coordinates": [ -121.384396171197295, 43.887367732822895 ] } },
{ "type": "Feature", "properties": { "track_fid": 0, "track_seg_id": 0, "track_seg_point_id": 440, "ele": 1340.199951171875, "time": "2025-08-08T16:04:08Z" }, "geometry": { "type": "Point", "coordinates": [ -121.38490260578692, 43.886997252702713 ] } },
{ "type": "Feature", "properties": { "track_fid": 0, "track_seg_id": 0, "track_seg_point_id": 441, "ele": 1339.800048828125, "time": "2025-08-08T16:04:10Z" }, "geometry": { "type": "Point", "coordinates": [ -121.385407950729132, 43.886625682935119 ] } },
{ "type": "Feature", "properties": { "track_fid": 0, "track_seg_id": 0, "track_seg_point_id": 442, "ele": 1339.4000244140625, "time": "2025-08-08T16:04:12Z" }, "geometry": { "type": "Point", "coordinates": [ -121.385913295671344, 43.886255370453 ] } },
{ "type": "Feature", "properties": { "track_fid": 0, "track_seg_id": 0, "track_seg_point_id": 443, "ele": 1339.0, "time": "2025-08-08T16:04:14Z" }, "geometry": { "type": "Point", "coordinates": [ -121.386419227346778, 43.885884722694755 ] } },
{ "type": "Feature", "properties": { "track_fid": 0, "track_seg_id": 0, "track_seg_point_id": 444, "ele": 1338.5999755859375, "time": "2025-08-08T16:04:16Z" }, "geometry": { "type": "Point", "coordinates": [ -121.386925326660275, 43.88551558367908 ] } },
{ "type": "Feature", "properties": { "track_fid": 0, "track_seg_id": 0, "track_seg_point_id": 445, "ele": 1338.4000244140625, "time": "2025-08-08T16:04:18Z" }, "geometry": { "type": "Point", "coordinates": [ -121.387429246678948, 43.885145355015993 ] } },
{ "type": "Feature", "properties": { "track_fid": 0, "track_seg_id": 0, "track_seg_point_id": 446, "ele": 1337.800048828125, "time": "2025-08-08T16:04:20Z" }, "geometry": { "type": "Point", "coordinates": [ -121.387933250516653, 43.884774623438716 ] } },
{ "type": "Feature", "properties": { "track_fid": 0, "track_seg_id": 0, "track_seg_point_id": 447, "ele": 1336.800048828125, "time": "2025-08-08T16:04:23Z" }, "geometry": { "type": "Point", "coordinates": [ -121.388692231848836, 43.884220998734236 ] } },
{ "type": "Feature", "properties": { "track_fid": 0, "track_seg_id": 0, "track_seg_point_id": 448, "ele": 1336.199951171875, "time": "2025-08-08T16:04:25Z" }, "geometry": { "type": "Point", "coordinates": [ -121.389195146039128, 43.883847668766975 ] } },
{ "type": "Feature", "properties": { "track_fid": 0, "track_seg_id": 0, "track_seg_point_id": 449, "ele": 1335.800048828125, "time": "2025-08-08T16:04:28Z" }, "geometry": { "type": "Point", "coordinates": [ -121.389952450990677, 43.88328842818737 ] } },
{ "type": "Feature", "properties": { "track_fid": 0, "track_seg_id": 0, "track_seg_point_id": 450, "ele": 1335.5999755859375, "time": "2025-08-08T16:04:29Z" }, "geometry": { "type": "Point", "coordinates": [ -121.39020374044776, 43.88310226611793 ] } },
{ "type": "Feature", "properties": { "track_fid": 0, "track_seg_id": 0, "track_seg_point_id": 451, "ele": 1335.5999755859375, "time": "2025-08-08T16:04:31Z" }, "geometry": { "type": "Point", "coordinates": [ -121.390455281361938, 43.882916774600744 ] } },
{ "type": "Feature", "properties": { "track_fid": 0, "track_seg_id": 0, "track_seg_point_id": 452, "ele": 1336.0, "time": "2025-08-08T16:04:33Z" }, "geometry": { "type": "Point", "coordinates": [ -121.391209568828344, 43.882362060248852 ] } },
{ "type": "Feature", "properties": { "track_fid": 0, "track_seg_id": 0, "track_seg_point_id": 453, "ele": 1336.800048828125, "time": "2025-08-08T16:04:35Z" }, "geometry": { "type": "Point", "coordinates": [ -121.391707789152861, 43.881993172690272 ] } },
{ "type": "Feature", "properties": { "track_fid": 0, "track_seg_id": 0, "track_seg_point_id": 454, "ele": 1338.199951171875, "time": "2025-08-08T16:04:38Z" }, "geometry": { "type": "Point", "coordinates": [ -121.392455035820603, 43.881444577127695 ] } },
{ "type": "Feature", "properties": { "track_fid": 0, "track_seg_id": 0, "track_seg_point_id": 455, "ele": 1339.0, "time": "2025-08-08T16:04:40Z" }, "geometry": { "type": "Point", "coordinates": [ -121.392952250316739, 43.881079629063606 ] } },
{ "type": "Feature", "properties": { "track_fid": 0, "track_seg_id": 0, "track_seg_point_id": 456, "ele": 1339.800048828125, "time": "2025-08-08T16:04:42Z" }, "geometry": { "type": "Point", "coordinates": [ -121.393448626622558, 43.880712334066629 ] } },
{ "type": "Feature", "properties": { "track_fid": 0, "track_seg_id": 0, "track_seg_point_id": 457, "ele": 1340.5999755859375, "time": "2025-08-08T16:04:44Z" }, "geometry": { "type": "Point", "coordinates": [ -121.393950199708343, 43.880344452336431 ] } },
{ "type": "Feature", "properties": { "track_fid": 0, "track_seg_id": 0, "track_seg_point_id": 458, "ele": 1341.5999755859375, "time": "2025-08-08T16:04:46Z" }, "geometry": { "type": "Point", "coordinates": [ -121.394450766965747, 43.879973888397217 ] } },
{ "type": "Feature", "properties": { "track_fid": 0, "track_seg_id": 0, "track_seg_point_id": 459, "ele": 1342.4000244140625, "time": "2025-08-08T16:04:48Z" }, "geometry": { "type": "Point", "coordinates": [ -121.39494689181447, 43.879599384963512 ] } },
{ "type": "Feature", "properties": { "track_fid": 0, "track_seg_id": 0, "track_seg_point_id": 460, "ele": 1343.199951171875, "time": "2025-08-08T16:04:50Z" }, "geometry": { "type": "Point", "coordinates": [ -121.395434383302927, 43.879219265654683 ] } },
{ "type": "Feature", "properties": { "track_fid": 0, "track_seg_id": 0, "track_seg_point_id": 461, "ele": 1343.800048828125, "time": "2025-08-08T16:04:51Z" }, "geometry": { "type": "Point", "coordinates": [ -121.395674189552665, 43.87902706861496 ] } },
{ "type": "Feature", "properties": { "track_fid": 0, "track_seg_id": 0, "track_seg_point_id": 462, "ele": 1344.800048828125, "time": "2025-08-08T16:04:53Z" }, "geometry": { "type": "Point", "coordinates": [ -121.396146761253476, 43.878636052832007 ] } },
{ "type": "Feature", "properties": { "track_fid": 0, "track_seg_id": 0, "track_seg_point_id": 463, "ele": 1346.4000244140625, "time": "2025-08-08T16:04:56Z" }, "geometry": { "type": "Point", "coordinates": [ -121.39683642424643, 43.878038758412004 ] } },
{ "type": "Feature", "properties": { "track_fid": 0, "track_seg_id": 0, "track_seg_point_id": 464, "ele": 1347.800048828125, "time": "2025-08-08T16:04:58Z" }, "geometry": { "type": "Point", "coordinates": [ -121.397276725620031, 43.877627458423376 ] } },
{ "type": "Feature", "properties": { "track_fid": 0, "track_seg_id": 0, "track_seg_point_id": 465, "ele": 1349.199951171875, "time": "2025-08-08T16:05:00Z" }, "geometry": { "type": "Point", "coordinates": [ -121.397699592635036, 43.877205848693848 ] } },
{ "type": "Feature", "properties": { "track_fid": 0, "track_seg_id": 0, "track_seg_point_id": 466, "ele": 1350.5999755859375, "time": "2025-08-08T16:05:02Z" }, "geometry": { "type": "Point", "coordinates": [ -121.398109970614314, 43.876777365803719 ] } },
{ "type": "Feature", "properties": { "track_fid": 0, "track_seg_id": 0, "track_seg_point_id": 467, "ele": 1351.800048828125, "time": "2025-08-08T16:05:04Z" }, "geometry": { "type": "Point", "coordinates": [ -121.398506350815296, 43.876341925933957 ] } },
{ "type": "Feature", "properties": { "track_fid": 0, "track_seg_id": 0, "track_seg_point_id": 468, "ele": 1352.800048828125, "time": "2025-08-08T16:05:06Z" }, "geometry": { "type": "Point", "coordinates": [ -121.398884374648333, 43.875899529084563 ] } },
{ "type": "Feature", "properties": { "track_fid": 0, "track_seg_id": 0, "track_seg_point_id": 469, "ele": 1354.0, "time": "2025-08-08T16:05:08Z" }, "geometry": { "type": "Point", "coordinates": [ -121.399249657988548, 43.875450259074569 ] } },
{ "type": "Feature", "properties": { "track_fid": 0, "track_seg_id": 0, "track_seg_point_id": 470, "ele": 1354.800048828125, "time": "2025-08-08T16:05:10Z" }, "geometry": { "type": "Point", "coordinates": [ -121.399598764255643, 43.874994367361069 ] } },
{ "type": "Feature", "properties": { "track_fid": 0, "track_seg_id": 0, "track_seg_point_id": 471, "ele": 1355.4000244140625, "time": "2025-08-08T16:05:12Z" }, "geometry": { "type": "Point", "coordinates": [ -121.399937057867646, 43.874532356858253 ] } },
{ "type": "Feature", "properties": { "track_fid": 0, "track_seg_id": 0, "track_seg_point_id": 472, "ele": 1355.5999755859375, "time": "2025-08-08T16:05:14Z" }, "geometry": { "type": "Point", "coordinates": [ -121.400271076709032, 43.87406799942255 ] } },
{ "type": "Feature", "properties": { "track_fid": 0, "track_seg_id": 0, "track_seg_point_id": 473, "ele": 1355.800048828125, "time": "2025-08-08T16:05:16Z" }, "geometry": { "type": "Point", "coordinates": [ -121.400602078065276, 43.873603222891688 ] } },
{ "type": "Feature", "properties": { "track_fid": 0, "track_seg_id": 0, "track_seg_point_id": 474, "ele": 1355.800048828125, "time": "2025-08-08T16:05:18Z" }, "geometry": { "type": "Point", "coordinates": [ -121.400931654497981, 43.873160658404231 ] } },
{ "type": "Feature", "properties": { "track_fid": 0, "track_seg_id": 0, "track_seg_point_id": 475, "ele": 1355.800048828125, "time": "2025-08-08T16:05:19Z" }, "geometry": { "type": "Point", "coordinates": [ -121.400931654497981, 43.873160658404231 ] } },
{ "type": "Feature", "properties": { "track_fid": 0, "track_seg_id": 0, "track_seg_point_id": 476, "ele": 1356.0, "time": "2025-08-08T16:05:20Z" }, "geometry": { "type": "Point", "coordinates": [ -121.401248322799802, 43.872768385335803 ] } },
{ "type": "Feature", "properties": { "track_fid": 0, "track_seg_id": 0, "track_seg_point_id": 477, "ele": 1356.0, "time": "2025-08-08T16:05:21Z" }, "geometry": { "type": "Point", "coordinates": [ -121.401248322799802, 43.872768385335803 ] } },
{ "type": "Feature", "properties": { "track_fid": 0, "track_seg_id": 0, "track_seg_point_id": 478, "ele": 1356.199951171875, "time": "2025-08-08T16:05:23Z" }, "geometry": { "type": "Point", "coordinates": [ -121.401685355231166, 43.872259017080069 ] } },
{ "type": "Feature", "properties": { "track_fid": 0, "track_seg_id": 0, "track_seg_point_id": 479, "ele": 1356.0, "time": "2025-08-08T16:05:24Z" }, "geometry": { "type": "Point", "coordinates": [ -121.401685355231166, 43.872259017080069 ] } },
{ "type": "Feature", "properties": { "track_fid": 0, "track_seg_id": 0, "track_seg_point_id": 480, "ele": 1355.5999755859375, "time": "2025-08-08T16:05:27Z" }, "geometry": { "type": "Point", "coordinates": [ -121.402164129540324, 43.871830450370908 ] } },
{ "type": "Feature", "properties": { "track_fid": 0, "track_seg_id": 0, "track_seg_point_id": 481, "ele": 1355.5999755859375, "time": "2025-08-08T16:05:28Z" }, "geometry": { "type": "Point", "coordinates": [ -121.402341742068529, 43.871705727651715 ] } },
{ "type": "Feature", "properties": { "track_fid": 0, "track_seg_id": 0, "track_seg_point_id": 482, "ele": 1355.0, "time": "2025-08-08T16:05:30Z" }, "geometry": { "type": "Point", "coordinates": [ -121.402895282953978, 43.871389729902148 ] } },
{ "type": "Feature", "properties": { "track_fid": 0, "track_seg_id": 0, "track_seg_point_id": 483, "ele": 1354.800048828125, "time": "2025-08-08T16:05:31Z" }, "geometry": { "type": "Point", "coordinates": [ -121.402895282953978, 43.871389729902148 ] } },
{ "type": "Feature", "properties": { "track_fid": 0, "track_seg_id": 0, "track_seg_point_id": 484, "ele": 1353.800048828125, "time": "2025-08-08T16:05:34Z" }, "geometry": { "type": "Point", "coordinates": [ -121.403642278164625, 43.871048418805003 ] } },
{ "type": "Feature", "properties": { "track_fid": 0, "track_seg_id": 0, "track_seg_point_id": 485, "ele": 1353.4000244140625, "time": "2025-08-08T16:05:36Z" }, "geometry": { "type": "Point", "coordinates": [ -121.403979565948248, 43.870882373303175 ] } },
{ "type": "Feature", "properties": { "track_fid": 0, "track_seg_id": 0, "track_seg_point_id": 486, "ele": 1352.800048828125, "time": "2025-08-08T16:05:38Z" }, "geometry": { "type": "Point", "coordinates": [ -121.404262538999319, 43.870706772431731 ] } },
{ "type": "Feature", "properties": { "track_fid": 0, "track_seg_id": 0, "track_seg_point_id": 487, "ele": 1352.0, "time": "2025-08-08T16:05:40Z" }, "geometry": { "type": "Point", "coordinates": [ -121.404528161510825, 43.870537960901856 ] } },
{ "type": "Feature", "properties": { "track_fid": 0, "track_seg_id": 0, "track_seg_point_id": 488, "ele": 1351.4000244140625, "time": "2025-08-08T16:05:41Z" }, "geometry": { "type": "Point", "coordinates": [ -121.404528161510825, 43.870537960901856 ] } },
{ "type": "Feature", "properties": { "track_fid": 0, "track_seg_id": 0, "track_seg_point_id": 489, "ele": 1350.800048828125, "time": "2025-08-08T16:05:43Z" }, "geometry": { "type": "Point", "coordinates": [ -121.40482597053051, 43.870402844622731 ] } },
{ "type": "Feature", "properties": { "track_fid": 0, "track_seg_id": 0, "track_seg_point_id": 490, "ele": 1349.4000244140625, "time": "2025-08-08T16:05:44Z" }, "geometry": { "type": "Point", "coordinates": [ -121.405177172273397, 43.870309134945273 ] } },
{ "type": "Feature", "properties": { "track_fid": 0, "track_seg_id": 0, "track_seg_point_id": 491, "ele": 1348.800048828125, "time": "2025-08-08T16:05:45Z" }, "geometry": { "type": "Point", "coordinates": [ -121.40537423081696, 43.87028113938868 ] } },
{ "type": "Feature", "properties": { "track_fid": 0, "track_seg_id": 0, "track_seg_point_id": 492, "ele": 1348.0, "time": "2025-08-08T16:05:47Z" }, "geometry": { "type": "Point", "coordinates": [ -121.405586544424295, 43.870267644524574 ] } },
{ "type": "Feature", "properties": { "track_fid": 0, "track_seg_id": 0, "track_seg_point_id": 493, "ele": 1347.199951171875, "time": "2025-08-08T16:05:48Z" }, "geometry": { "type": "Point", "coordinates": [ -121.405811263248324, 43.870268650352955 ] } },
{ "type": "Feature", "properties": { "track_fid": 0, "track_seg_id": 0, "track_seg_point_id": 494, "ele": 1346.0, "time": "2025-08-08T16:05:51Z" }, "geometry": { "type": "Point", "coordinates": [ -121.406821450218558, 43.870339225977659 ] } },
{ "type": "Feature", "properties": { "track_fid": 0, "track_seg_id": 0, "track_seg_point_id": 495, "ele": 1345.800048828125, "time": "2025-08-08T16:05:52Z" }, "geometry": { "type": "Point", "coordinates": [ -121.407101238146424, 43.870358923450112 ] } },
{ "type": "Feature", "properties": { "track_fid": 0, "track_seg_id": 0, "track_seg_point_id": 496, "ele": 1344.5999755859375, "time": "2025-08-08T16:05:55Z" }, "geometry": { "type": "Point", "coordinates": [ -121.407986953854561, 43.870406951755285 ] } },
{ "type": "Feature", "properties": { "track_fid": 0, "track_seg_id": 0, "track_seg_point_id": 497, "ele": 1344.199951171875, "time": "2025-08-08T16:05:56Z" }, "geometry": { "type": "Point", "coordinates": [ -121.408289121463895, 43.870421620085835 ] } },
{ "type": "Feature", "properties": { "track_fid": 0, "track_seg_id": 0, "track_seg_point_id": 498, "ele": 1342.5999755859375, "time": "2025-08-08T16:05:59Z" }, "geometry": { "type": "Point", "coordinates": [ -121.409212220460176, 43.870463781058788 ] } },
{ "type": "Feature", "properties": { "track_fid": 0, "track_seg_id": 0, "track_seg_point_id": 499, "ele": 1341.800048828125, "time": "2025-08-08T16:06:01Z" }, "geometry": { "type": "Point", "coordinates": [ -121.409523775801063, 43.870476940646768 ] } },
{ "type": "Feature", "properties": { "track_fid": 0, "track_seg_id": 0, "track_seg_point_id": 500, "ele": 1340.199951171875, "time": "2025-08-08T16:06:03Z" }, "geometry": { "type": "Point", "coordinates": [ -121.410150993615389, 43.870488423854113 ] } },
{ "type": "Feature", "properties": { "track_fid": 0, "track_seg_id": 0, "track_seg_point_id": 501, "ele": 1337.0, "time": "2025-08-08T16:06:05Z" }, "geometry": { "type": "Point", "coordinates": [ -121.411083480343223, 43.870403096079826 ] } },
{ "type": "Feature", "properties": { "track_fid": 0, "track_seg_id": 0, "track_seg_point_id": 502, "ele": 1334.5999755859375, "time": "2025-08-08T16:06:07Z" }, "geometry": { "type": "Point", "coordinates": [ -121.411675158888102, 43.870258256793022 ] } },
{ "type": "Feature", "properties": { "track_fid": 0, "track_seg_id": 0, "track_seg_point_id": 503, "ele": 1334.5999755859375, "time": "2025-08-08T16:06:08Z" }, "geometry": { "type": "Point", "coordinates": [ -121.411675158888102, 43.870258256793022 ] } },
{ "type": "Feature", "properties": { "track_fid": 0, "track_seg_id": 0, "track_seg_point_id": 504, "ele": 1330.800048828125, "time": "2025-08-08T16:06:10Z" }, "geometry": { "type": "Point", "coordinates": [ -121.41250966116786, 43.869948461651802 ] } },
{ "type": "Feature", "properties": { "track_fid": 0, "track_seg_id": 0, "track_seg_point_id": 505, "ele": 1329.5999755859375, "time": "2025-08-08T16:06:11Z" }, "geometry": { "type": "Point", "coordinates": [ -121.412785928696394, 43.86984234675765 ] } },
{ "type": "Feature", "properties": { "track_fid": 0, "track_seg_id": 0, "track_seg_point_id": 506, "ele": 1326.0, "time": "2025-08-08T16:06:14Z" }, "geometry": { "type": "Point", "coordinates": [ -121.413639541715384, 43.869577227160335 ] } },
{ "type": "Feature", "properties": { "track_fid": 0, "track_seg_id": 0, "track_seg_point_id": 507, "ele": 1323.5999755859375, "time": "2025-08-08T16:06:16Z" }, "geometry": { "type": "Point", "coordinates": [ -121.414235243573785, 43.869475470855832 ] } },
{ "type": "Feature", "properties": { "track_fid": 0, "track_seg_id": 0, "track_seg_point_id": 508, "ele": 1322.5999755859375, "time": "2025-08-08T16:06:17Z" }, "geometry": { "type": "Point", "coordinates": [ -121.414537997916341, 43.869450995698571 ] } },
{ "type": "Feature", "properties": { "track_fid": 0, "track_seg_id": 0, "track_seg_point_id": 509, "ele": 1320.800048828125, "time": "2025-08-08T16:06:20Z" }, "geometry": { "type": "Point", "coordinates": [ -121.415442489087582, 43.869444541633129 ] } },
{ "type": "Feature", "properties": { "track_fid": 0, "track_seg_id": 0, "track_seg_point_id": 510, "ele": 1320.199951171875, "time": "2025-08-08T16:06:21Z" }, "geometry": { "type": "Point", "coordinates": [ -121.41573996283114, 43.869446385651827 ] } },
{ "type": "Feature", "properties": { "track_fid": 0, "track_seg_id": 0, "track_seg_point_id": 511, "ele": 1319.5999755859375, "time": "2025-08-08T16:06:24Z" }, "geometry": { "type": "Point", "coordinates": [ -121.416624169796705, 43.869455521926284 ] } },
{ "type": "Feature", "properties": { "track_fid": 0, "track_seg_id": 0, "track_seg_point_id": 512, "ele": 1319.0, "time": "2025-08-08T16:06:27Z" }, "geometry": { "type": "Point", "coordinates": [ -121.417527487501502, 43.869460970163345 ] } },
{ "type": "Feature", "properties": { "track_fid": 0, "track_seg_id": 0, "track_seg_point_id": 513, "ele": 1318.5999755859375, "time": "2025-08-08T16:06:30Z" }, "geometry": { "type": "Point", "coordinates": [ -121.41844212077558, 43.869456024840474 ] } },
{ "type": "Feature", "properties": { "track_fid": 0, "track_seg_id": 0, "track_seg_point_id": 514, "ele": 1317.199951171875, "time": "2025-08-08T16:06:33Z" }, "geometry": { "type": "Point", "coordinates": [ -121.419362286105752, 43.869456192478538 ] } },
{ "type": "Feature", "properties": { "track_fid": 0, "track_seg_id": 0, "track_seg_point_id": 515, "ele": 1314.800048828125, "time": "2025-08-08T16:06:36Z" }, "geometry": { "type": "Point", "coordinates": [ -121.4202871453017, 43.869458623230457 ] } },
{ "type": "Feature", "properties": { "track_fid": 0, "track_seg_id": 0, "track_seg_point_id": 516, "ele": 1311.800048828125, "time": "2025-08-08T16:06:39Z" }, "geometry": { "type": "Point", "coordinates": [ -121.421215943992138, 43.869456695392728 ] } },
{ "type": "Feature", "properties": { "track_fid": 0, "track_seg_id": 0, "track_seg_point_id": 517, "ele": 1308.800048828125, "time": "2025-08-08T16:06:42Z" }, "geometry": { "type": "Point", "coordinates": [ -121.422139964997768, 43.869450744241476 ] } },
{ "type": "Feature", "properties": { "track_fid": 0, "track_seg_id": 0, "track_seg_point_id": 518, "ele": 1306.199951171875, "time": "2025-08-08T16:06:45Z" }, "geometry": { "type": "Point", "coordinates": [ -121.42305476590991, 43.869443787261844 ] } },
{ "type": "Feature", "properties": { "track_fid": 0, "track_seg_id": 0, "track_seg_point_id": 519, "ele": 1305.5999755859375, "time": "2025-08-08T16:06:48Z" }, "geometry": { "type": "Point", "coordinates": [ -121.423950958997011, 43.869444960728288 ] } },
{ "type": "Feature", "properties": { "track_fid": 0, "track_seg_id": 0, "track_seg_point_id": 520, "ele": 1305.5999755859375, "time": "2025-08-08T16:06:50Z" }, "geometry": { "type": "Point", "coordinates": [ -121.424545655027032, 43.869443451985717 ] } },
{ "type": "Feature", "properties": { "track_fid": 0, "track_seg_id": 0, "track_seg_point_id": 521, "ele": 1303.199951171875, "time": "2025-08-08T16:06:54Z" }, "geometry": { "type": "Point", "coordinates": [ -121.425748458132148, 43.869447391480207 ] } },
{ "type": "Feature", "properties": { "track_fid": 0, "track_seg_id": 0, "track_seg_point_id": 522, "ele": 1301.199951171875, "time": "2025-08-08T16:06:57Z" }, "geometry": { "type": "Point", "coordinates": [ -121.426365533843637, 43.869446385651827 ] } },
{ "type": "Feature", "properties": { "track_fid": 0, "track_seg_id": 0, "track_seg_point_id": 523, "ele": 1299.0, "time": "2025-08-08T16:06:59Z" }, "geometry": { "type": "Point", "coordinates": [ -121.427291734144092, 43.869446637108922 ] } },
{ "type": "Feature", "properties": { "track_fid": 0, "track_seg_id": 0, "track_seg_point_id": 524, "ele": 1297.4000244140625, "time": "2025-08-08T16:07:02Z" }, "geometry": { "type": "Point", "coordinates": [ -121.428202847018838, 43.869445128366351 ] } },
{ "type": "Feature", "properties": { "track_fid": 0, "track_seg_id": 0, "track_seg_point_id": 525, "ele": 1296.800048828125, "time": "2025-08-08T16:07:05Z" }, "geometry": { "type": "Point", "coordinates": [ -121.429091580212116, 43.869447056204081 ] } },
{ "type": "Feature", "properties": { "track_fid": 0, "track_seg_id": 0, "track_seg_point_id": 526, "ele": 1296.800048828125, "time": "2025-08-08T16:07:07Z" }, "geometry": { "type": "Point", "coordinates": [ -121.429688287898898, 43.869446469470859 ] } },
{ "type": "Feature", "properties": { "track_fid": 0, "track_seg_id": 0, "track_seg_point_id": 527, "ele": 1295.800048828125, "time": "2025-08-08T16:07:10Z" }, "geometry": { "type": "Point", "coordinates": [ -121.430576937273145, 43.869444373995066 ] } },
{ "type": "Feature", "properties": { "track_fid": 0, "track_seg_id": 0, "track_seg_point_id": 528, "ele": 1292.199951171875, "time": "2025-08-08T16:07:13Z" }, "geometry": { "type": "Point", "coordinates": [ -121.43135997466743, 43.869436997920275 ] } },
{ "type": "Feature", "properties": { "track_fid": 0, "track_seg_id": 0, "track_seg_point_id": 529, "ele": 1290.800048828125, "time": "2025-08-08T16:07:14Z" }, "geometry": { "type": "Point", "coordinates": [ -121.431600032374263, 43.869433561339974 ] } },
{ "type": "Feature", "properties": { "track_fid": 0, "track_seg_id": 0, "track_seg_point_id": 530, "ele": 1287.0, "time": "2025-08-08T16:07:17Z" }, "geometry": { "type": "Point", "coordinates": [ -121.432248875498772, 43.869425766170025 ] } },
{ "type": "Feature", "properties": { "track_fid": 0, "track_seg_id": 0, "track_seg_point_id": 531, "ele": 1286.199951171875, "time": "2025-08-08T16:07:18Z" }, "geometry": { "type": "Point", "coordinates": [ -121.432435289025307, 43.869425095617771 ] } },
{ "type": "Feature", "properties": { "track_fid": 0, "track_seg_id": 0, "track_seg_point_id": 532, "ele": 1284.4000244140625, "time": "2025-08-08T16:07:22Z" }, "geometry": { "type": "Point", "coordinates": [ -121.432907357811928, 43.869411936029792 ] } },
{ "type": "Feature", "properties": { "track_fid": 0, "track_seg_id": 0, "track_seg_point_id": 533, "ele": 1284.0, "time": "2025-08-08T16:07:24Z" }, "geometry": { "type": "Point", "coordinates": [ -121.433258559554815, 43.869393998757005 ] } },
{ "type": "Feature", "properties": { "track_fid": 0, "track_seg_id": 0, "track_seg_point_id": 534, "ele": 1284.0, "time": "2025-08-08T16:07:25Z" }, "geometry": { "type": "Point", "coordinates": [ -121.433258559554815, 43.869393998757005 ] } },
{ "type": "Feature", "properties": { "track_fid": 0, "track_seg_id": 0, "track_seg_point_id": 535, "ele": 1284.199951171875, "time": "2025-08-08T16:07:26Z" }, "geometry": { "type": "Point", "coordinates": [ -121.433427538722754, 43.869448145851493 ] } },
{ "type": "Feature", "properties": { "track_fid": 0, "track_seg_id": 0, "track_seg_point_id": 536, "ele": 1284.199951171875, "time": "2025-08-08T16:07:27Z" }, "geometry": { "type": "Point", "coordinates": [ -121.433494761586189, 43.869490558281541 ] } },
{ "type": "Feature", "properties": { "track_fid": 0, "track_seg_id": 0, "track_seg_point_id": 537, "ele": 1284.0, "time": "2025-08-08T16:07:28Z" }, "geometry": { "type": "Point", "coordinates": [ -121.433560727164149, 43.869530372321606 ] } },
{ "type": "Feature", "properties": { "track_fid": 0, "track_seg_id": 0, "track_seg_point_id": 538, "ele": 1283.800048828125, "time": "2025-08-08T16:07:30Z" }, "geometry": { "type": "Point", "coordinates": [ -121.433714954182506, 43.869573790580034 ] } },
{ "type": "Feature", "properties": { "track_fid": 0, "track_seg_id": 0, "track_seg_point_id": 539, "ele": 1283.800048828125, "time": "2025-08-08T16:07:32Z" }, "geometry": { "type": "Point", "coordinates": [ -121.433876138180494, 43.86954084970057 ] } },
{ "type": "Feature", "properties": { "track_fid": 0, "track_seg_id": 0, "track_seg_point_id": 540, "ele": 1283.800048828125, "time": "2025-08-08T16:07:33Z" }, "geometry": { "type": "Point", "coordinates": [ -121.433876138180494, 43.86954084970057 ] } },
{ "type": "Feature", "properties": { "track_fid": 0, "track_seg_id": 0, "track_seg_point_id": 541, "ele": 1283.800048828125, "time": "2025-08-08T16:07:34Z" }, "geometry": { "type": "Point", "coordinates": [ -121.434003794565797, 43.869438590481877 ] } },
{ "type": "Feature", "properties": { "track_fid": 0, "track_seg_id": 0, "track_seg_point_id": 542, "ele": 1283.800048828125, "time": "2025-08-08T16:07:36Z" }, "geometry": { "type": "Point", "coordinates": [ -121.434067664667964, 43.869376145303249 ] } },
{ "type": "Feature", "properties": { "track_fid": 0, "track_seg_id": 0, "track_seg_point_id": 543, "ele": 1284.0, "time": "2025-08-08T16:07:37Z" }, "geometry": { "type": "Point", "coordinates": [ -121.434244522824883, 43.86926282197237 ] } },
{ "type": "Feature", "properties": { "track_fid": 0, "track_seg_id": 0, "track_seg_point_id": 544, "ele": 1283.4000244140625, "time": "2025-08-08T16:07:39Z" }, "geometry": { "type": "Point", "coordinates": [ -121.434484496712685, 43.869161736220121 ] } },
{ "type": "Feature", "properties": { "track_fid": 0, "track_seg_id": 0, "track_seg_point_id": 545, "ele": 1282.5999755859375, "time": "2025-08-08T16:07:43Z" }, "geometry": { "type": "Point", "coordinates": [ -121.434904262423515, 43.868969120085239 ] } },
{ "type": "Feature", "properties": { "track_fid": 0, "track_seg_id": 0, "track_seg_point_id": 546, "ele": 1282.4000244140625, "time": "2025-08-08T16:07:44Z" }, "geometry": { "type": "Point", "coordinates": [ -121.435194946825504, 43.868788322433829 ] } },
{ "type": "Feature", "properties": { "track_fid": 0, "track_seg_id": 0, "track_seg_point_id": 547, "ele": 1281.199951171875, "time": "2025-08-08T16:07:47Z" }, "geometry": { "type": "Point", "coordinates": [ -121.435638936236501, 43.868463942781091 ] } },
{ "type": "Feature", "properties": { "track_fid": 0, "track_seg_id": 0, "track_seg_point_id": 548, "ele": 1277.5999755859375, "time": "2025-08-08T16:07:51Z" }, "geometry": { "type": "Point", "coordinates": [ -121.43604788929224, 43.86808667331934 ] } },
{ "type": "Feature", "properties": { "track_fid": 0, "track_seg_id": 0, "track_seg_point_id": 549, "ele": 1275.199951171875, "time": "2025-08-08T16:07:52Z" }, "geometry": { "type": "Point", "coordinates": [ -121.436274787411094, 43.867797581478953 ] } },
{ "type": "Feature", "properties": { "track_fid": 0, "track_seg_id": 0, "track_seg_point_id": 550, "ele": 1273.5999755859375, "time": "2025-08-08T16:07:54Z" }, "geometry": { "type": "Point", "coordinates": [ -121.436446281149983, 43.86748418211937 ] } },
{ "type": "Feature", "properties": { "track_fid": 0, "track_seg_id": 0, "track_seg_point_id": 551, "ele": 1272.199951171875, "time": "2025-08-08T16:07:58Z" }, "geometry": { "type": "Point", "coordinates": [ -121.436708299443126, 43.866880852729082 ] } },
{ "type": "Feature", "properties": { "track_fid": 0, "track_seg_id": 0, "track_seg_point_id": 552, "ele": 1272.0, "time": "2025-08-08T16:07:59Z" }, "geometry": { "type": "Point", "coordinates": [ -121.436759596690536, 43.866754285991192 ] } },
{ "type": "Feature", "properties": { "track_fid": 0, "track_seg_id": 0, "track_seg_point_id": 553, "ele": 1272.5999755859375, "time": "2025-08-08T16:08:02Z" }, "geometry": { "type": "Point", "coordinates": [ -121.436874847859144, 43.866457734256983 ] } },
{ "type": "Feature", "properties": { "track_fid": 0, "track_seg_id": 0, "track_seg_point_id": 554, "ele": 1272.5999755859375, "time": "2025-08-08T16:08:06Z" }, "geometry": { "type": "Point", "coordinates": [ -121.436973586678505, 43.866188256070018 ] } },
{ "type": "Feature", "properties": { "track_fid": 0, "track_seg_id": 0, "track_seg_point_id": 555, "ele": 1271.4000244140625, "time": "2025-08-08T16:08:09Z" }, "geometry": { "type": "Point", "coordinates": [ -121.437085652723908, 43.865895560011268 ] } },
{ "type": "Feature", "properties": { "track_fid": 0, "track_seg_id": 0, "track_seg_point_id": 556, "ele": 1270.4000244140625, "time": "2025-08-08T16:08:13Z" }, "geometry": { "type": "Point", "coordinates": [ -121.437284220010042, 43.865365153178573 ] } },
{ "type": "Feature", "properties": { "track_fid": 0, "track_seg_id": 0, "track_seg_point_id": 557, "ele": 1270.4000244140625, "time": "2025-08-08T16:08:16Z" }, "geometry": { "type": "Point", "coordinates": [ -121.437469040974975, 43.864904064685106 ] } },
{ "type": "Feature", "properties": { "track_fid": 0, "track_seg_id": 0, "track_seg_point_id": 558, "ele": 1270.5999755859375, "time": "2025-08-08T16:08:18Z" }, "geometry": { "type": "Point", "coordinates": [ -121.43760709092021, 43.864584546536207 ] } },
{ "type": "Feature", "properties": { "track_fid": 0, "track_seg_id": 0, "track_seg_point_id": 559, "ele": 1270.199951171875, "time": "2025-08-08T16:08:21Z" }, "geometry": { "type": "Point", "coordinates": [ -121.437891656532884, 43.864133432507515 ] } },
{ "type": "Feature", "properties": { "track_fid": 0, "track_seg_id": 0, "track_seg_point_id": 560, "ele": 1270.0, "time": "2025-08-08T16:08:23Z" }, "geometry": { "type": "Point", "coordinates": [ -121.43802635371685, 43.864002171903849 ] } },
{ "type": "Feature", "properties": { "track_fid": 0, "track_seg_id": 0, "track_seg_point_id": 561, "ele": 1270.0, "time": "2025-08-08T16:08:24Z" }, "geometry": { "type": "Point", "coordinates": [ -121.438348386436701, 43.863780051469803 ] } },
{ "type": "Feature", "properties": { "track_fid": 0, "track_seg_id": 0, "track_seg_point_id": 562, "ele": 1270.0, "time": "2025-08-08T16:08:25Z" }, "geometry": { "type": "Point", "coordinates": [ -121.438348386436701, 43.863780051469803 ] } },
{ "type": "Feature", "properties": { "track_fid": 0, "track_seg_id": 0, "track_seg_point_id": 563, "ele": 1269.800048828125, "time": "2025-08-08T16:08:27Z" }, "geometry": { "type": "Point", "coordinates": [ -121.438954649493098, 43.863562373444438 ] } },
{ "type": "Feature", "properties": { "track_fid": 0, "track_seg_id": 0, "track_seg_point_id": 564, "ele": 1269.4000244140625, "time": "2025-08-08T16:08:30Z" }, "geometry": { "type": "Point", "coordinates": [ -121.439617071300745, 43.863483583554626 ] } },
{ "type": "Feature", "properties": { "track_fid": 0, "track_seg_id": 0, "track_seg_point_id": 565, "ele": 1269.5999755859375, "time": "2025-08-08T16:08:33Z" }, "geometry": { "type": "Point", "coordinates": [ -121.440261723473668, 43.863453743979335 ] } },
{ "type": "Feature", "properties": { "track_fid": 0, "track_seg_id": 0, "track_seg_point_id": 566, "ele": 1270.0, "time": "2025-08-08T16:08:37Z" }, "geometry": { "type": "Point", "coordinates": [ -121.441018022596836, 43.863416444510221 ] } },
{ "type": "Feature", "properties": { "track_fid": 0, "track_seg_id": 0, "track_seg_point_id": 567, "ele": 1270.0, "time": "2025-08-08T16:08:41Z" }, "geometry": { "type": "Point", "coordinates": [ -121.441688491031528, 43.863386185839772 ] } },
{ "type": "Feature", "properties": { "track_fid": 0, "track_seg_id": 0, "track_seg_point_id": 568, "ele": 1270.0, "time": "2025-08-08T16:08:42Z" }, "geometry": { "type": "Point", "coordinates": [ -121.44185864366591, 43.863383084535599 ] } },
{ "type": "Feature", "properties": { "track_fid": 0, "track_seg_id": 0, "track_seg_point_id": 569, "ele": 1269.4000244140625, "time": "2025-08-08T16:08:46Z" }, "geometry": { "type": "Point", "coordinates": [ -121.442564986646175, 43.863375121727586 ] } },
{ "type": "Feature", "properties": { "track_fid": 0, "track_seg_id": 0, "track_seg_point_id": 570, "ele": 1267.5999755859375, "time": "2025-08-08T16:08:50Z" }, "geometry": { "type": "Point", "coordinates": [ -121.443265797570348, 43.863369589671493 ] } },
{ "type": "Feature", "properties": { "track_fid": 0, "track_seg_id": 0, "track_seg_point_id": 571, "ele": 1267.800048828125, "time": "2025-08-08T16:08:54Z" }, "geometry": { "type": "Point", "coordinates": [ -121.443764017894864, 43.86337042786181 ] } },
{ "type": "Feature", "properties": { "track_fid": 0, "track_seg_id": 0, "track_seg_point_id": 572, "ele": 1267.0, "time": "2025-08-08T16:08:59Z" }, "geometry": { "type": "Point", "coordinates": [ -121.444681333377957, 43.86336799710989 ] } },
{ "type": "Feature", "properties": { "track_fid": 0, "track_seg_id": 0, "track_seg_point_id": 573, "ele": 1268.4000244140625, "time": "2025-08-08T16:09:04Z" }, "geometry": { "type": "Point", "coordinates": [ -121.445405362173915, 43.863353580236435 ] } },
{ "type": "Feature", "properties": { "track_fid": 0, "track_seg_id": 0, "track_seg_point_id": 574, "ele": 1268.199951171875, "time": "2025-08-08T16:09:07Z" }, "geometry": { "type": "Point", "coordinates": [ -121.445819260552526, 43.863348048180342 ] } },
{ "type": "Feature", "properties": { "track_fid": 0, "track_seg_id": 0, "track_seg_point_id": 575, "ele": 1268.800048828125, "time": "2025-08-08T16:09:12Z" }, "geometry": { "type": "Point", "coordinates": [ -121.446505654603243, 43.863331619650126 ] } },
{ "type": "Feature", "properties": { "track_fid": 0, "track_seg_id": 0, "track_seg_point_id": 576, "ele": 1269.199951171875, "time": "2025-08-08T16:09:16Z" }, "geometry": { "type": "Point", "coordinates": [ -121.447078976780176, 43.863322986289859 ] } },
{ "type": "Feature", "properties": { "track_fid": 0, "track_seg_id": 0, "track_seg_point_id": 577, "ele": 1268.800048828125, "time": "2025-08-08T16:09:21Z" }, "geometry": { "type": "Point", "coordinates": [ -121.447827396914363, 43.863306390121579 ] } },
{ "type": "Feature", "properties": { "track_fid": 0, "track_seg_id": 0, "track_seg_point_id": 578, "ele": 1268.5999755859375, "time": "2025-08-08T16:09:24Z" }, "geometry": { "type": "Point", "coordinates": [ -121.448291167616844, 43.863292895257473 ] } },
{ "type": "Feature", "properties": { "track_fid": 0, "track_seg_id": 0, "track_seg_point_id": 579, "ele": 1268.5999755859375, "time": "2025-08-08T16:09:28Z" }, "geometry": { "type": "Point", "coordinates": [ -121.448915535584092, 43.863276299089193 ] } },
{ "type": "Feature", "properties": { "track_fid": 0, "track_seg_id": 0, "track_seg_point_id": 580, "ele": 1268.5999755859375, "time": "2025-08-08T16:09:32Z" }, "geometry": { "type": "Point", "coordinates": [ -121.449540071189404, 43.863259116187692 ] } },
{ "type": "Feature", "properties": { "track_fid": 0, "track_seg_id": 0, "track_seg_point_id": 581, "ele": 1269.0, "time": "2025-08-08T16:09:37Z" }, "geometry": { "type": "Point", "coordinates": [ -121.450153458863497, 43.8632448669523 ] } },
{ "type": "Feature", "properties": { "track_fid": 0, "track_seg_id": 0, "track_seg_point_id": 582, "ele": 1269.4000244140625, "time": "2025-08-08T16:09:41Z" }, "geometry": { "type": "Point", "coordinates": [ -121.450902549549937, 43.863231036812067 ] } },
{ "type": "Feature", "properties": { "track_fid": 0, "track_seg_id": 0, "track_seg_point_id": 583, "ele": 1269.199951171875, "time": "2025-08-08T16:09:46Z" }, "geometry": { "type": "Point", "coordinates": [ -121.451642336323857, 43.86321016587317 ] } },
{ "type": "Feature", "properties": { "track_fid": 0, "track_seg_id": 0, "track_seg_point_id": 584, "ele": 1269.4000244140625, "time": "2025-08-08T16:09:50Z" }, "geometry": { "type": "Point", "coordinates": [ -121.452249437570572, 43.863191055133939 ] } },
{ "type": "Feature", "properties": { "track_fid": 0, "track_seg_id": 0, "track_seg_point_id": 585, "ele": 1269.199951171875, "time": "2025-08-08T16:09:54Z" }, "geometry": { "type": "Point", "coordinates": [ -121.452955193817616, 43.863172782585025 ] } },
{ "type": "Feature", "properties": { "track_fid": 0, "track_seg_id": 0, "track_seg_point_id": 586, "ele": 1268.5999755859375, "time": "2025-08-08T16:09:57Z" }, "geometry": { "type": "Point", "coordinates": [ -121.4533756300807, 43.863163059577346 ] } },
{ "type": "Feature", "properties": { "track_fid": 0, "track_seg_id": 0, "track_seg_point_id": 587, "ele": 1268.0, "time": "2025-08-08T16:09:59Z" }, "geometry": { "type": "Point", "coordinates": [ -121.454097395762801, 43.863146044313908 ] } },
{ "type": "Feature", "properties": { "track_fid": 0, "track_seg_id": 0, "track_seg_point_id": 588, "ele": 1267.800048828125, "time": "2025-08-08T16:10:00Z" }, "geometry": { "type": "Point", "coordinates": [ -121.454356983304024, 43.86313883587718 ] } },
{ "type": "Feature", "properties": { "track_fid": 0, "track_seg_id": 0, "track_seg_point_id": 589, "ele": 1267.800048828125, "time": "2025-08-08T16:10:03Z" }, "geometry": { "type": "Point", "coordinates": [ -121.455166675150394, 43.863117294386029 ] } },
{ "type": "Feature", "properties": { "track_fid": 0, "track_seg_id": 0, "track_seg_point_id": 590, "ele": 1267.800048828125, "time": "2025-08-08T16:10:04Z" }, "geometry": { "type": "Point", "coordinates": [ -121.455166675150394, 43.863117294386029 ] } },
{ "type": "Feature", "properties": { "track_fid": 0, "track_seg_id": 0, "track_seg_point_id": 591, "ele": 1268.0, "time": "2025-08-08T16:10:06Z" }, "geometry": { "type": "Point", "coordinates": [ -121.455998830497265, 43.86309483088553 ] } },
{ "type": "Feature", "properties": { "track_fid": 0, "track_seg_id": 0, "track_seg_point_id": 592, "ele": 1268.199951171875, "time": "2025-08-08T16:10:08Z" }, "geometry": { "type": "Point", "coordinates": [ -121.456547593697906, 43.863081838935614 ] } },
{ "type": "Feature", "properties": { "track_fid": 0, "track_seg_id": 0, "track_seg_point_id": 593, "ele": 1268.199951171875, "time": "2025-08-08T16:10:11Z" }, "geometry": { "type": "Point", "coordinates": [ -121.457364661619067, 43.863065745681524 ] } },
{ "type": "Feature", "properties": { "track_fid": 0, "track_seg_id": 0, "track_seg_point_id": 594, "ele": 1268.199951171875, "time": "2025-08-08T16:10:14Z" }, "geometry": { "type": "Point", "coordinates": [ -121.458168653771281, 43.863049484789371 ] } },
{ "type": "Feature", "properties": { "track_fid": 0, "track_seg_id": 0, "track_seg_point_id": 595, "ele": 1268.4000244140625, "time": "2025-08-08T16:10:17Z" }, "geometry": { "type": "Point", "coordinates": [ -121.458978345617652, 43.863035570830107 ] } },
{ "type": "Feature", "properties": { "track_fid": 0, "track_seg_id": 0, "track_seg_point_id": 596, "ele": 1269.0, "time": "2025-08-08T16:10:20Z" }, "geometry": { "type": "Point", "coordinates": [ -121.459787283092737, 43.86302643455565 ] } },
{ "type": "Feature", "properties": { "track_fid": 0, "track_seg_id": 0, "track_seg_point_id": 597, "ele": 1270.4000244140625, "time": "2025-08-08T16:10:23Z" }, "geometry": { "type": "Point", "coordinates": [ -121.460589347407222, 43.863022327423096 ] } },
{ "type": "Feature", "properties": { "track_fid": 0, "track_seg_id": 0, "track_seg_point_id": 598, "ele": 1271.800048828125, "time": "2025-08-08T16:10:26Z" }, "geometry": { "type": "Point", "coordinates": [ -121.461120927706361, 43.863020148128271 ] } },
{ "type": "Feature", "properties": { "track_fid": 0, "track_seg_id": 0, "track_seg_point_id": 599, "ele": 1272.199951171875, "time": "2025-08-08T16:10:29Z" }, "geometry": { "type": "Point", "coordinates": [ -121.462187357246876, 43.863022578880191 ] } },
{ "type": "Feature", "properties": { "track_fid": 0, "track_seg_id": 0, "track_seg_point_id": 600, "ele": 1272.199951171875, "time": "2025-08-08T16:10:31Z" }, "geometry": { "type": "Point", "coordinates": [ -121.462730169296265, 43.863017382100224 ] } },
{ "type": "Feature", "properties": { "track_fid": 0, "track_seg_id": 0, "track_seg_point_id": 601, "ele": 1272.4000244140625, "time": "2025-08-08T16:10:34Z" }, "geometry": { "type": "Point", "coordinates": [ -121.463555535301566, 43.863014196977019 ] } },
{ "type": "Feature", "properties": { "track_fid": 0, "track_seg_id": 0, "track_seg_point_id": 602, "ele": 1272.199951171875, "time": "2025-08-08T16:10:37Z" }, "geometry": { "type": "Point", "coordinates": [ -121.46439322270453, 43.863010173663497 ] } },
{ "type": "Feature", "properties": { "track_fid": 0, "track_seg_id": 0, "track_seg_point_id": 603, "ele": 1272.5999755859375, "time": "2025-08-08T16:10:40Z" }, "geometry": { "type": "Point", "coordinates": [ -121.464946931228042, 43.863010760396719 ] } },
{ "type": "Feature", "properties": { "track_fid": 0, "track_seg_id": 0, "track_seg_point_id": 604, "ele": 1272.5999755859375, "time": "2025-08-08T16:10:41Z" }, "geometry": { "type": "Point", "coordinates": [ -121.465487899258733, 43.86301034130156 ] } },
{ "type": "Feature", "properties": { "track_fid": 0, "track_seg_id": 0, "track_seg_point_id": 605, "ele": 1272.4000244140625, "time": "2025-08-08T16:10:44Z" }, "geometry": { "type": "Point", "coordinates": [ -121.46629205904901, 43.863006737083197 ] } },
{ "type": "Feature", "properties": { "track_fid": 0, "track_seg_id": 0, "track_seg_point_id": 606, "ele": 1272.0, "time": "2025-08-08T16:10:47Z" }, "geometry": { "type": "Point", "coordinates": [ -121.466834116727114, 43.863004222512245 ] } },
{ "type": "Feature", "properties": { "track_fid": 0, "track_seg_id": 0, "track_seg_point_id": 607, "ele": 1271.199951171875, "time": "2025-08-08T16:10:50Z" }, "geometry": { "type": "Point", "coordinates": [ -121.46795435808599, 43.862992068752646 ] } },
{ "type": "Feature", "properties": { "track_fid": 0, "track_seg_id": 0, "track_seg_point_id": 608, "ele": 1271.4000244140625, "time": "2025-08-08T16:10:52Z" }, "geometry": { "type": "Point", "coordinates": [ -121.46852508187294, 43.862990476191044 ] } },
{ "type": "Feature", "properties": { "track_fid": 0, "track_seg_id": 0, "track_seg_point_id": 609, "ele": 1271.5999755859375, "time": "2025-08-08T16:10:55Z" }, "geometry": { "type": "Point", "coordinates": [ -121.469387244433165, 43.862985698506236 ] } },
{ "type": "Feature", "properties": { "track_fid": 0, "track_seg_id": 0, "track_seg_point_id": 610, "ele": 1271.800048828125, "time": "2025-08-08T16:10:58Z" }, "geometry": { "type": "Point", "coordinates": [ -121.470253933221102, 43.862978992983699 ] } },
{ "type": "Feature", "properties": { "track_fid": 0, "track_seg_id": 0, "track_seg_point_id": 611, "ele": 1272.199951171875, "time": "2025-08-08T16:11:01Z" }, "geometry": { "type": "Point", "coordinates": [ -121.470836894586682, 43.862975891679525 ] } },
{ "type": "Feature", "properties": { "track_fid": 0, "track_seg_id": 0, "track_seg_point_id": 612, "ele": 1272.800048828125, "time": "2025-08-08T16:11:04Z" }, "geometry": { "type": "Point", "coordinates": [ -121.472010863944888, 43.862969856709242 ] } },
{ "type": "Feature", "properties": { "track_fid": 0, "track_seg_id": 0, "track_seg_point_id": 613, "ele": 1273.800048828125, "time": "2025-08-08T16:11:07Z" }, "geometry": { "type": "Point", "coordinates": [ -121.472895154729486, 43.862967258319259 ] } },
{ "type": "Feature", "properties": { "track_fid": 0, "track_seg_id": 0, "track_seg_point_id": 614, "ele": 1275.199951171875, "time": "2025-08-08T16:11:09Z" }, "geometry": { "type": "Point", "coordinates": [ -121.473483899608254, 43.862962145358324 ] } },
{ "type": "Feature", "properties": { "track_fid": 0, "track_seg_id": 0, "track_seg_point_id": 615, "ele": 1276.4000244140625, "time": "2025-08-08T16:11:12Z" }, "geometry": { "type": "Point", "coordinates": [ -121.474366765469313, 43.862956361845136 ] } },
{ "type": "Feature", "properties": { "track_fid": 0, "track_seg_id": 0, "track_seg_point_id": 616, "ele": 1277.199951171875, "time": "2025-08-08T16:11:15Z" }, "geometry": { "type": "Point", "coordinates": [ -121.475254660472274, 43.862938340753317 ] } },
{ "type": "Feature", "properties": { "track_fid": 0, "track_seg_id": 0, "track_seg_point_id": 617, "ele": 1276.5999755859375, "time": "2025-08-08T16:11:17Z" }, "geometry": { "type": "Point", "coordinates": [ -121.475857151672244, 43.862929539754987 ] } },
{ "type": "Feature", "properties": { "track_fid": 0, "track_seg_id": 0, "track_seg_point_id": 618, "ele": 1275.199951171875, "time": "2025-08-08T16:11:20Z" }, "geometry": { "type": "Point", "coordinates": [ -121.476763654500246, 43.862919062376022 ] } },
{ "type": "Feature", "properties": { "track_fid": 0, "track_seg_id": 0, "track_seg_point_id": 619, "ele": 1273.800048828125, "time": "2025-08-08T16:11:23Z" }, "geometry": { "type": "Point", "coordinates": [ -121.477685244753957, 43.862902717664838 ] } },
{ "type": "Feature", "properties": { "track_fid": 0, "track_seg_id": 0, "track_seg_point_id": 620, "ele": 1273.199951171875, "time": "2025-08-08T16:11:26Z" }, "geometry": { "type": "Point", "coordinates": [ -121.478592921048403, 43.862885450944304 ] } },
{ "type": "Feature", "properties": { "track_fid": 0, "track_seg_id": 0, "track_seg_point_id": 621, "ele": 1273.800048828125, "time": "2025-08-08T16:11:29Z" }, "geometry": { "type": "Point", "coordinates": [ -121.479480732232332, 43.862866926938295 ] } },
{ "type": "Feature", "properties": { "track_fid": 0, "track_seg_id": 0, "track_seg_point_id": 622, "ele": 1274.4000244140625, "time": "2025-08-08T16:11:30Z" }, "geometry": { "type": "Point", "coordinates": [ -121.479771416634321, 43.862860472872853 ] } },
{ "type": "Feature", "properties": { "track_fid": 0, "track_seg_id": 0, "track_seg_point_id": 623, "ele": 1277.199951171875, "time": "2025-08-08T16:11:33Z" }, "geometry": { "type": "Point", "coordinates": [ -121.480627125129104, 43.86283683590591 ] } },
{ "type": "Feature", "properties": { "track_fid": 0, "track_seg_id": 0, "track_seg_point_id": 624, "ele": 1278.800048828125, "time": "2025-08-08T16:11:35Z" }, "geometry": { "type": "Point", "coordinates": [ -121.481194328516722, 43.862829292193055 ] } },
{ "type": "Feature", "properties": { "track_fid": 0, "track_seg_id": 0, "track_seg_point_id": 625, "ele": 1282.5999755859375, "time": "2025-08-08T16:11:38Z" }, "geometry": { "type": "Point", "coordinates": [ -121.482024472206831, 43.862809594720602 ] } },
{ "type": "Feature", "properties": { "track_fid": 0, "track_seg_id": 0, "track_seg_point_id": 626, "ele": 1284.199951171875, "time": "2025-08-08T16:11:41Z" }, "geometry": { "type": "Point", "coordinates": [ -121.482861656695604, 43.862779336050153 ] } },
{ "type": "Feature", "properties": { "track_fid": 0, "track_seg_id": 0, "track_seg_point_id": 627, "ele": 1284.5999755859375, "time": "2025-08-08T16:11:42Z" }, "geometry": { "type": "Point", "coordinates": [ -121.483148653060198, 43.862768523395061 ] } },
{ "type": "Feature", "properties": { "track_fid": 0, "track_seg_id": 0, "track_seg_point_id": 628, "ele": 1285.5999755859375, "time": "2025-08-08T16:11:45Z" }, "geometry": { "type": "Point", "coordinates": [ -121.484036464244127, 43.862749245017767 ] } },
{ "type": "Feature", "properties": { "track_fid": 0, "track_seg_id": 0, "track_seg_point_id": 629, "ele": 1288.199951171875, "time": "2025-08-08T16:11:48Z" }, "geometry": { "type": "Point", "coordinates": [ -121.484958222135901, 43.862731223925948 ] } },
{ "type": "Feature", "properties": { "track_fid": 0, "track_seg_id": 0, "track_seg_point_id": 630, "ele": 1290.5999755859375, "time": "2025-08-08T16:11:50Z" }, "geometry": { "type": "Point", "coordinates": [ -121.485577477142215, 43.862717226147652 ] } },
{ "type": "Feature", "properties": { "track_fid": 0, "track_seg_id": 0, "track_seg_point_id": 631, "ele": 1294.5999755859375, "time": "2025-08-08T16:11:53Z" }, "geometry": { "type": "Point", "coordinates": [ -121.486500827595592, 43.862667270004749 ] } },
{ "type": "Feature", "properties": { "track_fid": 0, "track_seg_id": 0, "track_seg_point_id": 632, "ele": 1295.5999755859375, "time": "2025-08-08T16:11:54Z" }, "geometry": { "type": "Point", "coordinates": [ -121.486804252490401, 43.862633826211095 ] } },
{ "type": "Feature", "properties": { "track_fid": 0, "track_seg_id": 0, "track_seg_point_id": 633, "ele": 1297.4000244140625, "time": "2025-08-08T16:11:56Z" }, "geometry": { "type": "Point", "coordinates": [ -121.487405318766832, 43.862525699660182 ] } },
{ "type": "Feature", "properties": { "track_fid": 0, "track_seg_id": 0, "track_seg_point_id": 634, "ele": 1297.4000244140625, "time": "2025-08-08T16:11:57Z" }, "geometry": { "type": "Point", "coordinates": [ -121.487405318766832, 43.862525699660182 ] } },
{ "type": "Feature", "properties": { "track_fid": 0, "track_seg_id": 0, "track_seg_point_id": 635, "ele": 1298.5999755859375, "time": "2025-08-08T16:11:58Z" }, "geometry": { "type": "Point", "coordinates": [ -121.487983921542764, 43.862360073253512 ] } },
{ "type": "Feature", "properties": { "track_fid": 0, "track_seg_id": 0, "track_seg_point_id": 636, "ele": 1299.0, "time": "2025-08-08T16:11:59Z" }, "geometry": { "type": "Point", "coordinates": [ -121.488261865451932, 43.862257394939661 ] } },
{ "type": "Feature", "properties": { "track_fid": 0, "track_seg_id": 0, "track_seg_point_id": 637, "ele": 1299.800048828125, "time": "2025-08-08T16:12:01Z" }, "geometry": { "type": "Point", "coordinates": [ -121.488797971978784, 43.862028568983078 ] } },
{ "type": "Feature", "properties": { "track_fid": 0, "track_seg_id": 0, "track_seg_point_id": 638, "ele": 1300.5999755859375, "time": "2025-08-08T16:12:03Z" }, "geometry": { "type": "Point", "coordinates": [ -121.489326450973749, 43.861793037503958 ] } },
{ "type": "Feature", "properties": { "track_fid": 0, "track_seg_id": 0, "track_seg_point_id": 639, "ele": 1301.199951171875, "time": "2025-08-08T16:12:05Z" }, "geometry": { "type": "Point", "coordinates": [ -121.489860042929649, 43.861556584015489 ] } },
{ "type": "Feature", "properties": { "track_fid": 0, "track_seg_id": 0, "track_seg_point_id": 640, "ele": 1302.0, "time": "2025-08-08T16:12:07Z" }, "geometry": { "type": "Point", "coordinates": [ -121.490392880514264, 43.861316526308656 ] } },
{ "type": "Feature", "properties": { "track_fid": 0, "track_seg_id": 0, "track_seg_point_id": 641, "ele": 1302.800048828125, "time": "2025-08-08T16:12:09Z" }, "geometry": { "type": "Point", "coordinates": [ -121.490928987041116, 43.861076133325696 ] } },
{ "type": "Feature", "properties": { "track_fid": 0, "track_seg_id": 0, "track_seg_point_id": 642, "ele": 1303.5999755859375, "time": "2025-08-08T16:12:11Z" }, "geometry": { "type": "Point", "coordinates": [ -121.491461070254445, 43.860835991799831 ] } },
{ "type": "Feature", "properties": { "track_fid": 0, "track_seg_id": 0, "track_seg_point_id": 643, "ele": 1304.199951171875, "time": "2025-08-08T16:12:13Z" }, "geometry": { "type": "Point", "coordinates": [ -121.492007570341229, 43.860606160014868 ] } },
{ "type": "Feature", "properties": { "track_fid": 0, "track_seg_id": 0, "track_seg_point_id": 644, "ele": 1304.800048828125, "time": "2025-08-08T16:12:15Z" }, "geometry": { "type": "Point", "coordinates": [ -121.492586173117161, 43.860409520566463 ] } },
{ "type": "Feature", "properties": { "track_fid": 0, "track_seg_id": 0, "track_seg_point_id": 645, "ele": 1305.0, "time": "2025-08-08T16:12:16Z" }, "geometry": { "type": "Point", "coordinates": [ -121.492886831983924, 43.860324276611209 ] } },
{ "type": "Feature", "properties": { "track_fid": 0, "track_seg_id": 0, "track_seg_point_id": 646, "ele": 1305.5999755859375, "time": "2025-08-08T16:12:18Z" }, "geometry": { "type": "Point", "coordinates": [ -121.493506086990237, 43.860169881954789 ] } },
{ "type": "Feature", "properties": { "track_fid": 0, "track_seg_id": 0, "track_seg_point_id": 647, "ele": 1306.0, "time": "2025-08-08T16:12:20Z" }, "geometry": { "type": "Point", "coordinates": [ -121.494135735556483, 43.86002185754478 ] } },
{ "type": "Feature", "properties": { "track_fid": 0, "track_seg_id": 0, "track_seg_point_id": 648, "ele": 1306.800048828125, "time": "2025-08-08T16:12:22Z" }, "geometry": { "type": "Point", "coordinates": [ -121.494771922007203, 43.859874084591866 ] } },
{ "type": "Feature", "properties": { "track_fid": 0, "track_seg_id": 0, "track_seg_point_id": 649, "ele": 1308.199951171875, "time": "2025-08-08T16:12:24Z" }, "geometry": { "type": "Point", "coordinates": [ -121.495411796495318, 43.859722875058651 ] } },
{ "type": "Feature", "properties": { "track_fid": 0, "track_seg_id": 0, "track_seg_point_id": 650, "ele": 1310.0, "time": "2025-08-08T16:12:26Z" }, "geometry": { "type": "Point", "coordinates": [ -121.496048821136355, 43.859572587534785 ] } },
{ "type": "Feature", "properties": { "track_fid": 0, "track_seg_id": 0, "track_seg_point_id": 651, "ele": 1312.199951171875, "time": "2025-08-08T16:12:28Z" }, "geometry": { "type": "Point", "coordinates": [ -121.496685761958361, 43.859424060210586 ] } },
{ "type": "Feature", "properties": { "track_fid": 0, "track_seg_id": 0, "track_seg_point_id": 652, "ele": 1314.4000244140625, "time": "2025-08-08T16:12:30Z" }, "geometry": { "type": "Point", "coordinates": [ -121.497320774942636, 43.859275281429291 ] } },
{ "type": "Feature", "properties": { "track_fid": 0, "track_seg_id": 0, "track_seg_point_id": 653, "ele": 1315.4000244140625, "time": "2025-08-08T16:12:31Z" }, "geometry": { "type": "Point", "coordinates": [ -121.497637359425426, 43.859201185405254 ] } },
{ "type": "Feature", "properties": { "track_fid": 0, "track_seg_id": 0, "track_seg_point_id": 654, "ele": 1316.5999755859375, "time": "2025-08-08T16:12:33Z" }, "geometry": { "type": "Point", "coordinates": [ -121.498272456228733, 43.859058357775211 ] } },
{ "type": "Feature", "properties": { "track_fid": 0, "track_seg_id": 0, "track_seg_point_id": 655, "ele": 1317.5999755859375, "time": "2025-08-08T16:12:35Z" }, "geometry": { "type": "Point", "coordinates": [ -121.498912833631039, 43.858931288123131 ] } },
{ "type": "Feature", "properties": { "track_fid": 0, "track_seg_id": 0, "track_seg_point_id": 656, "ele": 1317.800048828125, "time": "2025-08-08T16:12:36Z" }, "geometry": { "type": "Point", "coordinates": [ -121.499236961826682, 43.858876973390579 ] } },
{ "type": "Feature", "properties": { "track_fid": 0, "track_seg_id": 0, "track_seg_point_id": 657, "ele": 1318.199951171875, "time": "2025-08-08T16:12:38Z" }, "geometry": { "type": "Point", "coordinates": [ -121.499894019216299, 43.858785023912787 ] } },
{ "type": "Feature", "properties": { "track_fid": 0, "track_seg_id": 0, "track_seg_point_id": 658, "ele": 1318.199951171875, "time": "2025-08-08T16:12:40Z" }, "geometry": { "type": "Point", "coordinates": [ -121.500559542328119, 43.858702797442675 ] } },
{ "type": "Feature", "properties": { "track_fid": 0, "track_seg_id": 0, "track_seg_point_id": 659, "ele": 1318.199951171875, "time": "2025-08-08T16:12:41Z" }, "geometry": { "type": "Point", "coordinates": [ -121.500896494835615, 43.858662564307451 ] } },
{ "type": "Feature", "properties": { "track_fid": 0, "track_seg_id": 0, "track_seg_point_id": 660, "ele": 1318.199951171875, "time": "2025-08-08T16:12:43Z" }, "geometry": { "type": "Point", "coordinates": [ -121.50157643482089, 43.858582517132163 ] } },
{ "type": "Feature", "properties": { "track_fid": 0, "track_seg_id": 0, "track_seg_point_id": 661, "ele": 1318.4000244140625, "time": "2025-08-08T16:12:45Z" }, "geometry": { "type": "Point", "coordinates": [ -121.502261236310005, 43.858501883223653 ] } },
{ "type": "Feature", "properties": { "track_fid": 0, "track_seg_id": 0, "track_seg_point_id": 662, "ele": 1318.5999755859375, "time": "2025-08-08T16:12:47Z" }, "geometry": { "type": "Point", "coordinates": [ -121.502947797998786, 43.858419740572572 ] } },
{ "type": "Feature", "properties": { "track_fid": 0, "track_seg_id": 0, "track_seg_point_id": 663, "ele": 1318.800048828125, "time": "2025-08-08T16:12:49Z" }, "geometry": { "type": "Point", "coordinates": [ -121.503626564517617, 43.858338939025998 ] } },
{ "type": "Feature", "properties": { "track_fid": 0, "track_seg_id": 0, "track_seg_point_id": 664, "ele": 1319.199951171875, "time": "2025-08-08T16:12:51Z" }, "geometry": { "type": "Point", "coordinates": [ -121.504296865314245, 43.858258640393615 ] } },
{ "type": "Feature", "properties": { "track_fid": 0, "track_seg_id": 0, "track_seg_point_id": 665, "ele": 1320.0, "time": "2025-08-08T16:12:53Z" }, "geometry": { "type": "Point", "coordinates": [ -121.504961466416717, 43.858179682865739 ] } },
{ "type": "Feature", "properties": { "track_fid": 0, "track_seg_id": 0, "track_seg_point_id": 666, "ele": 1320.5999755859375, "time": "2025-08-08T16:12:55Z" }, "geometry": { "type": "Point", "coordinates": [ -121.505621960386634, 43.858103323727846 ] } },
{ "type": "Feature", "properties": { "track_fid": 0, "track_seg_id": 0, "track_seg_point_id": 667, "ele": 1321.199951171875, "time": "2025-08-08T16:12:57Z" }, "geometry": { "type": "Point", "coordinates": [ -121.506284382194281, 43.858029060065746 ] } },
{ "type": "Feature", "properties": { "track_fid": 0, "track_seg_id": 0, "track_seg_point_id": 668, "ele": 1321.4000244140625, "time": "2025-08-08T16:12:59Z" }, "geometry": { "type": "Point", "coordinates": [ -121.506949570029974, 43.857951359823346 ] } },
{ "type": "Feature", "properties": { "track_fid": 0, "track_seg_id": 0, "track_seg_point_id": 669, "ele": 1321.4000244140625, "time": "2025-08-08T16:13:01Z" }, "geometry": { "type": "Point", "coordinates": [ -121.507616937160492, 43.85787139646709 ] } },
{ "type": "Feature", "properties": { "track_fid": 0, "track_seg_id": 0, "track_seg_point_id": 670, "ele": 1321.0, "time": "2025-08-08T16:13:03Z" }, "geometry": { "type": "Point", "coordinates": [ -121.508284136652946, 43.857790762558579 ] } },
{ "type": "Feature", "properties": { "track_fid": 0, "track_seg_id": 0, "track_seg_point_id": 671, "ele": 1320.800048828125, "time": "2025-08-08T16:13:05Z" }, "geometry": { "type": "Point", "coordinates": [ -121.508954018354416, 43.857709122821689 ] } },
{ "type": "Feature", "properties": { "track_fid": 0, "track_seg_id": 0, "track_seg_point_id": 672, "ele": 1320.800048828125, "time": "2025-08-08T16:13:07Z" }, "geometry": { "type": "Point", "coordinates": [ -121.509622726589441, 43.85762756690383 ] } },
{ "type": "Feature", "properties": { "track_fid": 0, "track_seg_id": 0, "track_seg_point_id": 673, "ele": 1320.5999755859375, "time": "2025-08-08T16:13:09Z" }, "geometry": { "type": "Point", "coordinates": [ -121.510289590805769, 43.857549447566271 ] } },
{ "type": "Feature", "properties": { "track_fid": 0, "track_seg_id": 0, "track_seg_point_id": 674, "ele": 1320.800048828125, "time": "2025-08-08T16:13:11Z" }, "geometry": { "type": "Point", "coordinates": [ -121.51095712557435, 43.857494043186307 ] } },
{ "type": "Feature", "properties": { "track_fid": 0, "track_seg_id": 0, "track_seg_point_id": 675, "ele": 1321.4000244140625, "time": "2025-08-08T16:13:13Z" }, "geometry": { "type": "Point", "coordinates": [ -121.511628935113549, 43.857486918568611 ] } },
{ "type": "Feature", "properties": { "track_fid": 0, "track_seg_id": 0, "track_seg_point_id": 676, "ele": 1321.800048828125, "time": "2025-08-08T16:13:14Z" }, "geometry": { "type": "Point", "coordinates": [ -121.511964797973633, 43.85750007815659 ] } },
{ "type": "Feature", "properties": { "track_fid": 0, "track_seg_id": 0, "track_seg_point_id": 677, "ele": 1322.5999755859375, "time": "2025-08-08T16:13:16Z" }, "geometry": { "type": "Point", "coordinates": [ -121.512635769322515, 43.857541484758258 ] } },
{ "type": "Feature", "properties": { "track_fid": 0, "track_seg_id": 0, "track_seg_point_id": 678, "ele": 1323.5999755859375, "time": "2025-08-08T16:13:18Z" }, "geometry": { "type": "Point", "coordinates": [ -121.513300538063049, 43.857587333768606 ] } },
{ "type": "Feature", "properties": { "track_fid": 0, "track_seg_id": 0, "track_seg_point_id": 679, "ele": 1324.800048828125, "time": "2025-08-08T16:13:20Z" }, "geometry": { "type": "Point", "coordinates": [ -121.513958685100079, 43.857631254941225 ] } },
{ "type": "Feature", "properties": { "track_fid": 0, "track_seg_id": 0, "track_seg_point_id": 680, "ele": 1325.199951171875, "time": "2025-08-08T16:13:21Z" }, "geometry": { "type": "Point", "coordinates": [ -121.514285495504737, 43.857652880251408 ] } },
{ "type": "Feature", "properties": { "track_fid": 0, "track_seg_id": 0, "track_seg_point_id": 681, "ele": 1326.4000244140625, "time": "2025-08-08T16:13:23Z" }, "geometry": { "type": "Point", "coordinates": [ -121.514936685562134, 43.857681043446064 ] } },
{ "type": "Feature", "properties": { "track_fid": 0, "track_seg_id": 0, "track_seg_point_id": 682, "ele": 1327.199951171875, "time": "2025-08-08T16:13:25Z" }, "geometry": { "type": "Point", "coordinates": [ -121.51558586396277, 43.857662016525865 ] } },
{ "type": "Feature", "properties": { "track_fid": 0, "track_seg_id": 0, "track_seg_point_id": 683, "ele": 1327.800048828125, "time": "2025-08-08T16:13:27Z" }, "geometry": { "type": "Point", "coordinates": [ -121.516226241365075, 43.857588591054082 ] } },
{ "type": "Feature", "properties": { "track_fid": 0, "track_seg_id": 0, "track_seg_point_id": 684, "ele": 1328.0, "time": "2025-08-08T16:13:28Z" }, "geometry": { "type": "Point", "coordinates": [ -121.5165392216295, 43.857534443959594 ] } },
{ "type": "Feature", "properties": { "track_fid": 0, "track_seg_id": 0, "track_seg_point_id": 685, "ele": 1328.199951171875, "time": "2025-08-08T16:13:30Z" }, "geometry": { "type": "Point", "coordinates": [ -121.517151016741991, 43.857402848079801 ] } },
{ "type": "Feature", "properties": { "track_fid": 0, "track_seg_id": 0, "track_seg_point_id": 686, "ele": 1328.199951171875, "time": "2025-08-08T16:13:32Z" }, "geometry": { "type": "Point", "coordinates": [ -121.517747640609741, 43.85725473985076 ] } },
{ "type": "Feature", "properties": { "track_fid": 0, "track_seg_id": 0, "track_seg_point_id": 687, "ele": 1327.800048828125, "time": "2025-08-08T16:13:35Z" }, "geometry": { "type": "Point", "coordinates": [ -121.518597230315208, 43.857042929157615 ] } },
{ "type": "Feature", "properties": { "track_fid": 0, "track_seg_id": 0, "track_seg_point_id": 688, "ele": 1327.5999755859375, "time": "2025-08-08T16:13:37Z" }, "geometry": { "type": "Point", "coordinates": [ -121.51909377425909, 43.856925331056118 ] } },
{ "type": "Feature", "properties": { "track_fid": 0, "track_seg_id": 0, "track_seg_point_id": 689, "ele": 1327.199951171875, "time": "2025-08-08T16:13:40Z" }, "geometry": { "type": "Point", "coordinates": [ -121.519713364541531, 43.85679641738534 ] } },
{ "type": "Feature", "properties": { "track_fid": 0, "track_seg_id": 0, "track_seg_point_id": 690, "ele": 1327.199951171875, "time": "2025-08-08T16:13:43Z" }, "geometry": { "type": "Point", "coordinates": [ -121.520161796361208, 43.85674562305212 ] } },
{ "type": "Feature", "properties": { "track_fid": 0, "track_seg_id": 0, "track_seg_point_id": 691, "ele": 1327.199951171875, "time": "2025-08-08T16:13:44Z" }, "geometry": { "type": "Point", "coordinates": [ -121.520273275673389, 43.856725255027413 ] } },
{ "type": "Feature", "properties": { "track_fid": 0, "track_seg_id": 0, "track_seg_point_id": 692, "ele": 1327.5999755859375, "time": "2025-08-08T16:13:46Z" }, "geometry": { "type": "Point", "coordinates": [ -121.52041987515986, 43.856640430167317 ] } },
{ "type": "Feature", "properties": { "track_fid": 0, "track_seg_id": 0, "track_seg_point_id": 693, "ele": 1327.5999755859375, "time": "2025-08-08T16:13:48Z" }, "geometry": { "type": "Point", "coordinates": [ -121.520495731383562, 43.856509421020746 ] } },
{ "type": "Feature", "properties": { "track_fid": 0, "track_seg_id": 0, "track_seg_point_id": 694, "ele": 1327.0, "time": "2025-08-08T16:13:50Z" }, "geometry": { "type": "Point", "coordinates": [ -121.520597236230969, 43.856347063556314 ] } },
{ "type": "Feature", "properties": { "track_fid": 0, "track_seg_id": 0, "track_seg_point_id": 695, "ele": 1326.800048828125, "time": "2025-08-08T16:13:51Z" }, "geometry": { "type": "Point", "coordinates": [ -121.520682228729129, 43.856267519295216 ] } },
{ "type": "Feature", "properties": { "track_fid": 0, "track_seg_id": 0, "track_seg_point_id": 696, "ele": 1326.5999755859375, "time": "2025-08-08T16:13:52Z" }, "geometry": { "type": "Point", "coordinates": [ -121.520791277289391, 43.856195351108909 ] } },
{ "type": "Feature", "properties": { "track_fid": 0, "track_seg_id": 0, "track_seg_point_id": 697, "ele": 1326.199951171875, "time": "2025-08-08T16:13:54Z" }, "geometry": { "type": "Point", "coordinates": [ -121.521071568131447, 43.856066688895226 ] } },
{ "type": "Feature", "properties": { "track_fid": 0, "track_seg_id": 0, "track_seg_point_id": 698, "ele": 1326.4000244140625, "time": "2025-08-08T16:13:58Z" }, "geometry": { "type": "Point", "coordinates": [ -121.521751089021564, 43.855794193223119 ] } },
{ "type": "Feature", "properties": { "track_fid": 0, "track_seg_id": 0, "track_seg_point_id": 699, "ele": 1327.0, "time": "2025-08-08T16:14:02Z" }, "geometry": { "type": "Point", "coordinates": [ -121.522532366216183, 43.855478530749679 ] } },
{ "type": "Feature", "properties": { "track_fid": 0, "track_seg_id": 0, "track_seg_point_id": 700, "ele": 1327.199951171875, "time": "2025-08-08T16:14:03Z" }, "geometry": { "type": "Point", "coordinates": [ -121.522745098918676, 43.855393119156361 ] } },
{ "type": "Feature", "properties": { "track_fid": 0, "track_seg_id": 0, "track_seg_point_id": 701, "ele": 1328.0, "time": "2025-08-08T16:14:06Z" }, "geometry": { "type": "Point", "coordinates": [ -121.523428978398442, 43.855130765587091 ] } },
{ "type": "Feature", "properties": { "track_fid": 0, "track_seg_id": 0, "track_seg_point_id": 702, "ele": 1328.199951171875, "time": "2025-08-08T16:14:07Z" }, "geometry": { "type": "Point", "coordinates": [ -121.523670125752687, 43.855045437812805 ] } },
{ "type": "Feature", "properties": { "track_fid": 0, "track_seg_id": 0, "track_seg_point_id": 703, "ele": 1329.4000244140625, "time": "2025-08-08T16:14:10Z" }, "geometry": { "type": "Point", "coordinates": [ -121.524438578635454, 43.854819545522332 ] } },
{ "type": "Feature", "properties": { "track_fid": 0, "track_seg_id": 0, "track_seg_point_id": 704, "ele": 1329.800048828125, "time": "2025-08-08T16:14:11Z" }, "geometry": { "type": "Point", "coordinates": [ -121.524709230288863, 43.854751316830516 ] } },
{ "type": "Feature", "properties": { "track_fid": 0, "track_seg_id": 0, "track_seg_point_id": 705, "ele": 1331.5999755859375, "time": "2025-08-08T16:14:14Z" }, "geometry": { "type": "Point", "coordinates": [ -121.525544486939907, 43.854547720402479 ] } },
{ "type": "Feature", "properties": { "track_fid": 0, "track_seg_id": 0, "track_seg_point_id": 706, "ele": 1333.0, "time": "2025-08-08T16:14:17Z" }, "geometry": { "type": "Point", "coordinates": [ -121.526401452720165, 43.85433666408062 ] } },
{ "type": "Feature", "properties": { "track_fid": 0, "track_seg_id": 0, "track_seg_point_id": 707, "ele": 1334.0, "time": "2025-08-08T16:14:20Z" }, "geometry": { "type": "Point", "coordinates": [ -121.527279037982225, 43.854120327159762 ] } },
{ "type": "Feature", "properties": { "track_fid": 0, "track_seg_id": 0, "track_seg_point_id": 708, "ele": 1334.0, "time": "2025-08-08T16:14:22Z" }, "geometry": { "type": "Point", "coordinates": [ -121.527867866680026, 43.853971967473626 ] } },
{ "type": "Feature", "properties": { "track_fid": 0, "track_seg_id": 0, "track_seg_point_id": 709, "ele": 1333.800048828125, "time": "2025-08-08T16:14:24Z" }, "geometry": { "type": "Point", "coordinates": [ -121.528461975976825, 43.853824781253934 ] } },
{ "type": "Feature", "properties": { "track_fid": 0, "track_seg_id": 0, "track_seg_point_id": 710, "ele": 1333.800048828125, "time": "2025-08-08T16:14:26Z" }, "geometry": { "type": "Point", "coordinates": [ -121.529060946777463, 43.853675499558449 ] } },
{ "type": "Feature", "properties": { "track_fid": 0, "track_seg_id": 0, "track_seg_point_id": 711, "ele": 1333.800048828125, "time": "2025-08-08T16:14:28Z" }, "geometry": { "type": "Point", "coordinates": [ -121.529666120186448, 43.853526385501027 ] } },
{ "type": "Feature", "properties": { "track_fid": 0, "track_seg_id": 0, "track_seg_point_id": 712, "ele": 1333.800048828125, "time": "2025-08-08T16:14:30Z" }, "geometry": { "type": "Point", "coordinates": [ -121.530277244746685, 43.853375930339098 ] } },
{ "type": "Feature", "properties": { "track_fid": 0, "track_seg_id": 0, "track_seg_point_id": 713, "ele": 1334.0, "time": "2025-08-08T16:14:32Z" }, "geometry": { "type": "Point", "coordinates": [ -121.530890883877873, 43.853223631158471 ] } },
{ "type": "Feature", "properties": { "track_fid": 0, "track_seg_id": 0, "track_seg_point_id": 714, "ele": 1334.0, "time": "2025-08-08T16:14:33Z" }, "geometry": { "type": "Point", "coordinates": [ -121.531197829172015, 43.853146936744452 ] } },
{ "type": "Feature", "properties": { "track_fid": 0, "track_seg_id": 0, "track_seg_point_id": 715, "ele": 1334.199951171875, "time": "2025-08-08T16:14:35Z" }, "geometry": { "type": "Point", "coordinates": [ -121.531811049208045, 43.852993464097381 ] } },
{ "type": "Feature", "properties": { "track_fid": 0, "track_seg_id": 0, "track_seg_point_id": 716, "ele": 1334.199951171875, "time": "2025-08-08T16:14:37Z" }, "geometry": { "type": "Point", "coordinates": [ -121.53242502361536, 43.852838985621929 ] } },
{ "type": "Feature", "properties": { "track_fid": 0, "track_seg_id": 0, "track_seg_point_id": 717, "ele": 1334.4000244140625, "time": "2025-08-08T16:14:39Z" }, "geometry": { "type": "Point", "coordinates": [ -121.533044194802642, 43.852685764431953 ] } },
{ "type": "Feature", "properties": { "track_fid": 0, "track_seg_id": 0, "track_seg_point_id": 718, "ele": 1334.5999755859375, "time": "2025-08-08T16:14:41Z" }, "geometry": { "type": "Point", "coordinates": [ -121.533664790913463, 43.852532291784883 ] } },
{ "type": "Feature", "properties": { "track_fid": 0, "track_seg_id": 0, "track_seg_point_id": 719, "ele": 1334.5999755859375, "time": "2025-08-08T16:14:43Z" }, "geometry": { "type": "Point", "coordinates": [ -121.534289494156837, 43.852376723662019 ] } },
{ "type": "Feature", "properties": { "track_fid": 0, "track_seg_id": 0, "track_seg_point_id": 720, "ele": 1334.5999755859375, "time": "2025-08-08T16:14:44Z" }, "geometry": { "type": "Point", "coordinates": [ -121.534604569897056, 43.852298939600587 ] } },
{ "type": "Feature", "properties": { "track_fid": 0, "track_seg_id": 0, "track_seg_point_id": 721, "ele": 1334.4000244140625, "time": "2025-08-08T16:14:46Z" }, "geometry": { "type": "Point", "coordinates": [ -121.535236733034253, 43.852140018716455 ] } },
{ "type": "Feature", "properties": { "track_fid": 0, "track_seg_id": 0, "track_seg_point_id": 722, "ele": 1333.800048828125, "time": "2025-08-08T16:14:48Z" }, "geometry": { "type": "Point", "coordinates": [ -121.535878451541066, 43.851979672908783 ] } },
{ "type": "Feature", "properties": { "track_fid": 0, "track_seg_id": 0, "track_seg_point_id": 723, "ele": 1332.800048828125, "time": "2025-08-08T16:14:50Z" }, "geometry": { "type": "Point", "coordinates": [ -121.53652804903686, 43.851818069815636 ] } },
{ "type": "Feature", "properties": { "track_fid": 0, "track_seg_id": 0, "track_seg_point_id": 724, "ele": 1332.199951171875, "time": "2025-08-08T16:14:52Z" }, "geometry": { "type": "Point", "coordinates": [ -121.537187453359365, 43.851654455065727 ] } },
{ "type": "Feature", "properties": { "track_fid": 0, "track_seg_id": 0, "track_seg_point_id": 725, "ele": 1331.5999755859375, "time": "2025-08-08T16:14:54Z" }, "geometry": { "type": "Point", "coordinates": [ -121.537839649245143, 43.851491175591946 ] } },
{ "type": "Feature", "properties": { "track_fid": 0, "track_seg_id": 0, "track_seg_point_id": 726, "ele": 1331.0, "time": "2025-08-08T16:14:56Z" }, "geometry": { "type": "Point", "coordinates": [ -121.538482960313559, 43.851332673802972 ] } },
{ "type": "Feature", "properties": { "track_fid": 0, "track_seg_id": 0, "track_seg_point_id": 727, "ele": 1330.5999755859375, "time": "2025-08-08T16:14:58Z" }, "geometry": { "type": "Point", "coordinates": [ -121.539117135107517, 43.851175177842379 ] } },
{ "type": "Feature", "properties": { "track_fid": 0, "track_seg_id": 0, "track_seg_point_id": 728, "ele": 1330.4000244140625, "time": "2025-08-08T16:15:00Z" }, "geometry": { "type": "Point", "coordinates": [ -121.539743430912495, 43.85101743042469 ] } },
{ "type": "Feature", "properties": { "track_fid": 0, "track_seg_id": 0, "track_seg_point_id": 729, "ele": 1330.4000244140625, "time": "2025-08-08T16:15:02Z" }, "geometry": { "type": "Point", "coordinates": [ -121.540361596271396, 43.850860437378287 ] } },
{ "type": "Feature", "properties": { "track_fid": 0, "track_seg_id": 0, "track_seg_point_id": 730, "ele": 1330.199951171875, "time": "2025-08-08T16:15:04Z" }, "geometry": { "type": "Point", "coordinates": [ -121.540974816307425, 43.850703779608011 ] } },
{ "type": "Feature", "properties": { "track_fid": 0, "track_seg_id": 0, "track_seg_point_id": 731, "ele": 1330.199951171875, "time": "2025-08-08T16:15:06Z" }, "geometry": { "type": "Point", "coordinates": [ -121.541587617248297, 43.850551396608353 ] } },
{ "type": "Feature", "properties": { "track_fid": 0, "track_seg_id": 0, "track_seg_point_id": 732, "ele": 1330.199951171875, "time": "2025-08-08T16:15:08Z" }, "geometry": { "type": "Point", "coordinates": [ -121.542199747636914, 43.850402785465121 ] } },
{ "type": "Feature", "properties": { "track_fid": 0, "track_seg_id": 0, "track_seg_point_id": 733, "ele": 1330.5999755859375, "time": "2025-08-08T16:15:10Z" }, "geometry": { "type": "Point", "coordinates": [ -121.542813051491976, 43.850254258140922 ] } },
{ "type": "Feature", "properties": { "track_fid": 0, "track_seg_id": 0, "track_seg_point_id": 734, "ele": 1330.5999755859375, "time": "2025-08-08T16:15:11Z" }, "geometry": { "type": "Point", "coordinates": [ -121.543116727843881, 43.850179994478822 ] } },
{ "type": "Feature", "properties": { "track_fid": 0, "track_seg_id": 0, "track_seg_point_id": 735, "ele": 1330.4000244140625, "time": "2025-08-08T16:15:13Z" }, "geometry": { "type": "Point", "coordinates": [ -121.543715531006455, 43.850031550973654 ] } },
{ "type": "Feature", "properties": { "track_fid": 0, "track_seg_id": 0, "track_seg_point_id": 736, "ele": 1330.199951171875, "time": "2025-08-08T16:15:16Z" }, "geometry": { "type": "Point", "coordinates": [ -121.544591775164008, 43.849809681996703 ] } },
{ "type": "Feature", "properties": { "track_fid": 0, "track_seg_id": 0, "track_seg_point_id": 737, "ele": 1330.0, "time": "2025-08-08T16:15:19Z" }, "geometry": { "type": "Point", "coordinates": [ -121.545441783964634, 43.849590830504894 ] } },
{ "type": "Feature", "properties": { "track_fid": 0, "track_seg_id": 0, "track_seg_point_id": 738, "ele": 1330.0, "time": "2025-08-08T16:15:20Z" }, "geometry": { "type": "Point", "coordinates": [ -121.545722326263785, 43.849519668146968 ] } },
{ "type": "Feature", "properties": { "track_fid": 0, "track_seg_id": 0, "track_seg_point_id": 739, "ele": 1329.4000244140625, "time": "2025-08-08T16:15:23Z" }, "geometry": { "type": "Point", "coordinates": [ -121.546562276780605, 43.849309366196394 ] } },
{ "type": "Feature", "properties": { "track_fid": 0, "track_seg_id": 0, "track_seg_point_id": 740, "ele": 1329.0, "time": "2025-08-08T16:15:26Z" }, "geometry": { "type": "Point", "coordinates": [ -121.547400299459696, 43.849098058417439 ] } },
{ "type": "Feature", "properties": { "track_fid": 0, "track_seg_id": 0, "track_seg_point_id": 741, "ele": 1328.800048828125, "time": "2025-08-08T16:15:29Z" }, "geometry": { "type": "Point", "coordinates": [ -121.548243351280689, 43.848890690132976 ] } },
{ "type": "Feature", "properties": { "track_fid": 0, "track_seg_id": 0, "track_seg_point_id": 742, "ele": 1328.800048828125, "time": "2025-08-08T16:15:32Z" }, "geometry": { "type": "Point", "coordinates": [ -121.549088330939412, 43.848685417324305 ] } },
{ "type": "Feature", "properties": { "track_fid": 0, "track_seg_id": 0, "track_seg_point_id": 743, "ele": 1329.0, "time": "2025-08-08T16:15:35Z" }, "geometry": { "type": "Point", "coordinates": [ -121.549925850704312, 43.848477881401777 ] } },
{ "type": "Feature", "properties": { "track_fid": 0, "track_seg_id": 0, "track_seg_point_id": 744, "ele": 1329.5999755859375, "time": "2025-08-08T16:15:38Z" }, "geometry": { "type": "Point", "coordinates": [ -121.550761861726642, 43.848266741260886 ] } },
{ "type": "Feature", "properties": { "track_fid": 0, "track_seg_id": 0, "track_seg_point_id": 745, "ele": 1329.5999755859375, "time": "2025-08-08T16:15:39Z" }, "geometry": { "type": "Point", "coordinates": [ -121.551039973273873, 43.848196668550372 ] } },
{ "type": "Feature", "properties": { "track_fid": 0, "track_seg_id": 0, "track_seg_point_id": 746, "ele": 1329.800048828125, "time": "2025-08-08T16:15:42Z" }, "geometry": { "type": "Point", "coordinates": [ -121.551872463896871, 43.84798888117075 ] } },
{ "type": "Feature", "properties": { "track_fid": 0, "track_seg_id": 0, "track_seg_point_id": 747, "ele": 1330.0, "time": "2025-08-08T16:15:45Z" }, "geometry": { "type": "Point", "coordinates": [ -121.552706882357597, 43.847783524543047 ] } },
{ "type": "Feature", "properties": { "track_fid": 0, "track_seg_id": 0, "track_seg_point_id": 748, "ele": 1329.800048828125, "time": "2025-08-08T16:15:48Z" }, "geometry": { "type": "Point", "coordinates": [ -121.553548593074083, 43.847579089924693 ] } },
{ "type": "Feature", "properties": { "track_fid": 0, "track_seg_id": 0, "track_seg_point_id": 749, "ele": 1329.800048828125, "time": "2025-08-08T16:15:51Z" }, "geometry": { "type": "Point", "coordinates": [ -121.554392734542489, 43.847365435212851 ] } },
{ "type": "Feature", "properties": { "track_fid": 0, "track_seg_id": 0, "track_seg_point_id": 750, "ele": 1329.800048828125, "time": "2025-08-08T16:15:54Z" }, "geometry": { "type": "Point", "coordinates": [ -121.555220950394869, 43.847119677811861 ] } },
{ "type": "Feature", "properties": { "track_fid": 0, "track_seg_id": 0, "track_seg_point_id": 751, "ele": 1329.5999755859375, "time": "2025-08-08T16:15:55Z" }, "geometry": { "type": "Point", "coordinates": [ -121.555485567077994, 43.847018675878644 ] } },
{ "type": "Feature", "properties": { "track_fid": 0, "track_seg_id": 0, "track_seg_point_id": 752, "ele": 1329.4000244140625, "time": "2025-08-08T16:15:58Z" }, "geometry": { "type": "Point", "coordinates": [ -121.556251421570778, 43.846665630117059 ] } },
{ "type": "Feature", "properties": { "track_fid": 0, "track_seg_id": 0, "track_seg_point_id": 753, "ele": 1329.4000244140625, "time": "2025-08-08T16:15:59Z" }, "geometry": { "type": "Point", "coordinates": [ -121.556503465399146, 43.846536967903376 ] } },
{ "type": "Feature", "properties": { "track_fid": 0, "track_seg_id": 0, "track_seg_point_id": 754, "ele": 1329.4000244140625, "time": "2025-08-08T16:16:01Z" }, "geometry": { "type": "Point", "coordinates": [ -121.557015096768737, 43.846279475837946 ] } },
{ "type": "Feature", "properties": { "track_fid": 0, "track_seg_id": 0, "track_seg_point_id": 755, "ele": 1329.5999755859375, "time": "2025-08-08T16:16:03Z" }, "geometry": { "type": "Point", "coordinates": [ -121.557536199688911, 43.84602265432477 ] } },
{ "type": "Feature", "properties": { "track_fid": 0, "track_seg_id": 0, "track_seg_point_id": 756, "ele": 1329.5999755859375, "time": "2025-08-08T16:16:05Z" }, "geometry": { "type": "Point", "coordinates": [ -121.558060739189386, 43.845764743164182 ] } },
{ "type": "Feature", "properties": { "track_fid": 0, "track_seg_id": 0, "track_seg_point_id": 757, "ele": 1329.5999755859375, "time": "2025-08-08T16:16:07Z" }, "geometry": { "type": "Point", "coordinates": [ -121.55858913436532, 43.845504652708769 ] } },
{ "type": "Feature", "properties": { "track_fid": 0, "track_seg_id": 0, "track_seg_point_id": 758, "ele": 1329.5999755859375, "time": "2025-08-08T16:16:08Z" }, "geometry": { "type": "Point", "coordinates": [ -121.558855595067143, 43.84537423029542 ] } },
{ "type": "Feature", "properties": { "track_fid": 0, "track_seg_id": 0, "track_seg_point_id": 759, "ele": 1329.800048828125, "time": "2025-08-08T16:16:10Z" }, "geometry": { "type": "Point", "coordinates": [ -121.559389606118202, 43.845112547278404 ] } },
{ "type": "Feature", "properties": { "track_fid": 0, "track_seg_id": 0, "track_seg_point_id": 760, "ele": 1329.800048828125, "time": "2025-08-08T16:16:12Z" }, "geometry": { "type": "Point", "coordinates": [ -121.55992554500699, 43.844848684966564 ] } },
{ "type": "Feature", "properties": { "track_fid": 0, "track_seg_id": 0, "track_seg_point_id": 761, "ele": 1330.4000244140625, "time": "2025-08-08T16:16:14Z" }, "geometry": { "type": "Point", "coordinates": [ -121.560459556058049, 43.844584319740534 ] } },
{ "type": "Feature", "properties": { "track_fid": 0, "track_seg_id": 0, "track_seg_point_id": 762, "ele": 1330.800048828125, "time": "2025-08-08T16:16:16Z" }, "geometry": { "type": "Point", "coordinates": [ -121.560990633442998, 43.844322971999645 ] } },
{ "type": "Feature", "properties": { "track_fid": 0, "track_seg_id": 0, "track_seg_point_id": 763, "ele": 1331.4000244140625, "time": "2025-08-08T16:16:18Z" }, "geometry": { "type": "Point", "coordinates": [ -121.56151257455349, 43.844065396115184 ] } },
{ "type": "Feature", "properties": { "track_fid": 0, "track_seg_id": 0, "track_seg_point_id": 764, "ele": 1331.800048828125, "time": "2025-08-08T16:16:20Z" }, "geometry": { "type": "Point", "coordinates": [ -121.562029235064983, 43.84380916133523 ] } },
{ "type": "Feature", "properties": { "track_fid": 0, "track_seg_id": 0, "track_seg_point_id": 765, "ele": 1332.4000244140625, "time": "2025-08-08T16:16:23Z" }, "geometry": { "type": "Point", "coordinates": [ -121.562798777595162, 43.843428874388337 ] } },
{ "type": "Feature", "properties": { "track_fid": 0, "track_seg_id": 0, "track_seg_point_id": 766, "ele": 1332.800048828125, "time": "2025-08-08T16:16:26Z" }, "geometry": { "type": "Point", "coordinates": [ -121.563574187457561, 43.843052191659808 ] } },
{ "type": "Feature", "properties": { "track_fid": 0, "track_seg_id": 0, "track_seg_point_id": 767, "ele": 1332.800048828125, "time": "2025-08-08T16:16:27Z" }, "geometry": { "type": "Point", "coordinates": [ -121.563833774998784, 43.842926546931267 ] } },
{ "type": "Feature", "properties": { "track_fid": 0, "track_seg_id": 0, "track_seg_point_id": 768, "ele": 1333.199951171875, "time": "2025-08-08T16:16:29Z" }, "geometry": { "type": "Point", "coordinates": [ -121.564351357519627, 43.842674754559994 ] } },
{ "type": "Feature", "properties": { "track_fid": 0, "track_seg_id": 0, "track_seg_point_id": 769, "ele": 1333.800048828125, "time": "2025-08-08T16:16:32Z" }, "geometry": { "type": "Point", "coordinates": [ -121.565125258639455, 43.84229882620275 ] } },
{ "type": "Feature", "properties": { "track_fid": 0, "track_seg_id": 0, "track_seg_point_id": 770, "ele": 1334.0, "time": "2025-08-08T16:16:34Z" }, "geometry": { "type": "Point", "coordinates": [ -121.565642589703202, 43.842048374935985 ] } },
{ "type": "Feature", "properties": { "track_fid": 0, "track_seg_id": 0, "track_seg_point_id": 771, "ele": 1334.0, "time": "2025-08-08T16:16:36Z" }, "geometry": { "type": "Point", "coordinates": [ -121.566162938252091, 43.8417989294976 ] } },
{ "type": "Feature", "properties": { "track_fid": 0, "track_seg_id": 0, "track_seg_point_id": 772, "ele": 1334.0, "time": "2025-08-08T16:16:38Z" }, "geometry": { "type": "Point", "coordinates": [ -121.56668278388679, 43.841550070792437 ] } },
{ "type": "Feature", "properties": { "track_fid": 0, "track_seg_id": 0, "track_seg_point_id": 773, "ele": 1334.199951171875, "time": "2025-08-08T16:16:40Z" }, "geometry": { "type": "Point", "coordinates": [ -121.567198438569903, 43.841297859326005 ] } },
{ "type": "Feature", "properties": { "track_fid": 0, "track_seg_id": 0, "track_seg_point_id": 774, "ele": 1334.199951171875, "time": "2025-08-08T16:16:42Z" }, "geometry": { "type": "Point", "coordinates": [ -121.567713925614953, 43.841044139117002 ] } },
{ "type": "Feature", "properties": { "track_fid": 0, "track_seg_id": 0, "track_seg_point_id": 775, "ele": 1334.4000244140625, "time": "2025-08-08T16:16:44Z" }, "geometry": { "type": "Point", "coordinates": [ -121.568230418488383, 43.840791927650571 ] } },
{ "type": "Feature", "properties": { "track_fid": 0, "track_seg_id": 0, "track_seg_point_id": 776, "ele": 1334.800048828125, "time": "2025-08-08T16:16:47Z" }, "geometry": { "type": "Point", "coordinates": [ -121.568992082029581, 43.840409461408854 ] } },
{ "type": "Feature", "properties": { "track_fid": 0, "track_seg_id": 0, "track_seg_point_id": 777, "ele": 1335.0, "time": "2025-08-08T16:16:49Z" }, "geometry": { "type": "Point", "coordinates": [ -121.569475382566452, 43.840134032070637 ] } },
{ "type": "Feature", "properties": { "track_fid": 0, "track_seg_id": 0, "track_seg_point_id": 778, "ele": 1335.0, "time": "2025-08-08T16:16:52Z" }, "geometry": { "type": "Point", "coordinates": [ -121.570156160742044, 43.839685348793864 ] } },
{ "type": "Feature", "properties": { "track_fid": 0, "track_seg_id": 0, "track_seg_point_id": 779, "ele": 1334.800048828125, "time": "2025-08-08T16:16:54Z" }, "geometry": { "type": "Point", "coordinates": [ -121.570600485429168, 43.839375553652644 ] } },
{ "type": "Feature", "properties": { "track_fid": 0, "track_seg_id": 0, "track_seg_point_id": 780, "ele": 1334.5999755859375, "time": "2025-08-08T16:16:57Z" }, "geometry": { "type": "Point", "coordinates": [ -121.571256536990404, 43.838913459330797 ] } },
{ "type": "Feature", "properties": { "track_fid": 0, "track_seg_id": 0, "track_seg_point_id": 781, "ele": 1335.0, "time": "2025-08-08T16:17:00Z" }, "geometry": { "type": "Point", "coordinates": [ -121.571900267153978, 43.838453376665711 ] } },
{ "type": "Feature", "properties": { "track_fid": 0, "track_seg_id": 0, "track_seg_point_id": 782, "ele": 1335.800048828125, "time": "2025-08-08T16:17:03Z" }, "geometry": { "type": "Point", "coordinates": [ -121.572533519938588, 43.838002094998956 ] } },
{ "type": "Feature", "properties": { "track_fid": 0, "track_seg_id": 0, "track_seg_point_id": 783, "ele": 1335.800048828125, "time": "2025-08-08T16:17:04Z" }, "geometry": { "type": "Point", "coordinates": [ -121.572740720584989, 43.837852729484439 ] } },
{ "type": "Feature", "properties": { "track_fid": 0, "track_seg_id": 0, "track_seg_point_id": 784, "ele": 1336.4000244140625, "time": "2025-08-08T16:17:07Z" }, "geometry": { "type": "Point", "coordinates": [ -121.573361735790968, 43.837409159168601 ] } },
{ "type": "Feature", "properties": { "track_fid": 0, "track_seg_id": 0, "track_seg_point_id": 785, "ele": 1336.5999755859375, "time": "2025-08-08T16:17:10Z" }, "geometry": { "type": "Point", "coordinates": [ -121.573982080444694, 43.8369722943753 ] } },
{ "type": "Feature", "properties": { "track_fid": 0, "track_seg_id": 0, "track_seg_point_id": 786, "ele": 1337.199951171875, "time": "2025-08-08T16:17:13Z" }, "geometry": { "type": "Point", "coordinates": [ -121.574598485603929, 43.836537776514888 ] } },
{ "type": "Feature", "properties": { "track_fid": 0, "track_seg_id": 0, "track_seg_point_id": 787, "ele": 1337.199951171875, "time": "2025-08-08T16:17:16Z" }, "geometry": { "type": "Point", "coordinates": [ -121.575212879106402, 43.8361054379493 ] } },
{ "type": "Feature", "properties": { "track_fid": 0, "track_seg_id": 0, "track_seg_point_id": 788, "ele": 1337.0, "time": "2025-08-08T16:17:19Z" }, "geometry": { "type": "Point", "coordinates": [ -121.575831966474652, 43.835670752450824 ] } },
{ "type": "Feature", "properties": { "track_fid": 0, "track_seg_id": 0, "track_seg_point_id": 789, "ele": 1336.5999755859375, "time": "2025-08-08T16:17:22Z" }, "geometry": { "type": "Point", "coordinates": [ -121.576456669718027, 43.835231540724635 ] } },
{ "type": "Feature", "properties": { "track_fid": 0, "track_seg_id": 0, "track_seg_point_id": 790, "ele": 1336.4000244140625, "time": "2025-08-08T16:17:24Z" }, "geometry": { "type": "Point", "coordinates": [ -121.576874926686287, 43.834932893514633 ] } },
{ "type": "Feature", "properties": { "track_fid": 0, "track_seg_id": 0, "track_seg_point_id": 791, "ele": 1336.4000244140625, "time": "2025-08-08T16:17:27Z" }, "geometry": { "type": "Point", "coordinates": [ -121.577505832538009, 43.834482533857226 ] } },
{ "type": "Feature", "properties": { "track_fid": 0, "track_seg_id": 0, "track_seg_point_id": 792, "ele": 1336.0, "time": "2025-08-08T16:17:30Z" }, "geometry": { "type": "Point", "coordinates": [ -121.578147551044822, 43.834031838923693 ] } },
{ "type": "Feature", "properties": { "track_fid": 0, "track_seg_id": 0, "track_seg_point_id": 793, "ele": 1335.800048828125, "time": "2025-08-08T16:17:33Z" }, "geometry": { "type": "Point", "coordinates": [ -121.578803937882185, 43.833577455952764 ] } },
{ "type": "Feature", "properties": { "track_fid": 0, "track_seg_id": 0, "track_seg_point_id": 794, "ele": 1335.5999755859375, "time": "2025-08-08T16:17:34Z" }, "geometry": { "type": "Point", "coordinates": [ -121.579023124650121, 43.833424150943756 ] } },
{ "type": "Feature", "properties": { "track_fid": 0, "track_seg_id": 0, "track_seg_point_id": 795, "ele": 1335.5999755859375, "time": "2025-08-08T16:17:37Z" }, "geometry": { "type": "Point", "coordinates": [ -121.579684624448419, 43.832960966974497 ] } },
{ "type": "Feature", "properties": { "track_fid": 0, "track_seg_id": 0, "track_seg_point_id": 796, "ele": 1335.4000244140625, "time": "2025-08-08T16:17:40Z" }, "geometry": { "type": "Point", "coordinates": [ -121.580341849476099, 43.832492083311081 ] } },
{ "type": "Feature", "properties": { "track_fid": 0, "track_seg_id": 0, "track_seg_point_id": 797, "ele": 1335.0, "time": "2025-08-08T16:17:43Z" }, "geometry": { "type": "Point", "coordinates": [ -121.581001756712794, 43.832025630399585 ] } },
{ "type": "Feature", "properties": { "track_fid": 0, "track_seg_id": 0, "track_seg_point_id": 798, "ele": 1335.0, "time": "2025-08-08T16:17:44Z" }, "geometry": { "type": "Point", "coordinates": [ -121.581221697852015, 43.831870397552848 ] } },
{ "type": "Feature", "properties": { "track_fid": 0, "track_seg_id": 0, "track_seg_point_id": 799, "ele": 1334.800048828125, "time": "2025-08-08T16:17:47Z" }, "geometry": { "type": "Point", "coordinates": [ -121.581885628402233, 43.831404028460383 ] } },
{ "type": "Feature", "properties": { "track_fid": 0, "track_seg_id": 0, "track_seg_point_id": 800, "ele": 1334.5999755859375, "time": "2025-08-08T16:17:50Z" }, "geometry": { "type": "Point", "coordinates": [ -121.582553666085005, 43.830938832834363 ] } },
{ "type": "Feature", "properties": { "track_fid": 0, "track_seg_id": 0, "track_seg_point_id": 801, "ele": 1334.5999755859375, "time": "2025-08-08T16:17:53Z" }, "geometry": { "type": "Point", "coordinates": [ -121.583220278844237, 43.830472799018025 ] } },
{ "type": "Feature", "properties": { "track_fid": 0, "track_seg_id": 0, "track_seg_point_id": 802, "ele": 1334.800048828125, "time": "2025-08-08T16:17:55Z" }, "geometry": { "type": "Point", "coordinates": [ -121.583664519712329, 43.830163087695837 ] } },
{ "type": "Feature", "properties": { "track_fid": 0, "track_seg_id": 0, "track_seg_point_id": 803, "ele": 1335.199951171875, "time": "2025-08-08T16:17:58Z" }, "geometry": { "type": "Point", "coordinates": [ -121.584324343129992, 43.8297004904598 ] } },
{ "type": "Feature", "properties": { "track_fid": 0, "track_seg_id": 0, "track_seg_point_id": 804, "ele": 1335.199951171875, "time": "2025-08-08T16:18:01Z" }, "geometry": { "type": "Point", "coordinates": [ -121.584972934797406, 43.829243257641792 ] } },
{ "type": "Feature", "properties": { "track_fid": 0, "track_seg_id": 0, "track_seg_point_id": 805, "ele": 1334.800048828125, "time": "2025-08-08T16:18:04Z" }, "geometry": { "type": "Point", "coordinates": [ -121.585611887276173, 43.828796418383718 ] } },
{ "type": "Feature", "properties": { "track_fid": 0, "track_seg_id": 0, "track_seg_point_id": 806, "ele": 1334.5999755859375, "time": "2025-08-08T16:18:06Z" }, "geometry": { "type": "Point", "coordinates": [ -121.586028886958957, 43.828500788658857 ] } },
{ "type": "Feature", "properties": { "track_fid": 0, "track_seg_id": 0, "track_seg_point_id": 807, "ele": 1333.5999755859375, "time": "2025-08-08T16:18:09Z" }, "geometry": { "type": "Point", "coordinates": [ -121.586661888286471, 43.828054368495941 ] } },
{ "type": "Feature", "properties": { "track_fid": 0, "track_seg_id": 0, "track_seg_point_id": 808, "ele": 1332.5999755859375, "time": "2025-08-08T16:18:12Z" }, "geometry": { "type": "Point", "coordinates": [ -121.587300840765238, 43.827604679390788 ] } },
{ "type": "Feature", "properties": { "track_fid": 0, "track_seg_id": 0, "track_seg_point_id": 809, "ele": 1331.800048828125, "time": "2025-08-08T16:18:15Z" }, "geometry": { "type": "Point", "coordinates": [ -121.587945744395256, 43.827149290591478 ] } },
{ "type": "Feature", "properties": { "track_fid": 0, "track_seg_id": 0, "track_seg_point_id": 810, "ele": 1331.4000244140625, "time": "2025-08-08T16:18:18Z" }, "geometry": { "type": "Point", "coordinates": [ -121.588598359376192, 43.8266939856112 ] } },
{ "type": "Feature", "properties": { "track_fid": 0, "track_seg_id": 0, "track_seg_point_id": 811, "ele": 1331.0, "time": "2025-08-08T16:18:21Z" }, "geometry": { "type": "Point", "coordinates": [ -121.589242843911052, 43.826242033392191 ] } },
{ "type": "Feature", "properties": { "track_fid": 0, "track_seg_id": 0, "track_seg_point_id": 812, "ele": 1330.5999755859375, "time": "2025-08-08T16:18:24Z" }, "geometry": { "type": "Point", "coordinates": [ -121.589875090867281, 43.825798546895385 ] } },
{ "type": "Feature", "properties": { "track_fid": 0, "track_seg_id": 0, "track_seg_point_id": 813, "ele": 1330.199951171875, "time": "2025-08-08T16:18:27Z" }, "geometry": { "type": "Point", "coordinates": [ -121.590519575402141, 43.825378865003586 ] } },
{ "type": "Feature", "properties": { "track_fid": 0, "track_seg_id": 0, "track_seg_point_id": 814, "ele": 1330.0, "time": "2025-08-08T16:18:28Z" }, "geometry": { "type": "Point", "coordinates": [ -121.590754184871912, 43.825262188911438 ] } },
{ "type": "Feature", "properties": { "track_fid": 0, "track_seg_id": 0, "track_seg_point_id": 815, "ele": 1329.800048828125, "time": "2025-08-08T16:18:30Z" }, "geometry": { "type": "Point", "coordinates": [ -121.591264642775059, 43.825092371553183 ] } },
{ "type": "Feature", "properties": { "track_fid": 0, "track_seg_id": 0, "track_seg_point_id": 816, "ele": 1329.4000244140625, "time": "2025-08-08T16:18:32Z" }, "geometry": { "type": "Point", "coordinates": [ -121.591804018244147, 43.824998326599598 ] } },
{ "type": "Feature", "properties": { "track_fid": 0, "track_seg_id": 0, "track_seg_point_id": 817, "ele": 1329.4000244140625, "time": "2025-08-08T16:18:33Z" }, "geometry": { "type": "Point", "coordinates": [ -121.592081962153316, 43.824983574450016 ] } },
{ "type": "Feature", "properties": { "track_fid": 0, "track_seg_id": 0, "track_seg_point_id": 818, "ele": 1329.199951171875, "time": "2025-08-08T16:18:34Z" }, "geometry": { "type": "Point", "coordinates": [ -121.592361917719245, 43.824988352134824 ] } },
{ "type": "Feature", "properties": { "track_fid": 0, "track_seg_id": 0, "track_seg_point_id": 819, "ele": 1329.4000244140625, "time": "2025-08-08T16:18:36Z" }, "geometry": { "type": "Point", "coordinates": [ -121.592911435291171, 43.825043588876724 ] } },
{ "type": "Feature", "properties": { "track_fid": 0, "track_seg_id": 0, "track_seg_point_id": 820, "ele": 1329.199951171875, "time": "2025-08-08T16:18:39Z" }, "geometry": { "type": "Point", "coordinates": [ -121.593719534575939, 43.825172921642661 ] } },
{ "type": "Feature", "properties": { "track_fid": 0, "track_seg_id": 0, "track_seg_point_id": 821, "ele": 1328.800048828125, "time": "2025-08-08T16:18:42Z" }, "geometry": { "type": "Point", "coordinates": [ -121.594519419595599, 43.825306026265025 ] } },
{ "type": "Feature", "properties": { "track_fid": 0, "track_seg_id": 0, "track_seg_point_id": 822, "ele": 1329.0, "time": "2025-08-08T16:18:44Z" }, "geometry": { "type": "Point", "coordinates": [ -121.595050748437643, 43.825390432029963 ] } },
{ "type": "Feature", "properties": { "track_fid": 0, "track_seg_id": 0, "track_seg_point_id": 823, "ele": 1329.4000244140625, "time": "2025-08-08T16:18:47Z" }, "geometry": { "type": "Point", "coordinates": [ -121.595854321494699, 43.825518926605582 ] } },
{ "type": "Feature", "properties": { "track_fid": 0, "track_seg_id": 0, "track_seg_point_id": 824, "ele": 1330.4000244140625, "time": "2025-08-08T16:18:50Z" }, "geometry": { "type": "Point", "coordinates": [ -121.596666947007179, 43.825647588819265 ] } },
{ "type": "Feature", "properties": { "track_fid": 0, "track_seg_id": 0, "track_seg_point_id": 825, "ele": 1331.4000244140625, "time": "2025-08-08T16:18:53Z" }, "geometry": { "type": "Point", "coordinates": [ -121.597481416538358, 43.825771221891046 ] } },
{ "type": "Feature", "properties": { "track_fid": 0, "track_seg_id": 0, "track_seg_point_id": 826, "ele": 1332.5999755859375, "time": "2025-08-08T16:18:55Z" }, "geometry": { "type": "Point", "coordinates": [ -121.598015762865543, 43.825846575200558 ] } },
{ "type": "Feature", "properties": { "track_fid": 0, "track_seg_id": 0, "track_seg_point_id": 827, "ele": 1333.800048828125, "time": "2025-08-08T16:18:58Z" }, "geometry": { "type": "Point", "coordinates": [ -121.598781617358327, 43.825963418930769 ] } },
{ "type": "Feature", "properties": { "track_fid": 0, "track_seg_id": 0, "track_seg_point_id": 828, "ele": 1334.199951171875, "time": "2025-08-08T16:18:59Z" }, "geometry": { "type": "Point", "coordinates": [ -121.599029554054141, 43.825996862724423 ] } },
{ "type": "Feature", "properties": { "track_fid": 0, "track_seg_id": 0, "track_seg_point_id": 829, "ele": 1335.199951171875, "time": "2025-08-08T16:19:02Z" }, "geometry": { "type": "Point", "coordinates": [ -121.59978493116796, 43.826058553531766 ] } },
{ "type": "Feature", "properties": { "track_fid": 0, "track_seg_id": 0, "track_seg_point_id": 830, "ele": 1335.4000244140625, "time": "2025-08-08T16:19:03Z" }, "geometry": { "type": "Point", "coordinates": [ -121.600038064643741, 43.826062241569161 ] } },
{ "type": "Feature", "properties": { "track_fid": 0, "track_seg_id": 0, "track_seg_point_id": 831, "ele": 1337.0, "time": "2025-08-08T16:19:06Z" }, "geometry": { "type": "Point", "coordinates": [ -121.600805595517159, 43.826044471934438 ] } },
{ "type": "Feature", "properties": { "track_fid": 0, "track_seg_id": 0, "track_seg_point_id": 832, "ele": 1339.5999755859375, "time": "2025-08-08T16:19:09Z" }, "geometry": { "type": "Point", "coordinates": [ -121.601566085591912, 43.826022762805223 ] } },
{ "type": "Feature", "properties": { "track_fid": 0, "track_seg_id": 0, "track_seg_point_id": 833, "ele": 1343.800048828125, "time": "2025-08-08T16:19:12Z" }, "geometry": { "type": "Point", "coordinates": [ -121.60229112021625, 43.826012369245291 ] } },
{ "type": "Feature", "properties": { "track_fid": 0, "track_seg_id": 0, "track_seg_point_id": 834, "ele": 1346.0, "time": "2025-08-08T16:19:14Z" }, "geometry": { "type": "Point", "coordinates": [ -121.60278707742691, 43.826052183285356 ] } },
{ "type": "Feature", "properties": { "track_fid": 0, "track_seg_id": 0, "track_seg_point_id": 835, "ele": 1346.199951171875, "time": "2025-08-08T16:19:17Z" }, "geometry": { "type": "Point", "coordinates": [ -121.6035370901227, 43.826175564900041 ] } },
{ "type": "Feature", "properties": { "track_fid": 0, "track_seg_id": 0, "track_seg_point_id": 836, "ele": 1346.4000244140625, "time": "2025-08-08T16:19:19Z" }, "geometry": { "type": "Point", "coordinates": [ -121.604040423408151, 43.826249493286014 ] } },
{ "type": "Feature", "properties": { "track_fid": 0, "track_seg_id": 0, "track_seg_point_id": 837, "ele": 1346.4000244140625, "time": "2025-08-08T16:19:22Z" }, "geometry": { "type": "Point", "coordinates": [ -121.604828573763371, 43.826305149123073 ] } },
{ "type": "Feature", "properties": { "track_fid": 0, "track_seg_id": 0, "track_seg_point_id": 838, "ele": 1346.5999755859375, "time": "2025-08-08T16:19:23Z" }, "geometry": { "type": "Point", "coordinates": [ -121.605094196274877, 43.826316045597196 ] } },
{ "type": "Feature", "properties": { "track_fid": 0, "track_seg_id": 0, "track_seg_point_id": 839, "ele": 1348.199951171875, "time": "2025-08-08T16:19:26Z" }, "geometry": { "type": "Point", "coordinates": [ -121.605925094336271, 43.826372623443604 ] } },
{ "type": "Feature", "properties": { "track_fid": 0, "track_seg_id": 0, "track_seg_point_id": 840, "ele": 1347.800048828125, "time": "2025-08-08T16:19:29Z" }, "geometry": { "type": "Point", "coordinates": [ -121.606764039024711, 43.826474463567138 ] } },
{ "type": "Feature", "properties": { "track_fid": 0, "track_seg_id": 0, "track_seg_point_id": 841, "ele": 1348.4000244140625, "time": "2025-08-08T16:19:30Z" }, "geometry": { "type": "Point", "coordinates": [ -121.60702153109014, 43.826537746936083 ] } },
{ "type": "Feature", "properties": { "track_fid": 0, "track_seg_id": 0, "track_seg_point_id": 842, "ele": 1349.0, "time": "2025-08-08T16:19:32Z" }, "geometry": { "type": "Point", "coordinates": [ -121.607482032850385, 43.826713599264622 ] } },
{ "type": "Feature", "properties": { "track_fid": 0, "track_seg_id": 0, "track_seg_point_id": 843, "ele": 1349.4000244140625, "time": "2025-08-08T16:19:35Z" }, "geometry": { "type": "Point", "coordinates": [ -121.60805644467473, 43.827055245637894 ] } },
{ "type": "Feature", "properties": { "track_fid": 0, "track_seg_id": 0, "track_seg_point_id": 844, "ele": 1348.4000244140625, "time": "2025-08-08T16:19:38Z" }, "geometry": { "type": "Point", "coordinates": [ -121.608612835407257, 43.827388929203153 ] } },
{ "type": "Feature", "properties": { "track_fid": 0, "track_seg_id": 0, "track_seg_point_id": 845, "ele": 1349.4000244140625, "time": "2025-08-08T16:19:40Z" }, "geometry": { "type": "Point", "coordinates": [ -121.6089784540236, 43.827604092657566 ] } },
{ "type": "Feature", "properties": { "track_fid": 0, "track_seg_id": 0, "track_seg_point_id": 846, "ele": 1349.5999755859375, "time": "2025-08-08T16:19:43Z" }, "geometry": { "type": "Point", "coordinates": [ -121.609532330185175, 43.827902991324663 ] } },
{ "type": "Feature", "properties": { "track_fid": 0, "track_seg_id": 0, "track_seg_point_id": 847, "ele": 1349.0, "time": "2025-08-08T16:19:45Z" }, "geometry": { "type": "Point", "coordinates": [ -121.60993323661387, 43.828072054311633 ] } },
{ "type": "Feature", "properties": { "track_fid": 0, "track_seg_id": 0, "track_seg_point_id": 848, "ele": 1348.4000244140625, "time": "2025-08-08T16:19:48Z" }, "geometry": { "type": "Point", "coordinates": [ -121.610574033111334, 43.828278416767716 ] } },
{ "type": "Feature", "properties": { "track_fid": 0, "track_seg_id": 0, "track_seg_point_id": 849, "ele": 1347.5999755859375, "time": "2025-08-08T16:19:51Z" }, "geometry": { "type": "Point", "coordinates": [ -121.611255230382085, 43.828460974618793 ] } },
{ "type": "Feature", "properties": { "track_fid": 0, "track_seg_id": 0, "track_seg_point_id": 850, "ele": 1347.4000244140625, "time": "2025-08-08T16:19:52Z" }, "geometry": { "type": "Point", "coordinates": [ -121.611498221755028, 43.828513277694583 ] } },
{ "type": "Feature", "properties": { "track_fid": 0, "track_seg_id": 0, "track_seg_point_id": 851, "ele": 1349.4000244140625, "time": "2025-08-08T16:19:55Z" }, "geometry": { "type": "Point", "coordinates": [ -121.612251419574022, 43.828652920201421 ] } },
{ "type": "Feature", "properties": { "track_fid": 0, "track_seg_id": 0, "track_seg_point_id": 852, "ele": 1350.4000244140625, "time": "2025-08-08T16:19:58Z" }, "geometry": { "type": "Point", "coordinates": [ -121.613035127520561, 43.82880094461143 ] } },
{ "type": "Feature", "properties": { "track_fid": 0, "track_seg_id": 0, "track_seg_point_id": 853, "ele": 1351.0, "time": "2025-08-08T16:20:01Z" }, "geometry": { "type": "Point", "coordinates": [ -121.613859571516514, 43.828964726999402 ] } },
{ "type": "Feature", "properties": { "track_fid": 0, "track_seg_id": 0, "track_seg_point_id": 854, "ele": 1350.800048828125, "time": "2025-08-08T16:20:03Z" }, "geometry": { "type": "Point", "coordinates": [ -121.61442618817091, 43.829077798873186 ] } },
{ "type": "Feature", "properties": { "track_fid": 0, "track_seg_id": 0, "track_seg_point_id": 855, "ele": 1351.5999755859375, "time": "2025-08-08T16:20:06Z" }, "geometry": { "type": "Point", "coordinates": [ -121.61528374068439, 43.829238647595048 ] } },
{ "type": "Feature", "properties": { "track_fid": 0, "track_seg_id": 0, "track_seg_point_id": 856, "ele": 1353.800048828125, "time": "2025-08-08T16:20:09Z" }, "geometry": { "type": "Point", "coordinates": [ -121.616130564361811, 43.829393964260817 ] } },
{ "type": "Feature", "properties": { "track_fid": 0, "track_seg_id": 0, "track_seg_point_id": 857, "ele": 1355.4000244140625, "time": "2025-08-08T16:20:12Z" }, "geometry": { "type": "Point", "coordinates": [ -121.616967665031552, 43.829514076933265 ] } },
{ "type": "Feature", "properties": { "track_fid": 0, "track_seg_id": 0, "track_seg_point_id": 858, "ele": 1356.0, "time": "2025-08-08T16:20:14Z" }, "geometry": { "type": "Point", "coordinates": [ -121.617530677467585, 43.829577025026083 ] } },
{ "type": "Feature", "properties": { "track_fid": 0, "track_seg_id": 0, "track_seg_point_id": 859, "ele": 1357.5999755859375, "time": "2025-08-08T16:20:17Z" }, "geometry": { "type": "Point", "coordinates": [ -121.61838655360043, 43.829678446054459 ] } },
{ "type": "Feature", "properties": { "track_fid": 0, "track_seg_id": 0, "track_seg_point_id": 860, "ele": 1359.5999755859375, "time": "2025-08-08T16:20:20Z" }, "geometry": { "type": "Point", "coordinates": [ -121.619258355349302, 43.829795373603702 ] } },
{ "type": "Feature", "properties": { "track_fid": 0, "track_seg_id": 0, "track_seg_point_id": 861, "ele": 1361.0, "time": "2025-08-08T16:20:22Z" }, "geometry": { "type": "Point", "coordinates": [ -121.61984265781939, 43.829885898157954 ] } },
{ "type": "Feature", "properties": { "track_fid": 0, "track_seg_id": 0, "track_seg_point_id": 862, "ele": 1362.4000244140625, "time": "2025-08-08T16:20:25Z" }, "geometry": { "type": "Point", "coordinates": [ -121.620683195069432, 43.830105839297175 ] } },
{ "type": "Feature", "properties": { "track_fid": 0, "track_seg_id": 0, "track_seg_point_id": 863, "ele": 1364.4000244140625, "time": "2025-08-08T16:20:28Z" }, "geometry": { "type": "Point", "coordinates": [ -121.621477883309126, 43.83041244931519 ] } },
{ "type": "Feature", "properties": { "track_fid": 0, "track_seg_id": 0, "track_seg_point_id": 864, "ele": 1365.199951171875, "time": "2025-08-08T16:20:29Z" }, "geometry": { "type": "Point", "coordinates": [ -121.621738979592919, 43.830522838979959 ] } },
{ "type": "Feature", "properties": { "track_fid": 0, "track_seg_id": 0, "track_seg_point_id": 865, "ele": 1367.199951171875, "time": "2025-08-08T16:20:32Z" }, "geometry": { "type": "Point", "coordinates": [ -121.622522938996553, 43.830857779830694 ] } },
{ "type": "Feature", "properties": { "track_fid": 0, "track_seg_id": 0, "track_seg_point_id": 866, "ele": 1368.4000244140625, "time": "2025-08-08T16:20:35Z" }, "geometry": { "type": "Point", "coordinates": [ -121.623290637508035, 43.831183332949877 ] } },
{ "type": "Feature", "properties": { "track_fid": 0, "track_seg_id": 0, "track_seg_point_id": 867, "ele": 1368.800048828125, "time": "2025-08-08T16:20:37Z" }, "geometry": { "type": "Point", "coordinates": [ -121.623796569183469, 43.831387180835009 ] } },
{ "type": "Feature", "properties": { "track_fid": 0, "track_seg_id": 0, "track_seg_point_id": 868, "ele": 1368.4000244140625, "time": "2025-08-08T16:20:40Z" }, "geometry": { "type": "Point", "coordinates": [ -121.624587485566735, 43.831627825275064 ] } },
{ "type": "Feature", "properties": { "track_fid": 0, "track_seg_id": 0, "track_seg_point_id": 869, "ele": 1368.4000244140625, "time": "2025-08-08T16:20:43Z" }, "geometry": { "type": "Point", "coordinates": [ -121.625432129949331, 43.831774173304439 ] } },
{ "type": "Feature", "properties": { "track_fid": 0, "track_seg_id": 0, "track_seg_point_id": 870, "ele": 1370.5999755859375, "time": "2025-08-08T16:20:46Z" }, "geometry": { "type": "Point", "coordinates": [ -121.626291526481509, 43.831870816648006 ] } },
{ "type": "Feature", "properties": { "track_fid": 0, "track_seg_id": 0, "track_seg_point_id": 871, "ele": 1374.199951171875, "time": "2025-08-08T16:20:49Z" }, "geometry": { "type": "Point", "coordinates": [ -121.627137679606676, 43.831948097795248 ] } },
{ "type": "Feature", "properties": { "track_fid": 0, "track_seg_id": 0, "track_seg_point_id": 872, "ele": 1375.199951171875, "time": "2025-08-08T16:20:50Z" }, "geometry": { "type": "Point", "coordinates": [ -121.627418724820018, 43.831973662599921 ] } },
{ "type": "Feature", "properties": { "track_fid": 0, "track_seg_id": 0, "track_seg_point_id": 873, "ele": 1377.199951171875, "time": "2025-08-08T16:20:53Z" }, "geometry": { "type": "Point", "coordinates": [ -121.628274684771895, 43.832049518823624 ] } },
{ "type": "Feature", "properties": { "track_fid": 0, "track_seg_id": 0, "track_seg_point_id": 874, "ele": 1379.0, "time": "2025-08-08T16:20:56Z" }, "geometry": { "type": "Point", "coordinates": [ -121.629152186214924, 43.832128560170531 ] } },
{ "type": "Feature", "properties": { "track_fid": 0, "track_seg_id": 0, "track_seg_point_id": 875, "ele": 1380.0, "time": "2025-08-08T16:20:58Z" }, "geometry": { "type": "Point", "coordinates": [ -121.629752246662974, 43.832188490778208 ] } },
{ "type": "Feature", "properties": { "track_fid": 0, "track_seg_id": 0, "track_seg_point_id": 876, "ele": 1382.0, "time": "2025-08-08T16:21:01Z" }, "geometry": { "type": "Point", "coordinates": [ -121.63066285662353, 43.832275662571192 ] } },
{ "type": "Feature", "properties": { "track_fid": 0, "track_seg_id": 0, "track_seg_point_id": 877, "ele": 1382.0, "time": "2025-08-08T16:21:04Z" }, "geometry": { "type": "Point", "coordinates": [ -121.631578160449862, 43.832367360591888 ] } },
{ "type": "Feature", "properties": { "track_fid": 0, "track_seg_id": 0, "track_seg_point_id": 878, "ele": 1382.0, "time": "2025-08-08T16:21:05Z" }, "geometry": { "type": "Point", "coordinates": [ -121.631884938105941, 43.832398960366845 ] } },
{ "type": "Feature", "properties": { "track_fid": 0, "track_seg_id": 0, "track_seg_point_id": 879, "ele": 1382.4000244140625, "time": "2025-08-08T16:21:08Z" }, "geometry": { "type": "Point", "coordinates": [ -121.632798817008734, 43.832494681701064 ] } },
{ "type": "Feature", "properties": { "track_fid": 0, "track_seg_id": 0, "track_seg_point_id": 880, "ele": 1384.199951171875, "time": "2025-08-08T16:21:11Z" }, "geometry": { "type": "Point", "coordinates": [ -121.633705571293831, 43.832613034173846 ] } },
{ "type": "Feature", "properties": { "track_fid": 0, "track_seg_id": 0, "track_seg_point_id": 881, "ele": 1384.800048828125, "time": "2025-08-08T16:21:12Z" }, "geometry": { "type": "Point", "coordinates": [ -121.633996339514852, 43.832671539857984 ] } },
{ "type": "Feature", "properties": { "track_fid": 0, "track_seg_id": 0, "track_seg_point_id": 882, "ele": 1387.0, "time": "2025-08-08T16:21:15Z" }, "geometry": { "type": "Point", "coordinates": [ -121.63483863696456, 43.832902377471328 ] } },
{ "type": "Feature", "properties": { "track_fid": 0, "track_seg_id": 0, "track_seg_point_id": 883, "ele": 1388.0, "time": "2025-08-08T16:21:16Z" }, "geometry": { "type": "Point", "coordinates": [ -121.635116497054696, 43.832983430474997 ] } },
{ "type": "Feature", "properties": { "track_fid": 0, "track_seg_id": 0, "track_seg_point_id": 884, "ele": 1390.199951171875, "time": "2025-08-08T16:21:19Z" }, "geometry": { "type": "Point", "coordinates": [ -121.635945718735456, 43.833228684961796 ] } },
{ "type": "Feature", "properties": { "track_fid": 0, "track_seg_id": 0, "track_seg_point_id": 885, "ele": 1392.199951171875, "time": "2025-08-08T16:21:22Z" }, "geometry": { "type": "Point", "coordinates": [ -121.636775694787502, 43.833454828709364 ] } },
{ "type": "Feature", "properties": { "track_fid": 0, "track_seg_id": 0, "track_seg_point_id": 886, "ele": 1393.0, "time": "2025-08-08T16:21:23Z" }, "geometry": { "type": "Point", "coordinates": [ -121.637052968144417, 43.833515178412199 ] } },
{ "type": "Feature", "properties": { "track_fid": 0, "track_seg_id": 0, "track_seg_point_id": 887, "ele": 1394.0, "time": "2025-08-08T16:21:25Z" }, "geometry": { "type": "Point", "coordinates": [ -121.63761992007494, 43.833594219759107 ] } },
{ "type": "Feature", "properties": { "track_fid": 0, "track_seg_id": 0, "track_seg_point_id": 888, "ele": 1394.199951171875, "time": "2025-08-08T16:21:26Z" }, "geometry": { "type": "Point", "coordinates": [ -121.63790624588728, 43.833600590005517 ] } },
{ "type": "Feature", "properties": { "track_fid": 0, "track_seg_id": 0, "track_seg_point_id": 889, "ele": 1394.0, "time": "2025-08-08T16:21:27Z" }, "geometry": { "type": "Point", "coordinates": [ -121.638188632205129, 43.833580724895 ] } },
{ "type": "Feature", "properties": { "track_fid": 0, "track_seg_id": 0, "track_seg_point_id": 890, "ele": 1394.4000244140625, "time": "2025-08-08T16:21:28Z" }, "geometry": { "type": "Point", "coordinates": [ -121.638467665761709, 43.833541246131063 ] } },
{ "type": "Feature", "properties": { "track_fid": 0, "track_seg_id": 0, "track_seg_point_id": 891, "ele": 1395.199951171875, "time": "2025-08-08T16:21:31Z" }, "geometry": { "type": "Point", "coordinates": [ -121.639286829158664, 43.833361873403192 ] } },
{ "type": "Feature", "properties": { "track_fid": 0, "track_seg_id": 0, "track_seg_point_id": 892, "ele": 1395.4000244140625, "time": "2025-08-08T16:21:32Z" }, "geometry": { "type": "Point", "coordinates": [ -121.639561587944627, 43.833298170939088 ] } },
{ "type": "Feature", "properties": { "track_fid": 0, "track_seg_id": 0, "track_seg_point_id": 893, "ele": 1396.4000244140625, "time": "2025-08-08T16:21:35Z" }, "geometry": { "type": "Point", "coordinates": [ -121.640407741069794, 43.833101699128747 ] } },
{ "type": "Feature", "properties": { "track_fid": 0, "track_seg_id": 0, "track_seg_point_id": 894, "ele": 1397.4000244140625, "time": "2025-08-08T16:21:38Z" }, "geometry": { "type": "Point", "coordinates": [ -121.641266886144876, 43.832892654463649 ] } },
{ "type": "Feature", "properties": { "track_fid": 0, "track_seg_id": 0, "track_seg_point_id": 895, "ele": 1398.800048828125, "time": "2025-08-08T16:21:40Z" }, "geometry": { "type": "Point", "coordinates": [ -121.641841046512127, 43.832756532356143 ] } },
{ "type": "Feature", "properties": { "track_fid": 0, "track_seg_id": 0, "track_seg_point_id": 896, "ele": 1401.0, "time": "2025-08-08T16:21:43Z" }, "geometry": { "type": "Point", "coordinates": [ -121.642698934301734, 43.832558551803231 ] } },
{ "type": "Feature", "properties": { "track_fid": 0, "track_seg_id": 0, "track_seg_point_id": 897, "ele": 1403.199951171875, "time": "2025-08-08T16:21:46Z" }, "geometry": { "type": "Point", "coordinates": [ -121.643520779907703, 43.832373395562172 ] } },
{ "type": "Feature", "properties": { "track_fid": 0, "track_seg_id": 0, "track_seg_point_id": 898, "ele": 1405.4000244140625, "time": "2025-08-08T16:21:49Z" }, "geometry": { "type": "Point", "coordinates": [ -121.64431219920516, 43.832173738628626 ] } },
{ "type": "Feature", "properties": { "track_fid": 0, "track_seg_id": 0, "track_seg_point_id": 899, "ele": 1407.199951171875, "time": "2025-08-08T16:21:52Z" }, "geometry": { "type": "Point", "coordinates": [ -121.645052572712302, 43.83190275169909 ] } },
{ "type": "Feature", "properties": { "track_fid": 0, "track_seg_id": 0, "track_seg_point_id": 900, "ele": 1409.800048828125, "time": "2025-08-08T16:21:55Z" }, "geometry": { "type": "Point", "coordinates": [ -121.645759250968695, 43.831558590754867 ] } },
{ "type": "Feature", "properties": { "track_fid": 0, "track_seg_id": 0, "track_seg_point_id": 901, "ele": 1411.800048828125, "time": "2025-08-08T16:21:57Z" }, "geometry": { "type": "Point", "coordinates": [ -121.646223440766335, 43.831319371238351 ] } },
{ "type": "Feature", "properties": { "track_fid": 0, "track_seg_id": 0, "track_seg_point_id": 902, "ele": 1415.0, "time": "2025-08-08T16:22:00Z" }, "geometry": { "type": "Point", "coordinates": [ -121.646914947777987, 43.830967331305146 ] } },
{ "type": "Feature", "properties": { "track_fid": 0, "track_seg_id": 0, "track_seg_point_id": 903, "ele": 1417.800048828125, "time": "2025-08-08T16:22:03Z" }, "geometry": { "type": "Point", "coordinates": [ -121.647584745660424, 43.830631636083126 ] } },
{ "type": "Feature", "properties": { "track_fid": 0, "track_seg_id": 0, "track_seg_point_id": 904, "ele": 1420.4000244140625, "time": "2025-08-08T16:22:06Z" }, "geometry": { "type": "Point", "coordinates": [ -121.648212885484099, 43.830316057428718 ] } },
{ "type": "Feature", "properties": { "track_fid": 0, "track_seg_id": 0, "track_seg_point_id": 905, "ele": 1421.199951171875, "time": "2025-08-08T16:22:07Z" }, "geometry": { "type": "Point", "coordinates": [ -121.648418325930834, 43.830222431570292 ] } },
{ "type": "Feature", "properties": { "track_fid": 0, "track_seg_id": 0, "track_seg_point_id": 906, "ele": 1423.800048828125, "time": "2025-08-08T16:22:10Z" }, "geometry": { "type": "Point", "coordinates": [ -121.649079490453005, 43.830000059679151 ] } },
{ "type": "Feature", "properties": { "track_fid": 0, "track_seg_id": 0, "track_seg_point_id": 907, "ele": 1426.5999755859375, "time": "2025-08-08T16:22:13Z" }, "geometry": { "type": "Point", "coordinates": [ -121.64981659501791, 43.829894782975316 ] } },
{ "type": "Feature", "properties": { "track_fid": 0, "track_seg_id": 0, "track_seg_point_id": 908, "ele": 1430.800048828125, "time": "2025-08-08T16:22:16Z" }, "geometry": { "type": "Point", "coordinates": [ -121.650578007102013, 43.829907020553946 ] } },
{ "type": "Feature", "properties": { "track_fid": 0, "track_seg_id": 0, "track_seg_point_id": 909, "ele": 1435.199951171875, "time": "2025-08-08T16:22:19Z" }, "geometry": { "type": "Point", "coordinates": [ -121.651325086131692, 43.830034341663122 ] } },
{ "type": "Feature", "properties": { "track_fid": 0, "track_seg_id": 0, "track_seg_point_id": 910, "ele": 1441.199951171875, "time": "2025-08-08T16:22:22Z" }, "geometry": { "type": "Point", "coordinates": [ -121.652058167383075, 43.830199129879475 ] } },
{ "type": "Feature", "properties": { "track_fid": 0, "track_seg_id": 0, "track_seg_point_id": 911, "ele": 1443.800048828125, "time": "2025-08-08T16:22:24Z" }, "geometry": { "type": "Point", "coordinates": [ -121.65254658088088, 43.830291498452425 ] } },
{ "type": "Feature", "properties": { "track_fid": 0, "track_seg_id": 0, "track_seg_point_id": 912, "ele": 1446.0, "time": "2025-08-08T16:22:27Z" }, "geometry": { "type": "Point", "coordinates": [ -121.653309585526586, 43.830367689952254 ] } },
{ "type": "Feature", "properties": { "track_fid": 0, "track_seg_id": 0, "track_seg_point_id": 913, "ele": 1446.199951171875, "time": "2025-08-08T16:22:28Z" }, "geometry": { "type": "Point", "coordinates": [ -121.653572022914886, 43.830378754064441 ] } },
{ "type": "Feature", "properties": { "track_fid": 0, "track_seg_id": 0, "track_seg_point_id": 914, "ele": 1447.5999755859375, "time": "2025-08-08T16:22:31Z" }, "geometry": { "type": "Point", "coordinates": [ -121.654373668134212, 43.830409096553922 ] } },
{ "type": "Feature", "properties": { "track_fid": 0, "track_seg_id": 0, "track_seg_point_id": 915, "ele": 1449.4000244140625, "time": "2025-08-08T16:22:34Z" }, "geometry": { "type": "Point", "coordinates": [ -121.655224766582251, 43.830457124859095 ] } },
{ "type": "Feature", "properties": { "track_fid": 0, "track_seg_id": 0, "track_seg_point_id": 916, "ele": 1450.0, "time": "2025-08-08T16:22:35Z" }, "geometry": { "type": "Point", "coordinates": [ -121.65551595389843, 43.83048084564507 ] } },
{ "type": "Feature", "properties": { "track_fid": 0, "track_seg_id": 0, "track_seg_point_id": 917, "ele": 1450.0, "time": "2025-08-08T16:22:38Z" }, "geometry": { "type": "Point", "coordinates": [ -121.656383397057652, 43.83059467189014 ] } },
{ "type": "Feature", "properties": { "track_fid": 0, "track_seg_id": 0, "track_seg_point_id": 918, "ele": 1449.5999755859375, "time": "2025-08-08T16:22:39Z" }, "geometry": { "type": "Point", "coordinates": [ -121.656680451706052, 43.83063867688179 ] } },
{ "type": "Feature", "properties": { "track_fid": 0, "track_seg_id": 0, "track_seg_point_id": 919, "ele": 1449.5999755859375, "time": "2025-08-08T16:22:42Z" }, "geometry": { "type": "Point", "coordinates": [ -121.657594498246908, 43.830767925828695 ] } },
{ "type": "Feature", "properties": { "track_fid": 0, "track_seg_id": 0, "track_seg_point_id": 920, "ele": 1449.199951171875, "time": "2025-08-08T16:22:44Z" }, "geometry": { "type": "Point", "coordinates": [ -121.6582234762609, 43.830853588879108 ] } },
{ "type": "Feature", "properties": { "track_fid": 0, "track_seg_id": 0, "track_seg_point_id": 921, "ele": 1449.199951171875, "time": "2025-08-08T16:22:45Z" }, "geometry": { "type": "Point", "coordinates": [ -121.6585429944098, 43.830897929146886 ] } },
{ "type": "Feature", "properties": { "track_fid": 0, "track_seg_id": 0, "track_seg_point_id": 922, "ele": 1449.0, "time": "2025-08-08T16:22:47Z" }, "geometry": { "type": "Point", "coordinates": [ -121.659194687381387, 43.830986022949219 ] } },
{ "type": "Feature", "properties": { "track_fid": 0, "track_seg_id": 0, "track_seg_point_id": 923, "ele": 1449.800048828125, "time": "2025-08-08T16:22:49Z" }, "geometry": { "type": "Point", "coordinates": [ -121.659847721457481, 43.831072440370917 ] } },
{ "type": "Feature", "properties": { "track_fid": 0, "track_seg_id": 0, "track_seg_point_id": 924, "ele": 1452.199951171875, "time": "2025-08-08T16:22:51Z" }, "geometry": { "type": "Point", "coordinates": [ -121.660484997555614, 43.831164473667741 ] } },
{ "type": "Feature", "properties": { "track_fid": 0, "track_seg_id": 0, "track_seg_point_id": 925, "ele": 1454.800048828125, "time": "2025-08-08T16:22:53Z" }, "geometry": { "type": "Point", "coordinates": [ -121.661097044125199, 43.83128416724503 ] } },
{ "type": "Feature", "properties": { "track_fid": 0, "track_seg_id": 0, "track_seg_point_id": 926, "ele": 1457.4000244140625, "time": "2025-08-08T16:22:55Z" }, "geometry": { "type": "Point", "coordinates": [ -121.661687968298793, 43.831439232453704 ] } },
{ "type": "Feature", "properties": { "track_fid": 0, "track_seg_id": 0, "track_seg_point_id": 927, "ele": 1459.800048828125, "time": "2025-08-08T16:22:57Z" }, "geometry": { "type": "Point", "coordinates": [ -121.662270091474056, 43.831612318754196 ] } },
{ "type": "Feature", "properties": { "track_fid": 0, "track_seg_id": 0, "track_seg_point_id": 928, "ele": 1462.0, "time": "2025-08-08T16:22:59Z" }, "geometry": { "type": "Point", "coordinates": [ -121.662849448621273, 43.831794122233987 ] } },
{ "type": "Feature", "properties": { "track_fid": 0, "track_seg_id": 0, "track_seg_point_id": 929, "ele": 1463.0, "time": "2025-08-08T16:23:00Z" }, "geometry": { "type": "Point", "coordinates": [ -121.663138791918755, 43.831888334825635 ] } },
{ "type": "Feature", "properties": { "track_fid": 0, "track_seg_id": 0, "track_seg_point_id": 930, "ele": 1464.5999755859375, "time": "2025-08-08T16:23:02Z" }, "geometry": { "type": "Point", "coordinates": [ -121.663718232885003, 43.832070054486394 ] } },
{ "type": "Feature", "properties": { "track_fid": 0, "track_seg_id": 0, "track_seg_point_id": 931, "ele": 1466.5999755859375, "time": "2025-08-08T16:23:04Z" }, "geometry": { "type": "Point", "coordinates": [ -121.664302116259933, 43.832256216555834 ] } },
{ "type": "Feature", "properties": { "track_fid": 0, "track_seg_id": 0, "track_seg_point_id": 932, "ele": 1467.5999755859375, "time": "2025-08-08T16:23:05Z" }, "geometry": { "type": "Point", "coordinates": [ -121.664593135938048, 43.832348668947816 ] } },
{ "type": "Feature", "properties": { "track_fid": 0, "track_seg_id": 0, "track_seg_point_id": 933, "ele": 1469.199951171875, "time": "2025-08-08T16:23:07Z" }, "geometry": { "type": "Point", "coordinates": [ -121.665171235799789, 43.83253407664597 ] } },
{ "type": "Feature", "properties": { "track_fid": 0, "track_seg_id": 0, "track_seg_point_id": 934, "ele": 1471.199951171875, "time": "2025-08-08T16:23:09Z" }, "geometry": { "type": "Point", "coordinates": [ -121.665741372853518, 43.832716383039951 ] } },
{ "type": "Feature", "properties": { "track_fid": 0, "track_seg_id": 0, "track_seg_point_id": 935, "ele": 1474.0, "time": "2025-08-08T16:23:11Z" }, "geometry": { "type": "Point", "coordinates": [ -121.666311426088214, 43.832895252853632 ] } },
{ "type": "Feature", "properties": { "track_fid": 0, "track_seg_id": 0, "track_seg_point_id": 936, "ele": 1476.4000244140625, "time": "2025-08-08T16:23:14Z" }, "geometry": { "type": "Point", "coordinates": [ -121.667144251987338, 43.833158947527409 ] } },
{ "type": "Feature", "properties": { "track_fid": 0, "track_seg_id": 0, "track_seg_point_id": 937, "ele": 1479.199951171875, "time": "2025-08-08T16:23:17Z" }, "geometry": { "type": "Point", "coordinates": [ -121.667965846136212, 43.833417193964124 ] } },
{ "type": "Feature", "properties": { "track_fid": 0, "track_seg_id": 0, "track_seg_point_id": 938, "ele": 1482.199951171875, "time": "2025-08-08T16:23:20Z" }, "geometry": { "type": "Point", "coordinates": [ -121.668757516890764, 43.833686169236898 ] } },
{ "type": "Feature", "properties": { "track_fid": 0, "track_seg_id": 0, "track_seg_point_id": 939, "ele": 1484.0, "time": "2025-08-08T16:23:22Z" }, "geometry": { "type": "Point", "coordinates": [ -121.669266382232308, 43.833874929696321 ] } },
{ "type": "Feature", "properties": { "track_fid": 0, "track_seg_id": 0, "track_seg_point_id": 940, "ele": 1486.4000244140625, "time": "2025-08-08T16:23:25Z" }, "geometry": { "type": "Point", "coordinates": [ -121.670024776831269, 43.834151783958077 ] } },
{ "type": "Feature", "properties": { "track_fid": 0, "track_seg_id": 0, "track_seg_point_id": 941, "ele": 1487.0, "time": "2025-08-08T16:23:26Z" }, "geometry": { "type": "Point", "coordinates": [ -121.670278329402208, 43.834231663495302 ] } },
{ "type": "Feature", "properties": { "track_fid": 0, "track_seg_id": 0, "track_seg_point_id": 942, "ele": 1487.800048828125, "time": "2025-08-08T16:23:28Z" }, "geometry": { "type": "Point", "coordinates": [ -121.670796163380146, 43.834360493347049 ] } },
{ "type": "Feature", "properties": { "track_fid": 0, "track_seg_id": 0, "track_seg_point_id": 943, "ele": 1488.4000244140625, "time": "2025-08-08T16:23:29Z" }, "geometry": { "type": "Point", "coordinates": [ -121.671064049005508, 43.834400475025177 ] } },
{ "type": "Feature", "properties": { "track_fid": 0, "track_seg_id": 0, "track_seg_point_id": 944, "ele": 1489.0, "time": "2025-08-08T16:23:30Z" }, "geometry": { "type": "Point", "coordinates": [ -121.671335874125361, 43.834419334307313 ] } },
{ "type": "Feature", "properties": { "track_fid": 0, "track_seg_id": 0, "track_seg_point_id": 945, "ele": 1489.800048828125, "time": "2025-08-08T16:23:32Z" }, "geometry": { "type": "Point", "coordinates": [ -121.671877428889275, 43.834388321265578 ] } },
{ "type": "Feature", "properties": { "track_fid": 0, "track_seg_id": 0, "track_seg_point_id": 946, "ele": 1490.0, "time": "2025-08-08T16:23:33Z" }, "geometry": { "type": "Point", "coordinates": [ -121.672138860449195, 43.834343645721674 ] } },
{ "type": "Feature", "properties": { "track_fid": 0, "track_seg_id": 0, "track_seg_point_id": 947, "ele": 1490.800048828125, "time": "2025-08-08T16:23:35Z" }, "geometry": { "type": "Point", "coordinates": [ -121.672646552324295, 43.834211798384786 ] } },
{ "type": "Feature", "properties": { "track_fid": 0, "track_seg_id": 0, "track_seg_point_id": 948, "ele": 1492.0, "time": "2025-08-08T16:23:38Z" }, "geometry": { "type": "Point", "coordinates": [ -121.673412155359983, 43.833973836153746 ] } },
{ "type": "Feature", "properties": { "track_fid": 0, "track_seg_id": 0, "track_seg_point_id": 949, "ele": 1492.800048828125, "time": "2025-08-08T16:23:40Z" }, "geometry": { "type": "Point", "coordinates": [ -121.673943065106869, 43.833812484517694 ] } },
{ "type": "Feature", "properties": { "track_fid": 0, "track_seg_id": 0, "track_seg_point_id": 950, "ele": 1494.4000244140625, "time": "2025-08-08T16:23:43Z" }, "geometry": { "type": "Point", "coordinates": [ -121.67475862428546, 43.833555160090327 ] } },
{ "type": "Feature", "properties": { "track_fid": 0, "track_seg_id": 0, "track_seg_point_id": 951, "ele": 1495.0, "time": "2025-08-08T16:23:44Z" }, "geometry": { "type": "Point", "coordinates": [ -121.675037741661072, 43.833472598344088 ] } },
{ "type": "Feature", "properties": { "track_fid": 0, "track_seg_id": 0, "track_seg_point_id": 952, "ele": 1497.199951171875, "time": "2025-08-08T16:23:47Z" }, "geometry": { "type": "Point", "coordinates": [ -121.675872746855021, 43.833216950297356 ] } },
{ "type": "Feature", "properties": { "track_fid": 0, "track_seg_id": 0, "track_seg_point_id": 953, "ele": 1498.4000244140625, "time": "2025-08-08T16:23:49Z" }, "geometry": { "type": "Point", "coordinates": [ -121.676440872251987, 43.833055850118399 ] } },
{ "type": "Feature", "properties": { "track_fid": 0, "track_seg_id": 0, "track_seg_point_id": 954, "ele": 1500.4000244140625, "time": "2025-08-08T16:23:51Z" }, "geometry": { "type": "Point", "coordinates": [ -121.677024755626917, 43.832895755767822 ] } },
{ "type": "Feature", "properties": { "track_fid": 0, "track_seg_id": 0, "track_seg_point_id": 955, "ele": 1501.199951171875, "time": "2025-08-08T16:23:53Z" }, "geometry": { "type": "Point", "coordinates": [ -121.677624564617872, 43.832738930359483 ] } },
{ "type": "Feature", "properties": { "track_fid": 0, "track_seg_id": 0, "track_seg_point_id": 956, "ele": 1501.4000244140625, "time": "2025-08-08T16:23:54Z" }, "geometry": { "type": "Point", "coordinates": [ -121.677924301475286, 43.832654943689704 ] } },
{ "type": "Feature", "properties": { "track_fid": 0, "track_seg_id": 0, "track_seg_point_id": 957, "ele": 1501.800048828125, "time": "2025-08-08T16:23:56Z" }, "geometry": { "type": "Point", "coordinates": [ -121.67852402664721, 43.832478756085038 ] } },
{ "type": "Feature", "properties": { "track_fid": 0, "track_seg_id": 0, "track_seg_point_id": 958, "ele": 1502.199951171875, "time": "2025-08-08T16:23:58Z" }, "geometry": { "type": "Point", "coordinates": [ -121.679134564474225, 43.832314219325781 ] } },
{ "type": "Feature", "properties": { "track_fid": 0, "track_seg_id": 0, "track_seg_point_id": 959, "ele": 1501.199951171875, "time": "2025-08-08T16:24:00Z" }, "geometry": { "type": "Point", "coordinates": [ -121.679752646014094, 43.832167871296406 ] } },
{ "type": "Feature", "properties": { "track_fid": 0, "track_seg_id": 0, "track_seg_point_id": 960, "ele": 1499.800048828125, "time": "2025-08-08T16:24:02Z" }, "geometry": { "type": "Point", "coordinates": [ -121.680364860221744, 43.832012554630637 ] } },
{ "type": "Feature", "properties": { "track_fid": 0, "track_seg_id": 0, "track_seg_point_id": 961, "ele": 1498.199951171875, "time": "2025-08-08T16:24:04Z" }, "geometry": { "type": "Point", "coordinates": [ -121.680968692526221, 43.831858830526471 ] } },
{ "type": "Feature", "properties": { "track_fid": 0, "track_seg_id": 0, "track_seg_point_id": 962, "ele": 1497.199951171875, "time": "2025-08-08T16:24:06Z" }, "geometry": { "type": "Point", "coordinates": [ -121.681558694690466, 43.831712231040001 ] } },
{ "type": "Feature", "properties": { "track_fid": 0, "track_seg_id": 0, "track_seg_point_id": 963, "ele": 1496.0, "time": "2025-08-08T16:24:08Z" }, "geometry": { "type": "Point", "coordinates": [ -121.682132268324494, 43.83156219497323 ] } },
{ "type": "Feature", "properties": { "track_fid": 0, "track_seg_id": 0, "track_seg_point_id": 964, "ele": 1493.199951171875, "time": "2025-08-08T16:24:11Z" }, "geometry": { "type": "Point", "coordinates": [ -121.682969117537141, 43.831319790333509 ] } },
{ "type": "Feature", "properties": { "track_fid": 0, "track_seg_id": 0, "track_seg_point_id": 965, "ele": 1490.199951171875, "time": "2025-08-08T16:24:13Z" }, "geometry": { "type": "Point", "coordinates": [ -121.683510672301054, 43.831123234704137 ] } },
{ "type": "Feature", "properties": { "track_fid": 0, "track_seg_id": 0, "track_seg_point_id": 966, "ele": 1487.5999755859375, "time": "2025-08-08T16:24:15Z" }, "geometry": { "type": "Point", "coordinates": [ -121.684055663645267, 43.830904047936201 ] } },
{ "type": "Feature", "properties": { "track_fid": 0, "track_seg_id": 0, "track_seg_point_id": 967, "ele": 1485.5999755859375, "time": "2025-08-08T16:24:17Z" }, "geometry": { "type": "Point", "coordinates": [ -121.684607192873955, 43.830679580569267 ] } },
{ "type": "Feature", "properties": { "track_fid": 0, "track_seg_id": 0, "track_seg_point_id": 968, "ele": 1484.0, "time": "2025-08-08T16:24:19Z" }, "geometry": { "type": "Point", "coordinates": [ -121.685160147026181, 43.830459555611014 ] } },
{ "type": "Feature", "properties": { "track_fid": 0, "track_seg_id": 0, "track_seg_point_id": 969, "ele": 1483.4000244140625, "time": "2025-08-08T16:24:21Z" }, "geometry": { "type": "Point", "coordinates": [ -121.685706982389092, 43.830243553966284 ] } },
{ "type": "Feature", "properties": { "track_fid": 0, "track_seg_id": 0, "track_seg_point_id": 970, "ele": 1484.5999755859375, "time": "2025-08-08T16:24:24Z" }, "geometry": { "type": "Point", "coordinates": [ -121.686503095552325, 43.829932417720556 ] } },
{ "type": "Feature", "properties": { "track_fid": 0, "track_seg_id": 0, "track_seg_point_id": 971, "ele": 1486.4000244140625, "time": "2025-08-08T16:24:27Z" }, "geometry": { "type": "Point", "coordinates": [ -121.687267860397696, 43.829628825187683 ] } },
{ "type": "Feature", "properties": { "track_fid": 0, "track_seg_id": 0, "track_seg_point_id": 972, "ele": 1489.5999755859375, "time": "2025-08-08T16:24:30Z" }, "geometry": { "type": "Point", "coordinates": [ -121.687984261661768, 43.829347360879183 ] } },
{ "type": "Feature", "properties": { "track_fid": 0, "track_seg_id": 0, "track_seg_point_id": 973, "ele": 1491.800048828125, "time": "2025-08-08T16:24:32Z" }, "geometry": { "type": "Point", "coordinates": [ -121.688418863341212, 43.829170083627105 ] } },
{ "type": "Feature", "properties": { "track_fid": 0, "track_seg_id": 0, "track_seg_point_id": 974, "ele": 1491.4000244140625, "time": "2025-08-08T16:24:35Z" }, "geometry": { "type": "Point", "coordinates": [ -121.689010793343186, 43.828877890482545 ] } },
{ "type": "Feature", "properties": { "track_fid": 0, "track_seg_id": 0, "track_seg_point_id": 975, "ele": 1491.0, "time": "2025-08-08T16:24:36Z" }, "geometry": { "type": "Point", "coordinates": [ -121.689178179949522, 43.82875258103013 ] } },
{ "type": "Feature", "properties": { "track_fid": 0, "track_seg_id": 0, "track_seg_point_id": 976, "ele": 1490.199951171875, "time": "2025-08-08T16:24:39Z" }, "geometry": { "type": "Point", "coordinates": [ -121.689580595120788, 43.828302891924977 ] } },
{ "type": "Feature", "properties": { "track_fid": 0, "track_seg_id": 0, "track_seg_point_id": 977, "ele": 1487.4000244140625, "time": "2025-08-08T16:24:42Z" }, "geometry": { "type": "Point", "coordinates": [ -121.689960798248649, 43.827818417921662 ] } },
{ "type": "Feature", "properties": { "track_fid": 0, "track_seg_id": 0, "track_seg_point_id": 978, "ele": 1486.4000244140625, "time": "2025-08-08T16:24:43Z" }, "geometry": { "type": "Point", "coordinates": [ -121.690098932012916, 43.827656144276261 ] } },
{ "type": "Feature", "properties": { "track_fid": 0, "track_seg_id": 0, "track_seg_point_id": 979, "ele": 1483.0, "time": "2025-08-08T16:24:46Z" }, "geometry": { "type": "Point", "coordinates": [ -121.690601427108049, 43.827201593667269 ] } },
{ "type": "Feature", "properties": { "track_fid": 0, "track_seg_id": 0, "track_seg_point_id": 980, "ele": 1482.4000244140625, "time": "2025-08-08T16:24:47Z" }, "geometry": { "type": "Point", "coordinates": [ -121.690803179517388, 43.827068740502 ] } },
{ "type": "Feature", "properties": { "track_fid": 0, "track_seg_id": 0, "track_seg_point_id": 981, "ele": 1480.0, "time": "2025-08-08T16:24:49Z" }, "geometry": { "type": "Point", "coordinates": [ -121.691273488104343, 43.826878387480974 ] } },
{ "type": "Feature", "properties": { "track_fid": 0, "track_seg_id": 0, "track_seg_point_id": 982, "ele": 1477.5999755859375, "time": "2025-08-08T16:24:52Z" }, "geometry": { "type": "Point", "coordinates": [ -121.692065661773086, 43.826723573729396 ] } },
{ "type": "Feature", "properties": { "track_fid": 0, "track_seg_id": 0, "track_seg_point_id": 983, "ele": 1478.199951171875, "time": "2025-08-08T16:24:55Z" }, "geometry": { "type": "Point", "coordinates": [ -121.692881053313613, 43.826649729162455 ] } },
{ "type": "Feature", "properties": { "track_fid": 0, "track_seg_id": 0, "track_seg_point_id": 984, "ele": 1479.4000244140625, "time": "2025-08-08T16:24:57Z" }, "geometry": { "type": "Point", "coordinates": [ -121.693437276408076, 43.826620560139418 ] } },
{ "type": "Feature", "properties": { "track_fid": 0, "track_seg_id": 0, "track_seg_point_id": 985, "ele": 1480.800048828125, "time": "2025-08-08T16:25:00Z" }, "geometry": { "type": "Point", "coordinates": [ -121.694283848628402, 43.826584853231907 ] } },
{ "type": "Feature", "properties": { "track_fid": 0, "track_seg_id": 0, "track_seg_point_id": 986, "ele": 1480.5999755859375, "time": "2025-08-08T16:25:02Z" }, "geometry": { "type": "Point", "coordinates": [ -121.694856332615018, 43.826550235971808 ] } },
{ "type": "Feature", "properties": { "track_fid": 0, "track_seg_id": 0, "track_seg_point_id": 987, "ele": 1479.199951171875, "time": "2025-08-08T16:25:05Z" }, "geometry": { "type": "Point", "coordinates": [ -121.695736767724156, 43.826493993401527 ] } },
{ "type": "Feature", "properties": { "track_fid": 0, "track_seg_id": 0, "track_seg_point_id": 988, "ele": 1477.199951171875, "time": "2025-08-08T16:25:08Z" }, "geometry": { "type": "Point", "coordinates": [ -121.696621561422944, 43.826447054743767 ] } },
{ "type": "Feature", "properties": { "track_fid": 0, "track_seg_id": 0, "track_seg_point_id": 989, "ele": 1476.800048828125, "time": "2025-08-08T16:25:09Z" }, "geometry": { "type": "Point", "coordinates": [ -121.696908222511411, 43.826431548222899 ] } },
{ "type": "Feature", "properties": { "track_fid": 0, "track_seg_id": 0, "track_seg_point_id": 990, "ele": 1476.800048828125, "time": "2025-08-08T16:25:12Z" }, "geometry": { "type": "Point", "coordinates": [ -121.697745993733406, 43.826397769153118 ] } },
{ "type": "Feature", "properties": { "track_fid": 0, "track_seg_id": 0, "track_seg_point_id": 991, "ele": 1477.199951171875, "time": "2025-08-08T16:25:13Z" }, "geometry": { "type": "Point", "coordinates": [ -121.698016477748752, 43.826413443312049 ] } },
{ "type": "Feature", "properties": { "track_fid": 0, "track_seg_id": 0, "track_seg_point_id": 992, "ele": 1478.800048828125, "time": "2025-08-08T16:25:16Z" }, "geometry": { "type": "Point", "coordinates": [ -121.698769424110651, 43.826513355597854 ] } },
{ "type": "Feature", "properties": { "track_fid": 0, "track_seg_id": 0, "track_seg_point_id": 993, "ele": 1479.800048828125, "time": "2025-08-08T16:25:19Z" }, "geometry": { "type": "Point", "coordinates": [ -121.699499655514956, 43.826609831303358 ] } },
{ "type": "Feature", "properties": { "track_fid": 0, "track_seg_id": 0, "track_seg_point_id": 994, "ele": 1479.5999755859375, "time": "2025-08-08T16:25:20Z" }, "geometry": { "type": "Point", "coordinates": [ -121.699742563068867, 43.826626259833574 ] } },
{ "type": "Feature", "properties": { "track_fid": 0, "track_seg_id": 0, "track_seg_point_id": 995, "ele": 1479.5999755859375, "time": "2025-08-08T16:25:21Z" }, "geometry": { "type": "Point", "coordinates": [ -121.699991505593061, 43.826627684757113 ] } },
{ "type": "Feature", "properties": { "track_fid": 0, "track_seg_id": 0, "track_seg_point_id": 996, "ele": 1478.0, "time": "2025-08-08T16:25:24Z" }, "geometry": { "type": "Point", "coordinates": [ -121.700749229639769, 43.826571861281991 ] } },
{ "type": "Feature", "properties": { "track_fid": 0, "track_seg_id": 0, "track_seg_point_id": 997, "ele": 1477.0, "time": "2025-08-08T16:25:25Z" }, "geometry": { "type": "Point", "coordinates": [ -121.701004123315215, 43.826545625925064 ] } },
{ "type": "Feature", "properties": { "track_fid": 0, "track_seg_id": 0, "track_seg_point_id": 998, "ele": 1474.0, "time": "2025-08-08T16:25:28Z" }, "geometry": { "type": "Point", "coordinates": [ -121.701774504035711, 43.82650145329535 ] } },
{ "type": "Feature", "properties": { "track_fid": 0, "track_seg_id": 0, "track_seg_point_id": 999, "ele": 1473.199951171875, "time": "2025-08-08T16:25:29Z" }, "geometry": { "type": "Point", "coordinates": [ -121.702037192881107, 43.826512433588505 ] } },
{ "type": "Feature", "properties": { "track_fid": 0, "track_seg_id": 0, "track_seg_point_id": 1000, "ele": 1470.4000244140625, "time": "2025-08-08T16:25:32Z" }, "geometry": { "type": "Point", "coordinates": [ -121.702810255810618, 43.826638581231236 ] } },
{ "type": "Feature", "properties": { "track_fid": 0, "track_seg_id": 0, "track_seg_point_id": 1001, "ele": 1469.0, "time": "2025-08-08T16:25:34Z" }, "geometry": { "type": "Point", "coordinates": [ -121.70327209867537, 43.826817199587822 ] } },
{ "type": "Feature", "properties": { "track_fid": 0, "track_seg_id": 0, "track_seg_point_id": 1002, "ele": 1469.0, "time": "2025-08-08T16:25:35Z" }, "geometry": { "type": "Point", "coordinates": [ -121.703486759215593, 43.826929265633225 ] } },
{ "type": "Feature", "properties": { "track_fid": 0, "track_seg_id": 0, "track_seg_point_id": 1003, "ele": 1471.0, "time": "2025-08-08T16:25:38Z" }, "geometry": { "type": "Point", "coordinates": [ -121.70406804420054, 43.827300751581788 ] } },
{ "type": "Feature", "properties": { "track_fid": 0, "track_seg_id": 0, "track_seg_point_id": 1004, "ele": 1471.4000244140625, "time": "2025-08-08T16:25:39Z" }, "geometry": { "type": "Point", "coordinates": [ -121.704250350594521, 43.827423043549061 ] } },
{ "type": "Feature", "properties": { "track_fid": 0, "track_seg_id": 0, "track_seg_point_id": 1005, "ele": 1471.199951171875, "time": "2025-08-08T16:25:42Z" }, "geometry": { "type": "Point", "coordinates": [ -121.704820487648249, 43.827736023813486 ] } },
{ "type": "Feature", "properties": { "track_fid": 0, "track_seg_id": 0, "track_seg_point_id": 1006, "ele": 1471.199951171875, "time": "2025-08-08T16:25:43Z" }, "geometry": { "type": "Point", "coordinates": [ -121.705023329705, 43.827825458720326 ] } },
{ "type": "Feature", "properties": { "track_fid": 0, "track_seg_id": 0, "track_seg_point_id": 1007, "ele": 1469.5999755859375, "time": "2025-08-08T16:25:46Z" }, "geometry": { "type": "Point", "coordinates": [ -121.705695725977421, 43.828040035441518 ] } },
{ "type": "Feature", "properties": { "track_fid": 0, "track_seg_id": 0, "track_seg_point_id": 1008, "ele": 1468.199951171875, "time": "2025-08-08T16:25:47Z" }, "geometry": { "type": "Point", "coordinates": [ -121.705940142273903, 43.82810608483851 ] } },
{ "type": "Feature", "properties": { "track_fid": 0, "track_seg_id": 0, "track_seg_point_id": 1009, "ele": 1464.0, "time": "2025-08-08T16:25:50Z" }, "geometry": { "type": "Point", "coordinates": [ -121.70672376640141, 43.82831278257072 ] } },
{ "type": "Feature", "properties": { "track_fid": 0, "track_seg_id": 0, "track_seg_point_id": 1010, "ele": 1461.4000244140625, "time": "2025-08-08T16:25:52Z" }, "geometry": { "type": "Point", "coordinates": [ -121.707267332822084, 43.828455861657858 ] } },
{ "type": "Feature", "properties": { "track_fid": 0, "track_seg_id": 0, "track_seg_point_id": 1011, "ele": 1459.4000244140625, "time": "2025-08-08T16:25:55Z" }, "geometry": { "type": "Point", "coordinates": [ -121.708094039931893, 43.828687956556678 ] } },
{ "type": "Feature", "properties": { "track_fid": 0, "track_seg_id": 0, "track_seg_point_id": 1012, "ele": 1457.5999755859375, "time": "2025-08-08T16:25:57Z" }, "geometry": { "type": "Point", "coordinates": [ -121.708643557503819, 43.828829443082213 ] } },
{ "type": "Feature", "properties": { "track_fid": 0, "track_seg_id": 0, "track_seg_point_id": 1013, "ele": 1456.199951171875, "time": "2025-08-08T16:26:00Z" }, "geometry": { "type": "Point", "coordinates": [ -121.709465989843011, 43.82902717217803 ] } },
{ "type": "Feature", "properties": { "track_fid": 0, "track_seg_id": 0, "track_seg_point_id": 1014, "ele": 1455.800048828125, "time": "2025-08-08T16:26:02Z" }, "geometry": { "type": "Point", "coordinates": [ -121.709978878498077, 43.829190954566002 ] } },
{ "type": "Feature", "properties": { "track_fid": 0, "track_seg_id": 0, "track_seg_point_id": 1015, "ele": 1454.800048828125, "time": "2025-08-08T16:26:04Z" }, "geometry": { "type": "Point", "coordinates": [ -121.710437620058656, 43.829433023929596 ] } },
{ "type": "Feature", "properties": { "track_fid": 0, "track_seg_id": 0, "track_seg_point_id": 1016, "ele": 1452.0, "time": "2025-08-08T16:26:07Z" }, "geometry": { "type": "Point", "coordinates": [ -121.711014630272985, 43.829888161271811 ] } },
{ "type": "Feature", "properties": { "track_fid": 0, "track_seg_id": 0, "track_seg_point_id": 1017, "ele": 1450.199951171875, "time": "2025-08-08T16:26:10Z" }, "geometry": { "type": "Point", "coordinates": [ -121.711597256362438, 43.830341622233391 ] } },
{ "type": "Feature", "properties": { "track_fid": 0, "track_seg_id": 0, "track_seg_point_id": 1018, "ele": 1449.199951171875, "time": "2025-08-08T16:26:11Z" }, "geometry": { "type": "Point", "coordinates": [ -121.711839744821191, 43.830453939735889 ] } },
{ "type": "Feature", "properties": { "track_fid": 0, "track_seg_id": 0, "track_seg_point_id": 1019, "ele": 1448.4000244140625, "time": "2025-08-08T16:26:12Z" }, "geometry": { "type": "Point", "coordinates": [ -121.712104277685285, 43.83054094389081 ] } },
{ "type": "Feature", "properties": { "track_fid": 0, "track_seg_id": 0, "track_seg_point_id": 1020, "ele": 1446.0, "time": "2025-08-08T16:26:14Z" }, "geometry": { "type": "Point", "coordinates": [ -121.712647592648864, 43.830679999664426 ] } },
{ "type": "Feature", "properties": { "track_fid": 0, "track_seg_id": 0, "track_seg_point_id": 1021, "ele": 1443.800048828125, "time": "2025-08-08T16:26:17Z" }, "geometry": { "type": "Point", "coordinates": [ -121.713481172919273, 43.830862389877439 ] } },
{ "type": "Feature", "properties": { "track_fid": 0, "track_seg_id": 0, "track_seg_point_id": 1022, "ele": 1441.0, "time": "2025-08-08T16:26:20Z" }, "geometry": { "type": "Point", "coordinates": [ -121.71431316062808, 43.831028686836362 ] } },
{ "type": "Feature", "properties": { "track_fid": 0, "track_seg_id": 0, "track_seg_point_id": 1023, "ele": 1440.4000244140625, "time": "2025-08-08T16:26:21Z" }, "geometry": { "type": "Point", "coordinates": [ -121.714588087052107, 43.831084175035357 ] } },
{ "type": "Feature", "properties": { "track_fid": 0, "track_seg_id": 0, "track_seg_point_id": 1024, "ele": 1438.199951171875, "time": "2025-08-08T16:26:24Z" }, "geometry": { "type": "Point", "coordinates": [ -121.715398281812668, 43.831244437023997 ] } },
{ "type": "Feature", "properties": { "track_fid": 0, "track_seg_id": 0, "track_seg_point_id": 1025, "ele": 1437.0, "time": "2025-08-08T16:26:25Z" }, "geometry": { "type": "Point", "coordinates": [ -121.71566516160965, 43.831282993778586 ] } },
{ "type": "Feature", "properties": { "track_fid": 0, "track_seg_id": 0, "track_seg_point_id": 1026, "ele": 1434.5999755859375, "time": "2025-08-08T16:26:26Z" }, "geometry": { "type": "Point", "coordinates": [ -121.715934723615646, 43.83129145950079 ] } },
{ "type": "Feature", "properties": { "track_fid": 0, "track_seg_id": 0, "track_seg_point_id": 1027, "ele": 1432.5999755859375, "time": "2025-08-08T16:26:27Z" }, "geometry": { "type": "Point", "coordinates": [ -121.716196741908789, 43.831275282427669 ] } },
{ "type": "Feature", "properties": { "track_fid": 0, "track_seg_id": 0, "track_seg_point_id": 1028, "ele": 1430.800048828125, "time": "2025-08-08T16:26:28Z" }, "geometry": { "type": "Point", "coordinates": [ -121.716442666947842, 43.831230439245701 ] } },
{ "type": "Feature", "properties": { "track_fid": 0, "track_seg_id": 0, "track_seg_point_id": 1029, "ele": 1429.4000244140625, "time": "2025-08-08T16:26:29Z" }, "geometry": { "type": "Point", "coordinates": [ -121.716673923656344, 43.831156846135855 ] } },
{ "type": "Feature", "properties": { "track_fid": 0, "track_seg_id": 0, "track_seg_point_id": 1030, "ele": 1428.199951171875, "time": "2025-08-08T16:26:30Z" }, "geometry": { "type": "Point", "coordinates": [ -121.716891350224614, 43.831060621887445 ] } },
{ "type": "Feature", "properties": { "track_fid": 0, "track_seg_id": 0, "track_seg_point_id": 1031, "ele": 1425.0, "time": "2025-08-08T16:26:33Z" }, "geometry": { "type": "Point", "coordinates": [ -121.717552347108722, 43.830761220306158 ] } },
{ "type": "Feature", "properties": { "track_fid": 0, "track_seg_id": 0, "track_seg_point_id": 1032, "ele": 1424.0, "time": "2025-08-08T16:26:34Z" }, "geometry": { "type": "Point", "coordinates": [ -121.717792572453618, 43.830683436244726 ] } },
{ "type": "Feature", "properties": { "track_fid": 0, "track_seg_id": 0, "track_seg_point_id": 1033, "ele": 1423.800048828125, "time": "2025-08-08T16:26:36Z" }, "geometry": { "type": "Point", "coordinates": [ -121.718304371461272, 43.830601628869772 ] } },
{ "type": "Feature", "properties": { "track_fid": 0, "track_seg_id": 0, "track_seg_point_id": 1034, "ele": 1424.199951171875, "time": "2025-08-08T16:26:38Z" }, "geometry": { "type": "Point", "coordinates": [ -121.718842992559075, 43.830631216987967 ] } },
{ "type": "Feature", "properties": { "track_fid": 0, "track_seg_id": 0, "track_seg_point_id": 1035, "ele": 1424.0, "time": "2025-08-08T16:26:39Z" }, "geometry": { "type": "Point", "coordinates": [ -121.719110459089279, 43.830678155645728 ] } },
{ "type": "Feature", "properties": { "track_fid": 0, "track_seg_id": 0, "track_seg_point_id": 1036, "ele": 1423.4000244140625, "time": "2025-08-08T16:26:40Z" }, "geometry": { "type": "Point", "coordinates": [ -121.719368873164058, 43.83074764162302 ] } },
{ "type": "Feature", "properties": { "track_fid": 0, "track_seg_id": 0, "track_seg_point_id": 1037, "ele": 1423.0, "time": "2025-08-08T16:26:41Z" }, "geometry": { "type": "Point", "coordinates": [ -121.719613457098603, 43.830838417634368 ] } },
{ "type": "Feature", "properties": { "track_fid": 0, "track_seg_id": 0, "track_seg_point_id": 1038, "ele": 1422.5999755859375, "time": "2025-08-08T16:26:42Z" }, "geometry": { "type": "Point", "coordinates": [ -121.719843121245503, 43.830955764278769 ] } },
{ "type": "Feature", "properties": { "track_fid": 0, "track_seg_id": 0, "track_seg_point_id": 1039, "ele": 1422.199951171875, "time": "2025-08-08T16:26:43Z" }, "geometry": { "type": "Point", "coordinates": [ -121.720059290528297, 43.831092976033688 ] } },
{ "type": "Feature", "properties": { "track_fid": 0, "track_seg_id": 0, "track_seg_point_id": 1040, "ele": 1421.800048828125, "time": "2025-08-08T16:26:45Z" }, "geometry": { "type": "Point", "coordinates": [ -121.720477547496557, 43.831396652385592 ] } },
{ "type": "Feature", "properties": { "track_fid": 0, "track_seg_id": 0, "track_seg_point_id": 1041, "ele": 1420.199951171875, "time": "2025-08-08T16:26:48Z" }, "geometry": { "type": "Point", "coordinates": [ -121.721126139163971, 43.83187735453248 ] } },
{ "type": "Feature", "properties": { "track_fid": 0, "track_seg_id": 0, "track_seg_point_id": 1042, "ele": 1419.199951171875, "time": "2025-08-08T16:26:49Z" }, "geometry": { "type": "Point", "coordinates": [ -121.721340967342257, 43.83204004727304 ] } },
{ "type": "Feature", "properties": { "track_fid": 0, "track_seg_id": 0, "track_seg_point_id": 1043, "ele": 1416.4000244140625, "time": "2025-08-08T16:26:52Z" }, "geometry": { "type": "Point", "coordinates": [ -121.721998527646065, 43.832514462992549 ] } },
{ "type": "Feature", "properties": { "track_fid": 0, "track_seg_id": 0, "track_seg_point_id": 1044, "ele": 1414.199951171875, "time": "2025-08-08T16:26:54Z" }, "geometry": { "type": "Point", "coordinates": [ -121.722429441288114, 43.832825347781181 ] } },
{ "type": "Feature", "properties": { "track_fid": 0, "track_seg_id": 0, "track_seg_point_id": 1045, "ele": 1413.0, "time": "2025-08-08T16:26:57Z" }, "geometry": { "type": "Point", "coordinates": [ -121.723062777891755, 43.833283586427569 ] } },
{ "type": "Feature", "properties": { "track_fid": 0, "track_seg_id": 0, "track_seg_point_id": 1046, "ele": 1411.800048828125, "time": "2025-08-08T16:27:00Z" }, "geometry": { "type": "Point", "coordinates": [ -121.723683038726449, 43.833694634959102 ] } },
{ "type": "Feature", "properties": { "track_fid": 0, "track_seg_id": 0, "track_seg_point_id": 1047, "ele": 1411.0, "time": "2025-08-08T16:27:01Z" }, "geometry": { "type": "Point", "coordinates": [ -121.723903398960829, 43.833812149241567 ] } },
{ "type": "Feature", "properties": { "track_fid": 0, "track_seg_id": 0, "track_seg_point_id": 1048, "ele": 1410.199951171875, "time": "2025-08-08T16:27:02Z" }, "geometry": { "type": "Point", "coordinates": [ -121.724141277372837, 43.833912396803498 ] } },
{ "type": "Feature", "properties": { "track_fid": 0, "track_seg_id": 0, "track_seg_point_id": 1049, "ele": 1407.4000244140625, "time": "2025-08-08T16:27:05Z" }, "geometry": { "type": "Point", "coordinates": [ -121.724865389987826, 43.834198135882616 ] } },
{ "type": "Feature", "properties": { "track_fid": 0, "track_seg_id": 0, "track_seg_point_id": 1050, "ele": 1406.199951171875, "time": "2025-08-08T16:27:06Z" }, "geometry": { "type": "Point", "coordinates": [ -121.725085247308016, 43.83431757800281 ] } },
{ "type": "Feature", "properties": { "track_fid": 0, "track_seg_id": 0, "track_seg_point_id": 1051, "ele": 1404.199951171875, "time": "2025-08-08T16:27:08Z" }, "geometry": { "type": "Point", "coordinates": [ -121.725457403808832, 43.834613375365734 ] } },
{ "type": "Feature", "properties": { "track_fid": 0, "track_seg_id": 0, "track_seg_point_id": 1052, "ele": 1403.800048828125, "time": "2025-08-08T16:27:11Z" }, "geometry": { "type": "Point", "coordinates": [ -121.725912122055888, 43.835121570155025 ] } },
{ "type": "Feature", "properties": { "track_fid": 0, "track_seg_id": 0, "track_seg_point_id": 1053, "ele": 1404.199951171875, "time": "2025-08-08T16:27:14Z" }, "geometry": { "type": "Point", "coordinates": [ -121.726323338225484, 43.835628088563681 ] } },
{ "type": "Feature", "properties": { "track_fid": 0, "track_seg_id": 0, "track_seg_point_id": 1054, "ele": 1403.4000244140625, "time": "2025-08-08T16:27:15Z" }, "geometry": { "type": "Point", "coordinates": [ -121.726478487253189, 43.835782986134291 ] } },
{ "type": "Feature", "properties": { "track_fid": 0, "track_seg_id": 0, "track_seg_point_id": 1055, "ele": 1402.4000244140625, "time": "2025-08-08T16:27:16Z" }, "geometry": { "type": "Point", "coordinates": [ -121.726658530533314, 43.835921119898558 ] } },
{ "type": "Feature", "properties": { "track_fid": 0, "track_seg_id": 0, "track_seg_point_id": 1056, "ele": 1401.5999755859375, "time": "2025-08-08T16:27:17Z" }, "geometry": { "type": "Point", "coordinates": [ -121.726864892989397, 43.836035449057817 ] } },
{ "type": "Feature", "properties": { "track_fid": 0, "track_seg_id": 0, "track_seg_point_id": 1057, "ele": 1400.5999755859375, "time": "2025-08-08T16:27:18Z" }, "geometry": { "type": "Point", "coordinates": [ -121.727099418640137, 43.836118681356311 ] } },
{ "type": "Feature", "properties": { "track_fid": 0, "track_seg_id": 0, "track_seg_point_id": 1058, "ele": 1399.5999755859375, "time": "2025-08-08T16:27:19Z" }, "geometry": { "type": "Point", "coordinates": [ -121.727352049201727, 43.836169224232435 ] } },
{ "type": "Feature", "properties": { "track_fid": 0, "track_seg_id": 0, "track_seg_point_id": 1059, "ele": 1398.4000244140625, "time": "2025-08-08T16:27:20Z" }, "geometry": { "type": "Point", "coordinates": [ -121.727608283981681, 43.836200069636106 ] } },
{ "type": "Feature", "properties": { "track_fid": 0, "track_seg_id": 0, "track_seg_point_id": 1060, "ele": 1396.199951171875, "time": "2025-08-08T16:27:22Z" }, "geometry": { "type": "Point", "coordinates": [ -121.7281339969486, 43.836214235052466 ] } },
{ "type": "Feature", "properties": { "track_fid": 0, "track_seg_id": 0, "track_seg_point_id": 1061, "ele": 1395.0, "time": "2025-08-08T16:27:23Z" }, "geometry": { "type": "Point", "coordinates": [ -121.728406492620707, 43.836196968331933 ] } },
{ "type": "Feature", "properties": { "track_fid": 0, "track_seg_id": 0, "track_seg_point_id": 1062, "ele": 1391.800048828125, "time": "2025-08-08T16:27:26Z" }, "geometry": { "type": "Point", "coordinates": [ -121.729240575805306, 43.836091859266162 ] } },
{ "type": "Feature", "properties": { "track_fid": 0, "track_seg_id": 0, "track_seg_point_id": 1063, "ele": 1389.5999755859375, "time": "2025-08-08T16:27:28Z" }, "geometry": { "type": "Point", "coordinates": [ -121.72978556714952, 43.836019188165665 ] } },
{ "type": "Feature", "properties": { "track_fid": 0, "track_seg_id": 0, "track_seg_point_id": 1064, "ele": 1387.5999755859375, "time": "2025-08-08T16:27:30Z" }, "geometry": { "type": "Point", "coordinates": [ -121.730297114700079, 43.835928663611412 ] } },
{ "type": "Feature", "properties": { "track_fid": 0, "track_seg_id": 0, "track_seg_point_id": 1065, "ele": 1386.5999755859375, "time": "2025-08-08T16:27:31Z" }, "geometry": { "type": "Point", "coordinates": [ -121.730536669492722, 43.835857333615422 ] } },
{ "type": "Feature", "properties": { "track_fid": 0, "track_seg_id": 0, "track_seg_point_id": 1066, "ele": 1385.4000244140625, "time": "2025-08-08T16:27:32Z" }, "geometry": { "type": "Point", "coordinates": [ -121.730757365003228, 43.835762785747647 ] } },
{ "type": "Feature", "properties": { "track_fid": 0, "track_seg_id": 0, "track_seg_point_id": 1067, "ele": 1384.5999755859375, "time": "2025-08-08T16:27:33Z" }, "geometry": { "type": "Point", "coordinates": [ -121.730956770479679, 43.835643930360675 ] } },
{ "type": "Feature", "properties": { "track_fid": 0, "track_seg_id": 0, "track_seg_point_id": 1068, "ele": 1383.5999755859375, "time": "2025-08-08T16:27:34Z" }, "geometry": { "type": "Point", "coordinates": [ -121.731134131550789, 43.835508981719613 ] } },
{ "type": "Feature", "properties": { "track_fid": 0, "track_seg_id": 0, "track_seg_point_id": 1069, "ele": 1381.5999755859375, "time": "2025-08-08T16:27:36Z" }, "geometry": { "type": "Point", "coordinates": [ -121.731421630829573, 43.835207736119628 ] } },
{ "type": "Feature", "properties": { "track_fid": 0, "track_seg_id": 0, "track_seg_point_id": 1070, "ele": 1378.199951171875, "time": "2025-08-08T16:27:38Z" }, "geometry": { "type": "Point", "coordinates": [ -121.731590190902352, 43.834858126938343 ] } },
{ "type": "Feature", "properties": { "track_fid": 0, "track_seg_id": 0, "track_seg_point_id": 1071, "ele": 1375.800048828125, "time": "2025-08-08T16:27:41Z" }, "geometry": { "type": "Point", "coordinates": [ -121.731936279684305, 43.834383124485612 ] } },
{ "type": "Feature", "properties": { "track_fid": 0, "track_seg_id": 0, "track_seg_point_id": 1072, "ele": 1373.199951171875, "time": "2025-08-08T16:27:43Z" }, "geometry": { "type": "Point", "coordinates": [ -121.732303155586123, 43.834160584956408 ] } },
{ "type": "Feature", "properties": { "track_fid": 0, "track_seg_id": 0, "track_seg_point_id": 1073, "ele": 1373.0, "time": "2025-08-08T16:27:44Z" }, "geometry": { "type": "Point", "coordinates": [ -121.732523934915662, 43.834070395678282 ] } },
{ "type": "Feature", "properties": { "track_fid": 0, "track_seg_id": 0, "track_seg_point_id": 1074, "ele": 1372.0, "time": "2025-08-08T16:27:47Z" }, "geometry": { "type": "Point", "coordinates": [ -121.733218627050519, 43.833823297172785 ] } },
{ "type": "Feature", "properties": { "track_fid": 0, "track_seg_id": 0, "track_seg_point_id": 1075, "ele": 1374.0, "time": "2025-08-08T16:27:50Z" }, "geometry": { "type": "Point", "coordinates": [ -121.733939638361335, 43.833561362698674 ] } },
{ "type": "Feature", "properties": { "track_fid": 0, "track_seg_id": 0, "track_seg_point_id": 1076, "ele": 1376.4000244140625, "time": "2025-08-08T16:27:53Z" }, "geometry": { "type": "Point", "coordinates": [ -121.734654782339931, 43.83329875767231 ] } },
{ "type": "Feature", "properties": { "track_fid": 0, "track_seg_id": 0, "track_seg_point_id": 1077, "ele": 1377.0, "time": "2025-08-08T16:27:56Z" }, "geometry": { "type": "Point", "coordinates": [ -121.735346373170614, 43.833041181787848 ] } },
{ "type": "Feature", "properties": { "track_fid": 0, "track_seg_id": 0, "track_seg_point_id": 1078, "ele": 1377.0, "time": "2025-08-08T16:27:57Z" }, "geometry": { "type": "Point", "coordinates": [ -121.735579641535878, 43.832951076328754 ] } },
{ "type": "Feature", "properties": { "track_fid": 0, "track_seg_id": 0, "track_seg_point_id": 1079, "ele": 1377.0, "time": "2025-08-08T16:28:00Z" }, "geometry": { "type": "Point", "coordinates": [ -121.736316997557878, 43.832672126591206 ] } },
{ "type": "Feature", "properties": { "track_fid": 0, "track_seg_id": 0, "track_seg_point_id": 1080, "ele": 1376.5999755859375, "time": "2025-08-08T16:28:03Z" }, "geometry": { "type": "Point", "coordinates": [ -121.737114368006587, 43.832376496866345 ] } },
{ "type": "Feature", "properties": { "track_fid": 0, "track_seg_id": 0, "track_seg_point_id": 1081, "ele": 1376.199951171875, "time": "2025-08-08T16:28:05Z" }, "geometry": { "type": "Point", "coordinates": [ -121.737667238339782, 43.832171056419611 ] } },
{ "type": "Feature", "properties": { "track_fid": 0, "track_seg_id": 0, "track_seg_point_id": 1082, "ele": 1375.800048828125, "time": "2025-08-08T16:28:07Z" }, "geometry": { "type": "Point", "coordinates": [ -121.738232262432575, 43.831961844116449 ] } },
{ "type": "Feature", "properties": { "track_fid": 0, "track_seg_id": 0, "track_seg_point_id": 1083, "ele": 1375.199951171875, "time": "2025-08-08T16:28:09Z" }, "geometry": { "type": "Point", "coordinates": [ -121.738803572952747, 43.831746848300099 ] } },
{ "type": "Feature", "properties": { "track_fid": 0, "track_seg_id": 0, "track_seg_point_id": 1084, "ele": 1375.0, "time": "2025-08-08T16:28:10Z" }, "geometry": { "type": "Point", "coordinates": [ -121.73909149132669, 43.831638973206282 ] } },
{ "type": "Feature", "properties": { "track_fid": 0, "track_seg_id": 0, "track_seg_point_id": 1085, "ele": 1375.0, "time": "2025-08-08T16:28:12Z" }, "geometry": { "type": "Point", "coordinates": [ -121.739669423550367, 43.831423558294773 ] } },
{ "type": "Feature", "properties": { "track_fid": 0, "track_seg_id": 0, "track_seg_point_id": 1086, "ele": 1374.5999755859375, "time": "2025-08-08T16:28:14Z" }, "geometry": { "type": "Point", "coordinates": [ -121.740244757384062, 43.83120839484036 ] } },
{ "type": "Feature", "properties": { "track_fid": 0, "track_seg_id": 0, "track_seg_point_id": 1087, "ele": 1374.199951171875, "time": "2025-08-08T16:28:16Z" }, "geometry": { "type": "Point", "coordinates": [ -121.740818917751312, 43.830992141738534 ] } },
{ "type": "Feature", "properties": { "track_fid": 0, "track_seg_id": 0, "track_seg_point_id": 1088, "ele": 1373.800048828125, "time": "2025-08-08T16:28:18Z" }, "geometry": { "type": "Point", "coordinates": [ -121.741395760327578, 43.830774044618011 ] } },
{ "type": "Feature", "properties": { "track_fid": 0, "track_seg_id": 0, "track_seg_point_id": 1089, "ele": 1373.199951171875, "time": "2025-08-08T16:28:20Z" }, "geometry": { "type": "Point", "coordinates": [ -121.741973776370287, 43.830555947497487 ] } },
{ "type": "Feature", "properties": { "track_fid": 0, "track_seg_id": 0, "track_seg_point_id": 1090, "ele": 1372.800048828125, "time": "2025-08-08T16:28:22Z" }, "geometry": { "type": "Point", "coordinates": [ -121.742555061355233, 43.830336425453424 ] } },
{ "type": "Feature", "properties": { "track_fid": 0, "track_seg_id": 0, "track_seg_point_id": 1091, "ele": 1372.4000244140625, "time": "2025-08-08T16:28:24Z" }, "geometry": { "type": "Point", "coordinates": [ -121.743141040205956, 43.830118244513869 ] } },
{ "type": "Feature", "properties": { "track_fid": 0, "track_seg_id": 0, "track_seg_point_id": 1092, "ele": 1372.0, "time": "2025-08-08T16:28:26Z" }, "geometry": { "type": "Point", "coordinates": [ -121.743729868903756, 43.829897968098521 ] } },
{ "type": "Feature", "properties": { "track_fid": 0, "track_seg_id": 0, "track_seg_point_id": 1093, "ele": 1371.4000244140625, "time": "2025-08-08T16:28:28Z" }, "geometry": { "type": "Point", "coordinates": [ -121.744319954887033, 43.829680625349283 ] } },
{ "type": "Feature", "properties": { "track_fid": 0, "track_seg_id": 0, "track_seg_point_id": 1094, "ele": 1371.199951171875, "time": "2025-08-08T16:28:29Z" }, "geometry": { "type": "Point", "coordinates": [ -121.744616841897368, 43.829577947035432 ] } },
{ "type": "Feature", "properties": { "track_fid": 0, "track_seg_id": 0, "track_seg_point_id": 1095, "ele": 1371.0, "time": "2025-08-08T16:28:31Z" }, "geometry": { "type": "Point", "coordinates": [ -121.745214220136404, 43.829392455518246 ] } },
{ "type": "Feature", "properties": { "track_fid": 0, "track_seg_id": 0, "track_seg_point_id": 1096, "ele": 1370.800048828125, "time": "2025-08-08T16:28:33Z" }, "geometry": { "type": "Point", "coordinates": [ -121.745825428515673, 43.829246442764997 ] } },
{ "type": "Feature", "properties": { "track_fid": 0, "track_seg_id": 0, "track_seg_point_id": 1097, "ele": 1370.5999755859375, "time": "2025-08-08T16:28:35Z" }, "geometry": { "type": "Point", "coordinates": [ -121.746448623016477, 43.829148877412081 ] } },
{ "type": "Feature", "properties": { "track_fid": 0, "track_seg_id": 0, "track_seg_point_id": 1098, "ele": 1370.5999755859375, "time": "2025-08-08T16:28:36Z" }, "geometry": { "type": "Point", "coordinates": [ -121.746761770918965, 43.829114176332951 ] } },
{ "type": "Feature", "properties": { "track_fid": 0, "track_seg_id": 0, "track_seg_point_id": 1099, "ele": 1370.4000244140625, "time": "2025-08-08T16:28:38Z" }, "geometry": { "type": "Point", "coordinates": [ -121.747393850237131, 43.829069249331951 ] } },
{ "type": "Feature", "properties": { "track_fid": 0, "track_seg_id": 0, "track_seg_point_id": 1100, "ele": 1370.0, "time": "2025-08-08T16:28:40Z" }, "geometry": { "type": "Point", "coordinates": [ -121.748030288144946, 43.829047875478864 ] } },
{ "type": "Feature", "properties": { "track_fid": 0, "track_seg_id": 0, "track_seg_point_id": 1101, "ele": 1369.5999755859375, "time": "2025-08-08T16:28:42Z" }, "geometry": { "type": "Point", "coordinates": [ -121.748670833185315, 43.829027591273189 ] } },
{ "type": "Feature", "properties": { "track_fid": 0, "track_seg_id": 0, "track_seg_point_id": 1102, "ele": 1369.199951171875, "time": "2025-08-08T16:28:44Z" }, "geometry": { "type": "Point", "coordinates": [ -121.749310959130526, 43.829004289582372 ] } },
{ "type": "Feature", "properties": { "track_fid": 0, "track_seg_id": 0, "track_seg_point_id": 1103, "ele": 1369.0, "time": "2025-08-08T16:28:46Z" }, "geometry": { "type": "Point", "coordinates": [ -121.749949660152197, 43.828977299854159 ] } },
{ "type": "Feature", "properties": { "track_fid": 0, "track_seg_id": 0, "track_seg_point_id": 1104, "ele": 1368.5999755859375, "time": "2025-08-08T16:28:48Z" }, "geometry": { "type": "Point", "coordinates": [ -121.750587439164519, 43.828951567411423 ] } },
{ "type": "Feature", "properties": { "track_fid": 0, "track_seg_id": 0, "track_seg_point_id": 1105, "ele": 1368.199951171875, "time": "2025-08-08T16:28:50Z" }, "geometry": { "type": "Point", "coordinates": [ -121.751224799081683, 43.828924242407084 ] } },
{ "type": "Feature", "properties": { "track_fid": 0, "track_seg_id": 0, "track_seg_point_id": 1106, "ele": 1368.199951171875, "time": "2025-08-08T16:28:51Z" }, "geometry": { "type": "Point", "coordinates": [ -121.751541718840599, 43.828910328447819 ] } },
{ "type": "Feature", "properties": { "track_fid": 0, "track_seg_id": 0, "track_seg_point_id": 1107, "ele": 1368.0, "time": "2025-08-08T16:28:53Z" }, "geometry": { "type": "Point", "coordinates": [ -121.752172540873289, 43.828881997615099 ] } },
{ "type": "Feature", "properties": { "track_fid": 0, "track_seg_id": 0, "track_seg_point_id": 1108, "ele": 1367.800048828125, "time": "2025-08-08T16:28:55Z" }, "geometry": { "type": "Point", "coordinates": [ -121.752797327935696, 43.828853499144316 ] } },
{ "type": "Feature", "properties": { "track_fid": 0, "track_seg_id": 0, "track_seg_point_id": 1109, "ele": 1367.4000244140625, "time": "2025-08-08T16:28:58Z" }, "geometry": { "type": "Point", "coordinates": [ -121.753727048635483, 43.828807566314936 ] } },
{ "type": "Feature", "properties": { "track_fid": 0, "track_seg_id": 0, "track_seg_point_id": 1110, "ele": 1367.0, "time": "2025-08-08T16:29:00Z" }, "geometry": { "type": "Point", "coordinates": [ -121.754350326955318, 43.828779319301248 ] } },
{ "type": "Feature", "properties": { "track_fid": 0, "track_seg_id": 0, "track_seg_point_id": 1111, "ele": 1366.800048828125, "time": "2025-08-08T16:29:02Z" }, "geometry": { "type": "Point", "coordinates": [ -121.754978969693184, 43.828751323744655 ] } },
{ "type": "Feature", "properties": { "track_fid": 0, "track_seg_id": 0, "track_seg_point_id": 1112, "ele": 1367.0, "time": "2025-08-08T16:29:04Z" }, "geometry": { "type": "Point", "coordinates": [ -121.75560912117362, 43.828717796131968 ] } },
{ "type": "Feature", "properties": { "track_fid": 0, "track_seg_id": 0, "track_seg_point_id": 1113, "ele": 1367.4000244140625, "time": "2025-08-08T16:29:06Z" }, "geometry": { "type": "Point", "coordinates": [ -121.756238099187613, 43.828684352338314 ] } },
{ "type": "Feature", "properties": { "track_fid": 0, "track_seg_id": 0, "track_seg_point_id": 1114, "ele": 1367.199951171875, "time": "2025-08-08T16:29:08Z" }, "geometry": { "type": "Point", "coordinates": [ -121.756870932877064, 43.82865384221077 ] } },
{ "type": "Feature", "properties": { "track_fid": 0, "track_seg_id": 0, "track_seg_point_id": 1115, "ele": 1366.800048828125, "time": "2025-08-08T16:29:10Z" }, "geometry": { "type": "Point", "coordinates": [ -121.757511142641306, 43.828625092282891 ] } },
{ "type": "Feature", "properties": { "track_fid": 0, "track_seg_id": 0, "track_seg_point_id": 1116, "ele": 1366.4000244140625, "time": "2025-08-08T16:29:12Z" }, "geometry": { "type": "Point", "coordinates": [ -121.758158393204212, 43.828595085069537 ] } },
{ "type": "Feature", "properties": { "track_fid": 0, "track_seg_id": 0, "track_seg_point_id": 1117, "ele": 1365.5999755859375, "time": "2025-08-08T16:29:14Z" }, "geometry": { "type": "Point", "coordinates": [ -121.75881402567029, 43.82856641896069 ] } },
{ "type": "Feature", "properties": { "track_fid": 0, "track_seg_id": 0, "track_seg_point_id": 1118, "ele": 1365.199951171875, "time": "2025-08-08T16:29:16Z" }, "geometry": { "type": "Point", "coordinates": [ -121.759476447477937, 43.8285365793854 ] } },
{ "type": "Feature", "properties": { "track_fid": 0, "track_seg_id": 0, "track_seg_point_id": 1119, "ele": 1365.199951171875, "time": "2025-08-08T16:29:18Z" }, "geometry": { "type": "Point", "coordinates": [ -121.760140797123313, 43.828504476696253 ] } },
{ "type": "Feature", "properties": { "track_fid": 0, "track_seg_id": 0, "track_seg_point_id": 1120, "ele": 1365.199951171875, "time": "2025-08-08T16:29:20Z" }, "geometry": { "type": "Point", "coordinates": [ -121.760805733501911, 43.82847111672163 ] } },
{ "type": "Feature", "properties": { "track_fid": 0, "track_seg_id": 0, "track_seg_point_id": 1121, "ele": 1365.0, "time": "2025-08-08T16:29:22Z" }, "geometry": { "type": "Point", "coordinates": [ -121.76147167570889, 43.828437421470881 ] } },
{ "type": "Feature", "properties": { "track_fid": 0, "track_seg_id": 0, "track_seg_point_id": 1122, "ele": 1364.800048828125, "time": "2025-08-08T16:29:23Z" }, "geometry": { "type": "Point", "coordinates": [ -121.76180393435061, 43.828420238569379 ] } },
{ "type": "Feature", "properties": { "track_fid": 0, "track_seg_id": 0, "track_seg_point_id": 1123, "ele": 1364.4000244140625, "time": "2025-08-08T16:29:25Z" }, "geometry": { "type": "Point", "coordinates": [ -121.762469122186303, 43.828385872766376 ] } },
{ "type": "Feature", "properties": { "track_fid": 0, "track_seg_id": 0, "track_seg_point_id": 1124, "ele": 1363.5999755859375, "time": "2025-08-08T16:29:27Z" }, "geometry": { "type": "Point", "coordinates": [ -121.763137495145202, 43.828354189172387 ] } },
{ "type": "Feature", "properties": { "track_fid": 0, "track_seg_id": 0, "track_seg_point_id": 1125, "ele": 1363.199951171875, "time": "2025-08-08T16:29:29Z" }, "geometry": { "type": "Point", "coordinates": [ -121.763811064884067, 43.828322170302272 ] } },
{ "type": "Feature", "properties": { "track_fid": 0, "track_seg_id": 0, "track_seg_point_id": 1126, "ele": 1363.0, "time": "2025-08-08T16:29:31Z" }, "geometry": { "type": "Point", "coordinates": [ -121.764487233012915, 43.828289145603776 ] } },
{ "type": "Feature", "properties": { "track_fid": 0, "track_seg_id": 0, "track_seg_point_id": 1127, "ele": 1362.4000244140625, "time": "2025-08-08T16:29:33Z" }, "geometry": { "type": "Point", "coordinates": [ -121.765160048380494, 43.828255953267217 ] } },
{ "type": "Feature", "properties": { "track_fid": 0, "track_seg_id": 0, "track_seg_point_id": 1128, "ele": 1362.4000244140625, "time": "2025-08-08T16:29:35Z" }, "geometry": { "type": "Point", "coordinates": [ -121.765828337520361, 43.828224772587419 ] } },
{ "type": "Feature", "properties": { "track_fid": 0, "track_seg_id": 0, "track_seg_point_id": 1129, "ele": 1362.4000244140625, "time": "2025-08-08T16:29:37Z" }, "geometry": { "type": "Point", "coordinates": [ -121.766492184251547, 43.828191831707954 ] } },
{ "type": "Feature", "properties": { "track_fid": 0, "track_seg_id": 0, "track_seg_point_id": 1130, "ele": 1362.4000244140625, "time": "2025-08-08T16:29:39Z" }, "geometry": { "type": "Point", "coordinates": [ -121.767152594402432, 43.828161153942347 ] } },
{ "type": "Feature", "properties": { "track_fid": 0, "track_seg_id": 0, "track_seg_point_id": 1131, "ele": 1362.4000244140625, "time": "2025-08-08T16:29:41Z" }, "geometry": { "type": "Point", "coordinates": [ -121.767812753096223, 43.828129721805453 ] } },
{ "type": "Feature", "properties": { "track_fid": 0, "track_seg_id": 0, "track_seg_point_id": 1132, "ele": 1362.4000244140625, "time": "2025-08-08T16:29:43Z" }, "geometry": { "type": "Point", "coordinates": [ -121.768471319228411, 43.828095775097609 ] } },
{ "type": "Feature", "properties": { "track_fid": 0, "track_seg_id": 0, "track_seg_point_id": 1133, "ele": 1362.199951171875, "time": "2025-08-08T16:29:45Z" }, "geometry": { "type": "Point", "coordinates": [ -121.769122760742903, 43.828061576932669 ] } },
{ "type": "Feature", "properties": { "track_fid": 0, "track_seg_id": 0, "track_seg_point_id": 1134, "ele": 1362.199951171875, "time": "2025-08-08T16:29:46Z" }, "geometry": { "type": "Point", "coordinates": [ -121.769443619996309, 43.828045148402452 ] } },
{ "type": "Feature", "properties": { "track_fid": 0, "track_seg_id": 0, "track_seg_point_id": 1135, "ele": 1362.5999755859375, "time": "2025-08-08T16:29:48Z" }, "geometry": { "type": "Point", "coordinates": [ -121.770070753991604, 43.828014219179749 ] } },
{ "type": "Feature", "properties": { "track_fid": 0, "track_seg_id": 0, "track_seg_point_id": 1136, "ele": 1362.800048828125, "time": "2025-08-08T16:29:51Z" }, "geometry": { "type": "Point", "coordinates": [ -121.770970299839973, 43.827953953295946 ] } },
{ "type": "Feature", "properties": { "track_fid": 0, "track_seg_id": 0, "track_seg_point_id": 1137, "ele": 1362.4000244140625, "time": "2025-08-08T16:29:54Z" }, "geometry": { "type": "Point", "coordinates": [ -121.771826175972819, 43.827912881970406 ] } },
{ "type": "Feature", "properties": { "track_fid": 0, "track_seg_id": 0, "track_seg_point_id": 1138, "ele": 1362.199951171875, "time": "2025-08-08T16:29:56Z" }, "geometry": { "type": "Point", "coordinates": [ -121.772376028820872, 43.827891927212477 ] } },
{ "type": "Feature", "properties": { "track_fid": 0, "track_seg_id": 0, "track_seg_point_id": 1139, "ele": 1362.0, "time": "2025-08-08T16:29:59Z" }, "geometry": { "type": "Point", "coordinates": [ -121.773183876648545, 43.8278544601053 ] } },
{ "type": "Feature", "properties": { "track_fid": 0, "track_seg_id": 0, "track_seg_point_id": 1140, "ele": 1362.0, "time": "2025-08-08T16:30:02Z" }, "geometry": { "type": "Point", "coordinates": [ -121.773956520482898, 43.827811796218157 ] } },
{ "type": "Feature", "properties": { "track_fid": 0, "track_seg_id": 0, "track_seg_point_id": 1141, "ele": 1362.199951171875, "time": "2025-08-08T16:30:05Z" }, "geometry": { "type": "Point", "coordinates": [ -121.774650542065501, 43.827773490920663 ] } },
{ "type": "Feature", "properties": { "track_fid": 0, "track_seg_id": 0, "track_seg_point_id": 1142, "ele": 1362.199951171875, "time": "2025-08-08T16:30:07Z" }, "geometry": { "type": "Point", "coordinates": [ -121.775071062147617, 43.82774792611599 ] } },
{ "type": "Feature", "properties": { "track_fid": 0, "track_seg_id": 0, "track_seg_point_id": 1143, "ele": 1362.5999755859375, "time": "2025-08-08T16:30:11Z" }, "geometry": { "type": "Point", "coordinates": [ -121.775821493938565, 43.827705094590783 ] } },
{ "type": "Feature", "properties": { "track_fid": 0, "track_seg_id": 0, "track_seg_point_id": 1144, "ele": 1362.800048828125, "time": "2025-08-08T16:30:12Z" }, "geometry": { "type": "Point", "coordinates": [ -121.775990054011345, 43.827695455402136 ] } },
{ "type": "Feature", "properties": { "track_fid": 0, "track_seg_id": 0, "track_seg_point_id": 1145, "ele": 1363.5999755859375, "time": "2025-08-08T16:30:17Z" }, "geometry": { "type": "Point", "coordinates": [ -121.776749454438686, 43.827651618048549 ] } },
{ "type": "Feature", "properties": { "track_fid": 0, "track_seg_id": 0, "track_seg_point_id": 1146, "ele": 1363.0, "time": "2025-08-08T16:30:21Z" }, "geometry": { "type": "Point", "coordinates": [ -121.777423275634646, 43.827609792351723 ] } },
{ "type": "Feature", "properties": { "track_fid": 0, "track_seg_id": 0, "track_seg_point_id": 1147, "ele": 1362.5999755859375, "time": "2025-08-08T16:30:23Z" }, "geometry": { "type": "Point", "coordinates": [ -121.777835665270686, 43.827589591965079 ] } },
{ "type": "Feature", "properties": { "track_fid": 0, "track_seg_id": 0, "track_seg_point_id": 1148, "ele": 1362.5999755859375, "time": "2025-08-08T16:30:26Z" }, "geometry": { "type": "Point", "coordinates": [ -121.778533039614558, 43.827554890885949 ] } },
{ "type": "Feature", "properties": { "track_fid": 0, "track_seg_id": 0, "track_seg_point_id": 1149, "ele": 1362.4000244140625, "time": "2025-08-08T16:30:27Z" }, "geometry": { "type": "Point", "coordinates": [ -121.778783658519387, 43.827541982755065 ] } },
{ "type": "Feature", "properties": { "track_fid": 0, "track_seg_id": 0, "track_seg_point_id": 1150, "ele": 1362.800048828125, "time": "2025-08-08T16:30:30Z" }, "geometry": { "type": "Point", "coordinates": [ -121.779581531882286, 43.827502084895968 ] } },
{ "type": "Feature", "properties": { "track_fid": 0, "track_seg_id": 0, "track_seg_point_id": 1151, "ele": 1362.800048828125, "time": "2025-08-08T16:30:32Z" }, "geometry": { "type": "Point", "coordinates": [ -121.780148483812809, 43.827472329139709 ] } },
{ "type": "Feature", "properties": { "track_fid": 0, "track_seg_id": 0, "track_seg_point_id": 1152, "ele": 1363.199951171875, "time": "2025-08-08T16:30:35Z" }, "geometry": { "type": "Point", "coordinates": [ -121.781036546453834, 43.827423630282283 ] } },
{ "type": "Feature", "properties": { "track_fid": 0, "track_seg_id": 0, "track_seg_point_id": 1153, "ele": 1363.199951171875, "time": "2025-08-08T16:30:37Z" }, "geometry": { "type": "Point", "coordinates": [ -121.781648425385356, 43.827389683574438 ] } },
{ "type": "Feature", "properties": { "track_fid": 0, "track_seg_id": 0, "track_seg_point_id": 1154, "ele": 1363.199951171875, "time": "2025-08-08T16:30:40Z" }, "geometry": { "type": "Point", "coordinates": [ -121.782579990103841, 43.827338051050901 ] } },
{ "type": "Feature", "properties": { "track_fid": 0, "track_seg_id": 0, "track_seg_point_id": 1155, "ele": 1363.199951171875, "time": "2025-08-08T16:30:42Z" }, "geometry": { "type": "Point", "coordinates": [ -121.783206285908818, 43.827304942533374 ] } },
{ "type": "Feature", "properties": { "track_fid": 0, "track_seg_id": 0, "track_seg_point_id": 1156, "ele": 1363.199951171875, "time": "2025-08-08T16:30:43Z" }, "geometry": { "type": "Point", "coordinates": [ -121.783520691096783, 43.827287340536714 ] } },
{ "type": "Feature", "properties": { "track_fid": 0, "track_seg_id": 0, "track_seg_point_id": 1157, "ele": 1363.0, "time": "2025-08-08T16:30:45Z" }, "geometry": { "type": "Point", "coordinates": [ -121.784151596948504, 43.827251382172108 ] } },
{ "type": "Feature", "properties": { "track_fid": 0, "track_seg_id": 0, "track_seg_point_id": 1158, "ele": 1363.199951171875, "time": "2025-08-08T16:30:47Z" }, "geometry": { "type": "Point", "coordinates": [ -121.784783927723765, 43.827216681092978 ] } },
{ "type": "Feature", "properties": { "track_fid": 0, "track_seg_id": 0, "track_seg_point_id": 1159, "ele": 1363.0, "time": "2025-08-08T16:30:49Z" }, "geometry": { "type": "Point", "coordinates": [ -121.785416342318058, 43.827185165137053 ] } },
{ "type": "Feature", "properties": { "track_fid": 0, "track_seg_id": 0, "track_seg_point_id": 1160, "ele": 1362.5999755859375, "time": "2025-08-08T16:30:51Z" }, "geometry": { "type": "Point", "coordinates": [ -121.78605018183589, 43.827151972800493 ] } },
{ "type": "Feature", "properties": { "track_fid": 0, "track_seg_id": 0, "track_seg_point_id": 1161, "ele": 1362.4000244140625, "time": "2025-08-08T16:30:53Z" }, "geometry": { "type": "Point", "coordinates": [ -121.786683350801468, 43.82712003774941 ] } },
{ "type": "Feature", "properties": { "track_fid": 0, "track_seg_id": 0, "track_seg_point_id": 1162, "ele": 1362.4000244140625, "time": "2025-08-08T16:30:55Z" }, "geometry": { "type": "Point", "coordinates": [ -121.787309143692255, 43.827088186517358 ] } },
{ "type": "Feature", "properties": { "track_fid": 0, "track_seg_id": 0, "track_seg_point_id": 1163, "ele": 1362.199951171875, "time": "2025-08-08T16:30:58Z" }, "geometry": { "type": "Point", "coordinates": [ -121.788213970139623, 43.827041583135724 ] } },
{ "type": "Feature", "properties": { "track_fid": 0, "track_seg_id": 0, "track_seg_point_id": 1164, "ele": 1362.199951171875, "time": "2025-08-08T16:31:01Z" }, "geometry": { "type": "Point", "coordinates": [ -121.789079988375306, 43.826995566487312 ] } },
{ "type": "Feature", "properties": { "track_fid": 0, "track_seg_id": 0, "track_seg_point_id": 1165, "ele": 1362.199951171875, "time": "2025-08-08T16:31:03Z" }, "geometry": { "type": "Point", "coordinates": [ -121.789628751575947, 43.826965726912022 ] } },
{ "type": "Feature", "properties": { "track_fid": 0, "track_seg_id": 0, "track_seg_point_id": 1166, "ele": 1362.0, "time": "2025-08-08T16:31:06Z" }, "geometry": { "type": "Point", "coordinates": [ -121.790373232215643, 43.826929517090321 ] } },
{ "type": "Feature", "properties": { "track_fid": 0, "track_seg_id": 0, "track_seg_point_id": 1167, "ele": 1362.0, "time": "2025-08-08T16:31:08Z" }, "geometry": { "type": "Point", "coordinates": [ -121.790815629065037, 43.826905377209187 ] } },
{ "type": "Feature", "properties": { "track_fid": 0, "track_seg_id": 0, "track_seg_point_id": 1168, "ele": 1361.5999755859375, "time": "2025-08-08T16:31:12Z" }, "geometry": { "type": "Point", "coordinates": [ -121.791599337011576, 43.826829353347421 ] } },
{ "type": "Feature", "properties": { "track_fid": 0, "track_seg_id": 0, "track_seg_point_id": 1169, "ele": 1361.4000244140625, "time": "2025-08-08T16:31:13Z" }, "geometry": { "type": "Point", "coordinates": [ -121.791769070550799, 43.826791970059276 ] } },
{ "type": "Feature", "properties": { "track_fid": 0, "track_seg_id": 0, "track_seg_point_id": 1170, "ele": 1361.4000244140625, "time": "2025-08-08T16:31:15Z" }, "geometry": { "type": "Point", "coordinates": [ -121.792084900662303, 43.826705552637577 ] } },
{ "type": "Feature", "properties": { "track_fid": 0, "track_seg_id": 0, "track_seg_point_id": 1171, "ele": 1361.4000244140625, "time": "2025-08-08T16:31:16Z" }, "geometry": { "type": "Point", "coordinates": [ -121.792235020548105, 43.82667395286262 ] } },
{ "type": "Feature", "properties": { "track_fid": 0, "track_seg_id": 0, "track_seg_point_id": 1172, "ele": 1361.5999755859375, "time": "2025-08-08T16:31:18Z" }, "geometry": { "type": "Point", "coordinates": [ -121.79249519482255, 43.826663726940751 ] } },
{ "type": "Feature", "properties": { "track_fid": 0, "track_seg_id": 0, "track_seg_point_id": 1173, "ele": 1361.800048828125, "time": "2025-08-08T16:31:20Z" }, "geometry": { "type": "Point", "coordinates": [ -121.792665934190154, 43.826712761074305 ] } },
{ "type": "Feature", "properties": { "track_fid": 0, "track_seg_id": 0, "track_seg_point_id": 1174, "ele": 1362.0, "time": "2025-08-08T16:31:21Z" }, "geometry": { "type": "Point", "coordinates": [ -121.792710945010185, 43.826745534315705 ] } },
{ "type": "Feature", "properties": { "track_fid": 0, "track_seg_id": 0, "track_seg_point_id": 1175, "ele": 1362.199951171875, "time": "2025-08-08T16:31:22Z" }, "geometry": { "type": "Point", "coordinates": [ -121.792724188417196, 43.826777469366789 ] } },
{ "type": "Feature", "properties": { "track_fid": 0, "track_seg_id": 0, "track_seg_point_id": 1176, "ele": 1362.4000244140625, "time": "2025-08-08T16:31:24Z" }, "geometry": { "type": "Point", "coordinates": [ -121.792695941403508, 43.826840417459607 ] } },
{ "type": "Feature", "properties": { "track_fid": 0, "track_seg_id": 0, "track_seg_point_id": 1177, "ele": 1362.4000244140625, "time": "2025-08-08T16:31:27Z" }, "geometry": { "type": "Point", "coordinates": [ -121.792524447664618, 43.826983161270618 ] } },
{ "type": "Feature", "properties": { "track_fid": 0, "track_seg_id": 0, "track_seg_point_id": 1178, "ele": 1362.800048828125, "time": "2025-08-08T16:31:30Z" }, "geometry": { "type": "Point", "coordinates": [ -121.792250527068973, 43.827217519283295 ] } },
{ "type": "Feature", "properties": { "track_fid": 0, "track_seg_id": 0, "track_seg_point_id": 1179, "ele": 1363.0, "time": "2025-08-08T16:31:33Z" }, "geometry": { "type": "Point", "coordinates": [ -121.791880968958139, 43.827539049088955 ] } },
{ "type": "Feature", "properties": { "track_fid": 0, "track_seg_id": 0, "track_seg_point_id": 1180, "ele": 1363.4000244140625, "time": "2025-08-08T16:31:36Z" }, "geometry": { "type": "Point", "coordinates": [ -121.791432537138462, 43.827933669090271 ] } },
{ "type": "Feature", "properties": { "track_fid": 0, "track_seg_id": 0, "track_seg_point_id": 1181, "ele": 1363.5999755859375, "time": "2025-08-08T16:31:37Z" }, "geometry": { "type": "Point", "coordinates": [ -121.791270263493061, 43.82807825691998 ] } },
{ "type": "Feature", "properties": { "track_fid": 0, "track_seg_id": 0, "track_seg_point_id": 1182, "ele": 1363.800048828125, "time": "2025-08-08T16:31:39Z" }, "geometry": { "type": "Point", "coordinates": [ -121.790925683453679, 43.828386040404439 ] } },
{ "type": "Feature", "properties": { "track_fid": 0, "track_seg_id": 0, "track_seg_point_id": 1183, "ele": 1364.199951171875, "time": "2025-08-08T16:31:42Z" }, "geometry": { "type": "Point", "coordinates": [ -121.790371388196945, 43.828880740329623 ] } },
{ "type": "Feature", "properties": { "track_fid": 0, "track_seg_id": 0, "track_seg_point_id": 1184, "ele": 1364.199951171875, "time": "2025-08-08T16:31:43Z" }, "geometry": { "type": "Point", "coordinates": [ -121.790176928043365, 43.829054078087211 ] } },
{ "type": "Feature", "properties": { "track_fid": 0, "track_seg_id": 0, "track_seg_point_id": 1185, "ele": 1364.5999755859375, "time": "2025-08-08T16:31:45Z" }, "geometry": { "type": "Point", "coordinates": [ -121.789779374375939, 43.829414248466492 ] } },
{ "type": "Feature", "properties": { "track_fid": 0, "track_seg_id": 0, "track_seg_point_id": 1186, "ele": 1364.800048828125, "time": "2025-08-08T16:31:47Z" }, "geometry": { "type": "Point", "coordinates": [ -121.789369583129883, 43.82978749461472 ] } },
{ "type": "Feature", "properties": { "track_fid": 0, "track_seg_id": 0, "track_seg_point_id": 1187, "ele": 1365.199951171875, "time": "2025-08-08T16:31:49Z" }, "geometry": { "type": "Point", "coordinates": [ -121.78894822485745, 43.83016568608582 ] } },
{ "type": "Feature", "properties": { "track_fid": 0, "track_seg_id": 0, "track_seg_point_id": 1188, "ele": 1365.5999755859375, "time": "2025-08-08T16:31:51Z" }, "geometry": { "type": "Point", "coordinates": [ -121.788517981767654, 43.830550499260426 ] } },
{ "type": "Feature", "properties": { "track_fid": 0, "track_seg_id": 0, "track_seg_point_id": 1189, "ele": 1366.0, "time": "2025-08-08T16:31:52Z" }, "geometry": { "type": "Point", "coordinates": [ -121.788302566856146, 43.830746971070766 ] } },
{ "type": "Feature", "properties": { "track_fid": 0, "track_seg_id": 0, "track_seg_point_id": 1190, "ele": 1366.4000244140625, "time": "2025-08-08T16:31:54Z" }, "geometry": { "type": "Point", "coordinates": [ -121.787865869700909, 43.831144524738193 ] } },
{ "type": "Feature", "properties": { "track_fid": 0, "track_seg_id": 0, "track_seg_point_id": 1191, "ele": 1366.800048828125, "time": "2025-08-08T16:31:56Z" }, "geometry": { "type": "Point", "coordinates": [ -121.787423975765705, 43.831541826948524 ] } },
{ "type": "Feature", "properties": { "track_fid": 0, "track_seg_id": 0, "track_seg_point_id": 1192, "ele": 1367.5999755859375, "time": "2025-08-08T16:31:58Z" }, "geometry": { "type": "Point", "coordinates": [ -121.786981830373406, 43.831942649558187 ] } },
{ "type": "Feature", "properties": { "track_fid": 0, "track_seg_id": 0, "track_seg_point_id": 1193, "ele": 1368.199951171875, "time": "2025-08-08T16:32:00Z" }, "geometry": { "type": "Point", "coordinates": [ -121.786537421867251, 43.832343053072691 ] } },
{ "type": "Feature", "properties": { "track_fid": 0, "track_seg_id": 0, "track_seg_point_id": 1194, "ele": 1368.800048828125, "time": "2025-08-08T16:32:02Z" }, "geometry": { "type": "Point", "coordinates": [ -121.78609368391335, 43.832742953673005 ] } },
{ "type": "Feature", "properties": { "track_fid": 0, "track_seg_id": 0, "track_seg_point_id": 1195, "ele": 1369.199951171875, "time": "2025-08-08T16:32:04Z" }, "geometry": { "type": "Point", "coordinates": [ -121.785655226558447, 43.833140674978495 ] } },
{ "type": "Feature", "properties": { "track_fid": 0, "track_seg_id": 0, "track_seg_point_id": 1196, "ele": 1369.800048828125, "time": "2025-08-08T16:32:06Z" }, "geometry": { "type": "Point", "coordinates": [ -121.785227581858635, 43.833531271666288 ] } },
{ "type": "Feature", "properties": { "track_fid": 0, "track_seg_id": 0, "track_seg_point_id": 1197, "ele": 1370.4000244140625, "time": "2025-08-08T16:32:08Z" }, "geometry": { "type": "Point", "coordinates": [ -121.784809241071343, 43.833916168659925 ] } },
{ "type": "Feature", "properties": { "track_fid": 0, "track_seg_id": 0, "track_seg_point_id": 1198, "ele": 1370.800048828125, "time": "2025-08-08T16:32:09Z" }, "geometry": { "type": "Point", "coordinates": [ -121.784603549167514, 43.834108281880617 ] } },
{ "type": "Feature", "properties": { "track_fid": 0, "track_seg_id": 0, "track_seg_point_id": 1199, "ele": 1371.4000244140625, "time": "2025-08-08T16:32:11Z" }, "geometry": { "type": "Point", "coordinates": [ -121.784202391281724, 43.83449686691165 ] } },
{ "type": "Feature", "properties": { "track_fid": 0, "track_seg_id": 0, "track_seg_point_id": 1200, "ele": 1371.800048828125, "time": "2025-08-08T16:32:13Z" }, "geometry": { "type": "Point", "coordinates": [ -121.783816237002611, 43.834890061989427 ] } },
{ "type": "Feature", "properties": { "track_fid": 0, "track_seg_id": 0, "track_seg_point_id": 1201, "ele": 1372.0, "time": "2025-08-08T16:32:14Z" }, "geometry": { "type": "Point", "coordinates": [ -121.783632421866059, 43.83509055711329 ] } },
{ "type": "Feature", "properties": { "track_fid": 0, "track_seg_id": 0, "track_seg_point_id": 1202, "ele": 1372.5999755859375, "time": "2025-08-08T16:32:16Z" }, "geometry": { "type": "Point", "coordinates": [ -121.783277448266745, 43.835490373894572 ] } },
{ "type": "Feature", "properties": { "track_fid": 0, "track_seg_id": 0, "track_seg_point_id": 1203, "ele": 1372.800048828125, "time": "2025-08-08T16:32:18Z" }, "geometry": { "type": "Point", "coordinates": [ -121.782942842692137, 43.835890693590045 ] } },
{ "type": "Feature", "properties": { "track_fid": 0, "track_seg_id": 0, "track_seg_point_id": 1204, "ele": 1373.199951171875, "time": "2025-08-08T16:32:20Z" }, "geometry": { "type": "Point", "coordinates": [ -121.782630197703838, 43.836296377703547 ] } },
{ "type": "Feature", "properties": { "track_fid": 0, "track_seg_id": 0, "track_seg_point_id": 1205, "ele": 1373.4000244140625, "time": "2025-08-08T16:32:22Z" }, "geometry": { "type": "Point", "coordinates": [ -121.782334316521883, 43.83670792914927 ] } },
{ "type": "Feature", "properties": { "track_fid": 0, "track_seg_id": 0, "track_seg_point_id": 1206, "ele": 1373.5999755859375, "time": "2025-08-08T16:32:24Z" }, "geometry": { "type": "Point", "coordinates": [ -121.782056540250778, 43.837124677374959 ] } },
{ "type": "Feature", "properties": { "track_fid": 0, "track_seg_id": 0, "track_seg_point_id": 1207, "ele": 1373.800048828125, "time": "2025-08-08T16:32:25Z" }, "geometry": { "type": "Point", "coordinates": [ -121.781925866380334, 43.837334979325533 ] } },
{ "type": "Feature", "properties": { "track_fid": 0, "track_seg_id": 0, "track_seg_point_id": 1208, "ele": 1374.0, "time": "2025-08-08T16:32:27Z" }, "geometry": { "type": "Point", "coordinates": [ -121.781676420941949, 43.837764216586947 ] } },
{ "type": "Feature", "properties": { "track_fid": 0, "track_seg_id": 0, "track_seg_point_id": 1209, "ele": 1374.4000244140625, "time": "2025-08-08T16:32:29Z" }, "geometry": { "type": "Point", "coordinates": [ -121.781440135091543, 43.838203176856041 ] } },
{ "type": "Feature", "properties": { "track_fid": 0, "track_seg_id": 0, "track_seg_point_id": 1210, "ele": 1374.5999755859375, "time": "2025-08-08T16:32:31Z" }, "geometry": { "type": "Point", "coordinates": [ -121.781217847019434, 43.838651524856687 ] } },
{ "type": "Feature", "properties": { "track_fid": 0, "track_seg_id": 0, "track_seg_point_id": 1211, "ele": 1374.5999755859375, "time": "2025-08-08T16:32:33Z" }, "geometry": { "type": "Point", "coordinates": [ -121.781014753505588, 43.839111439883709 ] } },
{ "type": "Feature", "properties": { "track_fid": 0, "track_seg_id": 0, "track_seg_point_id": 1212, "ele": 1374.4000244140625, "time": "2025-08-08T16:32:35Z" }, "geometry": { "type": "Point", "coordinates": [ -121.780827166512609, 43.83957764133811 ] } },
{ "type": "Feature", "properties": { "track_fid": 0, "track_seg_id": 0, "track_seg_point_id": 1213, "ele": 1374.0, "time": "2025-08-08T16:32:36Z" }, "geometry": { "type": "Point", "coordinates": [ -121.780746029689908, 43.839814262464643 ] } },
{ "type": "Feature", "properties": { "track_fid": 0, "track_seg_id": 0, "track_seg_point_id": 1214, "ele": 1373.5999755859375, "time": "2025-08-08T16:32:38Z" }, "geometry": { "type": "Point", "coordinates": [ -121.780596664175391, 43.840279458090663 ] } },
{ "type": "Feature", "properties": { "track_fid": 0, "track_seg_id": 0, "track_seg_point_id": 1215, "ele": 1373.5999755859375, "time": "2025-08-08T16:32:40Z" }, "geometry": { "type": "Point", "coordinates": [ -121.780464230105281, 43.84073325432837 ] } },
{ "type": "Feature", "properties": { "track_fid": 0, "track_seg_id": 0, "track_seg_point_id": 1216, "ele": 1373.800048828125, "time": "2025-08-08T16:32:42Z" }, "geometry": { "type": "Point", "coordinates": [ -121.780343865975738, 43.841179087758064 ] } },
{ "type": "Feature", "properties": { "track_fid": 0, "track_seg_id": 0, "track_seg_point_id": 1217, "ele": 1374.199951171875, "time": "2025-08-08T16:32:45Z" }, "geometry": { "type": "Point", "coordinates": [ -121.78017346188426, 43.841828433796763 ] } },
{ "type": "Feature", "properties": { "track_fid": 0, "track_seg_id": 0, "track_seg_point_id": 1218, "ele": 1374.5999755859375, "time": "2025-08-08T16:32:47Z" }, "geometry": { "type": "Point", "coordinates": [ -121.780077153816819, 43.842253983020782 ] } },
{ "type": "Feature", "properties": { "track_fid": 0, "track_seg_id": 0, "track_seg_point_id": 1219, "ele": 1375.0, "time": "2025-08-08T16:32:50Z" }, "geometry": { "type": "Point", "coordinates": [ -121.779960226267576, 43.842901065945625 ] } },
{ "type": "Feature", "properties": { "track_fid": 0, "track_seg_id": 0, "track_seg_point_id": 1220, "ele": 1374.4000244140625, "time": "2025-08-08T16:32:52Z" }, "geometry": { "type": "Point", "coordinates": [ -121.77991496399045, 43.843343043699861 ] } },
{ "type": "Feature", "properties": { "track_fid": 0, "track_seg_id": 0, "track_seg_point_id": 1221, "ele": 1374.5999755859375, "time": "2025-08-08T16:32:55Z" }, "geometry": { "type": "Point", "coordinates": [ -121.779853524640203, 43.844006136059761 ] } },
{ "type": "Feature", "properties": { "track_fid": 0, "track_seg_id": 0, "track_seg_point_id": 1222, "ele": 1376.199951171875, "time": "2025-08-08T16:32:58Z" }, "geometry": { "type": "Point", "coordinates": [ -121.77980843000114, 43.844675598666072 ] } },
{ "type": "Feature", "properties": { "track_fid": 0, "track_seg_id": 0, "track_seg_point_id": 1223, "ele": 1376.4000244140625, "time": "2025-08-08T16:32:59Z" }, "geometry": { "type": "Point", "coordinates": [ -121.779804155230522, 43.84490224532783 ] } },
{ "type": "Feature", "properties": { "track_fid": 0, "track_seg_id": 0, "track_seg_point_id": 1224, "ele": 1377.4000244140625, "time": "2025-08-08T16:33:01Z" }, "geometry": { "type": "Point", "coordinates": [ -121.779809771105647, 43.845355035737157 ] } },
{ "type": "Feature", "properties": { "track_fid": 0, "track_seg_id": 0, "track_seg_point_id": 1225, "ele": 1379.5999755859375, "time": "2025-08-08T16:33:04Z" }, "geometry": { "type": "Point", "coordinates": [ -121.779824355617166, 43.84602558799088 ] } },
{ "type": "Feature", "properties": { "track_fid": 0, "track_seg_id": 0, "track_seg_point_id": 1226, "ele": 1380.5999755859375, "time": "2025-08-08T16:33:05Z" }, "geometry": { "type": "Point", "coordinates": [ -121.779835755005479, 43.846250558272004 ] } },
{ "type": "Feature", "properties": { "track_fid": 0, "track_seg_id": 0, "track_seg_point_id": 1227, "ele": 1381.4000244140625, "time": "2025-08-08T16:33:07Z" }, "geometry": { "type": "Point", "coordinates": [ -121.779872719198465, 43.846708880737424 ] } },
{ "type": "Feature", "properties": { "track_fid": 0, "track_seg_id": 0, "track_seg_point_id": 1228, "ele": 1382.5999755859375, "time": "2025-08-08T16:33:09Z" }, "geometry": { "type": "Point", "coordinates": [ -121.779924351722002, 43.847163934260607 ] } },
{ "type": "Feature", "properties": { "track_fid": 0, "track_seg_id": 0, "track_seg_point_id": 1229, "ele": 1383.0, "time": "2025-08-08T16:33:11Z" }, "geometry": { "type": "Point", "coordinates": [ -121.779985371977091, 43.847615635022521 ] } },
{ "type": "Feature", "properties": { "track_fid": 0, "track_seg_id": 0, "track_seg_point_id": 1230, "ele": 1384.4000244140625, "time": "2025-08-08T16:33:13Z" }, "geometry": { "type": "Point", "coordinates": [ -121.780063072219491, 43.848069766536355 ] } },
{ "type": "Feature", "properties": { "track_fid": 0, "track_seg_id": 0, "track_seg_point_id": 1231, "ele": 1385.4000244140625, "time": "2025-08-08T16:33:15Z" }, "geometry": { "type": "Point", "coordinates": [ -121.780162062495947, 43.848534543067217 ] } },
{ "type": "Feature", "properties": { "track_fid": 0, "track_seg_id": 0, "track_seg_point_id": 1232, "ele": 1387.0, "time": "2025-08-08T16:33:17Z" }, "geometry": { "type": "Point", "coordinates": [ -121.780269853770733, 43.848990183323622 ] } },
{ "type": "Feature", "properties": { "track_fid": 0, "track_seg_id": 0, "track_seg_point_id": 1233, "ele": 1386.4000244140625, "time": "2025-08-08T16:33:19Z" }, "geometry": { "type": "Point", "coordinates": [ -121.780398935079575, 43.849449176341295 ] } },
{ "type": "Feature", "properties": { "track_fid": 0, "track_seg_id": 0, "track_seg_point_id": 1234, "ele": 1386.0, "time": "2025-08-08T16:33:21Z" }, "geometry": { "type": "Point", "coordinates": [ -121.780527178198099, 43.849916970357299 ] } },
{ "type": "Feature", "properties": { "track_fid": 0, "track_seg_id": 0, "track_seg_point_id": 1235, "ele": 1386.0, "time": "2025-08-08T16:33:23Z" }, "geometry": { "type": "Point", "coordinates": [ -121.78065718151629, 43.850385183468461 ] } },
{ "type": "Feature", "properties": { "track_fid": 0, "track_seg_id": 0, "track_seg_point_id": 1236, "ele": 1385.4000244140625, "time": "2025-08-08T16:33:25Z" }, "geometry": { "type": "Point", "coordinates": [ -121.780788358300924, 43.850855743512511 ] } },
{ "type": "Feature", "properties": { "track_fid": 0, "track_seg_id": 0, "track_seg_point_id": 1237, "ele": 1385.0, "time": "2025-08-08T16:33:26Z" }, "geometry": { "type": "Point", "coordinates": [ -121.780851641669869, 43.85109169408679 ] } },
{ "type": "Feature", "properties": { "track_fid": 0, "track_seg_id": 0, "track_seg_point_id": 1238, "ele": 1385.4000244140625, "time": "2025-08-08T16:33:28Z" }, "geometry": { "type": "Point", "coordinates": [ -121.780975693836808, 43.851561164483428 ] } },
{ "type": "Feature", "properties": { "track_fid": 0, "track_seg_id": 0, "track_seg_point_id": 1239, "ele": 1385.4000244140625, "time": "2025-08-08T16:33:30Z" }, "geometry": { "type": "Point", "coordinates": [ -121.781105529516935, 43.852023761719465 ] } },
{ "type": "Feature", "properties": { "track_fid": 0, "track_seg_id": 0, "track_seg_point_id": 1240, "ele": 1386.0, "time": "2025-08-08T16:33:32Z" }, "geometry": { "type": "Point", "coordinates": [ -121.781230922788382, 43.852471187710762 ] } },
{ "type": "Feature", "properties": { "track_fid": 0, "track_seg_id": 0, "track_seg_point_id": 1241, "ele": 1386.199951171875, "time": "2025-08-08T16:33:34Z" }, "geometry": { "type": "Point", "coordinates": [ -121.781343827024102, 43.85291576385498 ] } },
{ "type": "Feature", "properties": { "track_fid": 0, "track_seg_id": 0, "track_seg_point_id": 1242, "ele": 1386.800048828125, "time": "2025-08-08T16:33:37Z" }, "geometry": { "type": "Point", "coordinates": [ -121.781495790928602, 43.853555973619223 ] } },
{ "type": "Feature", "properties": { "track_fid": 0, "track_seg_id": 0, "track_seg_point_id": 1243, "ele": 1387.0, "time": "2025-08-08T16:33:39Z" }, "geometry": { "type": "Point", "coordinates": [ -121.781606180593371, 43.853974649682641 ] } },
{ "type": "Feature", "properties": { "track_fid": 0, "track_seg_id": 0, "track_seg_point_id": 1244, "ele": 1386.4000244140625, "time": "2025-08-08T16:33:42Z" }, "geometry": { "type": "Point", "coordinates": [ -121.781846741214395, 43.854611590504646 ] } },
{ "type": "Feature", "properties": { "track_fid": 0, "track_seg_id": 0, "track_seg_point_id": 1245, "ele": 1385.800048828125, "time": "2025-08-08T16:33:43Z" }, "geometry": { "type": "Point", "coordinates": [ -121.78196576423943, 43.854836644604802 ] } },
{ "type": "Feature", "properties": { "track_fid": 0, "track_seg_id": 0, "track_seg_point_id": 1246, "ele": 1384.199951171875, "time": "2025-08-08T16:33:46Z" }, "geometry": { "type": "Point", "coordinates": [ -121.78236298263073, 43.855431759729981 ] } },
{ "type": "Feature", "properties": { "track_fid": 0, "track_seg_id": 0, "track_seg_point_id": 1247, "ele": 1384.5999755859375, "time": "2025-08-08T16:33:47Z" }, "geometry": { "type": "Point", "coordinates": [ -121.782510839402676, 43.855629237368703 ] } },
{ "type": "Feature", "properties": { "track_fid": 0, "track_seg_id": 0, "track_seg_point_id": 1248, "ele": 1385.199951171875, "time": "2025-08-08T16:33:49Z" }, "geometry": { "type": "Point", "coordinates": [ -121.782824238762259, 43.856021091341972 ] } },
{ "type": "Feature", "properties": { "track_fid": 0, "track_seg_id": 0, "track_seg_point_id": 1249, "ele": 1385.5999755859375, "time": "2025-08-08T16:33:51Z" }, "geometry": { "type": "Point", "coordinates": [ -121.783153396099806, 43.856408419087529 ] } },
{ "type": "Feature", "properties": { "track_fid": 0, "track_seg_id": 0, "track_seg_point_id": 1250, "ele": 1386.199951171875, "time": "2025-08-08T16:33:53Z" }, "geometry": { "type": "Point", "coordinates": [ -121.783503340557218, 43.856791891157627 ] } },
{ "type": "Feature", "properties": { "track_fid": 0, "track_seg_id": 0, "track_seg_point_id": 1251, "ele": 1387.199951171875, "time": "2025-08-08T16:33:55Z" }, "geometry": { "type": "Point", "coordinates": [ -121.783849596977234, 43.857183996587992 ] } },
{ "type": "Feature", "properties": { "track_fid": 0, "track_seg_id": 0, "track_seg_point_id": 1252, "ele": 1388.0, "time": "2025-08-08T16:33:57Z" }, "geometry": { "type": "Point", "coordinates": [ -121.784188477322459, 43.857578868046403 ] } },
{ "type": "Feature", "properties": { "track_fid": 0, "track_seg_id": 0, "track_seg_point_id": 1253, "ele": 1388.800048828125, "time": "2025-08-08T16:33:59Z" }, "geometry": { "type": "Point", "coordinates": [ -121.78448754362762, 43.857986563816667 ] } },
{ "type": "Feature", "properties": { "track_fid": 0, "track_seg_id": 0, "track_seg_point_id": 1254, "ele": 1389.800048828125, "time": "2025-08-08T16:34:00Z" }, "geometry": { "type": "Point", "coordinates": [ -121.784610841423273, 43.858204158023 ] } },
{ "type": "Feature", "properties": { "track_fid": 0, "track_seg_id": 0, "track_seg_point_id": 1255, "ele": 1391.199951171875, "time": "2025-08-08T16:34:02Z" }, "geometry": { "type": "Point", "coordinates": [ -121.784797087311745, 43.858649237081409 ] } },
{ "type": "Feature", "properties": { "track_fid": 0, "track_seg_id": 0, "track_seg_point_id": 1256, "ele": 1391.5999755859375, "time": "2025-08-08T16:34:03Z" }, "geometry": { "type": "Point", "coordinates": [ -121.784856263548136, 43.858882840722799 ] } },
{ "type": "Feature", "properties": { "track_fid": 0, "track_seg_id": 0, "track_seg_point_id": 1257, "ele": 1392.800048828125, "time": "2025-08-08T16:34:05Z" }, "geometry": { "type": "Point", "coordinates": [ -121.784922732040286, 43.859353233128786 ] } },
{ "type": "Feature", "properties": { "track_fid": 0, "track_seg_id": 0, "track_seg_point_id": 1258, "ele": 1393.199951171875, "time": "2025-08-08T16:34:06Z" }, "geometry": { "type": "Point", "coordinates": [ -121.784927928820252, 43.85958893224597 ] } },
{ "type": "Feature", "properties": { "track_fid": 0, "track_seg_id": 0, "track_seg_point_id": 1259, "ele": 1394.5999755859375, "time": "2025-08-08T16:34:08Z" }, "geometry": { "type": "Point", "coordinates": [ -121.784868920221925, 43.860062258318067 ] } },
{ "type": "Feature", "properties": { "track_fid": 0, "track_seg_id": 0, "track_seg_point_id": 1260, "ele": 1395.4000244140625, "time": "2025-08-08T16:34:09Z" }, "geometry": { "type": "Point", "coordinates": [ -121.784815276041627, 43.86029502376914 ] } },
{ "type": "Feature", "properties": { "track_fid": 0, "track_seg_id": 0, "track_seg_point_id": 1261, "ele": 1396.199951171875, "time": "2025-08-08T16:34:11Z" }, "geometry": { "type": "Point", "coordinates": [ -121.784655516967177, 43.860747730359435 ] } },
{ "type": "Feature", "properties": { "track_fid": 0, "track_seg_id": 0, "track_seg_point_id": 1262, "ele": 1396.199951171875, "time": "2025-08-08T16:34:12Z" }, "geometry": { "type": "Point", "coordinates": [ -121.784547474235296, 43.860961385071278 ] } },
{ "type": "Feature", "properties": { "track_fid": 0, "track_seg_id": 0, "track_seg_point_id": 1263, "ele": 1396.4000244140625, "time": "2025-08-08T16:34:15Z" }, "geometry": { "type": "Point", "coordinates": [ -121.784193674102426, 43.861560858786106 ] } },
{ "type": "Feature", "properties": { "track_fid": 0, "track_seg_id": 0, "track_seg_point_id": 1264, "ele": 1397.5999755859375, "time": "2025-08-08T16:34:17Z" }, "geometry": { "type": "Point", "coordinates": [ -121.783960573375225, 43.86197542771697 ] } },
{ "type": "Feature", "properties": { "track_fid": 0, "track_seg_id": 0, "track_seg_point_id": 1265, "ele": 1401.5999755859375, "time": "2025-08-08T16:34:20Z" }, "geometry": { "type": "Point", "coordinates": [ -121.783592943102121, 43.862590827047825 ] } },
{ "type": "Feature", "properties": { "track_fid": 0, "track_seg_id": 0, "track_seg_point_id": 1266, "ele": 1405.199951171875, "time": "2025-08-08T16:34:23Z" }, "geometry": { "type": "Point", "coordinates": [ -121.783236125484109, 43.863212428987026 ] } },
{ "type": "Feature", "properties": { "track_fid": 0, "track_seg_id": 0, "track_seg_point_id": 1267, "ele": 1406.0, "time": "2025-08-08T16:34:24Z" }, "geometry": { "type": "Point", "coordinates": [ -121.783115845173597, 43.863421054556966 ] } },
{ "type": "Feature", "properties": { "track_fid": 0, "track_seg_id": 0, "track_seg_point_id": 1268, "ele": 1406.5999755859375, "time": "2025-08-08T16:34:26Z" }, "geometry": { "type": "Point", "coordinates": [ -121.782874530181289, 43.863838892430067 ] } },
{ "type": "Feature", "properties": { "track_fid": 0, "track_seg_id": 0, "track_seg_point_id": 1269, "ele": 1407.199951171875, "time": "2025-08-08T16:34:28Z" }, "geometry": { "type": "Point", "coordinates": [ -121.782636735588312, 43.864260083064437 ] } },
{ "type": "Feature", "properties": { "track_fid": 0, "track_seg_id": 0, "track_seg_point_id": 1270, "ele": 1408.4000244140625, "time": "2025-08-08T16:34:30Z" }, "geometry": { "type": "Point", "coordinates": [ -121.782404389232397, 43.864681525155902 ] } },
{ "type": "Feature", "properties": { "track_fid": 0, "track_seg_id": 0, "track_seg_point_id": 1271, "ele": 1408.0, "time": "2025-08-08T16:34:32Z" }, "geometry": { "type": "Point", "coordinates": [ -121.782167935743928, 43.86510506272316 ] } },
{ "type": "Feature", "properties": { "track_fid": 0, "track_seg_id": 0, "track_seg_point_id": 1272, "ele": 1407.800048828125, "time": "2025-08-08T16:34:33Z" }, "geometry": { "type": "Point", "coordinates": [ -121.782051594927907, 43.865314275026321 ] } },
{ "type": "Feature", "properties": { "track_fid": 0, "track_seg_id": 0, "track_seg_point_id": 1273, "ele": 1407.0, "time": "2025-08-08T16:34:36Z" }, "geometry": { "type": "Point", "coordinates": [ -121.781695783138275, 43.865938223898411 ] } },
{ "type": "Feature", "properties": { "track_fid": 0, "track_seg_id": 0, "track_seg_point_id": 1274, "ele": 1406.5999755859375, "time": "2025-08-08T16:34:38Z" }, "geometry": { "type": "Point", "coordinates": [ -121.781457653269172, 43.866355139762163 ] } },
{ "type": "Feature", "properties": { "track_fid": 0, "track_seg_id": 0, "track_seg_point_id": 1275, "ele": 1406.199951171875, "time": "2025-08-08T16:34:40Z" }, "geometry": { "type": "Point", "coordinates": [ -121.781210135668516, 43.866769624873996 ] } },
{ "type": "Feature", "properties": { "track_fid": 0, "track_seg_id": 0, "track_seg_point_id": 1276, "ele": 1405.0, "time": "2025-08-08T16:34:43Z" }, "geometry": { "type": "Point", "coordinates": [ -121.780805960297585, 43.867376977577806 ] } },
{ "type": "Feature", "properties": { "track_fid": 0, "track_seg_id": 0, "track_seg_point_id": 1277, "ele": 1405.800048828125, "time": "2025-08-08T16:34:46Z" }, "geometry": { "type": "Point", "coordinates": [ -121.780417039990425, 43.867981480434537 ] } },
{ "type": "Feature", "properties": { "track_fid": 0, "track_seg_id": 0, "track_seg_point_id": 1278, "ele": 1408.199951171875, "time": "2025-08-08T16:34:49Z" }, "geometry": { "type": "Point", "coordinates": [ -121.780034992843866, 43.868582881987095 ] } },
{ "type": "Feature", "properties": { "track_fid": 0, "track_seg_id": 0, "track_seg_point_id": 1279, "ele": 1409.5999755859375, "time": "2025-08-08T16:34:51Z" }, "geometry": { "type": "Point", "coordinates": [ -121.779776243492961, 43.868982279673219 ] } },
{ "type": "Feature", "properties": { "track_fid": 0, "track_seg_id": 0, "track_seg_point_id": 1280, "ele": 1411.0, "time": "2025-08-08T16:34:54Z" }, "geometry": { "type": "Point", "coordinates": [ -121.779380030930042, 43.869588039815426 ] } },
{ "type": "Feature", "properties": { "track_fid": 0, "track_seg_id": 0, "track_seg_point_id": 1281, "ele": 1412.199951171875, "time": "2025-08-08T16:34:57Z" }, "geometry": { "type": "Point", "coordinates": [ -121.778997397050261, 43.870189776644111 ] } },
{ "type": "Feature", "properties": { "track_fid": 0, "track_seg_id": 0, "track_seg_point_id": 1282, "ele": 1412.800048828125, "time": "2025-08-08T16:35:00Z" }, "geometry": { "type": "Point", "coordinates": [ -121.778625575825572, 43.870775755494833 ] } },
{ "type": "Feature", "properties": { "track_fid": 0, "track_seg_id": 0, "track_seg_point_id": 1283, "ele": 1412.800048828125, "time": "2025-08-08T16:35:01Z" }, "geometry": { "type": "Point", "coordinates": [ -121.778503116220236, 43.870974238961935 ] } },
{ "type": "Feature", "properties": { "track_fid": 0, "track_seg_id": 0, "track_seg_point_id": 1284, "ele": 1412.199951171875, "time": "2025-08-08T16:35:04Z" }, "geometry": { "type": "Point", "coordinates": [ -121.778127355501056, 43.871579747647047 ] } },
{ "type": "Feature", "properties": { "track_fid": 0, "track_seg_id": 0, "track_seg_point_id": 1285, "ele": 1410.199951171875, "time": "2025-08-08T16:35:07Z" }, "geometry": { "type": "Point", "coordinates": [ -121.77773374132812, 43.872187519446015 ] } },
{ "type": "Feature", "properties": { "track_fid": 0, "track_seg_id": 0, "track_seg_point_id": 1286, "ele": 1408.800048828125, "time": "2025-08-08T16:35:09Z" }, "geometry": { "type": "Point", "coordinates": [ -121.777476165443659, 43.872598651796579 ] } },
{ "type": "Feature", "properties": { "track_fid": 0, "track_seg_id": 0, "track_seg_point_id": 1287, "ele": 1407.800048828125, "time": "2025-08-08T16:35:11Z" }, "geometry": { "type": "Point", "coordinates": [ -121.777234934270382, 43.873007353395224 ] } },
{ "type": "Feature", "properties": { "track_fid": 0, "track_seg_id": 0, "track_seg_point_id": 1288, "ele": 1407.800048828125, "time": "2025-08-08T16:35:14Z" }, "geometry": { "type": "Point", "coordinates": [ -121.776847438886762, 43.873604983091354 ] } },
{ "type": "Feature", "properties": { "track_fid": 0, "track_seg_id": 0, "track_seg_point_id": 1289, "ele": 1408.800048828125, "time": "2025-08-08T16:35:17Z" }, "geometry": { "type": "Point", "coordinates": [ -121.776444353163242, 43.874201355502009 ] } },
{ "type": "Feature", "properties": { "track_fid": 0, "track_seg_id": 0, "track_seg_point_id": 1290, "ele": 1409.199951171875, "time": "2025-08-08T16:35:18Z" }, "geometry": { "type": "Point", "coordinates": [ -121.776313679292798, 43.87440025806427 ] } },
{ "type": "Feature", "properties": { "track_fid": 0, "track_seg_id": 0, "track_seg_point_id": 1291, "ele": 1410.199951171875, "time": "2025-08-08T16:35:21Z" }, "geometry": { "type": "Point", "coordinates": [ -121.775938924401999, 43.874998725950718 ] } },
{ "type": "Feature", "properties": { "track_fid": 0, "track_seg_id": 0, "track_seg_point_id": 1292, "ele": 1411.5999755859375, "time": "2025-08-08T16:35:24Z" }, "geometry": { "type": "Point", "coordinates": [ -121.775562576949596, 43.875599456951022 ] } },
{ "type": "Feature", "properties": { "track_fid": 0, "track_seg_id": 0, "track_seg_point_id": 1293, "ele": 1412.199951171875, "time": "2025-08-08T16:35:25Z" }, "geometry": { "type": "Point", "coordinates": [ -121.775433495640755, 43.875800622627139 ] } },
{ "type": "Feature", "properties": { "track_fid": 0, "track_seg_id": 0, "track_seg_point_id": 1294, "ele": 1414.0, "time": "2025-08-08T16:35:28Z" }, "geometry": { "type": "Point", "coordinates": [ -121.775040216743946, 43.876414764672518 ] } },
{ "type": "Feature", "properties": { "track_fid": 0, "track_seg_id": 0, "track_seg_point_id": 1295, "ele": 1415.4000244140625, "time": "2025-08-08T16:35:30Z" }, "geometry": { "type": "Point", "coordinates": [ -121.774774678051472, 43.876836625859141 ] } },
{ "type": "Feature", "properties": { "track_fid": 0, "track_seg_id": 0, "track_seg_point_id": 1296, "ele": 1416.5999755859375, "time": "2025-08-08T16:35:32Z" }, "geometry": { "type": "Point", "coordinates": [ -121.774503355845809, 43.877267036587 ] } },
{ "type": "Feature", "properties": { "track_fid": 0, "track_seg_id": 0, "track_seg_point_id": 1297, "ele": 1417.800048828125, "time": "2025-08-08T16:35:34Z" }, "geometry": { "type": "Point", "coordinates": [ -121.774221891537309, 43.877701135352254 ] } },
{ "type": "Feature", "properties": { "track_fid": 0, "track_seg_id": 0, "track_seg_point_id": 1298, "ele": 1419.199951171875, "time": "2025-08-08T16:35:36Z" }, "geometry": { "type": "Point", "coordinates": [ -121.773941935971379, 43.878138922154903 ] } },
{ "type": "Feature", "properties": { "track_fid": 0, "track_seg_id": 0, "track_seg_point_id": 1299, "ele": 1420.4000244140625, "time": "2025-08-08T16:35:38Z" }, "geometry": { "type": "Point", "coordinates": [ -121.77366591989994, 43.878579139709473 ] } },
{ "type": "Feature", "properties": { "track_fid": 0, "track_seg_id": 0, "track_seg_point_id": 1300, "ele": 1421.5999755859375, "time": "2025-08-08T16:35:40Z" }, "geometry": { "type": "Point", "coordinates": [ -121.773384623229504, 43.879018938168883 ] } },
{ "type": "Feature", "properties": { "track_fid": 0, "track_seg_id": 0, "track_seg_point_id": 1301, "ele": 1422.0, "time": "2025-08-08T16:35:41Z" }, "geometry": { "type": "Point", "coordinates": [ -121.773242130875587, 43.87923963367939 ] } },
{ "type": "Feature", "properties": { "track_fid": 0, "track_seg_id": 0, "track_seg_point_id": 1302, "ele": 1423.199951171875, "time": "2025-08-08T16:35:43Z" }, "geometry": { "type": "Point", "coordinates": [ -121.772957229986787, 43.879682198166847 ] } },
{ "type": "Feature", "properties": { "track_fid": 0, "track_seg_id": 0, "track_seg_point_id": 1303, "ele": 1424.199951171875, "time": "2025-08-08T16:35:45Z" }, "geometry": { "type": "Point", "coordinates": [ -121.772670652717352, 43.880121326074004 ] } },
{ "type": "Feature", "properties": { "track_fid": 0, "track_seg_id": 0, "track_seg_point_id": 1304, "ele": 1425.199951171875, "time": "2025-08-08T16:35:47Z" }, "geometry": { "type": "Point", "coordinates": [ -121.772387595847249, 43.880559448152781 ] } },
{ "type": "Feature", "properties": { "track_fid": 0, "track_seg_id": 0, "track_seg_point_id": 1305, "ele": 1426.4000244140625, "time": "2025-08-08T16:35:49Z" }, "geometry": { "type": "Point", "coordinates": [ -121.772113759070635, 43.880999498069286 ] } },
{ "type": "Feature", "properties": { "track_fid": 0, "track_seg_id": 0, "track_seg_point_id": 1306, "ele": 1427.4000244140625, "time": "2025-08-08T16:35:51Z" }, "geometry": { "type": "Point", "coordinates": [ -121.771831288933754, 43.881438625976443 ] } },
{ "type": "Feature", "properties": { "track_fid": 0, "track_seg_id": 0, "track_seg_point_id": 1307, "ele": 1428.800048828125, "time": "2025-08-08T16:35:53Z" }, "geometry": { "type": "Point", "coordinates": [ -121.771550830453634, 43.881874149665236 ] } },
{ "type": "Feature", "properties": { "track_fid": 0, "track_seg_id": 0, "track_seg_point_id": 1308, "ele": 1430.199951171875, "time": "2025-08-08T16:35:55Z" }, "geometry": { "type": "Point", "coordinates": [ -121.771276742219925, 43.882302045822144 ] } },
{ "type": "Feature", "properties": { "track_fid": 0, "track_seg_id": 0, "track_seg_point_id": 1309, "ele": 1430.4000244140625, "time": "2025-08-08T16:35:57Z" }, "geometry": { "type": "Point", "coordinates": [ -121.77100089378655, 43.882734635844827 ] } },
{ "type": "Feature", "properties": { "track_fid": 0, "track_seg_id": 0, "track_seg_point_id": 1310, "ele": 1431.0, "time": "2025-08-08T16:35:59Z" }, "geometry": { "type": "Point", "coordinates": [ -121.770722279325128, 43.883168650791049 ] } },
{ "type": "Feature", "properties": { "track_fid": 0, "track_seg_id": 0, "track_seg_point_id": 1311, "ele": 1431.4000244140625, "time": "2025-08-08T16:36:01Z" }, "geometry": { "type": "Point", "coordinates": [ -121.770439054816961, 43.883598139509559 ] } },
{ "type": "Feature", "properties": { "track_fid": 0, "track_seg_id": 0, "track_seg_point_id": 1312, "ele": 1432.5999755859375, "time": "2025-08-08T16:36:03Z" }, "geometry": { "type": "Point", "coordinates": [ -121.770163457840681, 43.884024946019053 ] } },
{ "type": "Feature", "properties": { "track_fid": 0, "track_seg_id": 0, "track_seg_point_id": 1313, "ele": 1432.800048828125, "time": "2025-08-08T16:36:05Z" }, "geometry": { "type": "Point", "coordinates": [ -121.769894482567906, 43.884445549920201 ] } },
{ "type": "Feature", "properties": { "track_fid": 0, "track_seg_id": 0, "track_seg_point_id": 1314, "ele": 1433.5999755859375, "time": "2025-08-08T16:36:07Z" }, "geometry": { "type": "Point", "coordinates": [ -121.769623495638371, 43.884872021153569 ] } },
{ "type": "Feature", "properties": { "track_fid": 0, "track_seg_id": 0, "track_seg_point_id": 1315, "ele": 1434.199951171875, "time": "2025-08-08T16:36:09Z" }, "geometry": { "type": "Point", "coordinates": [ -121.769354688003659, 43.885314837098122 ] } },
{ "type": "Feature", "properties": { "track_fid": 0, "track_seg_id": 0, "track_seg_point_id": 1316, "ele": 1434.800048828125, "time": "2025-08-08T16:36:11Z" }, "geometry": { "type": "Point", "coordinates": [ -121.769073978066444, 43.885757988318801 ] } },
{ "type": "Feature", "properties": { "track_fid": 0, "track_seg_id": 0, "track_seg_point_id": 1317, "ele": 1435.199951171875, "time": "2025-08-08T16:36:13Z" }, "geometry": { "type": "Point", "coordinates": [ -121.768792262300849, 43.886203151196241 ] } },
{ "type": "Feature", "properties": { "track_fid": 0, "track_seg_id": 0, "track_seg_point_id": 1318, "ele": 1435.800048828125, "time": "2025-08-08T16:36:15Z" }, "geometry": { "type": "Point", "coordinates": [ -121.768514653667808, 43.886645883321762 ] } },
{ "type": "Feature", "properties": { "track_fid": 0, "track_seg_id": 0, "track_seg_point_id": 1319, "ele": 1436.0, "time": "2025-08-08T16:36:16Z" }, "geometry": { "type": "Point", "coordinates": [ -121.768378699198365, 43.886865992099047 ] } },
{ "type": "Feature", "properties": { "track_fid": 0, "track_seg_id": 0, "track_seg_point_id": 1320, "ele": 1436.5999755859375, "time": "2025-08-08T16:36:18Z" }, "geometry": { "type": "Point", "coordinates": [ -121.768104946240783, 43.887299671769142 ] } },
{ "type": "Feature", "properties": { "track_fid": 0, "track_seg_id": 0, "track_seg_point_id": 1321, "ele": 1437.199951171875, "time": "2025-08-08T16:36:20Z" }, "geometry": { "type": "Point", "coordinates": [ -121.767829181626439, 43.887730250135064 ] } },
{ "type": "Feature", "properties": { "track_fid": 0, "track_seg_id": 0, "track_seg_point_id": 1322, "ele": 1437.800048828125, "time": "2025-08-08T16:36:22Z" }, "geometry": { "type": "Point", "coordinates": [ -121.767557272687554, 43.888160828500986 ] } },
{ "type": "Feature", "properties": { "track_fid": 0, "track_seg_id": 0, "track_seg_point_id": 1323, "ele": 1438.4000244140625, "time": "2025-08-08T16:36:24Z" }, "geometry": { "type": "Point", "coordinates": [ -121.767311682924628, 43.888594675809145 ] } },
{ "type": "Feature", "properties": { "track_fid": 0, "track_seg_id": 0, "track_seg_point_id": 1324, "ele": 1438.800048828125, "time": "2025-08-08T16:36:26Z" }, "geometry": { "type": "Point", "coordinates": [ -121.767106493934989, 43.889037491753697 ] } },
{ "type": "Feature", "properties": { "track_fid": 0, "track_seg_id": 0, "track_seg_point_id": 1325, "ele": 1439.199951171875, "time": "2025-08-08T16:36:28Z" }, "geometry": { "type": "Point", "coordinates": [ -121.766949165612459, 43.889487767592072 ] } },
{ "type": "Feature", "properties": { "track_fid": 0, "track_seg_id": 0, "track_seg_point_id": 1326, "ele": 1439.5999755859375, "time": "2025-08-08T16:36:30Z" }, "geometry": { "type": "Point", "coordinates": [ -121.766842631623149, 43.889946928247809 ] } },
{ "type": "Feature", "properties": { "track_fid": 0, "track_seg_id": 0, "track_seg_point_id": 1327, "ele": 1440.199951171875, "time": "2025-08-08T16:36:32Z" }, "geometry": { "type": "Point", "coordinates": [ -121.766791082918644, 43.890417823567986 ] } },
{ "type": "Feature", "properties": { "track_fid": 0, "track_seg_id": 0, "track_seg_point_id": 1328, "ele": 1440.5999755859375, "time": "2025-08-08T16:36:34Z" }, "geometry": { "type": "Point", "coordinates": [ -121.766787646338344, 43.890887126326561 ] } },
{ "type": "Feature", "properties": { "track_fid": 0, "track_seg_id": 0, "track_seg_point_id": 1329, "ele": 1440.5999755859375, "time": "2025-08-08T16:36:36Z" }, "geometry": { "type": "Point", "coordinates": [ -121.766832154244184, 43.891350561752915 ] } },
{ "type": "Feature", "properties": { "track_fid": 0, "track_seg_id": 0, "track_seg_point_id": 1330, "ele": 1440.5999755859375, "time": "2025-08-08T16:36:38Z" }, "geometry": { "type": "Point", "coordinates": [ -121.766921589151025, 43.891810057684779 ] } },
{ "type": "Feature", "properties": { "track_fid": 0, "track_seg_id": 0, "track_seg_point_id": 1331, "ele": 1441.199951171875, "time": "2025-08-08T16:36:40Z" }, "geometry": { "type": "Point", "coordinates": [ -121.767059220001101, 43.892266117036343 ] } },
{ "type": "Feature", "properties": { "track_fid": 0, "track_seg_id": 0, "track_seg_point_id": 1332, "ele": 1442.0, "time": "2025-08-08T16:36:42Z" }, "geometry": { "type": "Point", "coordinates": [ -121.767242532223463, 43.892710944637656 ] } },
{ "type": "Feature", "properties": { "track_fid": 0, "track_seg_id": 0, "track_seg_point_id": 1333, "ele": 1443.0, "time": "2025-08-08T16:36:44Z" }, "geometry": { "type": "Point", "coordinates": [ -121.767470017075539, 43.893144959583879 ] } },
{ "type": "Feature", "properties": { "track_fid": 0, "track_seg_id": 0, "track_seg_point_id": 1334, "ele": 1444.0, "time": "2025-08-08T16:36:46Z" }, "geometry": { "type": "Point", "coordinates": [ -121.76773295737803, 43.893561037257314 ] } },
{ "type": "Feature", "properties": { "track_fid": 0, "track_seg_id": 0, "track_seg_point_id": 1335, "ele": 1445.5999755859375, "time": "2025-08-08T16:36:48Z" }, "geometry": { "type": "Point", "coordinates": [ -121.768035963177681, 43.89396395534277 ] } },
{ "type": "Feature", "properties": { "track_fid": 0, "track_seg_id": 0, "track_seg_point_id": 1336, "ele": 1446.800048828125, "time": "2025-08-08T16:36:50Z" }, "geometry": { "type": "Point", "coordinates": [ -121.768366126343608, 43.894362179562449 ] } },
{ "type": "Feature", "properties": { "track_fid": 0, "track_seg_id": 0, "track_seg_point_id": 1337, "ele": 1448.4000244140625, "time": "2025-08-08T16:36:52Z" }, "geometry": { "type": "Point", "coordinates": [ -121.768711628392339, 43.894760655239224 ] } },
{ "type": "Feature", "properties": { "track_fid": 0, "track_seg_id": 0, "track_seg_point_id": 1338, "ele": 1449.5999755859375, "time": "2025-08-08T16:36:54Z" }, "geometry": { "type": "Point", "coordinates": [ -121.769057298079133, 43.895155945792794 ] } },
{ "type": "Feature", "properties": { "track_fid": 0, "track_seg_id": 0, "track_seg_point_id": 1339, "ele": 1450.800048828125, "time": "2025-08-08T16:36:56Z" }, "geometry": { "type": "Point", "coordinates": [ -121.769397016614676, 43.895552158355713 ] } },
{ "type": "Feature", "properties": { "track_fid": 0, "track_seg_id": 0, "track_seg_point_id": 1340, "ele": 1451.800048828125, "time": "2025-08-08T16:36:58Z" }, "geometry": { "type": "Point", "coordinates": [ -121.769737489521503, 43.895946526899934 ] } },
{ "type": "Feature", "properties": { "track_fid": 0, "track_seg_id": 0, "track_seg_point_id": 1341, "ele": 1452.4000244140625, "time": "2025-08-08T16:37:00Z" }, "geometry": { "type": "Point", "coordinates": [ -121.770078968256712, 43.89634215272963 ] } },
{ "type": "Feature", "properties": { "track_fid": 0, "track_seg_id": 0, "track_seg_point_id": 1342, "ele": 1452.5999755859375, "time": "2025-08-08T16:37:02Z" }, "geometry": { "type": "Point", "coordinates": [ -121.770415585488081, 43.896735263988376 ] } },
{ "type": "Feature", "properties": { "track_fid": 0, "track_seg_id": 0, "track_seg_point_id": 1343, "ele": 1452.199951171875, "time": "2025-08-08T16:37:04Z" }, "geometry": { "type": "Point", "coordinates": [ -121.770748849958181, 43.897125190123916 ] } },
{ "type": "Feature", "properties": { "track_fid": 0, "track_seg_id": 0, "track_seg_point_id": 1344, "ele": 1451.4000244140625, "time": "2025-08-08T16:37:06Z" }, "geometry": { "type": "Point", "coordinates": [ -121.771078677847981, 43.897515786811709 ] } },
{ "type": "Feature", "properties": { "track_fid": 0, "track_seg_id": 0, "track_seg_point_id": 1345, "ele": 1450.5999755859375, "time": "2025-08-08T16:37:08Z" }, "geometry": { "type": "Point", "coordinates": [ -121.771410182118416, 43.89790671877563 ] } },
{ "type": "Feature", "properties": { "track_fid": 0, "track_seg_id": 0, "track_seg_point_id": 1346, "ele": 1450.199951171875, "time": "2025-08-08T16:37:10Z" }, "geometry": { "type": "Point", "coordinates": [ -121.771740177646279, 43.898299997672439 ] } },
{ "type": "Feature", "properties": { "track_fid": 0, "track_seg_id": 0, "track_seg_point_id": 1347, "ele": 1450.0, "time": "2025-08-08T16:37:12Z" }, "geometry": { "type": "Point", "coordinates": [ -121.772065730765462, 43.898685816675425 ] } },
{ "type": "Feature", "properties": { "track_fid": 0, "track_seg_id": 0, "track_seg_point_id": 1348, "ele": 1450.800048828125, "time": "2025-08-08T16:37:15Z" }, "geometry": { "type": "Point", "coordinates": [ -121.77252933382988, 43.899240531027317 ] } },
{ "type": "Feature", "properties": { "track_fid": 0, "track_seg_id": 0, "track_seg_point_id": 1349, "ele": 1452.0, "time": "2025-08-08T16:37:18Z" }, "geometry": { "type": "Point", "coordinates": [ -121.772961253300309, 43.899758281186223 ] } },
{ "type": "Feature", "properties": { "track_fid": 0, "track_seg_id": 0, "track_seg_point_id": 1350, "ele": 1454.0, "time": "2025-08-08T16:37:21Z" }, "geometry": { "type": "Point", "coordinates": [ -121.773358471691608, 43.900226997211576 ] } },
{ "type": "Feature", "properties": { "track_fid": 0, "track_seg_id": 0, "track_seg_point_id": 1351, "ele": 1455.199951171875, "time": "2025-08-08T16:37:23Z" }, "geometry": { "type": "Point", "coordinates": [ -121.773609174415469, 43.900521621108055 ] } },
{ "type": "Feature", "properties": { "track_fid": 0, "track_seg_id": 0, "track_seg_point_id": 1352, "ele": 1456.4000244140625, "time": "2025-08-08T16:37:26Z" }, "geometry": { "type": "Point", "coordinates": [ -121.773982923477888, 43.900963766500354 ] } },
{ "type": "Feature", "properties": { "track_fid": 0, "track_seg_id": 0, "track_seg_point_id": 1353, "ele": 1457.0, "time": "2025-08-08T16:37:29Z" }, "geometry": { "type": "Point", "coordinates": [ -121.774382069706917, 43.901435332372785 ] } },
{ "type": "Feature", "properties": { "track_fid": 0, "track_seg_id": 0, "track_seg_point_id": 1354, "ele": 1456.800048828125, "time": "2025-08-08T16:37:32Z" }, "geometry": { "type": "Point", "coordinates": [ -121.774797393009067, 43.901921398937702 ] } },
{ "type": "Feature", "properties": { "track_fid": 0, "track_seg_id": 0, "track_seg_point_id": 1355, "ele": 1456.5999755859375, "time": "2025-08-08T16:37:35Z" }, "geometry": { "type": "Point", "coordinates": [ -121.775195952504873, 43.902393635362387 ] } },
{ "type": "Feature", "properties": { "track_fid": 0, "track_seg_id": 0, "track_seg_point_id": 1356, "ele": 1455.800048828125, "time": "2025-08-08T16:37:38Z" }, "geometry": { "type": "Point", "coordinates": [ -121.775570791214705, 43.902840642258525 ] } },
{ "type": "Feature", "properties": { "track_fid": 0, "track_seg_id": 0, "track_seg_point_id": 1357, "ele": 1455.5999755859375, "time": "2025-08-08T16:37:41Z" }, "geometry": { "type": "Point", "coordinates": [ -121.775901457294822, 43.90323325060308 ] } },
{ "type": "Feature", "properties": { "track_fid": 0, "track_seg_id": 0, "track_seg_point_id": 1358, "ele": 1455.199951171875, "time": "2025-08-08T16:37:42Z" }, "geometry": { "type": "Point", "coordinates": [ -121.775992484763265, 43.903342299163342 ] } },
{ "type": "Feature", "properties": { "track_fid": 0, "track_seg_id": 0, "track_seg_point_id": 1359, "ele": 1454.800048828125, "time": "2025-08-08T16:37:45Z" }, "geometry": { "type": "Point", "coordinates": [ -121.77619063295424, 43.903585039079189 ] } },
{ "type": "Feature", "properties": { "track_fid": 0, "track_seg_id": 0, "track_seg_point_id": 1360, "ele": 1454.800048828125, "time": "2025-08-08T16:37:46Z" }, "geometry": { "type": "Point", "coordinates": [ -121.776246121153235, 43.903629966080189 ] } },
{ "type": "Feature", "properties": { "track_fid": 0, "track_seg_id": 0, "track_seg_point_id": 1361, "ele": 1454.4000244140625, "time": "2025-08-08T16:37:47Z" }, "geometry": { "type": "Point", "coordinates": [ -121.776306051760912, 43.903648490086198 ] } },
{ "type": "Feature", "properties": { "track_fid": 0, "track_seg_id": 0, "track_seg_point_id": 1362, "ele": 1454.199951171875, "time": "2025-08-08T16:37:48Z" }, "geometry": { "type": "Point", "coordinates": [ -121.776371346786618, 43.903645472601056 ] } },
{ "type": "Feature", "properties": { "track_fid": 0, "track_seg_id": 0, "track_seg_point_id": 1363, "ele": 1454.4000244140625, "time": "2025-08-08T16:37:50Z" }, "geometry": { "type": "Point", "coordinates": [ -121.776475366204977, 43.903583949431777 ] } },
{ "type": "Feature", "properties": { "track_fid": 0, "track_seg_id": 0, "track_seg_point_id": 1364, "ele": 1455.199951171875, "time": "2025-08-08T16:37:53Z" }, "geometry": { "type": "Point", "coordinates": [ -121.776653733104467, 43.90347414650023 ] } },
{ "type": "Feature", "properties": { "track_fid": 0, "track_seg_id": 0, "track_seg_point_id": 1365, "ele": 1457.199951171875, "time": "2025-08-08T16:37:58Z" }, "geometry": { "type": "Point", "coordinates": [ -121.776947854086757, 43.903322266414762 ] } },
{ "type": "Feature", "properties": { "track_fid": 0, "track_seg_id": 0, "track_seg_point_id": 1366, "ele": 1457.800048828125, "time": "2025-08-08T16:37:59Z" }, "geometry": { "type": "Point", "coordinates": [ -121.777000240981579, 43.903315477073193 ] } },
{ "type": "Feature", "properties": { "track_fid": 0, "track_seg_id": 0, "track_seg_point_id": 1367, "ele": 1458.0, "time": "2025-08-08T16:38:00Z" }, "geometry": { "type": "Point", "coordinates": [ -121.777050280943513, 43.903323942795396 ] } },
{ "type": "Feature", "properties": { "track_fid": 0, "track_seg_id": 0, "track_seg_point_id": 1368, "ele": 1457.800048828125, "time": "2025-08-08T16:38:02Z" }, "geometry": { "type": "Point", "coordinates": [ -121.777125298976898, 43.9033720549196 ] } },
{ "type": "Feature", "properties": { "track_fid": 0, "track_seg_id": 0, "track_seg_point_id": 1369, "ele": 1457.5999755859375, "time": "2025-08-08T16:38:04Z" }, "geometry": { "type": "Point", "coordinates": [ -121.777158575132489, 43.903442127630115 ] } },
{ "type": "Feature", "properties": { "track_fid": 0, "track_seg_id": 0, "track_seg_point_id": 1370, "ele": 1457.5999755859375, "time": "2025-08-08T16:38:05Z" }, "geometry": { "type": "Point", "coordinates": [ -121.777159161865711, 43.90348345041275 ] } },
{ "type": "Feature", "properties": { "track_fid": 0, "track_seg_id": 0, "track_seg_point_id": 1371, "ele": 1456.800048828125, "time": "2025-08-08T16:38:10Z" }, "geometry": { "type": "Point", "coordinates": [ -121.777065116912127, 43.903689896687865 ] } },
{ "type": "Feature", "properties": { "track_fid": 0, "track_seg_id": 0, "track_seg_point_id": 1372, "ele": 1458.0, "time": "2025-08-08T16:38:17Z" }, "geometry": { "type": "Point", "coordinates": [ -121.776983644813299, 43.903932720422745 ] } },
{ "type": "Feature", "properties": { "track_fid": 0, "track_seg_id": 0, "track_seg_point_id": 1373, "ele": 1457.5999755859375, "time": "2025-08-08T16:38:22Z" }, "geometry": { "type": "Point", "coordinates": [ -121.777038546279073, 43.904065825045109 ] } },
{ "type": "Feature", "properties": { "track_fid": 0, "track_seg_id": 0, "track_seg_point_id": 1374, "ele": 1458.199951171875, "time": "2025-08-08T16:38:28Z" }, "geometry": { "type": "Point", "coordinates": [ -121.777173494920135, 43.904146375134587 ] } },
{ "type": "Feature", "properties": { "track_fid": 0, "track_seg_id": 0, "track_seg_point_id": 1375, "ele": 1459.0, "time": "2025-08-08T16:38:30Z" }, "geometry": { "type": "Point", "coordinates": [ -121.777224456891418, 43.904143357649446 ] } },
{ "type": "Feature", "properties": { "track_fid": 0, "track_seg_id": 0, "track_seg_point_id": 1376, "ele": 1459.800048828125, "time": "2025-08-08T16:38:33Z" }, "geometry": { "type": "Point", "coordinates": [ -121.777297798544168, 43.904126929119229 ] } },
{ "type": "Feature", "properties": { "track_fid": 0, "track_seg_id": 0, "track_seg_point_id": 1377, "ele": 1459.800048828125, "time": "2025-08-08T16:38:39Z" }, "geometry": { "type": "Point", "coordinates": [ -121.777376672253013, 43.904005475342274 ] } },
{ "type": "Feature", "properties": { "track_fid": 0, "track_seg_id": 0, "track_seg_point_id": 1378, "ele": 1459.4000244140625, "time": "2025-08-08T16:38:42Z" }, "geometry": { "type": "Point", "coordinates": [ -121.777411960065365, 43.903973037377 ] } },
{ "type": "Feature", "properties": { "track_fid": 0, "track_seg_id": 0, "track_seg_point_id": 1379, "ele": 1459.199951171875, "time": "2025-08-08T16:38:43Z" }, "geometry": { "type": "Point", "coordinates": [ -121.777416234835982, 43.903972618281841 ] } },
{ "type": "Feature", "properties": { "track_fid": 0, "track_seg_id": 0, "track_seg_point_id": 1380, "ele": 1459.199951171875, "time": "2025-08-08T16:38:44Z" }, "geometry": { "type": "Point", "coordinates": [ -121.777415899559855, 43.903974797576666 ] } },
{ "type": "Feature", "properties": { "track_fid": 0, "track_seg_id": 0, "track_seg_point_id": 1381, "ele": 1459.199951171875, "time": "2025-08-08T16:38:46Z" }, "geometry": { "type": "Point", "coordinates": [ -121.777406679466367, 43.903983598574996 ] } },
{ "type": "Feature", "properties": { "track_fid": 0, "track_seg_id": 0, "track_seg_point_id": 1382, "ele": 1459.5999755859375, "time": "2025-08-08T16:38:52Z" }, "geometry": { "type": "Point", "coordinates": [ -121.777405254542828, 43.904005223885179 ] } },
{ "type": "Feature", "properties": { "track_fid": 0, "track_seg_id": 0, "track_seg_point_id": 1383, "ele": 1460.800048828125, "time": "2025-08-08T16:39:00Z" }, "geometry": { "type": "Point", "coordinates": [ -121.777493683621287, 43.903980329632759 ] } },
{ "type": "Feature", "properties": { "track_fid": 0, "track_seg_id": 0, "track_seg_point_id": 1384, "ele": 1461.0, "time": "2025-08-08T16:39:04Z" }, "geometry": { "type": "Point", "coordinates": [ -121.777495946735144, 43.903990974649787 ] } },
{ "type": "Feature", "properties": { "track_fid": 0, "track_seg_id": 0, "track_seg_point_id": 1385, "ele": 1461.0, "time": "2025-08-08T16:39:11Z" }, "geometry": { "type": "Point", "coordinates": [ -121.77749527618289, 43.903992483392358 ] } },
{ "type": "Feature", "properties": { "track_fid": 0, "track_seg_id": 0, "track_seg_point_id": 1386, "ele": 1460.800048828125, "time": "2025-08-08T16:39:23Z" }, "geometry": { "type": "Point", "coordinates": [ -121.777476249262691, 43.903983850032091 ] } },
{ "type": "Feature", "properties": { "track_fid": 0, "track_seg_id": 0, "track_seg_point_id": 1387, "ele": 1460.199951171875, "time": "2025-08-08T16:39:33Z" }, "geometry": { "type": "Point", "coordinates": [ -121.777450684458017, 43.903996171429753 ] } },
{ "type": "Feature", "properties": { "track_fid": 0, "track_seg_id": 0, "track_seg_point_id": 1388, "ele": 1460.199951171875, "time": "2025-08-08T16:39:41Z" }, "geometry": { "type": "Point", "coordinates": [ -121.777441380545497, 43.90398963354528 ] } },
{ "type": "Feature", "properties": { "track_fid": 0, "track_seg_id": 0, "track_seg_point_id": 1389, "ele": 1460.4000244140625, "time": "2025-08-08T16:39:49Z" }, "geometry": { "type": "Point", "coordinates": [ -121.777446744963527, 43.903988124802709 ] } },
{ "type": "Feature", "properties": { "track_fid": 0, "track_seg_id": 0, "track_seg_point_id": 1390, "ele": 1460.199951171875, "time": "2025-08-08T16:40:04Z" }, "geometry": { "type": "Point", "coordinates": [ -121.77744104526937, 43.903987873345613 ] } },
{ "type": "Feature", "properties": { "track_fid": 0, "track_seg_id": 0, "track_seg_point_id": 1391, "ele": 1459.800048828125, "time": "2025-08-08T16:41:01Z" }, "geometry": { "type": "Point", "coordinates": [ -121.777450852096081, 43.904000949114561 ] } },
{ "type": "Feature", "properties": { "track_fid": 0, "track_seg_id": 0, "track_seg_point_id": 1392, "ele": 1459.800048828125, "time": "2025-08-08T16:41:11Z" }, "geometry": { "type": "Point", "coordinates": [ -121.777453869581223, 43.903999775648117 ] } },
{ "type": "Feature", "properties": { "track_fid": 0, "track_seg_id": 0, "track_seg_point_id": 1393, "ele": 1459.5999755859375, "time": "2025-08-08T16:41:24Z" }, "geometry": { "type": "Point", "coordinates": [ -121.777451019734144, 43.903997847810388 ] } },
{ "type": "Feature", "properties": { "track_fid": 0, "track_seg_id": 0, "track_seg_point_id": 1394, "ele": 1460.0, "time": "2025-08-08T16:41:45Z" }, "geometry": { "type": "Point", "coordinates": [ -121.777454875409603, 43.903998099267483 ] } },
{ "type": "Feature", "properties": { "track_fid": 0, "track_seg_id": 0, "track_seg_point_id": 1395, "ele": 1459.0, "time": "2025-08-08T16:42:03Z" }, "geometry": { "type": "Point", "coordinates": [ -121.777452696114779, 43.904008828103542 ] } },
{ "type": "Feature", "properties": { "track_fid": 0, "track_seg_id": 0, "track_seg_point_id": 1396, "ele": 1459.199951171875, "time": "2025-08-08T16:42:22Z" }, "geometry": { "type": "Point", "coordinates": [ -121.777417827397585, 43.904006732627749 ] } },
{ "type": "Feature", "properties": { "track_fid": 0, "track_seg_id": 0, "track_seg_point_id": 1397, "ele": 1458.800048828125, "time": "2025-08-08T16:42:43Z" }, "geometry": { "type": "Point", "coordinates": [ -121.77740047685802, 43.904004218056798 ] } },
{ "type": "Feature", "properties": { "track_fid": 0, "track_seg_id": 0, "track_seg_point_id": 1398, "ele": 1459.5999755859375, "time": "2025-08-08T16:43:05Z" }, "geometry": { "type": "Point", "coordinates": [ -121.777407266199589, 43.904011929407716 ] } },
{ "type": "Feature", "properties": { "track_fid": 0, "track_seg_id": 0, "track_seg_point_id": 1399, "ele": 1459.5999755859375, "time": "2025-08-08T16:43:27Z" }, "geometry": { "type": "Point", "coordinates": [ -121.777399554848671, 43.904012935236096 ] } },
{ "type": "Feature", "properties": { "track_fid": 0, "track_seg_id": 0, "track_seg_point_id": 1400, "ele": 1459.0, "time": "2025-08-08T16:43:51Z" }, "geometry": { "type": "Point", "coordinates": [ -121.777397627010942, 43.904020478948951 ] } },
{ "type": "Feature", "properties": { "track_fid": 0, "track_seg_id": 0, "track_seg_point_id": 1401, "ele": 1458.199951171875, "time": "2025-08-08T16:44:14Z" }, "geometry": { "type": "Point", "coordinates": [ -121.777396537363529, 43.904038248583674 ] } },
{ "type": "Feature", "properties": { "track_fid": 0, "track_seg_id": 0, "track_seg_point_id": 1402, "ele": 1458.0, "time": "2025-08-08T16:44:43Z" }, "geometry": { "type": "Point", "coordinates": [ -121.777398465201259, 43.904029028490186 ] } },
{ "type": "Feature", "properties": { "track_fid": 0, "track_seg_id": 0, "track_seg_point_id": 1403, "ele": 1457.5999755859375, "time": "2025-08-08T16:45:15Z" }, "geometry": { "type": "Point", "coordinates": [ -121.777385473251343, 43.904018551111221 ] } },
{ "type": "Feature", "properties": { "track_fid": 0, "track_seg_id": 0, "track_seg_point_id": 1404, "ele": 1457.4000244140625, "time": "2025-08-08T16:45:31Z" }, "geometry": { "type": "Point", "coordinates": [ -121.77738337777555, 43.904015868902206 ] } },
{ "type": "Feature", "properties": { "track_fid": 0, "track_seg_id": 0, "track_seg_point_id": 1405, "ele": 1457.199951171875, "time": "2025-08-08T16:45:55Z" }, "geometry": { "type": "Point", "coordinates": [ -121.777386981993914, 43.904010923579335 ] } },
{ "type": "Feature", "properties": { "track_fid": 0, "track_seg_id": 0, "track_seg_point_id": 1406, "ele": 1459.4000244140625, "time": "2025-08-08T16:46:08Z" }, "geometry": { "type": "Point", "coordinates": [ -121.777422269806266, 43.904020478948951 ] } },
{ "type": "Feature", "properties": { "track_fid": 0, "track_seg_id": 0, "track_seg_point_id": 1407, "ele": 1469.199951171875, "time": "2025-08-08T16:46:35Z" }, "geometry": { "type": "Point", "coordinates": [ -121.777456467971206, 43.904085690155625 ] } },
{ "type": "Feature", "properties": { "track_fid": 0, "track_seg_id": 0, "track_seg_point_id": 1408, "ele": 1473.199951171875, "time": "2025-08-08T16:46:57Z" }, "geometry": { "type": "Point", "coordinates": [ -121.777556128799915, 43.904040595516562 ] } },
{ "type": "Feature", "properties": { "track_fid": 0, "track_seg_id": 0, "track_seg_point_id": 1409, "ele": 1476.4000244140625, "time": "2025-08-08T16:47:10Z" }, "geometry": { "type": "Point", "coordinates": [ -121.777673559263349, 43.904052162542939 ] } },
{ "type": "Feature", "properties": { "track_fid": 0, "track_seg_id": 0, "track_seg_point_id": 1410, "ele": 1479.0, "time": "2025-08-08T16:47:21Z" }, "geometry": { "type": "Point", "coordinates": [ -121.777880843728781, 43.904059957712889 ] } },
{ "type": "Feature", "properties": { "track_fid": 0, "track_seg_id": 0, "track_seg_point_id": 1411, "ele": 1481.0, "time": "2025-08-08T16:47:33Z" }, "geometry": { "type": "Point", "coordinates": [ -121.778073040768504, 43.904008576646447 ] } },
{ "type": "Feature", "properties": { "track_fid": 0, "track_seg_id": 0, "track_seg_point_id": 1412, "ele": 1483.199951171875, "time": "2025-08-08T16:47:42Z" }, "geometry": { "type": "Point", "coordinates": [ -121.778188040480018, 43.903980329632759 ] } },
{ "type": "Feature", "properties": { "track_fid": 0, "track_seg_id": 0, "track_seg_point_id": 1413, "ele": 1485.4000244140625, "time": "2025-08-08T16:47:54Z" }, "geometry": { "type": "Point", "coordinates": [ -121.77834059111774, 43.903836999088526 ] } },
{ "type": "Feature", "properties": { "track_fid": 0, "track_seg_id": 0, "track_seg_point_id": 1414, "ele": 1485.4000244140625, "time": "2025-08-08T16:48:05Z" }, "geometry": { "type": "Point", "coordinates": [ -121.77841829136014, 43.903690483421087 ] } },
{ "type": "Feature", "properties": { "track_fid": 0, "track_seg_id": 0, "track_seg_point_id": 1415, "ele": 1485.800048828125, "time": "2025-08-08T16:48:14Z" }, "geometry": { "type": "Point", "coordinates": [ -121.778448885306716, 43.903624098747969 ] } },
{ "type": "Feature", "properties": { "track_fid": 0, "track_seg_id": 0, "track_seg_point_id": 1416, "ele": 1487.199951171875, "time": "2025-08-08T16:48:25Z" }, "geometry": { "type": "Point", "coordinates": [ -121.778495153412223, 43.903533490374684 ] } },
{ "type": "Feature", "properties": { "track_fid": 0, "track_seg_id": 0, "track_seg_point_id": 1417, "ele": 1487.800048828125, "time": "2025-08-08T16:48:34Z" }, "geometry": { "type": "Point", "coordinates": [ -121.778545193374157, 43.903474397957325 ] } },
{ "type": "Feature", "properties": { "track_fid": 0, "track_seg_id": 0, "track_seg_point_id": 1418, "ele": 1489.0, "time": "2025-08-08T16:48:44Z" }, "geometry": { "type": "Point", "coordinates": [ -121.778604118153453, 43.903372557833791 ] } },
{ "type": "Feature", "properties": { "track_fid": 0, "track_seg_id": 0, "track_seg_point_id": 1419, "ele": 1487.4000244140625, "time": "2025-08-08T16:48:58Z" }, "geometry": { "type": "Point", "coordinates": [ -121.778770163655281, 43.903184635564685 ] } },
{ "type": "Feature", "properties": { "track_fid": 0, "track_seg_id": 0, "track_seg_point_id": 1420, "ele": 1486.0, "time": "2025-08-08T16:49:12Z" }, "geometry": { "type": "Point", "coordinates": [ -121.77881458774209, 43.903033928945661 ] } },
{ "type": "Feature", "properties": { "track_fid": 0, "track_seg_id": 0, "track_seg_point_id": 1421, "ele": 1486.4000244140625, "time": "2025-08-08T16:49:24Z" }, "geometry": { "type": "Point", "coordinates": [ -121.778872087597847, 43.902915827929974 ] } },
{ "type": "Feature", "properties": { "track_fid": 0, "track_seg_id": 0, "track_seg_point_id": 1422, "ele": 1485.800048828125, "time": "2025-08-08T16:49:33Z" }, "geometry": { "type": "Point", "coordinates": [ -121.778905866667628, 43.902839049696922 ] } },
{ "type": "Feature", "properties": { "track_fid": 0, "track_seg_id": 0, "track_seg_point_id": 1423, "ele": 1485.4000244140625, "time": "2025-08-08T16:49:46Z" }, "geometry": { "type": "Point", "coordinates": [ -121.779013657942414, 43.902756487950683 ] } },
{ "type": "Feature", "properties": { "track_fid": 0, "track_seg_id": 0, "track_seg_point_id": 1424, "ele": 1485.199951171875, "time": "2025-08-08T16:49:56Z" }, "geometry": { "type": "Point", "coordinates": [ -121.779110720381141, 43.902697395533323 ] } },
{ "type": "Feature", "properties": { "track_fid": 0, "track_seg_id": 0, "track_seg_point_id": 1425, "ele": 1486.4000244140625, "time": "2025-08-08T16:50:05Z" }, "geometry": { "type": "Point", "coordinates": [ -121.779186660423875, 43.902665879577398 ] } },
{ "type": "Feature", "properties": { "track_fid": 0, "track_seg_id": 0, "track_seg_point_id": 1426, "ele": 1487.5999755859375, "time": "2025-08-08T16:50:17Z" }, "geometry": { "type": "Point", "coordinates": [ -121.779306186363101, 43.902614749968052 ] } },
{ "type": "Feature", "properties": { "track_fid": 0, "track_seg_id": 0, "track_seg_point_id": 1427, "ele": 1487.0, "time": "2025-08-08T16:50:28Z" }, "geometry": { "type": "Point", "coordinates": [ -121.779421688988805, 43.902518022805452 ] } },
{ "type": "Feature", "properties": { "track_fid": 0, "track_seg_id": 0, "track_seg_point_id": 1428, "ele": 1485.0, "time": "2025-08-08T16:50:37Z" }, "geometry": { "type": "Point", "coordinates": [ -121.779478183016181, 43.902481142431498 ] } },
{ "type": "Feature", "properties": { "track_fid": 0, "track_seg_id": 0, "track_seg_point_id": 1429, "ele": 1484.5999755859375, "time": "2025-08-08T16:50:46Z" }, "geometry": { "type": "Point", "coordinates": [ -121.779511794447899, 43.902472089976072 ] } },
{ "type": "Feature", "properties": { "track_fid": 0, "track_seg_id": 0, "track_seg_point_id": 1430, "ele": 1485.0, "time": "2025-08-08T16:50:59Z" }, "geometry": { "type": "Point", "coordinates": [ -121.779603827744722, 43.902472592890263 ] } },
{ "type": "Feature", "properties": { "track_fid": 0, "track_seg_id": 0, "track_seg_point_id": 1431, "ele": 1486.0, "time": "2025-08-08T16:51:09Z" }, "geometry": { "type": "Point", "coordinates": [ -121.779653029516339, 43.902510982006788 ] } },
{ "type": "Feature", "properties": { "track_fid": 0, "track_seg_id": 0, "track_seg_point_id": 1432, "ele": 1487.800048828125, "time": "2025-08-08T16:51:17Z" }, "geometry": { "type": "Point", "coordinates": [ -121.779687562957406, 43.902528332546353 ] } },
{ "type": "Feature", "properties": { "track_fid": 0, "track_seg_id": 0, "track_seg_point_id": 1433, "ele": 1489.199951171875, "time": "2025-08-08T16:51:30Z" }, "geometry": { "type": "Point", "coordinates": [ -121.779742548242211, 43.902613995596766 ] } },
{ "type": "Feature", "properties": { "track_fid": 0, "track_seg_id": 0, "track_seg_point_id": 1434, "ele": 1490.800048828125, "time": "2025-08-08T16:51:39Z" }, "geometry": { "type": "Point", "coordinates": [ -121.779815386980772, 43.902660934254527 ] } },
{ "type": "Feature", "properties": { "track_fid": 0, "track_seg_id": 0, "track_seg_point_id": 1435, "ele": 1492.5999755859375, "time": "2025-08-08T16:51:52Z" }, "geometry": { "type": "Point", "coordinates": [ -121.779900882393122, 43.902757745236158 ] } },
{ "type": "Feature", "properties": { "track_fid": 0, "track_seg_id": 0, "track_seg_point_id": 1436, "ele": 1493.4000244140625, "time": "2025-08-08T16:52:05Z" }, "geometry": { "type": "Point", "coordinates": [ -121.779948240146041, 43.902860842645168 ] } },
{ "type": "Feature", "properties": { "track_fid": 0, "track_seg_id": 0, "track_seg_point_id": 1437, "ele": 1495.4000244140625, "time": "2025-08-08T16:52:14Z" }, "geometry": { "type": "Point", "coordinates": [ -121.780049074441195, 43.90289319679141 ] } },
{ "type": "Feature", "properties": { "track_fid": 0, "track_seg_id": 0, "track_seg_point_id": 1438, "ele": 1498.5999755859375, "time": "2025-08-08T16:52:27Z" }, "geometry": { "type": "Point", "coordinates": [ -121.780225429683924, 43.902987660840154 ] } },
{ "type": "Feature", "properties": { "track_fid": 0, "track_seg_id": 0, "track_seg_point_id": 1439, "ele": 1499.5999755859375, "time": "2025-08-08T16:52:31Z" }, "geometry": { "type": "Point", "coordinates": [ -121.780292065814137, 43.903010124340653 ] } },
{ "type": "Feature", "properties": { "track_fid": 0, "track_seg_id": 0, "track_seg_point_id": 1440, "ele": 1499.800048828125, "time": "2025-08-08T16:52:34Z" }, "geometry": { "type": "Point", "coordinates": [ -121.780347134917974, 43.903041137382388 ] } },
{ "type": "Feature", "properties": { "track_fid": 0, "track_seg_id": 0, "track_seg_point_id": 1441, "ele": 1499.199951171875, "time": "2025-08-08T16:52:44Z" }, "geometry": { "type": "Point", "coordinates": [ -121.780506726354361, 43.903104923665524 ] } },
{ "type": "Feature", "properties": { "track_fid": 0, "track_seg_id": 0, "track_seg_point_id": 1442, "ele": 1500.0, "time": "2025-08-08T16:52:53Z" }, "geometry": { "type": "Point", "coordinates": [ -121.780575374141335, 43.903122860938311 ] } },
{ "type": "Feature", "properties": { "track_fid": 0, "track_seg_id": 0, "track_seg_point_id": 1443, "ele": 1501.4000244140625, "time": "2025-08-08T16:53:03Z" }, "geometry": { "type": "Point", "coordinates": [ -121.780688362196088, 43.90315119177103 ] } },
{ "type": "Feature", "properties": { "track_fid": 0, "track_seg_id": 0, "track_seg_point_id": 1444, "ele": 1502.4000244140625, "time": "2025-08-08T16:53:14Z" }, "geometry": { "type": "Point", "coordinates": [ -121.780866980552673, 43.903226545080543 ] } },
{ "type": "Feature", "properties": { "track_fid": 0, "track_seg_id": 0, "track_seg_point_id": 1445, "ele": 1501.199951171875, "time": "2025-08-08T16:53:20Z" }, "geometry": { "type": "Point", "coordinates": [ -121.78091274574399, 43.903248589485884 ] } },
{ "type": "Feature", "properties": { "track_fid": 0, "track_seg_id": 0, "track_seg_point_id": 1446, "ele": 1500.0, "time": "2025-08-08T16:53:33Z" }, "geometry": { "type": "Point", "coordinates": [ -121.781012993305922, 43.903283961117268 ] } },
{ "type": "Feature", "properties": { "track_fid": 0, "track_seg_id": 0, "track_seg_point_id": 1447, "ele": 1499.4000244140625, "time": "2025-08-08T16:53:44Z" }, "geometry": { "type": "Point", "coordinates": [ -121.781116174533963, 43.903349675238132 ] } },
{ "type": "Feature", "properties": { "track_fid": 0, "track_seg_id": 0, "track_seg_point_id": 1448, "ele": 1500.199951171875, "time": "2025-08-08T16:53:57Z" }, "geometry": { "type": "Point", "coordinates": [ -121.781218852847815, 43.903436679393053 ] } },
{ "type": "Feature", "properties": { "track_fid": 0, "track_seg_id": 0, "track_seg_point_id": 1449, "ele": 1501.800048828125, "time": "2025-08-08T16:54:06Z" }, "geometry": { "type": "Point", "coordinates": [ -121.781242238357663, 43.903500717133284 ] } },
{ "type": "Feature", "properties": { "track_fid": 0, "track_seg_id": 0, "track_seg_point_id": 1450, "ele": 1503.5999755859375, "time": "2025-08-08T16:54:15Z" }, "geometry": { "type": "Point", "coordinates": [ -121.781273083761334, 43.90356014482677 ] } },
{ "type": "Feature", "properties": { "track_fid": 0, "track_seg_id": 0, "track_seg_point_id": 1451, "ele": 1506.4000244140625, "time": "2025-08-08T16:54:27Z" }, "geometry": { "type": "Point", "coordinates": [ -121.781224636361003, 43.903660895302892 ] } },
{ "type": "Feature", "properties": { "track_fid": 0, "track_seg_id": 0, "track_seg_point_id": 1452, "ele": 1507.5999755859375, "time": "2025-08-08T16:54:42Z" }, "geometry": { "type": "Point", "coordinates": [ -121.78122597746551, 43.903828533366323 ] } },
{ "type": "Feature", "properties": { "track_fid": 0, "track_seg_id": 0, "track_seg_point_id": 1453, "ele": 1508.199951171875, "time": "2025-08-08T16:54:54Z" }, "geometry": { "type": "Point", "coordinates": [ -121.78127677179873, 43.903957447037101 ] } },
{ "type": "Feature", "properties": { "track_fid": 0, "track_seg_id": 0, "track_seg_point_id": 1454, "ele": 1506.5999755859375, "time": "2025-08-08T16:55:06Z" }, "geometry": { "type": "Point", "coordinates": [ -121.781347766518593, 43.904095245525241 ] } },
{ "type": "Feature", "properties": { "track_fid": 0, "track_seg_id": 0, "track_seg_point_id": 1455, "ele": 1507.0, "time": "2025-08-08T16:55:21Z" }, "geometry": { "type": "Point", "coordinates": [ -121.781470477581024, 43.904238743707538 ] } },
{ "type": "Feature", "properties": { "track_fid": 0, "track_seg_id": 0, "track_seg_point_id": 1456, "ele": 1507.4000244140625, "time": "2025-08-08T16:55:31Z" }, "geometry": { "type": "Point", "coordinates": [ -121.781519176438451, 43.904329016804695 ] } },
{ "type": "Feature", "properties": { "track_fid": 0, "track_seg_id": 0, "track_seg_point_id": 1457, "ele": 1507.5999755859375, "time": "2025-08-08T16:55:41Z" }, "geometry": { "type": "Point", "coordinates": [ -121.781625458970666, 43.904405878856778 ] } },
{ "type": "Feature", "properties": { "track_fid": 0, "track_seg_id": 0, "track_seg_point_id": 1458, "ele": 1506.0, "time": "2025-08-08T16:55:51Z" }, "geometry": { "type": "Point", "coordinates": [ -121.781755965203047, 43.904500678181648 ] } },
{ "type": "Feature", "properties": { "track_fid": 0, "track_seg_id": 0, "track_seg_point_id": 1459, "ele": 1504.800048828125, "time": "2025-08-08T16:55:58Z" }, "geometry": { "type": "Point", "coordinates": [ -121.781863085925579, 43.904560189694166 ] } },
{ "type": "Feature", "properties": { "track_fid": 0, "track_seg_id": 0, "track_seg_point_id": 1460, "ele": 1503.0, "time": "2025-08-08T16:56:10Z" }, "geometry": { "type": "Point", "coordinates": [ -121.781962495297194, 43.904618360102177 ] } },
{ "type": "Feature", "properties": { "track_fid": 0, "track_seg_id": 0, "track_seg_point_id": 1461, "ele": 1501.5999755859375, "time": "2025-08-08T16:56:22Z" }, "geometry": { "type": "Point", "coordinates": [ -121.782054863870144, 43.904695473611355 ] } },
{ "type": "Feature", "properties": { "track_fid": 0, "track_seg_id": 0, "track_seg_point_id": 1462, "ele": 1501.800048828125, "time": "2025-08-08T16:56:24Z" }, "geometry": { "type": "Point", "coordinates": [ -121.782066347077489, 43.904713578522205 ] } },
{ "type": "Feature", "properties": { "track_fid": 0, "track_seg_id": 0, "track_seg_point_id": 1463, "ele": 1502.5999755859375, "time": "2025-08-08T16:56:29Z" }, "geometry": { "type": "Point", "coordinates": [ -121.782106077298522, 43.904748279601336 ] } },
{ "type": "Feature", "properties": { "track_fid": 0, "track_seg_id": 0, "track_seg_point_id": 1464, "ele": 1503.800048828125, "time": "2025-08-08T16:56:43Z" }, "geometry": { "type": "Point", "coordinates": [ -121.782177658751607, 43.904854981228709 ] } },
{ "type": "Feature", "properties": { "track_fid": 0, "track_seg_id": 0, "track_seg_point_id": 1465, "ele": 1504.199951171875, "time": "2025-08-08T16:56:55Z" }, "geometry": { "type": "Point", "coordinates": [ -121.782349152490497, 43.904967466369271 ] } },
{ "type": "Feature", "properties": { "track_fid": 0, "track_seg_id": 0, "track_seg_point_id": 1466, "ele": 1506.0, "time": "2025-08-08T16:57:08Z" }, "geometry": { "type": "Point", "coordinates": [ -121.782509498298168, 43.905075676739216 ] } },
{ "type": "Feature", "properties": { "track_fid": 0, "track_seg_id": 0, "track_seg_point_id": 1467, "ele": 1506.199951171875, "time": "2025-08-08T16:57:10Z" }, "geometry": { "type": "Point", "coordinates": [ -121.782524166628718, 43.905087076127529 ] } },
{ "type": "Feature", "properties": { "track_fid": 0, "track_seg_id": 0, "track_seg_point_id": 1468, "ele": 1506.5999755859375, "time": "2025-08-08T16:57:15Z" }, "geometry": { "type": "Point", "coordinates": [ -121.782559789717197, 43.905099062249064 ] } },
{ "type": "Feature", "properties": { "track_fid": 0, "track_seg_id": 0, "track_seg_point_id": 1469, "ele": 1507.5999755859375, "time": "2025-08-08T16:57:28Z" }, "geometry": { "type": "Point", "coordinates": [ -121.782666658982635, 43.905189586803317 ] } },
{ "type": "Feature", "properties": { "track_fid": 0, "track_seg_id": 0, "track_seg_point_id": 1470, "ele": 1509.0, "time": "2025-08-08T16:57:40Z" }, "geometry": { "type": "Point", "coordinates": [ -121.782840918749571, 43.905271897092462 ] } },
{ "type": "Feature", "properties": { "track_fid": 0, "track_seg_id": 0, "track_seg_point_id": 1471, "ele": 1511.4000244140625, "time": "2025-08-08T16:57:52Z" }, "geometry": { "type": "Point", "coordinates": [ -121.783013250678778, 43.905338030308485 ] } },
{ "type": "Feature", "properties": { "track_fid": 0, "track_seg_id": 0, "track_seg_point_id": 1472, "ele": 1512.0, "time": "2025-08-08T16:58:04Z" }, "geometry": { "type": "Point", "coordinates": [ -121.783154150471091, 43.905397625640035 ] } },
{ "type": "Feature", "properties": { "track_fid": 0, "track_seg_id": 0, "track_seg_point_id": 1473, "ele": 1511.4000244140625, "time": "2025-08-08T16:58:13Z" }, "geometry": { "type": "Point", "coordinates": [ -121.78322346881032, 43.905420256778598 ] } },
{ "type": "Feature", "properties": { "track_fid": 0, "track_seg_id": 0, "track_seg_point_id": 1474, "ele": 1509.800048828125, "time": "2025-08-08T16:58:24Z" }, "geometry": { "type": "Point", "coordinates": [ -121.783339139074087, 43.90551027841866 ] } },
{ "type": "Feature", "properties": { "track_fid": 0, "track_seg_id": 0, "track_seg_point_id": 1475, "ele": 1510.0, "time": "2025-08-08T16:58:39Z" }, "geometry": { "type": "Point", "coordinates": [ -121.783566875383258, 43.905570544302464 ] } },
{ "type": "Feature", "properties": { "track_fid": 0, "track_seg_id": 0, "track_seg_point_id": 1476, "ele": 1512.199951171875, "time": "2025-08-08T16:58:53Z" }, "geometry": { "type": "Point", "coordinates": [ -121.783731076866388, 43.905627625063062 ] } },
{ "type": "Feature", "properties": { "track_fid": 0, "track_seg_id": 0, "track_seg_point_id": 1477, "ele": 1513.800048828125, "time": "2025-08-08T16:59:05Z" }, "geometry": { "type": "Point", "coordinates": [ -121.783917574211955, 43.905716054141521 ] } },
{ "type": "Feature", "properties": { "track_fid": 0, "track_seg_id": 0, "track_seg_point_id": 1478, "ele": 1515.4000244140625, "time": "2025-08-08T16:59:17Z" }, "geometry": { "type": "Point", "coordinates": [ -121.784052271395922, 43.905776822939515 ] } },
{ "type": "Feature", "properties": { "track_fid": 0, "track_seg_id": 0, "track_seg_point_id": 1479, "ele": 1515.199951171875, "time": "2025-08-08T16:59:28Z" }, "geometry": { "type": "Point", "coordinates": [ -121.784234661608934, 43.905821247026324 ] } },
{ "type": "Feature", "properties": { "track_fid": 0, "track_seg_id": 0, "track_seg_point_id": 1480, "ele": 1515.4000244140625, "time": "2025-08-08T16:59:38Z" }, "geometry": { "type": "Point", "coordinates": [ -121.7844557762146, 43.905861144885421 ] } },
{ "type": "Feature", "properties": { "track_fid": 0, "track_seg_id": 0, "track_seg_point_id": 1481, "ele": 1516.0, "time": "2025-08-08T16:59:51Z" }, "geometry": { "type": "Point", "coordinates": [ -121.784641016274691, 43.905895175412297 ] } },
{ "type": "Feature", "properties": { "track_fid": 0, "track_seg_id": 0, "track_seg_point_id": 1482, "ele": 1516.800048828125, "time": "2025-08-08T17:00:02Z" }, "geometry": { "type": "Point", "coordinates": [ -121.784754758700728, 43.905901629477739 ] } },
{ "type": "Feature", "properties": { "track_fid": 0, "track_seg_id": 0, "track_seg_point_id": 1483, "ele": 1517.800048828125, "time": "2025-08-08T17:00:13Z" }, "geometry": { "type": "Point", "coordinates": [ -121.78491024300456, 43.905910681933165 ] } },
{ "type": "Feature", "properties": { "track_fid": 0, "track_seg_id": 0, "track_seg_point_id": 1484, "ele": 1517.800048828125, "time": "2025-08-08T17:00:22Z" }, "geometry": { "type": "Point", "coordinates": [ -121.785021470859647, 43.905898947268724 ] } },
{ "type": "Feature", "properties": { "track_fid": 0, "track_seg_id": 0, "track_seg_point_id": 1485, "ele": 1517.4000244140625, "time": "2025-08-08T17:00:29Z" }, "geometry": { "type": "Point", "coordinates": [ -121.78515943698585, 43.905925517901778 ] } },
{ "type": "Feature", "properties": { "track_fid": 0, "track_seg_id": 0, "track_seg_point_id": 1486, "ele": 1517.199951171875, "time": "2025-08-08T17:00:32Z" }, "geometry": { "type": "Point", "coordinates": [ -121.785228587687016, 43.905928283929825 ] } },
{ "type": "Feature", "properties": { "track_fid": 0, "track_seg_id": 0, "track_seg_point_id": 1487, "ele": 1516.5999755859375, "time": "2025-08-08T17:00:36Z" }, "geometry": { "type": "Point", "coordinates": [ -121.785298995673656, 43.905927781015635 ] } },
{ "type": "Feature", "properties": { "track_fid": 0, "track_seg_id": 0, "track_seg_point_id": 1488, "ele": 1517.199951171875, "time": "2025-08-08T17:00:39Z" }, "geometry": { "type": "Point", "coordinates": [ -121.785342497751117, 43.905932391062379 ] } },
{ "type": "Feature", "properties": { "track_fid": 0, "track_seg_id": 0, "track_seg_point_id": 1489, "ele": 1517.199951171875, "time": "2025-08-08T17:00:40Z" }, "geometry": { "type": "Point", "coordinates": [ -121.785361273214221, 43.905933564528823 ] } },
{ "type": "Feature", "properties": { "track_fid": 0, "track_seg_id": 0, "track_seg_point_id": 1490, "ele": 1517.4000244140625, "time": "2025-08-08T17:00:41Z" }, "geometry": { "type": "Point", "coordinates": [ -121.785375941544771, 43.905930882319808 ] } },
{ "type": "Feature", "properties": { "track_fid": 0, "track_seg_id": 0, "track_seg_point_id": 1491, "ele": 1517.199951171875, "time": "2025-08-08T17:00:43Z" }, "geometry": { "type": "Point", "coordinates": [ -121.785406786948442, 43.905929792672396 ] } },
{ "type": "Feature", "properties": { "track_fid": 0, "track_seg_id": 0, "track_seg_point_id": 1492, "ele": 1517.199951171875, "time": "2025-08-08T17:00:46Z" }, "geometry": { "type": "Point", "coordinates": [ -121.785442242398858, 43.905922919511795 ] } },
{ "type": "Feature", "properties": { "track_fid": 0, "track_seg_id": 0, "track_seg_point_id": 1493, "ele": 1516.199951171875, "time": "2025-08-08T17:00:53Z" }, "geometry": { "type": "Point", "coordinates": [ -121.785505525767803, 43.905913364142179 ] } },
{ "type": "Feature", "properties": { "track_fid": 0, "track_seg_id": 0, "track_seg_point_id": 1494, "ele": 1516.199951171875, "time": "2025-08-08T17:01:05Z" }, "geometry": { "type": "Point", "coordinates": [ -121.78564709611237, 43.905934654176235 ] } },
{ "type": "Feature", "properties": { "track_fid": 0, "track_seg_id": 0, "track_seg_point_id": 1495, "ele": 1516.0, "time": "2025-08-08T17:01:15Z" }, "geometry": { "type": "Point", "coordinates": [ -121.785727981477976, 43.905964158475399 ] } },
{ "type": "Feature", "properties": { "track_fid": 0, "track_seg_id": 0, "track_seg_point_id": 1496, "ele": 1516.0, "time": "2025-08-08T17:01:26Z" }, "geometry": { "type": "Point", "coordinates": [ -121.78584448993206, 43.906005397439003 ] } },
{ "type": "Feature", "properties": { "track_fid": 0, "track_seg_id": 0, "track_seg_point_id": 1497, "ele": 1517.0, "time": "2025-08-08T17:01:34Z" }, "geometry": { "type": "Point", "coordinates": [ -121.785953287035227, 43.906034650281072 ] } },
{ "type": "Feature", "properties": { "track_fid": 0, "track_seg_id": 0, "track_seg_point_id": 1498, "ele": 1518.0, "time": "2025-08-08T17:01:47Z" }, "geometry": { "type": "Point", "coordinates": [ -121.786134419962764, 43.9061264321208 ] } },
{ "type": "Feature", "properties": { "track_fid": 0, "track_seg_id": 0, "track_seg_point_id": 1499, "ele": 1518.5999755859375, "time": "2025-08-08T17:01:57Z" }, "geometry": { "type": "Point", "coordinates": [ -121.786222932860255, 43.90615476295352 ] } },
{ "type": "Feature", "properties": { "track_fid": 0, "track_seg_id": 0, "track_seg_point_id": 1500, "ele": 1519.4000244140625, "time": "2025-08-08T17:02:10Z" }, "geometry": { "type": "Point", "coordinates": [ -121.786329969763756, 43.906213520094752 ] } },
{ "type": "Feature", "properties": { "track_fid": 0, "track_seg_id": 0, "track_seg_point_id": 1501, "ele": 1519.5999755859375, "time": "2025-08-08T17:02:19Z" }, "geometry": { "type": "Point", "coordinates": [ -121.786376237869263, 43.906256938353181 ] } },
{ "type": "Feature", "properties": { "track_fid": 0, "track_seg_id": 0, "track_seg_point_id": 1502, "ele": 1520.0, "time": "2025-08-08T17:02:24Z" }, "geometry": { "type": "Point", "coordinates": [ -121.786399120464921, 43.906296584755182 ] } },
{ "type": "Feature", "properties": { "track_fid": 0, "track_seg_id": 0, "track_seg_point_id": 1503, "ele": 1520.4000244140625, "time": "2025-08-08T17:02:28Z" }, "geometry": { "type": "Point", "coordinates": [ -121.786427199840546, 43.906323323026299 ] } },
{ "type": "Feature", "properties": { "track_fid": 0, "track_seg_id": 0, "track_seg_point_id": 1504, "ele": 1521.4000244140625, "time": "2025-08-08T17:02:39Z" }, "geometry": { "type": "Point", "coordinates": [ -121.786528872326016, 43.90639666467905 ] } },
{ "type": "Feature", "properties": { "track_fid": 0, "track_seg_id": 0, "track_seg_point_id": 1505, "ele": 1522.5999755859375, "time": "2025-08-08T17:02:49Z" }, "geometry": { "type": "Point", "coordinates": [ -121.786641189828515, 43.90647972933948 ] } },
{ "type": "Feature", "properties": { "track_fid": 0, "track_seg_id": 0, "track_seg_point_id": 1506, "ele": 1524.5999755859375, "time": "2025-08-08T17:03:02Z" }, "geometry": { "type": "Point", "coordinates": [ -121.786754429340363, 43.90659405849874 ] } },
{ "type": "Feature", "properties": { "track_fid": 0, "track_seg_id": 0, "track_seg_point_id": 1507, "ele": 1527.0, "time": "2025-08-08T17:03:14Z" }, "geometry": { "type": "Point", "coordinates": [ -121.786878146231174, 43.906682236120105 ] } },
{ "type": "Feature", "properties": { "track_fid": 0, "track_seg_id": 0, "track_seg_point_id": 1508, "ele": 1527.199951171875, "time": "2025-08-08T17:03:23Z" }, "geometry": { "type": "Point", "coordinates": [ -121.786979651078582, 43.906735461205244 ] } },
{ "type": "Feature", "properties": { "track_fid": 0, "track_seg_id": 0, "track_seg_point_id": 1509, "ele": 1528.4000244140625, "time": "2025-08-08T17:03:34Z" }, "geometry": { "type": "Point", "coordinates": [ -121.787104038521647, 43.906829338520765 ] } },
{ "type": "Feature", "properties": { "track_fid": 0, "track_seg_id": 0, "track_seg_point_id": 1510, "ele": 1528.800048828125, "time": "2025-08-08T17:03:44Z" }, "geometry": { "type": "Point", "coordinates": [ -121.787227923050523, 43.906892035156488 ] } },
{ "type": "Feature", "properties": { "track_fid": 0, "track_seg_id": 0, "track_seg_point_id": 1511, "ele": 1528.800048828125, "time": "2025-08-08T17:03:56Z" }, "geometry": { "type": "Point", "coordinates": [ -121.787393968552351, 43.906968981027603 ] } },
{ "type": "Feature", "properties": { "track_fid": 0, "track_seg_id": 0, "track_seg_point_id": 1512, "ele": 1528.199951171875, "time": "2025-08-08T17:04:06Z" }, "geometry": { "type": "Point", "coordinates": [ -121.787482397630811, 43.907029666006565 ] } },
{ "type": "Feature", "properties": { "track_fid": 0, "track_seg_id": 0, "track_seg_point_id": 1513, "ele": 1528.4000244140625, "time": "2025-08-08T17:04:18Z" }, "geometry": { "type": "Point", "coordinates": [ -121.787617597728968, 43.907078532502055 ] } },
{ "type": "Feature", "properties": { "track_fid": 0, "track_seg_id": 0, "track_seg_point_id": 1514, "ele": 1528.4000244140625, "time": "2025-08-08T17:04:27Z" }, "geometry": { "type": "Point", "coordinates": [ -121.787722036242485, 43.907102253288031 ] } },
{ "type": "Feature", "properties": { "track_fid": 0, "track_seg_id": 0, "track_seg_point_id": 1515, "ele": 1527.199951171875, "time": "2025-08-08T17:04:38Z" }, "geometry": { "type": "Point", "coordinates": [ -121.787831839174032, 43.907170481979847 ] } },
{ "type": "Feature", "properties": { "track_fid": 0, "track_seg_id": 0, "track_seg_point_id": 1516, "ele": 1527.0, "time": "2025-08-08T17:04:48Z" }, "geometry": { "type": "Point", "coordinates": [ -121.787930494174361, 43.907239381223917 ] } },
{ "type": "Feature", "properties": { "track_fid": 0, "track_seg_id": 0, "track_seg_point_id": 1517, "ele": 1528.0, "time": "2025-08-08T17:05:00Z" }, "geometry": { "type": "Point", "coordinates": [ -121.788091594353318, 43.907349016517401 ] } },
{ "type": "Feature", "properties": { "track_fid": 0, "track_seg_id": 0, "track_seg_point_id": 1518, "ele": 1528.199951171875, "time": "2025-08-08T17:05:09Z" }, "geometry": { "type": "Point", "coordinates": [ -121.788174323737621, 43.907382627949119 ] } },
{ "type": "Feature", "properties": { "track_fid": 0, "track_seg_id": 0, "track_seg_point_id": 1519, "ele": 1527.800048828125, "time": "2025-08-08T17:05:19Z" }, "geometry": { "type": "Point", "coordinates": [ -121.78825587965548, 43.907437361776829 ] } },
{ "type": "Feature", "properties": { "track_fid": 0, "track_seg_id": 0, "track_seg_point_id": 1520, "ele": 1527.5999755859375, "time": "2025-08-08T17:05:30Z" }, "geometry": { "type": "Point", "coordinates": [ -121.788322599604726, 43.907509949058294 ] } },
{ "type": "Feature", "properties": { "track_fid": 0, "track_seg_id": 0, "track_seg_point_id": 1521, "ele": 1527.5999755859375, "time": "2025-08-08T17:05:40Z" }, "geometry": { "type": "Point", "coordinates": [ -121.788405664265156, 43.907579686492682 ] } },
{ "type": "Feature", "properties": { "track_fid": 0, "track_seg_id": 0, "track_seg_point_id": 1522, "ele": 1529.800048828125, "time": "2025-08-08T17:05:53Z" }, "geometry": { "type": "Point", "coordinates": [ -121.788539187982678, 43.907694350928068 ] } },
{ "type": "Feature", "properties": { "track_fid": 0, "track_seg_id": 0, "track_seg_point_id": 1523, "ele": 1530.800048828125, "time": "2025-08-08T17:06:05Z" }, "geometry": { "type": "Point", "coordinates": [ -121.788679752498865, 43.90780683606863 ] } },
{ "type": "Feature", "properties": { "track_fid": 0, "track_seg_id": 0, "track_seg_point_id": 1524, "ele": 1532.0, "time": "2025-08-08T17:06:17Z" }, "geometry": { "type": "Point", "coordinates": [ -121.788836577907205, 43.90788696706295 ] } },
{ "type": "Feature", "properties": { "track_fid": 0, "track_seg_id": 0, "track_seg_point_id": 1525, "ele": 1533.4000244140625, "time": "2025-08-08T17:06:28Z" }, "geometry": { "type": "Point", "coordinates": [ -121.788915870711207, 43.907937426120043 ] } },
{ "type": "Feature", "properties": { "track_fid": 0, "track_seg_id": 0, "track_seg_point_id": 1526, "ele": 1534.800048828125, "time": "2025-08-08T17:06:40Z" }, "geometry": { "type": "Point", "coordinates": [ -121.788998851552606, 43.907999871298671 ] } },
{ "type": "Feature", "properties": { "track_fid": 0, "track_seg_id": 0, "track_seg_point_id": 1527, "ele": 1535.4000244140625, "time": "2025-08-08T17:06:53Z" }, "geometry": { "type": "Point", "coordinates": [ -121.789141930639744, 43.908075392246246 ] } },
{ "type": "Feature", "properties": { "track_fid": 0, "track_seg_id": 0, "track_seg_point_id": 1528, "ele": 1535.5999755859375, "time": "2025-08-08T17:07:02Z" }, "geometry": { "type": "Point", "coordinates": [ -121.78925852291286, 43.908107494935393 ] } },
{ "type": "Feature", "properties": { "track_fid": 0, "track_seg_id": 0, "track_seg_point_id": 1529, "ele": 1536.4000244140625, "time": "2025-08-08T17:07:09Z" }, "geometry": { "type": "Point", "coordinates": [ -121.789397075772285, 43.908130377531052 ] } },
{ "type": "Feature", "properties": { "track_fid": 0, "track_seg_id": 0, "track_seg_point_id": 1530, "ele": 1536.800048828125, "time": "2025-08-08T17:07:11Z" }, "geometry": { "type": "Point", "coordinates": [ -121.789428675547242, 43.908131886273623 ] } },
{ "type": "Feature", "properties": { "track_fid": 0, "track_seg_id": 0, "track_seg_point_id": 1531, "ele": 1537.4000244140625, "time": "2025-08-08T17:07:14Z" }, "geometry": { "type": "Point", "coordinates": [ -121.789473854005337, 43.908131886273623 ] } },
{ "type": "Feature", "properties": { "track_fid": 0, "track_seg_id": 0, "track_seg_point_id": 1532, "ele": 1537.800048828125, "time": "2025-08-08T17:07:17Z" }, "geometry": { "type": "Point", "coordinates": [ -121.789515763521194, 43.908131886273623 ] } },
{ "type": "Feature", "properties": { "track_fid": 0, "track_seg_id": 0, "track_seg_point_id": 1533, "ele": 1540.4000244140625, "time": "2025-08-08T17:07:28Z" }, "geometry": { "type": "Point", "coordinates": [ -121.789632020518184, 43.908137250691652 ] } },
{ "type": "Feature", "properties": { "track_fid": 0, "track_seg_id": 0, "track_seg_point_id": 1534, "ele": 1541.800048828125, "time": "2025-08-08T17:07:37Z" }, "geometry": { "type": "Point", "coordinates": [ -121.789705781266093, 43.908172873780131 ] } },
{ "type": "Feature", "properties": { "track_fid": 0, "track_seg_id": 0, "track_seg_point_id": 1535, "ele": 1541.800048828125, "time": "2025-08-08T17:07:44Z" }, "geometry": { "type": "Point", "coordinates": [ -121.789729250594974, 43.908165916800499 ] } },
{ "type": "Feature", "properties": { "track_fid": 0, "track_seg_id": 0, "track_seg_point_id": 1536, "ele": 1541.5999755859375, "time": "2025-08-08T17:07:52Z" }, "geometry": { "type": "Point", "coordinates": [ -121.789770321920514, 43.908183434978127 ] } },
{ "type": "Feature", "properties": { "track_fid": 0, "track_seg_id": 0, "track_seg_point_id": 1537, "ele": 1541.800048828125, "time": "2025-08-08T17:07:56Z" }, "geometry": { "type": "Point", "coordinates": [ -121.789805525913835, 43.908212771639228 ] } },
{ "type": "Feature", "properties": { "track_fid": 0, "track_seg_id": 0, "track_seg_point_id": 1538, "ele": 1540.5999755859375, "time": "2025-08-08T17:08:05Z" }, "geometry": { "type": "Point", "coordinates": [ -121.789897056296468, 43.908327016979456 ] } },
{ "type": "Feature", "properties": { "track_fid": 0, "track_seg_id": 0, "track_seg_point_id": 1539, "ele": 1540.4000244140625, "time": "2025-08-08T17:08:16Z" }, "geometry": { "type": "Point", "coordinates": [ -121.789989760145545, 43.908403376117349 ] } },
{ "type": "Feature", "properties": { "track_fid": 0, "track_seg_id": 0, "track_seg_point_id": 1540, "ele": 1540.4000244140625, "time": "2025-08-08T17:08:28Z" }, "geometry": { "type": "Point", "coordinates": [ -121.790063353255391, 43.908499097451568 ] } },
{ "type": "Feature", "properties": { "track_fid": 0, "track_seg_id": 0, "track_seg_point_id": 1541, "ele": 1541.0, "time": "2025-08-08T17:08:39Z" }, "geometry": { "type": "Point", "coordinates": [ -121.790086654946208, 43.908557184040546 ] } },
{ "type": "Feature", "properties": { "track_fid": 0, "track_seg_id": 0, "track_seg_point_id": 1542, "ele": 1542.800048828125, "time": "2025-08-08T17:08:52Z" }, "geometry": { "type": "Point", "coordinates": [ -121.790195284411311, 43.908650055527687 ] } },
{ "type": "Feature", "properties": { "track_fid": 0, "track_seg_id": 0, "track_seg_point_id": 1543, "ele": 1544.800048828125, "time": "2025-08-08T17:09:04Z" }, "geometry": { "type": "Point", "coordinates": [ -121.790244989097118, 43.90872742049396 ] } },
{ "type": "Feature", "properties": { "track_fid": 0, "track_seg_id": 0, "track_seg_point_id": 1544, "ele": 1547.800048828125, "time": "2025-08-08T17:09:17Z" }, "geometry": { "type": "Point", "coordinates": [ -121.790277175605297, 43.908796571195126 ] } },
{ "type": "Feature", "properties": { "track_fid": 0, "track_seg_id": 0, "track_seg_point_id": 1545, "ele": 1550.0, "time": "2025-08-08T17:09:29Z" }, "geometry": { "type": "Point", "coordinates": [ -121.790332747623324, 43.908884916454554 ] } },
{ "type": "Feature", "properties": { "track_fid": 0, "track_seg_id": 0, "track_seg_point_id": 1546, "ele": 1552.800048828125, "time": "2025-08-08T17:09:42Z" }, "geometry": { "type": "Point", "coordinates": [ -121.790383625775576, 43.908984158188105 ] } },
{ "type": "Feature", "properties": { "track_fid": 0, "track_seg_id": 0, "track_seg_point_id": 1547, "ele": 1554.199951171875, "time": "2025-08-08T17:09:52Z" }, "geometry": { "type": "Point", "coordinates": [ -121.790441460907459, 43.909064121544361 ] } },
{ "type": "Feature", "properties": { "track_fid": 0, "track_seg_id": 0, "track_seg_point_id": 1548, "ele": 1554.800048828125, "time": "2025-08-08T17:10:03Z" }, "geometry": { "type": "Point", "coordinates": [ -121.790458140894771, 43.909156657755375 ] } },
{ "type": "Feature", "properties": { "track_fid": 0, "track_seg_id": 0, "track_seg_point_id": 1549, "ele": 1555.5999755859375, "time": "2025-08-08T17:10:17Z" }, "geometry": { "type": "Point", "coordinates": [ -121.790556963533163, 43.909260341897607 ] } },
{ "type": "Feature", "properties": { "track_fid": 0, "track_seg_id": 0, "track_seg_point_id": 1550, "ele": 1555.800048828125, "time": "2025-08-08T17:10:26Z" }, "geometry": { "type": "Point", "coordinates": [ -121.790697779506445, 43.909240644425154 ] } },
{ "type": "Feature", "properties": { "track_fid": 0, "track_seg_id": 0, "track_seg_point_id": 1551, "ele": 1556.199951171875, "time": "2025-08-08T17:10:37Z" }, "geometry": { "type": "Point", "coordinates": [ -121.790799284353852, 43.909142492339015 ] } },
{ "type": "Feature", "properties": { "track_fid": 0, "track_seg_id": 0, "track_seg_point_id": 1552, "ele": 1556.199951171875, "time": "2025-08-08T17:10:40Z" }, "geometry": { "type": "Point", "coordinates": [ -121.790818059816957, 43.909093542024493 ] } },
{ "type": "Feature", "properties": { "track_fid": 0, "track_seg_id": 0, "track_seg_point_id": 1553, "ele": 1556.0, "time": "2025-08-08T17:10:46Z" }, "geometry": { "type": "Point", "coordinates": [ -121.790813449770212, 43.909031264483929 ] } },
{ "type": "Feature", "properties": { "track_fid": 0, "track_seg_id": 0, "track_seg_point_id": 1554, "ele": 1554.800048828125, "time": "2025-08-08T17:10:57Z" }, "geometry": { "type": "Point", "coordinates": [ -121.790796685963869, 43.908922132104635 ] } },
{ "type": "Feature", "properties": { "track_fid": 0, "track_seg_id": 0, "track_seg_point_id": 1555, "ele": 1553.0, "time": "2025-08-08T17:11:05Z" }, "geometry": { "type": "Point", "coordinates": [ -121.790805654600263, 43.908854154869914 ] } },
{ "type": "Feature", "properties": { "track_fid": 0, "track_seg_id": 0, "track_seg_point_id": 1556, "ele": 1552.800048828125, "time": "2025-08-08T17:11:06Z" }, "geometry": { "type": "Point", "coordinates": [ -121.790807666257024, 43.908846527338028 ] } },
{ "type": "Feature", "properties": { "track_fid": 0, "track_seg_id": 0, "track_seg_point_id": 1557, "ele": 1550.199951171875, "time": "2025-08-08T17:11:15Z" }, "geometry": { "type": "Point", "coordinates": [ -121.790798781439662, 43.90875332057476 ] } },
{ "type": "Feature", "properties": { "track_fid": 0, "track_seg_id": 0, "track_seg_point_id": 1558, "ele": 1548.199951171875, "time": "2025-08-08T17:11:25Z" }, "geometry": { "type": "Point", "coordinates": [ -121.790779167786241, 43.908648043870926 ] } },
{ "type": "Feature", "properties": { "track_fid": 0, "track_seg_id": 0, "track_seg_point_id": 1559, "ele": 1550.5999755859375, "time": "2025-08-08T17:11:35Z" }, "geometry": { "type": "Point", "coordinates": [ -121.7908123601228, 43.908581072464585 ] } },
{ "type": "Feature", "properties": { "track_fid": 0, "track_seg_id": 0, "track_seg_point_id": 1560, "ele": 1551.800048828125, "time": "2025-08-08T17:11:44Z" }, "geometry": { "type": "Point", "coordinates": [ -121.790809258818626, 43.908492727205157 ] } },
{ "type": "Feature", "properties": { "track_fid": 0, "track_seg_id": 0, "track_seg_point_id": 1561, "ele": 1552.5999755859375, "time": "2025-08-08T17:11:53Z" }, "geometry": { "type": "Point", "coordinates": [ -121.790788723155856, 43.908416954800487 ] } },
{ "type": "Feature", "properties": { "track_fid": 0, "track_seg_id": 0, "track_seg_point_id": 1562, "ele": 1554.4000244140625, "time": "2025-08-08T17:11:59Z" }, "geometry": { "type": "Point", "coordinates": [ -121.790799787268043, 43.908377727493644 ] } },
{ "type": "Feature", "properties": { "track_fid": 0, "track_seg_id": 0, "track_seg_point_id": 1563, "ele": 1559.5999755859375, "time": "2025-08-08T17:12:13Z" }, "geometry": { "type": "Point", "coordinates": [ -121.790753938257694, 43.908285945653915 ] } },
{ "type": "Feature", "properties": { "track_fid": 0, "track_seg_id": 0, "track_seg_point_id": 1564, "ele": 1562.4000244140625, "time": "2025-08-08T17:12:26Z" }, "geometry": { "type": "Point", "coordinates": [ -121.790696522220969, 43.90818553045392 ] } },
{ "type": "Feature", "properties": { "track_fid": 0, "track_seg_id": 0, "track_seg_point_id": 1565, "ele": 1565.0, "time": "2025-08-08T17:12:37Z" }, "geometry": { "type": "Point", "coordinates": [ -121.790669867768884, 43.908099699765444 ] } },
{ "type": "Feature", "properties": { "track_fid": 0, "track_seg_id": 0, "track_seg_point_id": 1566, "ele": 1566.4000244140625, "time": "2025-08-08T17:12:48Z" }, "geometry": { "type": "Point", "coordinates": [ -121.790680848062038, 43.90802669338882 ] } },
{ "type": "Feature", "properties": { "track_fid": 0, "track_seg_id": 0, "track_seg_point_id": 1567, "ele": 1568.800048828125, "time": "2025-08-08T17:12:59Z" }, "geometry": { "type": "Point", "coordinates": [ -121.79070683196187, 43.907964080572128 ] } },
{ "type": "Feature", "properties": { "track_fid": 0, "track_seg_id": 0, "track_seg_point_id": 1568, "ele": 1570.800048828125, "time": "2025-08-08T17:13:05Z" }, "geometry": { "type": "Point", "coordinates": [ -121.790731390938163, 43.907938683405519 ] } },
{ "type": "Feature", "properties": { "track_fid": 0, "track_seg_id": 0, "track_seg_point_id": 1569, "ele": 1571.5999755859375, "time": "2025-08-08T17:13:11Z" }, "geometry": { "type": "Point", "coordinates": [ -121.790775060653687, 43.907871963456273 ] } },
{ "type": "Feature", "properties": { "track_fid": 0, "track_seg_id": 0, "track_seg_point_id": 1570, "ele": 1573.4000244140625, "time": "2025-08-08T17:13:26Z" }, "geometry": { "type": "Point", "coordinates": [ -121.790844295173883, 43.907804321497679 ] } },
{ "type": "Feature", "properties": { "track_fid": 0, "track_seg_id": 0, "track_seg_point_id": 1571, "ele": 1574.199951171875, "time": "2025-08-08T17:13:38Z" }, "geometry": { "type": "Point", "coordinates": [ -121.790951499715447, 43.907786719501019 ] } },
{ "type": "Feature", "properties": { "track_fid": 0, "track_seg_id": 0, "track_seg_point_id": 1572, "ele": 1575.800048828125, "time": "2025-08-08T17:13:49Z" }, "geometry": { "type": "Point", "coordinates": [ -121.791017549112439, 43.907665768638253 ] } },
{ "type": "Feature", "properties": { "track_fid": 0, "track_seg_id": 0, "track_seg_point_id": 1573, "ele": 1577.4000244140625, "time": "2025-08-08T17:13:59Z" }, "geometry": { "type": "Point", "coordinates": [ -121.791047556325793, 43.907617321237922 ] } },
{ "type": "Feature", "properties": { "track_fid": 0, "track_seg_id": 0, "track_seg_point_id": 1574, "ele": 1577.0, "time": "2025-08-08T17:14:12Z" }, "geometry": { "type": "Point", "coordinates": [ -121.79112852551043, 43.907489329576492 ] } },
{ "type": "Feature", "properties": { "track_fid": 0, "track_seg_id": 0, "track_seg_point_id": 1575, "ele": 1577.800048828125, "time": "2025-08-08T17:14:25Z" }, "geometry": { "type": "Point", "coordinates": [ -121.791192479431629, 43.907412635162473 ] } },
{ "type": "Feature", "properties": { "track_fid": 0, "track_seg_id": 0, "track_seg_point_id": 1576, "ele": 1578.0, "time": "2025-08-08T17:14:34Z" }, "geometry": { "type": "Point", "coordinates": [ -121.791249392554164, 43.907341891899705 ] } },
{ "type": "Feature", "properties": { "track_fid": 0, "track_seg_id": 0, "track_seg_point_id": 1577, "ele": 1578.0, "time": "2025-08-08T17:14:47Z" }, "geometry": { "type": "Point", "coordinates": [ -121.791338827461004, 43.907261174172163 ] } },
{ "type": "Feature", "properties": { "track_fid": 0, "track_seg_id": 0, "track_seg_point_id": 1578, "ele": 1579.800048828125, "time": "2025-08-08T17:15:02Z" }, "geometry": { "type": "Point", "coordinates": [ -121.791438572108746, 43.907178193330765 ] } },
{ "type": "Feature", "properties": { "track_fid": 0, "track_seg_id": 0, "track_seg_point_id": 1579, "ele": 1579.5999755859375, "time": "2025-08-08T17:15:12Z" }, "geometry": { "type": "Point", "coordinates": [ -121.791531778872013, 43.907094374299049 ] } },
{ "type": "Feature", "properties": { "track_fid": 0, "track_seg_id": 0, "track_seg_point_id": 1580, "ele": 1581.0, "time": "2025-08-08T17:15:24Z" }, "geometry": { "type": "Point", "coordinates": [ -121.79160394705832, 43.907034695148468 ] } },
{ "type": "Feature", "properties": { "track_fid": 0, "track_seg_id": 0, "track_seg_point_id": 1581, "ele": 1582.800048828125, "time": "2025-08-08T17:15:35Z" }, "geometry": { "type": "Point", "coordinates": [ -121.791664967313409, 43.907015165314078 ] } },
{ "type": "Feature", "properties": { "track_fid": 0, "track_seg_id": 0, "track_seg_point_id": 1582, "ele": 1586.0, "time": "2025-08-08T17:15:49Z" }, "geometry": { "type": "Point", "coordinates": [ -121.791770998388529, 43.90687988139689 ] } },
{ "type": "Feature", "properties": { "track_fid": 0, "track_seg_id": 0, "track_seg_point_id": 1583, "ele": 1587.199951171875, "time": "2025-08-08T17:15:57Z" }, "geometry": { "type": "Point", "coordinates": [ -121.791815422475338, 43.906819447875023 ] } },
{ "type": "Feature", "properties": { "track_fid": 0, "track_seg_id": 0, "track_seg_point_id": 1584, "ele": 1588.800048828125, "time": "2025-08-08T17:16:06Z" }, "geometry": { "type": "Point", "coordinates": [ -121.791850291192532, 43.906779466196895 ] } },
{ "type": "Feature", "properties": { "track_fid": 0, "track_seg_id": 0, "track_seg_point_id": 1585, "ele": 1589.4000244140625, "time": "2025-08-08T17:16:18Z" }, "geometry": { "type": "Point", "coordinates": [ -121.79193964228034, 43.906679973006248 ] } },
{ "type": "Feature", "properties": { "track_fid": 0, "track_seg_id": 0, "track_seg_point_id": 1586, "ele": 1590.4000244140625, "time": "2025-08-08T17:16:30Z" }, "geometry": { "type": "Point", "coordinates": [ -121.79201683960855, 43.906572349369526 ] } },
{ "type": "Feature", "properties": { "track_fid": 0, "track_seg_id": 0, "track_seg_point_id": 1587, "ele": 1591.4000244140625, "time": "2025-08-08T17:16:43Z" }, "geometry": { "type": "Point", "coordinates": [ -121.792110465466976, 43.9065011870116 ] } },
{ "type": "Feature", "properties": { "track_fid": 0, "track_seg_id": 0, "track_seg_point_id": 1588, "ele": 1591.800048828125, "time": "2025-08-08T17:16:53Z" }, "geometry": { "type": "Point", "coordinates": [ -121.792156398296356, 43.906448883935809 ] } },
{ "type": "Feature", "properties": { "track_fid": 0, "track_seg_id": 0, "track_seg_point_id": 1589, "ele": 1592.5999755859375, "time": "2025-08-08T17:17:04Z" }, "geometry": { "type": "Point", "coordinates": [ -121.792217250913382, 43.906370596960187 ] } },
{ "type": "Feature", "properties": { "track_fid": 0, "track_seg_id": 0, "track_seg_point_id": 1590, "ele": 1593.0, "time": "2025-08-08T17:17:15Z" }, "geometry": { "type": "Point", "coordinates": [ -121.79231439717114, 43.906300188973546 ] } },
{ "type": "Feature", "properties": { "track_fid": 0, "track_seg_id": 0, "track_seg_point_id": 1591, "ele": 1593.5999755859375, "time": "2025-08-08T17:17:24Z" }, "geometry": { "type": "Point", "coordinates": [ -121.792350187897682, 43.906269259750843 ] } },
{ "type": "Feature", "properties": { "track_fid": 0, "track_seg_id": 0, "track_seg_point_id": 1592, "ele": 1593.800048828125, "time": "2025-08-08T17:17:33Z" }, "geometry": { "type": "Point", "coordinates": [ -121.79243803024292, 43.906174376606941 ] } },
{ "type": "Feature", "properties": { "track_fid": 0, "track_seg_id": 0, "track_seg_point_id": 1593, "ele": 1593.800048828125, "time": "2025-08-08T17:17:35Z" }, "geometry": { "type": "Point", "coordinates": [ -121.792453033849597, 43.906159289181232 ] } },
{ "type": "Feature", "properties": { "track_fid": 0, "track_seg_id": 0, "track_seg_point_id": 1594, "ele": 1594.199951171875, "time": "2025-08-08T17:17:46Z" }, "geometry": { "type": "Point", "coordinates": [ -121.792550934478641, 43.906055018305779 ] } },
{ "type": "Feature", "properties": { "track_fid": 0, "track_seg_id": 0, "track_seg_point_id": 1595, "ele": 1595.4000244140625, "time": "2025-08-08T17:17:58Z" }, "geometry": { "type": "Point", "coordinates": [ -121.792631987482309, 43.906016293913126 ] } },
{ "type": "Feature", "properties": { "track_fid": 0, "track_seg_id": 0, "track_seg_point_id": 1596, "ele": 1596.800048828125, "time": "2025-08-08T17:18:09Z" }, "geometry": { "type": "Point", "coordinates": [ -121.792730558663607, 43.905993746593595 ] } },
{ "type": "Feature", "properties": { "track_fid": 0, "track_seg_id": 0, "track_seg_point_id": 1597, "ele": 1598.800048828125, "time": "2025-08-08T17:18:21Z" }, "geometry": { "type": "Point", "coordinates": [ -121.79284555837512, 43.905955022200942 ] } },
{ "type": "Feature", "properties": { "track_fid": 0, "track_seg_id": 0, "track_seg_point_id": 1598, "ele": 1601.4000244140625, "time": "2025-08-08T17:18:34Z" }, "geometry": { "type": "Point", "coordinates": [ -121.792978662997484, 43.905886458232999 ] } },
{ "type": "Feature", "properties": { "track_fid": 0, "track_seg_id": 0, "track_seg_point_id": 1599, "ele": 1602.4000244140625, "time": "2025-08-08T17:18:44Z" }, "geometry": { "type": "Point", "coordinates": [ -121.793091399595141, 43.90585913322866 ] } },
{ "type": "Feature", "properties": { "track_fid": 0, "track_seg_id": 0, "track_seg_point_id": 1600, "ele": 1603.800048828125, "time": "2025-08-08T17:18:57Z" }, "geometry": { "type": "Point", "coordinates": [ -121.793246129527688, 43.905824348330498 ] } },
{ "type": "Feature", "properties": { "track_fid": 0, "track_seg_id": 0, "track_seg_point_id": 1601, "ele": 1604.199951171875, "time": "2025-08-08T17:19:06Z" }, "geometry": { "type": "Point", "coordinates": [ -121.793361380696297, 43.905814038589597 ] } },
{ "type": "Feature", "properties": { "track_fid": 0, "track_seg_id": 0, "track_seg_point_id": 1602, "ele": 1604.199951171875, "time": "2025-08-08T17:19:15Z" }, "geometry": { "type": "Point", "coordinates": [ -121.79340354166925, 43.905809260904789 ] } },
{ "type": "Feature", "properties": { "track_fid": 0, "track_seg_id": 0, "track_seg_point_id": 1603, "ele": 1604.0, "time": "2025-08-08T17:19:27Z" }, "geometry": { "type": "Point", "coordinates": [ -121.793577549979091, 43.905796520411968 ] } },
{ "type": "Feature", "properties": { "track_fid": 0, "track_seg_id": 0, "track_seg_point_id": 1604, "ele": 1605.5999755859375, "time": "2025-08-08T17:19:41Z" }, "geometry": { "type": "Point", "coordinates": [ -121.793752983212471, 43.905743546783924 ] } },
{ "type": "Feature", "properties": { "track_fid": 0, "track_seg_id": 0, "track_seg_point_id": 1605, "ele": 1607.4000244140625, "time": "2025-08-08T17:19:53Z" }, "geometry": { "type": "Point", "coordinates": [ -121.793881393969059, 43.905706498771906 ] } },
{ "type": "Feature", "properties": { "track_fid": 0, "track_seg_id": 0, "track_seg_point_id": 1606, "ele": 1609.800048828125, "time": "2025-08-08T17:20:04Z" }, "geometry": { "type": "Point", "coordinates": [ -121.79401583969593, 43.905696021392941 ] } },
{ "type": "Feature", "properties": { "track_fid": 0, "track_seg_id": 0, "track_seg_point_id": 1607, "ele": 1612.199951171875, "time": "2025-08-08T17:20:14Z" }, "geometry": { "type": "Point", "coordinates": [ -121.794136539101601, 43.905662074685097 ] } },
{ "type": "Feature", "properties": { "track_fid": 0, "track_seg_id": 0, "track_seg_point_id": 1608, "ele": 1613.800048828125, "time": "2025-08-08T17:20:25Z" }, "geometry": { "type": "Point", "coordinates": [ -121.794251371175051, 43.90568126924336 ] } },
{ "type": "Feature", "properties": { "track_fid": 0, "track_seg_id": 0, "track_seg_point_id": 1609, "ele": 1614.199951171875, "time": "2025-08-08T17:20:38Z" }, "geometry": { "type": "Point", "coordinates": [ -121.794390259310603, 43.905701972544193 ] } },
{ "type": "Feature", "properties": { "track_fid": 0, "track_seg_id": 0, "track_seg_point_id": 1610, "ele": 1614.0, "time": "2025-08-08T17:20:45Z" }, "geometry": { "type": "Point", "coordinates": [ -121.794411297887564, 43.905704151839018 ] } },
{ "type": "Feature", "properties": { "track_fid": 0, "track_seg_id": 0, "track_seg_point_id": 1611, "ele": 1613.800048828125, "time": "2025-08-08T17:20:59Z" }, "geometry": { "type": "Point", "coordinates": [ -121.794433761388063, 43.905690489336848 ] } },
{ "type": "Feature", "properties": { "track_fid": 0, "track_seg_id": 0, "track_seg_point_id": 1612, "ele": 1613.5999755859375, "time": "2025-08-08T17:21:09Z" }, "geometry": { "type": "Point", "coordinates": [ -121.794449770823121, 43.905680431053042 ] } },
{ "type": "Feature", "properties": { "track_fid": 0, "track_seg_id": 0, "track_seg_point_id": 1613, "ele": 1613.4000244140625, "time": "2025-08-08T17:21:18Z" }, "geometry": { "type": "Point", "coordinates": [ -121.794456476345658, 43.905673893168569 ] } },
{ "type": "Feature", "properties": { "track_fid": 0, "track_seg_id": 0, "track_seg_point_id": 1614, "ele": 1613.4000244140625, "time": "2025-08-08T17:21:27Z" }, "geometry": { "type": "Point", "coordinates": [ -121.794459577649832, 43.905657380819321 ] } },
{ "type": "Feature", "properties": { "track_fid": 0, "track_seg_id": 0, "track_seg_point_id": 1615, "ele": 1613.199951171875, "time": "2025-08-08T17:21:39Z" }, "geometry": { "type": "Point", "coordinates": [ -121.794469635933638, 43.905648831278086 ] } },
{ "type": "Feature", "properties": { "track_fid": 0, "track_seg_id": 0, "track_seg_point_id": 1616, "ele": 1613.4000244140625, "time": "2025-08-08T17:21:50Z" }, "geometry": { "type": "Point", "coordinates": [ -121.794474078342319, 43.905649334192276 ] } },
{ "type": "Feature", "properties": { "track_fid": 0, "track_seg_id": 0, "track_seg_point_id": 1617, "ele": 1613.199951171875, "time": "2025-08-08T17:21:59Z" }, "geometry": { "type": "Point", "coordinates": [ -121.794482292607427, 43.905642544850707 ] } },
{ "type": "Feature", "properties": { "track_fid": 0, "track_seg_id": 0, "track_seg_point_id": 1618, "ele": 1612.800048828125, "time": "2025-08-08T17:22:12Z" }, "geometry": { "type": "Point", "coordinates": [ -121.794478436931968, 43.905639443546534 ] } },
{ "type": "Feature", "properties": { "track_fid": 0, "track_seg_id": 0, "track_seg_point_id": 1619, "ele": 1612.199951171875, "time": "2025-08-08T17:22:22Z" }, "geometry": { "type": "Point", "coordinates": [ -121.794478353112936, 43.905629720538855 ] } },
{ "type": "Feature", "properties": { "track_fid": 0, "track_seg_id": 0, "track_seg_point_id": 1620, "ele": 1611.800048828125, "time": "2025-08-08T17:22:32Z" }, "geometry": { "type": "Point", "coordinates": [ -121.794500146061182, 43.905610190704465 ] } },
{ "type": "Feature", "properties": { "track_fid": 0, "track_seg_id": 0, "track_seg_point_id": 1621, "ele": 1612.199951171875, "time": "2025-08-08T17:22:41Z" }, "geometry": { "type": "Point", "coordinates": [ -121.794546749442816, 43.905586469918489 ] } },
{ "type": "Feature", "properties": { "track_fid": 0, "track_seg_id": 0, "track_seg_point_id": 1622, "ele": 1612.0, "time": "2025-08-08T17:22:51Z" }, "geometry": { "type": "Point", "coordinates": [ -121.794560328125954, 43.90560407191515 ] } },
{ "type": "Feature", "properties": { "track_fid": 0, "track_seg_id": 0, "track_seg_point_id": 1623, "ele": 1611.800048828125, "time": "2025-08-08T17:23:03Z" }, "geometry": { "type": "Point", "coordinates": [ -121.794570721685886, 43.905633576214314 ] } },
{ "type": "Feature", "properties": { "track_fid": 0, "track_seg_id": 0, "track_seg_point_id": 1624, "ele": 1611.800048828125, "time": "2025-08-08T17:23:18Z" }, "geometry": { "type": "Point", "coordinates": [ -121.794569464400411, 43.905642377212644 ] } },
{ "type": "Feature", "properties": { "track_fid": 0, "track_seg_id": 0, "track_seg_point_id": 1625, "ele": 1611.5999755859375, "time": "2025-08-08T17:23:26Z" }, "geometry": { "type": "Point", "coordinates": [ -121.794567117467523, 43.905644388869405 ] } },
{ "type": "Feature", "properties": { "track_fid": 0, "track_seg_id": 0, "track_seg_point_id": 1626, "ele": 1611.5999755859375, "time": "2025-08-08T17:23:34Z" }, "geometry": { "type": "Point", "coordinates": [ -121.794566279277205, 43.905629049986601 ] } },
{ "type": "Feature", "properties": { "track_fid": 0, "track_seg_id": 0, "track_seg_point_id": 1627, "ele": 1611.199951171875, "time": "2025-08-08T17:23:43Z" }, "geometry": { "type": "Point", "coordinates": [ -121.794558484107256, 43.905628630891442 ] } },
{ "type": "Feature", "properties": { "track_fid": 0, "track_seg_id": 0, "track_seg_point_id": 1628, "ele": 1611.199951171875, "time": "2025-08-08T17:23:51Z" }, "geometry": { "type": "Point", "coordinates": [ -121.794565944001079, 43.905623685568571 ] } },
{ "type": "Feature", "properties": { "track_fid": 0, "track_seg_id": 0, "track_seg_point_id": 1629, "ele": 1611.0, "time": "2025-08-08T17:24:02Z" }, "geometry": { "type": "Point", "coordinates": [ -121.794586647301912, 43.905616560950875 ] } },
{ "type": "Feature", "properties": { "track_fid": 0, "track_seg_id": 0, "track_seg_point_id": 1630, "ele": 1610.199951171875, "time": "2025-08-08T17:24:09Z" }, "geometry": { "type": "Point", "coordinates": [ -121.794596537947655, 43.905615219846368 ] } },
{ "type": "Feature", "properties": { "track_fid": 0, "track_seg_id": 0, "track_seg_point_id": 1631, "ele": 1609.5999755859375, "time": "2025-08-08T17:24:17Z" }, "geometry": { "type": "Point", "coordinates": [ -121.794580025598407, 43.905608933418989 ] } },
{ "type": "Feature", "properties": { "track_fid": 0, "track_seg_id": 0, "track_seg_point_id": 1632, "ele": 1609.4000244140625, "time": "2025-08-08T17:24:26Z" }, "geometry": { "type": "Point", "coordinates": [ -121.794569632038474, 43.905598372220993 ] } },
{ "type": "Feature", "properties": { "track_fid": 0, "track_seg_id": 0, "track_seg_point_id": 1633, "ele": 1608.800048828125, "time": "2025-08-08T17:24:36Z" }, "geometry": { "type": "Point", "coordinates": [ -121.794562255963683, 43.905598372220993 ] } },
{ "type": "Feature", "properties": { "track_fid": 0, "track_seg_id": 0, "track_seg_point_id": 1634, "ele": 1608.199951171875, "time": "2025-08-08T17:24:50Z" }, "geometry": { "type": "Point", "coordinates": [ -121.794560579583049, 43.905601724982262 ] } },
{ "type": "Feature", "properties": { "track_fid": 0, "track_seg_id": 0, "track_seg_point_id": 1635, "ele": 1608.0, "time": "2025-08-08T17:25:05Z" }, "geometry": { "type": "Point", "coordinates": [ -121.794550269842148, 43.905609268695116 ] } },
{ "type": "Feature", "properties": { "track_fid": 0, "track_seg_id": 0, "track_seg_point_id": 1636, "ele": 1608.0, "time": "2025-08-08T17:25:18Z" }, "geometry": { "type": "Point", "coordinates": [ -121.794557394459844, 43.90560113824904 ] } },
{ "type": "Feature", "properties": { "track_fid": 0, "track_seg_id": 0, "track_seg_point_id": 1637, "ele": 1608.199951171875, "time": "2025-08-08T17:25:34Z" }, "geometry": { "type": "Point", "coordinates": [ -121.794578097760677, 43.905573980882764 ] } },
{ "type": "Feature", "properties": { "track_fid": 0, "track_seg_id": 0, "track_seg_point_id": 1638, "ele": 1607.800048828125, "time": "2025-08-08T17:25:49Z" }, "geometry": { "type": "Point", "coordinates": [ -121.794572398066521, 43.90556937083602 ] } },
{ "type": "Feature", "properties": { "track_fid": 0, "track_seg_id": 0, "track_seg_point_id": 1639, "ele": 1607.800048828125, "time": "2025-08-08T17:26:01Z" }, "geometry": { "type": "Point", "coordinates": [ -121.794565776363015, 43.905572555959225 ] } },
{ "type": "Feature", "properties": { "track_fid": 0, "track_seg_id": 0, "track_seg_point_id": 1640, "ele": 1607.0, "time": "2025-08-08T17:26:13Z" }, "geometry": { "type": "Point", "coordinates": [ -121.794557478278875, 43.90560407191515 ] } },
{ "type": "Feature", "properties": { "track_fid": 0, "track_seg_id": 0, "track_seg_point_id": 1641, "ele": 1606.5999755859375, "time": "2025-08-08T17:26:25Z" }, "geometry": { "type": "Point", "coordinates": [ -121.794551778584719, 43.90561236999929 ] } },
{ "type": "Feature", "properties": { "track_fid": 0, "track_seg_id": 0, "track_seg_point_id": 1642, "ele": 1606.199951171875, "time": "2025-08-08T17:26:38Z" }, "geometry": { "type": "Point", "coordinates": [ -121.794553035870194, 43.90559527091682 ] } },
{ "type": "Feature", "properties": { "track_fid": 0, "track_seg_id": 0, "track_seg_point_id": 1643, "ele": 1605.800048828125, "time": "2025-08-08T17:26:54Z" }, "geometry": { "type": "Point", "coordinates": [ -121.794559825211763, 43.90559233725071 ] } },
{ "type": "Feature", "properties": { "track_fid": 0, "track_seg_id": 0, "track_seg_point_id": 1644, "ele": 1605.4000244140625, "time": "2025-08-08T17:27:04Z" }, "geometry": { "type": "Point", "coordinates": [ -121.794567452743649, 43.905585547909141 ] } },
{ "type": "Feature", "properties": { "track_fid": 0, "track_seg_id": 0, "track_seg_point_id": 1645, "ele": 1604.0, "time": "2025-08-08T17:27:17Z" }, "geometry": { "type": "Point", "coordinates": [ -121.794583545997739, 43.905549254268408 ] } },
{ "type": "Feature", "properties": { "track_fid": 0, "track_seg_id": 0, "track_seg_point_id": 1646, "ele": 1603.4000244140625, "time": "2025-08-08T17:27:30Z" }, "geometry": { "type": "Point", "coordinates": [ -121.794591676443815, 43.905550092458725 ] } },
{ "type": "Feature", "properties": { "track_fid": 0, "track_seg_id": 0, "track_seg_point_id": 1647, "ele": 1603.0, "time": "2025-08-08T17:27:40Z" }, "geometry": { "type": "Point", "coordinates": [ -121.794592346996069, 43.905557719990611 ] } },
{ "type": "Feature", "properties": { "track_fid": 0, "track_seg_id": 0, "track_seg_point_id": 1648, "ele": 1602.0, "time": "2025-08-08T17:27:51Z" }, "geometry": { "type": "Point", "coordinates": [ -121.794597040861845, 43.905546739697456 ] } },
{ "type": "Feature", "properties": { "track_fid": 0, "track_seg_id": 0, "track_seg_point_id": 1649, "ele": 1600.199951171875, "time": "2025-08-08T17:28:03Z" }, "geometry": { "type": "Point", "coordinates": [ -121.794605925679207, 43.905546320602298 ] } },
{ "type": "Feature", "properties": { "track_fid": 0, "track_seg_id": 0, "track_seg_point_id": 1650, "ele": 1600.199951171875, "time": "2025-08-08T17:28:12Z" }, "geometry": { "type": "Point", "coordinates": [ -121.794607182964683, 43.905545817688107 ] } },
{ "type": "Feature", "properties": { "track_fid": 0, "track_seg_id": 0, "track_seg_point_id": 1651, "ele": 1600.0, "time": "2025-08-08T17:28:22Z" }, "geometry": { "type": "Point", "coordinates": [ -121.794611876830459, 43.905563922598958 ] } },
{ "type": "Feature", "properties": { "track_fid": 0, "track_seg_id": 0, "track_seg_point_id": 1652, "ele": 1599.800048828125, "time": "2025-08-08T17:28:34Z" }, "geometry": { "type": "Point", "coordinates": [ -121.794602489098907, 43.905584290623665 ] } },
{ "type": "Feature", "properties": { "track_fid": 0, "track_seg_id": 0, "track_seg_point_id": 1653, "ele": 1599.5999755859375, "time": "2025-08-08T17:28:44Z" }, "geometry": { "type": "Point", "coordinates": [ -121.794597040861845, 43.905589655041695 ] } },
{ "type": "Feature", "properties": { "track_fid": 0, "track_seg_id": 0, "track_seg_point_id": 1654, "ele": 1599.4000244140625, "time": "2025-08-08T17:28:55Z" }, "geometry": { "type": "Point", "coordinates": [ -121.794584048911929, 43.905583033338189 ] } },
{ "type": "Feature", "properties": { "track_fid": 0, "track_seg_id": 0, "track_seg_point_id": 1655, "ele": 1599.199951171875, "time": "2025-08-08T17:29:08Z" }, "geometry": { "type": "Point", "coordinates": [ -121.794577175751328, 43.905582195147872 ] } },
{ "type": "Feature", "properties": { "track_fid": 0, "track_seg_id": 0, "track_seg_point_id": 1656, "ele": 1599.0, "time": "2025-08-08T17:29:24Z" }, "geometry": { "type": "Point", "coordinates": [ -121.794579271227121, 43.905586721375585 ] } },
{ "type": "Feature", "properties": { "track_fid": 0, "track_seg_id": 0, "track_seg_point_id": 1657, "ele": 1598.800048828125, "time": "2025-08-08T17:29:50Z" }, "geometry": { "type": "Point", "coordinates": [ -121.794575080275536, 43.905588481575251 ] } },
{ "type": "Feature", "properties": { "track_fid": 0, "track_seg_id": 0, "track_seg_point_id": 1658, "ele": 1598.199951171875, "time": "2025-08-08T17:31:12Z" }, "geometry": { "type": "Point", "coordinates": [ -121.794552197679877, 43.905578926205635 ] } },
{ "type": "Feature", "properties": { "track_fid": 0, "track_seg_id": 0, "track_seg_point_id": 1659, "ele": 1597.199951171875, "time": "2025-08-08T17:32:49Z" }, "geometry": { "type": "Point", "coordinates": [ -121.79453912191093, 43.905577333644032 ] } },
{ "type": "Feature", "properties": { "track_fid": 0, "track_seg_id": 0, "track_seg_point_id": 1660, "ele": 1596.0, "time": "2025-08-08T17:33:14Z" }, "geometry": { "type": "Point", "coordinates": [ -121.794537277892232, 43.905571550130844 ] } },
{ "type": "Feature", "properties": { "track_fid": 0, "track_seg_id": 0, "track_seg_point_id": 1661, "ele": 1596.199951171875, "time": "2025-08-08T17:33:42Z" }, "geometry": { "type": "Point", "coordinates": [ -121.794534930959344, 43.905586218461394 ] } },
{ "type": "Feature", "properties": { "track_fid": 0, "track_seg_id": 0, "track_seg_point_id": 1662, "ele": 1596.5999755859375, "time": "2025-08-08T17:34:13Z" }, "geometry": { "type": "Point", "coordinates": [ -121.794529566541314, 43.905595857650042 ] } },
{ "type": "Feature", "properties": { "track_fid": 0, "track_seg_id": 0, "track_seg_point_id": 1663, "ele": 1596.4000244140625, "time": "2025-08-08T17:34:29Z" }, "geometry": { "type": "Point", "coordinates": [ -121.79453618824482, 43.905594181269407 ] } },
{ "type": "Feature", "properties": { "track_fid": 0, "track_seg_id": 0, "track_seg_point_id": 1664, "ele": 1595.800048828125, "time": "2025-08-08T17:34:40Z" }, "geometry": { "type": "Point", "coordinates": [ -121.794543731957674, 43.905591331422329 ] } },
{ "type": "Feature", "properties": { "track_fid": 0, "track_seg_id": 0, "track_seg_point_id": 1665, "ele": 1595.4000244140625, "time": "2025-08-08T17:34:58Z" }, "geometry": { "type": "Point", "coordinates": [ -121.794543731957674, 43.905591750517488 ] } },
{ "type": "Feature", "properties": { "track_fid": 0, "track_seg_id": 0, "track_seg_point_id": 1666, "ele": 1594.199951171875, "time": "2025-08-08T17:35:27Z" }, "geometry": { "type": "Point", "coordinates": [ -121.794525040313601, 43.90554984100163 ] } },
{ "type": "Feature", "properties": { "track_fid": 0, "track_seg_id": 0, "track_seg_point_id": 1667, "ele": 1592.5999755859375, "time": "2025-08-08T17:35:37Z" }, "geometry": { "type": "Point", "coordinates": [ -121.794497882947326, 43.905533831566572 ] } },
{ "type": "Feature", "properties": { "track_fid": 0, "track_seg_id": 0, "track_seg_point_id": 1668, "ele": 1593.4000244140625, "time": "2025-08-08T17:35:48Z" }, "geometry": { "type": "Point", "coordinates": [ -121.794526549056172, 43.905471134930849 ] } },
{ "type": "Feature", "properties": { "track_fid": 0, "track_seg_id": 0, "track_seg_point_id": 1669, "ele": 1596.0, "time": "2025-08-08T17:36:00Z" }, "geometry": { "type": "Point", "coordinates": [ -121.794574744999409, 43.905383376404643 ] } },
{ "type": "Feature", "properties": { "track_fid": 0, "track_seg_id": 0, "track_seg_point_id": 1670, "ele": 1599.800048828125, "time": "2025-08-08T17:36:11Z" }, "geometry": { "type": "Point", "coordinates": [ -121.794643057510257, 43.905305592343211 ] } },
{ "type": "Feature", "properties": { "track_fid": 0, "track_seg_id": 0, "track_seg_point_id": 1671, "ele": 1601.199951171875, "time": "2025-08-08T17:36:20Z" }, "geometry": { "type": "Point", "coordinates": [ -121.794694270938635, 43.905225796625018 ] } },
{ "type": "Feature", "properties": { "track_fid": 0, "track_seg_id": 0, "track_seg_point_id": 1672, "ele": 1602.199951171875, "time": "2025-08-08T17:36:27Z" }, "geometry": { "type": "Point", "coordinates": [ -121.794748585671186, 43.905170978978276 ] } },
{ "type": "Feature", "properties": { "track_fid": 0, "track_seg_id": 0, "track_seg_point_id": 1673, "ele": 1603.0, "time": "2025-08-08T17:36:34Z" }, "geometry": { "type": "Point", "coordinates": [ -121.794810527935624, 43.905120268464088 ] } },
{ "type": "Feature", "properties": { "track_fid": 0, "track_seg_id": 0, "track_seg_point_id": 1674, "ele": 1603.5999755859375, "time": "2025-08-08T17:36:43Z" }, "geometry": { "type": "Point", "coordinates": [ -121.794885881245136, 43.905104259029031 ] } },
{ "type": "Feature", "properties": { "track_fid": 0, "track_seg_id": 0, "track_seg_point_id": 1675, "ele": 1605.4000244140625, "time": "2025-08-08T17:36:50Z" }, "geometry": { "type": "Point", "coordinates": [ -121.794912870973349, 43.905112724751234 ] } },
{ "type": "Feature", "properties": { "track_fid": 0, "track_seg_id": 0, "track_seg_point_id": 1676, "ele": 1608.4000244140625, "time": "2025-08-08T17:37:01Z" }, "geometry": { "type": "Point", "coordinates": [ -121.794981686398387, 43.905141726136208 ] } },
{ "type": "Feature", "properties": { "track_fid": 0, "track_seg_id": 0, "track_seg_point_id": 1677, "ele": 1608.800048828125, "time": "2025-08-08T17:37:12Z" }, "geometry": { "type": "Point", "coordinates": [ -121.79517874494195, 43.905184473842382 ] } },
{ "type": "Feature", "properties": { "track_fid": 0, "track_seg_id": 0, "track_seg_point_id": 1678, "ele": 1609.0, "time": "2025-08-08T17:37:14Z" }, "geometry": { "type": "Point", "coordinates": [ -121.795214954763651, 43.905179696157575 ] } },
{ "type": "Feature", "properties": { "track_fid": 0, "track_seg_id": 0, "track_seg_point_id": 1679, "ele": 1609.199951171875, "time": "2025-08-08T17:37:18Z" }, "geometry": { "type": "Point", "coordinates": [ -121.795241190120578, 43.905187156051397 ] } },
{ "type": "Feature", "properties": { "track_fid": 0, "track_seg_id": 0, "track_seg_point_id": 1680, "ele": 1609.5999755859375, "time": "2025-08-08T17:37:27Z" }, "geometry": { "type": "Point", "coordinates": [ -121.795297851786017, 43.90522344969213 ] } },
{ "type": "Feature", "properties": { "track_fid": 0, "track_seg_id": 0, "track_seg_point_id": 1681, "ele": 1607.4000244140625, "time": "2025-08-08T17:37:39Z" }, "geometry": { "type": "Point", "coordinates": [ -121.795472530648112, 43.905248763039708 ] } },
{ "type": "Feature", "properties": { "track_fid": 0, "track_seg_id": 0, "track_seg_point_id": 1682, "ele": 1604.5999755859375, "time": "2025-08-08T17:37:46Z" }, "geometry": { "type": "Point", "coordinates": [ -121.795481666922569, 43.905203249305487 ] } },
{ "type": "Feature", "properties": { "track_fid": 0, "track_seg_id": 0, "track_seg_point_id": 1683, "ele": 1603.4000244140625, "time": "2025-08-08T17:37:56Z" }, "geometry": { "type": "Point", "coordinates": [ -121.795471860095859, 43.905181875452399 ] } },
{ "type": "Feature", "properties": { "track_fid": 0, "track_seg_id": 0, "track_seg_point_id": 1684, "ele": 1603.0, "time": "2025-08-08T17:38:04Z" }, "geometry": { "type": "Point", "coordinates": [ -121.795466160401702, 43.905188832432032 ] } },
{ "type": "Feature", "properties": { "track_fid": 0, "track_seg_id": 0, "track_seg_point_id": 1685, "ele": 1602.5999755859375, "time": "2025-08-08T17:38:19Z" }, "geometry": { "type": "Point", "coordinates": [ -121.795473536476493, 43.905189670622349 ] } },
{ "type": "Feature", "properties": { "track_fid": 0, "track_seg_id": 0, "track_seg_point_id": 1686, "ele": 1602.4000244140625, "time": "2025-08-08T17:38:36Z" }, "geometry": { "type": "Point", "coordinates": [ -121.795475380495191, 43.905184641480446 ] } },
{ "type": "Feature", "properties": { "track_fid": 0, "track_seg_id": 0, "track_seg_point_id": 1687, "ele": 1601.0, "time": "2025-08-08T17:39:01Z" }, "geometry": { "type": "Point", "coordinates": [ -121.795484516769648, 43.905168464407325 ] } },
{ "type": "Feature", "properties": { "track_fid": 0, "track_seg_id": 0, "track_seg_point_id": 1688, "ele": 1599.800048828125, "time": "2025-08-08T17:39:18Z" }, "geometry": { "type": "Point", "coordinates": [ -121.795488623902202, 43.905156897380948 ] } },
{ "type": "Feature", "properties": { "track_fid": 0, "track_seg_id": 0, "track_seg_point_id": 1689, "ele": 1600.199951171875, "time": "2025-08-08T17:39:34Z" }, "geometry": { "type": "Point", "coordinates": [ -121.795484684407711, 43.905155891552567 ] } },
{ "type": "Feature", "properties": { "track_fid": 0, "track_seg_id": 0, "track_seg_point_id": 1690, "ele": 1600.5999755859375, "time": "2025-08-08T17:39:56Z" }, "geometry": { "type": "Point", "coordinates": [ -121.79549977183342, 43.905175337567925 ] } },
{ "type": "Feature", "properties": { "track_fid": 0, "track_seg_id": 0, "track_seg_point_id": 1691, "ele": 1599.800048828125, "time": "2025-08-08T17:40:17Z" }, "geometry": { "type": "Point", "coordinates": [ -121.79551494307816, 43.90519117936492 ] } },
{ "type": "Feature", "properties": { "track_fid": 0, "track_seg_id": 0, "track_seg_point_id": 1692, "ele": 1597.5999755859375, "time": "2025-08-08T17:40:32Z" }, "geometry": { "type": "Point", "coordinates": [ -121.795498598366976, 43.905220432206988 ] } },
{ "type": "Feature", "properties": { "track_fid": 0, "track_seg_id": 0, "track_seg_point_id": 1693, "ele": 1590.4000244140625, "time": "2025-08-08T17:40:49Z" }, "geometry": { "type": "Point", "coordinates": [ -121.795525588095188, 43.905186569318175 ] } },
{ "type": "Feature", "properties": { "track_fid": 0, "track_seg_id": 0, "track_seg_point_id": 1694, "ele": 1587.0, "time": "2025-08-08T17:41:11Z" }, "geometry": { "type": "Point", "coordinates": [ -121.795488456264138, 43.905169721692801 ] } },
{ "type": "Feature", "properties": { "track_fid": 0, "track_seg_id": 0, "track_seg_point_id": 1695, "ele": 1587.800048828125, "time": "2025-08-08T17:41:31Z" }, "geometry": { "type": "Point", "coordinates": [ -121.795486444607377, 43.905176930129528 ] } },
{ "type": "Feature", "properties": { "track_fid": 0, "track_seg_id": 0, "track_seg_point_id": 1696, "ele": 1587.800048828125, "time": "2025-08-08T17:42:01Z" }, "geometry": { "type": "Point", "coordinates": [ -121.79548367857933, 43.905172739177942 ] } },
{ "type": "Feature", "properties": { "track_fid": 0, "track_seg_id": 0, "track_seg_point_id": 1697, "ele": 1588.0, "time": "2025-08-08T17:42:20Z" }, "geometry": { "type": "Point", "coordinates": [ -121.795471524819732, 43.905176762491465 ] } },
{ "type": "Feature", "properties": { "track_fid": 0, "track_seg_id": 0, "track_seg_point_id": 1698, "ele": 1588.0, "time": "2025-08-08T17:42:42Z" }, "geometry": { "type": "Point", "coordinates": [ -121.795502118766308, 43.905170727521181 ] } },
{ "type": "Feature", "properties": { "track_fid": 0, "track_seg_id": 0, "track_seg_point_id": 1699, "ele": 1588.0, "time": "2025-08-08T17:42:59Z" }, "geometry": { "type": "Point", "coordinates": [ -121.795524833723903, 43.905169721692801 ] } },
{ "type": "Feature", "properties": { "track_fid": 0, "track_seg_id": 0, "track_seg_point_id": 1700, "ele": 1589.0, "time": "2025-08-08T17:43:10Z" }, "geometry": { "type": "Point", "coordinates": [ -121.795530365779996, 43.905176175758243 ] } },
{ "type": "Feature", "properties": { "track_fid": 0, "track_seg_id": 0, "track_seg_point_id": 1701, "ele": 1589.0, "time": "2025-08-08T17:43:21Z" }, "geometry": { "type": "Point", "coordinates": [ -121.795523827895522, 43.905181540176272 ] } },
{ "type": "Feature", "properties": { "track_fid": 0, "track_seg_id": 0, "track_seg_point_id": 1702, "ele": 1589.199951171875, "time": "2025-08-08T17:43:34Z" }, "geometry": { "type": "Point", "coordinates": [ -121.795531874522567, 43.905178690329194 ] } },
{ "type": "Feature", "properties": { "track_fid": 0, "track_seg_id": 0, "track_seg_point_id": 1703, "ele": 1589.199951171875, "time": "2025-08-08T17:43:48Z" }, "geometry": { "type": "Point", "coordinates": [ -121.795533634722233, 43.905175924301147 ] } },
{ "type": "Feature", "properties": { "track_fid": 0, "track_seg_id": 0, "track_seg_point_id": 1704, "ele": 1589.0, "time": "2025-08-08T17:44:00Z" }, "geometry": { "type": "Point", "coordinates": [ -121.795531287789345, 43.905172990635037 ] } },
{ "type": "Feature", "properties": { "track_fid": 0, "track_seg_id": 0, "track_seg_point_id": 1705, "ele": 1589.0, "time": "2025-08-08T17:44:12Z" }, "geometry": { "type": "Point", "coordinates": [ -121.7955266777426, 43.905172655358911 ] } },
{ "type": "Feature", "properties": { "track_fid": 0, "track_seg_id": 0, "track_seg_point_id": 1706, "ele": 1589.0, "time": "2025-08-08T17:44:27Z" }, "geometry": { "type": "Point", "coordinates": [ -121.795523576438427, 43.905175337567925 ] } },
{ "type": "Feature", "properties": { "track_fid": 0, "track_seg_id": 0, "track_seg_point_id": 1707, "ele": 1589.4000244140625, "time": "2025-08-08T17:44:57Z" }, "geometry": { "type": "Point", "coordinates": [ -121.79550027474761, 43.905170224606991 ] } },
{ "type": "Feature", "properties": { "track_fid": 0, "track_seg_id": 0, "track_seg_point_id": 1708, "ele": 1589.800048828125, "time": "2025-08-08T17:45:27Z" }, "geometry": { "type": "Point", "coordinates": [ -121.795504884794354, 43.90516678802669 ] } },
{ "type": "Feature", "properties": { "track_fid": 0, "track_seg_id": 0, "track_seg_point_id": 1709, "ele": 1590.0, "time": "2025-08-08T17:45:50Z" }, "geometry": { "type": "Point", "coordinates": [ -121.795579651370645, 43.905175756663084 ] } },
{ "type": "Feature", "properties": { "track_fid": 0, "track_seg_id": 0, "track_seg_point_id": 1710, "ele": 1590.4000244140625, "time": "2025-08-08T17:45:56Z" }, "geometry": { "type": "Point", "coordinates": [ -121.795596918091178, 43.905175924301147 ] } },
{ "type": "Feature", "properties": { "track_fid": 0, "track_seg_id": 0, "track_seg_point_id": 1711, "ele": 1590.800048828125, "time": "2025-08-08T17:46:05Z" }, "geometry": { "type": "Point", "coordinates": [ -121.795602031052113, 43.905164441093802 ] } },
{ "type": "Feature", "properties": { "track_fid": 0, "track_seg_id": 0, "track_seg_point_id": 1712, "ele": 1591.0, "time": "2025-08-08T17:46:14Z" }, "geometry": { "type": "Point", "coordinates": [ -121.795603288337588, 43.905162932351232 ] } },
{ "type": "Feature", "properties": { "track_fid": 0, "track_seg_id": 0, "track_seg_point_id": 1713, "ele": 1590.800048828125, "time": "2025-08-08T17:46:27Z" }, "geometry": { "type": "Point", "coordinates": [ -121.795601947233081, 43.905141390860081 ] } },
{ "type": "Feature", "properties": { "track_fid": 0, "track_seg_id": 0, "track_seg_point_id": 1714, "ele": 1591.0, "time": "2025-08-08T17:46:40Z" }, "geometry": { "type": "Point", "coordinates": [ -121.795606892555952, 43.905139295384288 ] } },
{ "type": "Feature", "properties": { "track_fid": 0, "track_seg_id": 0, "track_seg_point_id": 1715, "ele": 1591.0, "time": "2025-08-08T17:46:54Z" }, "geometry": { "type": "Point", "coordinates": [ -121.795611334964633, 43.905137870460749 ] } },
{ "type": "Feature", "properties": { "track_fid": 0, "track_seg_id": 0, "track_seg_point_id": 1716, "ele": 1591.0, "time": "2025-08-08T17:47:03Z" }, "geometry": { "type": "Point", "coordinates": [ -121.795593565329909, 43.905138876289129 ] } },
{ "type": "Feature", "properties": { "track_fid": 0, "track_seg_id": 0, "track_seg_point_id": 1717, "ele": 1590.800048828125, "time": "2025-08-08T17:47:13Z" }, "geometry": { "type": "Point", "coordinates": [ -121.795584261417389, 43.905155556276441 ] } },
{ "type": "Feature", "properties": { "track_fid": 0, "track_seg_id": 0, "track_seg_point_id": 1718, "ele": 1590.5999755859375, "time": "2025-08-08T17:47:26Z" }, "geometry": { "type": "Point", "coordinates": [ -121.795575125142932, 43.90516041778028 ] } },
{ "type": "Feature", "properties": { "track_fid": 0, "track_seg_id": 0, "track_seg_point_id": 1719, "ele": 1590.5999755859375, "time": "2025-08-08T17:47:39Z" }, "geometry": { "type": "Point", "coordinates": [ -121.795574119314551, 43.905164944007993 ] } },
{ "type": "Feature", "properties": { "track_fid": 0, "track_seg_id": 0, "track_seg_point_id": 1720, "ele": 1590.5999755859375, "time": "2025-08-08T17:47:48Z" }, "geometry": { "type": "Point", "coordinates": [ -121.795606389641762, 43.905181288719177 ] } },
{ "type": "Feature", "properties": { "track_fid": 0, "track_seg_id": 0, "track_seg_point_id": 1721, "ele": 1590.199951171875, "time": "2025-08-08T17:47:57Z" }, "geometry": { "type": "Point", "coordinates": [ -121.795634217560291, 43.905187742784619 ] } },
{ "type": "Feature", "properties": { "track_fid": 0, "track_seg_id": 0, "track_seg_point_id": 1722, "ele": 1590.5999755859375, "time": "2025-08-08T17:48:08Z" }, "geometry": { "type": "Point", "coordinates": [ -121.795650562271476, 43.905202746391296 ] } },
{ "type": "Feature", "properties": { "track_fid": 0, "track_seg_id": 0, "track_seg_point_id": 1723, "ele": 1590.4000244140625, "time": "2025-08-08T17:48:16Z" }, "geometry": { "type": "Point", "coordinates": [ -121.795648466795683, 43.905207691714168 ] } },
{ "type": "Feature", "properties": { "track_fid": 0, "track_seg_id": 0, "track_seg_point_id": 1724, "ele": 1590.4000244140625, "time": "2025-08-08T17:48:33Z" }, "geometry": { "type": "Point", "coordinates": [ -121.795661961659789, 43.905197968706489 ] } },
{ "type": "Feature", "properties": { "track_fid": 0, "track_seg_id": 0, "track_seg_point_id": 1725, "ele": 1590.5999755859375, "time": "2025-08-08T17:49:14Z" }, "geometry": { "type": "Point", "coordinates": [ -121.795669253915548, 43.905186988413334 ] } },
{ "type": "Feature", "properties": { "track_fid": 0, "track_seg_id": 0, "track_seg_point_id": 1726, "ele": 1590.800048828125, "time": "2025-08-08T17:49:31Z" }, "geometry": { "type": "Point", "coordinates": [ -121.795688699930906, 43.905181623995304 ] } },
{ "type": "Feature", "properties": { "track_fid": 0, "track_seg_id": 0, "track_seg_point_id": 1727, "ele": 1590.800048828125, "time": "2025-08-08T17:49:39Z" }, "geometry": { "type": "Point", "coordinates": [ -121.795706134289503, 43.905171817168593 ] } },
{ "type": "Feature", "properties": { "track_fid": 0, "track_seg_id": 0, "track_seg_point_id": 1728, "ele": 1591.0, "time": "2025-08-08T17:49:49Z" }, "geometry": { "type": "Point", "coordinates": [ -121.795769752934575, 43.905177684500813 ] } },
{ "type": "Feature", "properties": { "track_fid": 0, "track_seg_id": 0, "track_seg_point_id": 1729, "ele": 1591.199951171875, "time": "2025-08-08T17:49:55Z" }, "geometry": { "type": "Point", "coordinates": [ -121.795772854238749, 43.905178522691131 ] } },
{ "type": "Feature", "properties": { "track_fid": 0, "track_seg_id": 0, "track_seg_point_id": 1730, "ele": 1591.199951171875, "time": "2025-08-08T17:50:08Z" }, "geometry": { "type": "Point", "coordinates": [ -121.79578073322773, 43.905177265405655 ] } },
{ "type": "Feature", "properties": { "track_fid": 0, "track_seg_id": 0, "track_seg_point_id": 1731, "ele": 1591.0, "time": "2025-08-08T17:50:24Z" }, "geometry": { "type": "Point", "coordinates": [ -121.795783247798681, 43.905177935957909 ] } },
{ "type": "Feature", "properties": { "track_fid": 0, "track_seg_id": 0, "track_seg_point_id": 1732, "ele": 1590.0, "time": "2025-08-08T17:50:43Z" }, "geometry": { "type": "Point", "coordinates": [ -121.795822391286492, 43.905185060575604 ] } },
{ "type": "Feature", "properties": { "track_fid": 0, "track_seg_id": 0, "track_seg_point_id": 1733, "ele": 1590.800048828125, "time": "2025-08-08T17:50:54Z" }, "geometry": { "type": "Point", "coordinates": [ -121.795829180628061, 43.905192352831364 ] } },
{ "type": "Feature", "properties": { "track_fid": 0, "track_seg_id": 0, "track_seg_point_id": 1734, "ele": 1590.5999755859375, "time": "2025-08-08T17:51:05Z" }, "geometry": { "type": "Point", "coordinates": [ -121.795808477327228, 43.905176343396306 ] } },
{ "type": "Feature", "properties": { "track_fid": 0, "track_seg_id": 0, "track_seg_point_id": 1735, "ele": 1591.199951171875, "time": "2025-08-08T17:51:15Z" }, "geometry": { "type": "Point", "coordinates": [ -121.795782158151269, 43.905137535184622 ] } },
{ "type": "Feature", "properties": { "track_fid": 0, "track_seg_id": 0, "track_seg_point_id": 1736, "ele": 1592.5999755859375, "time": "2025-08-08T17:51:24Z" }, "geometry": { "type": "Point", "coordinates": [ -121.795744355767965, 43.905116748064756 ] } },
{ "type": "Feature", "properties": { "track_fid": 0, "track_seg_id": 0, "track_seg_point_id": 1737, "ele": 1594.0, "time": "2025-08-08T17:51:30Z" }, "geometry": { "type": "Point", "coordinates": [ -121.79568593390286, 43.905111886560917 ] } },
{ "type": "Feature", "properties": { "track_fid": 0, "track_seg_id": 0, "track_seg_point_id": 1738, "ele": 1594.5999755859375, "time": "2025-08-08T17:51:35Z" }, "geometry": { "type": "Point", "coordinates": [ -121.795617956668139, 43.90512228012085 ] } },
{ "type": "Feature", "properties": { "track_fid": 0, "track_seg_id": 0, "track_seg_point_id": 1739, "ele": 1595.800048828125, "time": "2025-08-08T17:51:43Z" }, "geometry": { "type": "Point", "coordinates": [ -121.795550985261798, 43.905126722529531 ] } },
{ "type": "Feature", "properties": { "track_fid": 0, "track_seg_id": 0, "track_seg_point_id": 1740, "ele": 1595.199951171875, "time": "2025-08-08T17:52:07Z" }, "geometry": { "type": "Point", "coordinates": [ -121.795437997207046, 43.905120939016342 ] } },
{ "type": "Feature", "properties": { "track_fid": 0, "track_seg_id": 0, "track_seg_point_id": 1741, "ele": 1593.0, "time": "2025-08-08T17:52:26Z" }, "geometry": { "type": "Point", "coordinates": [ -121.795473033562303, 43.905124794691801 ] } },
{ "type": "Feature", "properties": { "track_fid": 0, "track_seg_id": 0, "track_seg_point_id": 1742, "ele": 1591.5999755859375, "time": "2025-08-08T17:52:41Z" }, "geometry": { "type": "Point", "coordinates": [ -121.795520726591349, 43.905163770541549 ] } },
{ "type": "Feature", "properties": { "track_fid": 0, "track_seg_id": 0, "track_seg_point_id": 1743, "ele": 1591.199951171875, "time": "2025-08-08T17:52:50Z" }, "geometry": { "type": "Point", "coordinates": [ -121.795517122372985, 43.90515698119998 ] } },
{ "type": "Feature", "properties": { "track_fid": 0, "track_seg_id": 0, "track_seg_point_id": 1744, "ele": 1591.0, "time": "2025-08-08T17:53:04Z" }, "geometry": { "type": "Point", "coordinates": [ -121.795502537861466, 43.905156143009663 ] } },
{ "type": "Feature", "properties": { "track_fid": 0, "track_seg_id": 0, "track_seg_point_id": 1745, "ele": 1591.0, "time": "2025-08-08T17:53:16Z" }, "geometry": { "type": "Point", "coordinates": [ -121.795492563396692, 43.905156478285789 ] } },
{ "type": "Feature", "properties": { "track_fid": 0, "track_seg_id": 0, "track_seg_point_id": 1746, "ele": 1591.199951171875, "time": "2025-08-08T17:53:32Z" }, "geometry": { "type": "Point", "coordinates": [ -121.795478397980332, 43.905152790248394 ] } },
{ "type": "Feature", "properties": { "track_fid": 0, "track_seg_id": 0, "track_seg_point_id": 1747, "ele": 1591.5999755859375, "time": "2025-08-08T17:53:47Z" }, "geometry": { "type": "Point", "coordinates": [ -121.795468088239431, 43.905134685337543 ] } },
{ "type": "Feature", "properties": { "track_fid": 0, "track_seg_id": 0, "track_seg_point_id": 1748, "ele": 1592.800048828125, "time": "2025-08-08T17:54:02Z" }, "geometry": { "type": "Point", "coordinates": [ -121.795457694679499, 43.90515698119998 ] } },
{ "type": "Feature", "properties": { "track_fid": 0, "track_seg_id": 0, "track_seg_point_id": 1749, "ele": 1587.4000244140625, "time": "2025-08-08T17:54:21Z" }, "geometry": { "type": "Point", "coordinates": [ -121.79547194391489, 43.905177935957909 ] } },
{ "type": "Feature", "properties": { "track_fid": 0, "track_seg_id": 0, "track_seg_point_id": 1750, "ele": 1588.800048828125, "time": "2025-08-08T17:54:37Z" }, "geometry": { "type": "Point", "coordinates": [ -121.79543623700738, 43.905170056968927 ] } },
{ "type": "Feature", "properties": { "track_fid": 0, "track_seg_id": 0, "track_seg_point_id": 1751, "ele": 1588.0, "time": "2025-08-08T17:54:48Z" }, "geometry": { "type": "Point", "coordinates": [ -121.795449145138264, 43.905173996463418 ] } },
{ "type": "Feature", "properties": { "track_fid": 0, "track_seg_id": 0, "track_seg_point_id": 1752, "ele": 1588.199951171875, "time": "2025-08-08T17:54:58Z" }, "geometry": { "type": "Point", "coordinates": [ -121.795444535091519, 43.905173828825355 ] } },
{ "type": "Feature", "properties": { "track_fid": 0, "track_seg_id": 0, "track_seg_point_id": 1753, "ele": 1588.0, "time": "2025-08-08T17:55:09Z" }, "geometry": { "type": "Point", "coordinates": [ -121.795438332483172, 43.905176343396306 ] } },
{ "type": "Feature", "properties": { "track_fid": 0, "track_seg_id": 0, "track_seg_point_id": 1754, "ele": 1588.199951171875, "time": "2025-08-08T17:55:21Z" }, "geometry": { "type": "Point", "coordinates": [ -121.795437075197697, 43.905175337567925 ] } },
{ "type": "Feature", "properties": { "track_fid": 0, "track_seg_id": 0, "track_seg_point_id": 1755, "ele": 1588.4000244140625, "time": "2025-08-08T17:55:35Z" }, "geometry": { "type": "Point", "coordinates": [ -121.795444199815392, 43.905179696157575 ] } },
{ "type": "Feature", "properties": { "track_fid": 0, "track_seg_id": 0, "track_seg_point_id": 1756, "ele": 1588.4000244140625, "time": "2025-08-08T17:55:45Z" }, "geometry": { "type": "Point", "coordinates": [ -121.795454090461135, 43.905184641480446 ] } },
{ "type": "Feature", "properties": { "track_fid": 0, "track_seg_id": 0, "track_seg_point_id": 1757, "ele": 1588.5999755859375, "time": "2025-08-08T17:55:55Z" }, "geometry": { "type": "Point", "coordinates": [ -121.795449564233422, 43.905184557661414 ] } },
{ "type": "Feature", "properties": { "track_fid": 0, "track_seg_id": 0, "track_seg_point_id": 1758, "ele": 1590.4000244140625, "time": "2025-08-08T17:56:20Z" }, "geometry": { "type": "Point", "coordinates": [ -121.795428274199367, 43.905165446922183 ] } },
{ "type": "Feature", "properties": { "track_fid": 0, "track_seg_id": 0, "track_seg_point_id": 1759, "ele": 1592.199951171875, "time": "2025-08-08T17:56:40Z" }, "geometry": { "type": "Point", "coordinates": [ -121.795435650274158, 43.905168464407325 ] } },
{ "type": "Feature", "properties": { "track_fid": 0, "track_seg_id": 0, "track_seg_point_id": 1760, "ele": 1591.0, "time": "2025-08-08T17:56:57Z" }, "geometry": { "type": "Point", "coordinates": [ -121.79543673992157, 43.905170643702149 ] } },
{ "type": "Feature", "properties": { "track_fid": 0, "track_seg_id": 0, "track_seg_point_id": 1761, "ele": 1590.800048828125, "time": "2025-08-08T17:57:35Z" }, "geometry": { "type": "Point", "coordinates": [ -121.795446882024407, 43.905169386416674 ] } },
{ "type": "Feature", "properties": { "track_fid": 0, "track_seg_id": 0, "track_seg_point_id": 1762, "ele": 1591.5999755859375, "time": "2025-08-08T17:57:56Z" }, "geometry": { "type": "Point", "coordinates": [ -121.795551991090178, 43.905144827440381 ] } },
{ "type": "Feature", "properties": { "track_fid": 0, "track_seg_id": 0, "track_seg_point_id": 1763, "ele": 1593.800048828125, "time": "2025-08-08T17:58:10Z" }, "geometry": { "type": "Point", "coordinates": [ -121.795669086277485, 43.905144492164254 ] } },
{ "type": "Feature", "properties": { "track_fid": 0, "track_seg_id": 0, "track_seg_point_id": 1764, "ele": 1597.199951171875, "time": "2025-08-08T17:58:30Z" }, "geometry": { "type": "Point", "coordinates": [ -121.795759275555611, 43.905146839097142 ] } },
{ "type": "Feature", "properties": { "track_fid": 0, "track_seg_id": 0, "track_seg_point_id": 1765, "ele": 1602.0, "time": "2025-08-08T17:58:51Z" }, "geometry": { "type": "Point", "coordinates": [ -121.795809734612703, 43.905150359496474 ] } },
{ "type": "Feature", "properties": { "track_fid": 0, "track_seg_id": 0, "track_seg_point_id": 1766, "ele": 1597.0, "time": "2025-08-08T17:59:10Z" }, "geometry": { "type": "Point", "coordinates": [ -121.795803280547261, 43.905198723077774 ] } },
{ "type": "Feature", "properties": { "track_fid": 0, "track_seg_id": 0, "track_seg_point_id": 1767, "ele": 1597.0, "time": "2025-08-08T17:59:26Z" }, "geometry": { "type": "Point", "coordinates": [ -121.795820631086826, 43.905214983969927 ] } },
{ "type": "Feature", "properties": { "track_fid": 0, "track_seg_id": 0, "track_seg_point_id": 1768, "ele": 1595.800048828125, "time": "2025-08-08T17:59:36Z" }, "geometry": { "type": "Point", "coordinates": [ -121.795805878937244, 43.905208529904485 ] } },
{ "type": "Feature", "properties": { "track_fid": 0, "track_seg_id": 0, "track_seg_point_id": 1769, "ele": 1595.5999755859375, "time": "2025-08-08T17:59:47Z" }, "geometry": { "type": "Point", "coordinates": [ -121.79583353921771, 43.905202746391296 ] } },
{ "type": "Feature", "properties": { "track_fid": 0, "track_seg_id": 0, "track_seg_point_id": 1770, "ele": 1595.800048828125, "time": "2025-08-08T17:59:56Z" }, "geometry": { "type": "Point", "coordinates": [ -121.795824319124222, 43.905165698379278 ] } },
{ "type": "Feature", "properties": { "track_fid": 0, "track_seg_id": 0, "track_seg_point_id": 1771, "ele": 1596.0, "time": "2025-08-08T18:00:04Z" }, "geometry": { "type": "Point", "coordinates": [ -121.795801352709532, 43.905147090554237 ] } },
{ "type": "Feature", "properties": { "track_fid": 0, "track_seg_id": 0, "track_seg_point_id": 1772, "ele": 1596.800048828125, "time": "2025-08-08T18:00:10Z" }, "geometry": { "type": "Point", "coordinates": [ -121.795794228091836, 43.90513795427978 ] } },
{ "type": "Feature", "properties": { "track_fid": 0, "track_seg_id": 0, "track_seg_point_id": 1773, "ele": 1597.800048828125, "time": "2025-08-08T18:00:19Z" }, "geometry": { "type": "Point", "coordinates": [ -121.795726921409369, 43.905154718086123 ] } },
{ "type": "Feature", "properties": { "track_fid": 0, "track_seg_id": 0, "track_seg_point_id": 1774, "ele": 1597.0, "time": "2025-08-08T18:00:31Z" }, "geometry": { "type": "Point", "coordinates": [ -121.795687861740589, 43.905177684500813 ] } },
{ "type": "Feature", "properties": { "track_fid": 0, "track_seg_id": 0, "track_seg_point_id": 1775, "ele": 1597.199951171875, "time": "2025-08-08T18:00:39Z" }, "geometry": { "type": "Point", "coordinates": [ -121.795687526464462, 43.905182043090463 ] } },
{ "type": "Feature", "properties": { "track_fid": 0, "track_seg_id": 0, "track_seg_point_id": 1776, "ele": 1592.5999755859375, "time": "2025-08-08T18:00:58Z" }, "geometry": { "type": "Point", "coordinates": [ -121.795687694102526, 43.905188329517841 ] } },
{ "type": "Feature", "properties": { "track_fid": 0, "track_seg_id": 0, "track_seg_point_id": 1777, "ele": 1593.800048828125, "time": "2025-08-08T18:01:20Z" }, "geometry": { "type": "Point", "coordinates": [ -121.795674366876483, 43.905210876837373 ] } },
{ "type": "Feature", "properties": { "track_fid": 0, "track_seg_id": 0, "track_seg_point_id": 1778, "ele": 1594.800048828125, "time": "2025-08-08T18:01:34Z" }, "geometry": { "type": "Point", "coordinates": [ -121.795666823163629, 43.905230155214667 ] } },
{ "type": "Feature", "properties": { "track_fid": 0, "track_seg_id": 0, "track_seg_point_id": 1779, "ele": 1595.800048828125, "time": "2025-08-08T18:01:50Z" }, "geometry": { "type": "Point", "coordinates": [ -121.79572164081037, 43.905216492712498 ] } },
{ "type": "Feature", "properties": { "track_fid": 0, "track_seg_id": 0, "track_seg_point_id": 1780, "ele": 1596.4000244140625, "time": "2025-08-08T18:02:07Z" }, "geometry": { "type": "Point", "coordinates": [ -121.795689789578319, 43.90510031953454 ] } },
{ "type": "Feature", "properties": { "track_fid": 0, "track_seg_id": 0, "track_seg_point_id": 1781, "ele": 1596.5999755859375, "time": "2025-08-08T18:02:21Z" }, "geometry": { "type": "Point", "coordinates": [ -121.795631032437086, 43.90512814745307 ] } },
{ "type": "Feature", "properties": { "track_fid": 0, "track_seg_id": 0, "track_seg_point_id": 1782, "ele": 1599.199951171875, "time": "2025-08-08T18:02:42Z" }, "geometry": { "type": "Point", "coordinates": [ -121.795613765716553, 43.905136026442051 ] } },
{ "type": "Feature", "properties": { "track_fid": 0, "track_seg_id": 0, "track_seg_point_id": 1783, "ele": 1599.5999755859375, "time": "2025-08-08T18:02:56Z" }, "geometry": { "type": "Point", "coordinates": [ -121.795638157054782, 43.905115658417344 ] } },
{ "type": "Feature", "properties": { "track_fid": 0, "track_seg_id": 0, "track_seg_point_id": 1784, "ele": 1599.4000244140625, "time": "2025-08-08T18:03:07Z" }, "geometry": { "type": "Point", "coordinates": [ -121.795636983588338, 43.905120436102152 ] } },
{ "type": "Feature", "properties": { "track_fid": 0, "track_seg_id": 0, "track_seg_point_id": 1785, "ele": 1598.5999755859375, "time": "2025-08-08T18:03:19Z" }, "geometry": { "type": "Point", "coordinates": [ -121.795632792636752, 43.905121944844723 ] } },
{ "type": "Feature", "properties": { "track_fid": 0, "track_seg_id": 0, "track_seg_point_id": 1786, "ele": 1598.800048828125, "time": "2025-08-08T18:03:38Z" }, "geometry": { "type": "Point", "coordinates": [ -121.795646538957953, 43.905119094997644 ] } },
{ "type": "Feature", "properties": { "track_fid": 0, "track_seg_id": 0, "track_seg_point_id": 1787, "ele": 1599.0, "time": "2025-08-08T18:03:46Z" }, "geometry": { "type": "Point", "coordinates": [ -121.795638995245099, 43.905106438323855 ] } },
{ "type": "Feature", "properties": { "track_fid": 0, "track_seg_id": 0, "track_seg_point_id": 1788, "ele": 1599.5999755859375, "time": "2025-08-08T18:03:56Z" }, "geometry": { "type": "Point", "coordinates": [ -121.795601863414049, 43.905073665082455 ] } },
{ "type": "Feature", "properties": { "track_fid": 0, "track_seg_id": 0, "track_seg_point_id": 1789, "ele": 1599.199951171875, "time": "2025-08-08T18:04:06Z" }, "geometry": { "type": "Point", "coordinates": [ -121.795558193698525, 43.90504851937294 ] } },
{ "type": "Feature", "properties": { "track_fid": 0, "track_seg_id": 0, "track_seg_point_id": 1790, "ele": 1598.5999755859375, "time": "2025-08-08T18:04:15Z" }, "geometry": { "type": "Point", "coordinates": [ -121.795531958341599, 43.905060840770602 ] } },
{ "type": "Feature", "properties": { "track_fid": 0, "track_seg_id": 0, "track_seg_point_id": 1791, "ele": 1597.5999755859375, "time": "2025-08-08T18:04:25Z" }, "geometry": { "type": "Point", "coordinates": [ -121.795512093231082, 43.905084393918514 ] } },
{ "type": "Feature", "properties": { "track_fid": 0, "track_seg_id": 0, "track_seg_point_id": 1792, "ele": 1596.800048828125, "time": "2025-08-08T18:04:33Z" }, "geometry": { "type": "Point", "coordinates": [ -121.79550563916564, 43.9050920214504 ] } },
{ "type": "Feature", "properties": { "track_fid": 0, "track_seg_id": 0, "track_seg_point_id": 1793, "ele": 1596.0, "time": "2025-08-08T18:04:41Z" }, "geometry": { "type": "Point", "coordinates": [ -121.795491138473153, 43.90509738586843 ] } },
{ "type": "Feature", "properties": { "track_fid": 0, "track_seg_id": 0, "track_seg_point_id": 1794, "ele": 1595.5999755859375, "time": "2025-08-08T18:04:51Z" }, "geometry": { "type": "Point", "coordinates": [ -121.795469094067812, 43.905087830498815 ] } },
{ "type": "Feature", "properties": { "track_fid": 0, "track_seg_id": 0, "track_seg_point_id": 1795, "ele": 1596.0, "time": "2025-08-08T18:05:00Z" }, "geometry": { "type": "Point", "coordinates": [ -121.795424669981003, 43.905059667304158 ] } },
{ "type": "Feature", "properties": { "track_fid": 0, "track_seg_id": 0, "track_seg_point_id": 1796, "ele": 1597.5999755859375, "time": "2025-08-08T18:05:12Z" }, "geometry": { "type": "Point", "coordinates": [ -121.795349065214396, 43.905048687011003 ] } },
{ "type": "Feature", "properties": { "track_fid": 0, "track_seg_id": 0, "track_seg_point_id": 1797, "ele": 1598.4000244140625, "time": "2025-08-08T18:05:21Z" }, "geometry": { "type": "Point", "coordinates": [ -121.795282429084182, 43.905003173276782 ] } },
{ "type": "Feature", "properties": { "track_fid": 0, "track_seg_id": 0, "track_seg_point_id": 1798, "ele": 1598.800048828125, "time": "2025-08-08T18:05:28Z" }, "geometry": { "type": "Point", "coordinates": [ -121.795210596174002, 43.904966544359922 ] } },
{ "type": "Feature", "properties": { "track_fid": 0, "track_seg_id": 0, "track_seg_point_id": 1799, "ele": 1600.199951171875, "time": "2025-08-08T18:05:37Z" }, "geometry": { "type": "Point", "coordinates": [ -121.795126441866159, 43.904921198263764 ] } },
{ "type": "Feature", "properties": { "track_fid": 0, "track_seg_id": 0, "track_seg_point_id": 1800, "ele": 1604.199951171875, "time": "2025-08-08T18:05:47Z" }, "geometry": { "type": "Point", "coordinates": [ -121.794922929257154, 43.904929244890809 ] } },
{ "type": "Feature", "properties": { "track_fid": 0, "track_seg_id": 0, "track_seg_point_id": 1801, "ele": 1608.0, "time": "2025-08-08T18:05:54Z" }, "geometry": { "type": "Point", "coordinates": [ -121.794841960072517, 43.904955731704831 ] } },
{ "type": "Feature", "properties": { "track_fid": 0, "track_seg_id": 0, "track_seg_point_id": 1802, "ele": 1608.4000244140625, "time": "2025-08-08T18:06:02Z" }, "geometry": { "type": "Point", "coordinates": [ -121.794792087748647, 43.905011219903827 ] } },
{ "type": "Feature", "properties": { "track_fid": 0, "track_seg_id": 0, "track_seg_point_id": 1803, "ele": 1612.5999755859375, "time": "2025-08-08T18:06:12Z" }, "geometry": { "type": "Point", "coordinates": [ -121.794641381129622, 43.905096799135208 ] } },
{ "type": "Feature", "properties": { "track_fid": 0, "track_seg_id": 0, "track_seg_point_id": 1804, "ele": 1613.0, "time": "2025-08-08T18:06:14Z" }, "geometry": { "type": "Point", "coordinates": [ -121.794617241248488, 43.905113227665424 ] } },
{ "type": "Feature", "properties": { "track_fid": 0, "track_seg_id": 0, "track_seg_point_id": 1805, "ele": 1613.5999755859375, "time": "2025-08-08T18:06:19Z" }, "geometry": { "type": "Point", "coordinates": [ -121.794564519077539, 43.905153460800648 ] } },
{ "type": "Feature", "properties": { "track_fid": 0, "track_seg_id": 0, "track_seg_point_id": 1806, "ele": 1613.800048828125, "time": "2025-08-08T18:06:22Z" }, "geometry": { "type": "Point", "coordinates": [ -121.794542726129293, 43.90518237836659 ] } },
{ "type": "Feature", "properties": { "track_fid": 0, "track_seg_id": 0, "track_seg_point_id": 1807, "ele": 1614.199951171875, "time": "2025-08-08T18:06:26Z" }, "geometry": { "type": "Point", "coordinates": [ -121.794508779421449, 43.9052180852741 ] } },
{ "type": "Feature", "properties": { "track_fid": 0, "track_seg_id": 0, "track_seg_point_id": 1808, "ele": 1614.4000244140625, "time": "2025-08-08T18:06:28Z" }, "geometry": { "type": "Point", "coordinates": [ -121.794492434710264, 43.905237447470427 ] } },
{ "type": "Feature", "properties": { "track_fid": 0, "track_seg_id": 0, "track_seg_point_id": 1809, "ele": 1614.800048828125, "time": "2025-08-08T18:06:30Z" }, "geometry": { "type": "Point", "coordinates": [ -121.79448732174933, 43.905256055295467 ] } },
{ "type": "Feature", "properties": { "track_fid": 0, "track_seg_id": 0, "track_seg_point_id": 1810, "ele": 1615.5999755859375, "time": "2025-08-08T18:06:32Z" }, "geometry": { "type": "Point", "coordinates": [ -121.79447608999908, 43.905275082215667 ] } },
{ "type": "Feature", "properties": { "track_fid": 0, "track_seg_id": 0, "track_seg_point_id": 1811, "ele": 1615.5999755859375, "time": "2025-08-08T18:06:34Z" }, "geometry": { "type": "Point", "coordinates": [ -121.794458571821451, 43.905290672555566 ] } },
{ "type": "Feature", "properties": { "track_fid": 0, "track_seg_id": 0, "track_seg_point_id": 1812, "ele": 1615.4000244140625, "time": "2025-08-08T18:06:38Z" }, "geometry": { "type": "Point", "coordinates": [ -121.794423619285226, 43.905326882377267 ] } },
{ "type": "Feature", "properties": { "track_fid": 0, "track_seg_id": 0, "track_seg_point_id": 1813, "ele": 1615.4000244140625, "time": "2025-08-08T18:06:40Z" }, "geometry": { "type": "Point", "coordinates": [ -121.794416243210435, 43.905344065278769 ] } },
{ "type": "Feature", "properties": { "track_fid": 0, "track_seg_id": 0, "track_seg_point_id": 1814, "ele": 1614.800048828125, "time": "2025-08-08T18:06:46Z" }, "geometry": { "type": "Point", "coordinates": [ -121.794400988146663, 43.905385723337531 ] } },
{ "type": "Feature", "properties": { "track_fid": 0, "track_seg_id": 0, "track_seg_point_id": 1815, "ele": 1613.5999755859375, "time": "2025-08-08T18:06:52Z" }, "geometry": { "type": "Point", "coordinates": [ -121.794391684234142, 43.905403157696128 ] } },
{ "type": "Feature", "properties": { "track_fid": 0, "track_seg_id": 0, "track_seg_point_id": 1816, "ele": 1611.4000244140625, "time": "2025-08-08T18:06:59Z" }, "geometry": { "type": "Point", "coordinates": [ -121.794377267360687, 43.905431320890784 ] } },
{ "type": "Feature", "properties": { "track_fid": 0, "track_seg_id": 0, "track_seg_point_id": 1817, "ele": 1609.0, "time": "2025-08-08T18:07:07Z" }, "geometry": { "type": "Point", "coordinates": [ -121.79436125792563, 43.905442217364907 ] } },
{ "type": "Feature", "properties": { "track_fid": 0, "track_seg_id": 0, "track_seg_point_id": 1818, "ele": 1608.4000244140625, "time": "2025-08-08T18:07:17Z" }, "geometry": { "type": "Point", "coordinates": [ -121.794318426400423, 43.905448587611318 ] } },
{ "type": "Feature", "properties": { "track_fid": 0, "track_seg_id": 0, "track_seg_point_id": 1819, "ele": 1607.5999755859375, "time": "2025-08-08T18:07:26Z" }, "geometry": { "type": "Point", "coordinates": [ -121.794272158294916, 43.905435176566243 ] } },
{ "type": "Feature", "properties": { "track_fid": 0, "track_seg_id": 0, "track_seg_point_id": 1820, "ele": 1606.800048828125, "time": "2025-08-08T18:07:31Z" }, "geometry": { "type": "Point", "coordinates": [ -121.794247180223465, 43.905428387224674 ] } },
{ "type": "Feature", "properties": { "track_fid": 0, "track_seg_id": 0, "track_seg_point_id": 1821, "ele": 1604.800048828125, "time": "2025-08-08T18:07:41Z" }, "geometry": { "type": "Point", "coordinates": [ -121.794220693409443, 43.905423441901803 ] } },
{ "type": "Feature", "properties": { "track_fid": 0, "track_seg_id": 0, "track_seg_point_id": 1822, "ele": 1603.5999755859375, "time": "2025-08-08T18:07:54Z" }, "geometry": { "type": "Point", "coordinates": [ -121.794145088642836, 43.905436517670751 ] } },
{ "type": "Feature", "properties": { "track_fid": 0, "track_seg_id": 0, "track_seg_point_id": 1823, "ele": 1603.0, "time": "2025-08-08T18:08:02Z" }, "geometry": { "type": "Point", "coordinates": [ -121.794055486097932, 43.905463675037026 ] } },
{ "type": "Feature", "properties": { "track_fid": 0, "track_seg_id": 0, "track_seg_point_id": 1824, "ele": 1602.800048828125, "time": "2025-08-08T18:08:09Z" }, "geometry": { "type": "Point", "coordinates": [ -121.793945683166385, 43.905492089688778 ] } },
{ "type": "Feature", "properties": { "track_fid": 0, "track_seg_id": 0, "track_seg_point_id": 1825, "ele": 1602.4000244140625, "time": "2025-08-08T18:08:18Z" }, "geometry": { "type": "Point", "coordinates": [ -121.793805956840515, 43.905540620908141 ] } },
{ "type": "Feature", "properties": { "track_fid": 0, "track_seg_id": 0, "track_seg_point_id": 1826, "ele": 1603.800048828125, "time": "2025-08-08T18:08:28Z" }, "geometry": { "type": "Point", "coordinates": [ -121.793648041784763, 43.905539363622665 ] } },
{ "type": "Feature", "properties": { "track_fid": 0, "track_seg_id": 0, "track_seg_point_id": 1827, "ele": 1604.199951171875, "time": "2025-08-08T18:08:30Z" }, "geometry": { "type": "Point", "coordinates": [ -121.793627757579088, 43.905533663928509 ] } },
{ "type": "Feature", "properties": { "track_fid": 0, "track_seg_id": 0, "track_seg_point_id": 1828, "ele": 1605.0, "time": "2025-08-08T18:08:35Z" }, "geometry": { "type": "Point", "coordinates": [ -121.793584423139691, 43.905518744140863 ] } },
{ "type": "Feature", "properties": { "track_fid": 0, "track_seg_id": 0, "track_seg_point_id": 1829, "ele": 1606.800048828125, "time": "2025-08-08T18:08:44Z" }, "geometry": { "type": "Point", "coordinates": [ -121.793440841138363, 43.905540285632014 ] } },
{ "type": "Feature", "properties": { "track_fid": 0, "track_seg_id": 0, "track_seg_point_id": 1830, "ele": 1609.199951171875, "time": "2025-08-08T18:08:55Z" }, "geometry": { "type": "Point", "coordinates": [ -121.79320715367794, 43.905581776052713 ] } },
{ "type": "Feature", "properties": { "track_fid": 0, "track_seg_id": 0, "track_seg_point_id": 1831, "ele": 1610.4000244140625, "time": "2025-08-08T18:09:06Z" }, "geometry": { "type": "Point", "coordinates": [ -121.792968353256583, 43.905668193474412 ] } },
{ "type": "Feature", "properties": { "track_fid": 0, "track_seg_id": 0, "track_seg_point_id": 1832, "ele": 1610.5999755859375, "time": "2025-08-08T18:09:09Z" }, "geometry": { "type": "Point", "coordinates": [ -121.792913619428873, 43.905694596469402 ] } },
{ "type": "Feature", "properties": { "track_fid": 0, "track_seg_id": 0, "track_seg_point_id": 1833, "ele": 1610.5999755859375, "time": "2025-08-08T18:09:12Z" }, "geometry": { "type": "Point", "coordinates": [ -121.792869865894318, 43.905719071626663 ] } },
{ "type": "Feature", "properties": { "track_fid": 0, "track_seg_id": 0, "track_seg_point_id": 1834, "ele": 1610.4000244140625, "time": "2025-08-08T18:09:13Z" }, "geometry": { "type": "Point", "coordinates": [ -121.792858717963099, 43.905721670016646 ] } },
{ "type": "Feature", "properties": { "track_fid": 0, "track_seg_id": 0, "track_seg_point_id": 1835, "ele": 1610.800048828125, "time": "2025-08-08T18:09:21Z" }, "geometry": { "type": "Point", "coordinates": [ -121.792740952223539, 43.905768357217312 ] } },
{ "type": "Feature", "properties": { "track_fid": 0, "track_seg_id": 0, "track_seg_point_id": 1836, "ele": 1611.0, "time": "2025-08-08T18:09:30Z" }, "geometry": { "type": "Point", "coordinates": [ -121.792641542851925, 43.905804567039013 ] } },
{ "type": "Feature", "properties": { "track_fid": 0, "track_seg_id": 0, "track_seg_point_id": 1837, "ele": 1610.5999755859375, "time": "2025-08-08T18:09:39Z" }, "geometry": { "type": "Point", "coordinates": [ -121.792507516220212, 43.90585033223033 ] } },
{ "type": "Feature", "properties": { "track_fid": 0, "track_seg_id": 0, "track_seg_point_id": 1838, "ele": 1610.800048828125, "time": "2025-08-08T18:09:43Z" }, "geometry": { "type": "Point", "coordinates": [ -121.792435683310032, 43.905887044966221 ] } },
{ "type": "Feature", "properties": { "track_fid": 0, "track_seg_id": 0, "track_seg_point_id": 1839, "ele": 1610.800048828125, "time": "2025-08-08T18:09:46Z" }, "geometry": { "type": "Point", "coordinates": [ -121.792385475710034, 43.905916633084416 ] } },
{ "type": "Feature", "properties": { "track_fid": 0, "track_seg_id": 0, "track_seg_point_id": 1840, "ele": 1610.4000244140625, "time": "2025-08-08T18:09:47Z" }, "geometry": { "type": "Point", "coordinates": [ -121.792371142655611, 43.905930127948523 ] } },
{ "type": "Feature", "properties": { "track_fid": 0, "track_seg_id": 0, "track_seg_point_id": 1841, "ele": 1609.199951171875, "time": "2025-08-08T18:09:52Z" }, "geometry": { "type": "Point", "coordinates": [ -121.792317163199186, 43.905980419367552 ] } },
{ "type": "Feature", "properties": { "track_fid": 0, "track_seg_id": 0, "track_seg_point_id": 1842, "ele": 1609.0, "time": "2025-08-08T18:09:59Z" }, "geometry": { "type": "Point", "coordinates": [ -121.792248263955116, 43.906034398823977 ] } },
{ "type": "Feature", "properties": { "track_fid": 0, "track_seg_id": 0, "track_seg_point_id": 1843, "ele": 1610.5999755859375, "time": "2025-08-08T18:10:06Z" }, "geometry": { "type": "Point", "coordinates": [ -121.792184142395854, 43.906069938093424 ] } },
{ "type": "Feature", "properties": { "track_fid": 0, "track_seg_id": 0, "track_seg_point_id": 1844, "ele": 1613.5999755859375, "time": "2025-08-08T18:10:14Z" }, "geometry": { "type": "Point", "coordinates": [ -121.792096048593521, 43.906120229512453 ] } },
{ "type": "Feature", "properties": { "track_fid": 0, "track_seg_id": 0, "track_seg_point_id": 1845, "ele": 1613.800048828125, "time": "2025-08-08T18:10:15Z" }, "geometry": { "type": "Point", "coordinates": [ -121.79208624176681, 43.906127354130149 ] } },
{ "type": "Feature", "properties": { "track_fid": 0, "track_seg_id": 0, "track_seg_point_id": 1846, "ele": 1612.5999755859375, "time": "2025-08-08T18:10:24Z" }, "geometry": { "type": "Point", "coordinates": [ -121.792027484625578, 43.906196169555187 ] } },
{ "type": "Feature", "properties": { "track_fid": 0, "track_seg_id": 0, "track_seg_point_id": 1847, "ele": 1614.199951171875, "time": "2025-08-08T18:10:30Z" }, "geometry": { "type": "Point", "coordinates": [ -121.791967637836933, 43.906240928918123 ] } },
{ "type": "Feature", "properties": { "track_fid": 0, "track_seg_id": 0, "track_seg_point_id": 1848, "ele": 1616.0, "time": "2025-08-08T18:10:39Z" }, "geometry": { "type": "Point", "coordinates": [ -121.791899660602212, 43.906336398795247 ] } },
{ "type": "Feature", "properties": { "track_fid": 0, "track_seg_id": 0, "track_seg_point_id": 1849, "ele": 1617.0, "time": "2025-08-08T18:10:47Z" }, "geometry": { "type": "Point", "coordinates": [ -121.791840316727757, 43.906386690214276 ] } },
{ "type": "Feature", "properties": { "track_fid": 0, "track_seg_id": 0, "track_seg_point_id": 1850, "ele": 1617.800048828125, "time": "2025-08-08T18:10:57Z" }, "geometry": { "type": "Point", "coordinates": [ -121.791742751374841, 43.906457936391234 ] } },
{ "type": "Feature", "properties": { "track_fid": 0, "track_seg_id": 0, "track_seg_point_id": 1851, "ele": 1619.5999755859375, "time": "2025-08-08T18:11:05Z" }, "geometry": { "type": "Point", "coordinates": [ -121.791683323681355, 43.906537145376205 ] } },
{ "type": "Feature", "properties": { "track_fid": 0, "track_seg_id": 0, "track_seg_point_id": 1852, "ele": 1619.800048828125, "time": "2025-08-08T18:11:06Z" }, "geometry": { "type": "Point", "coordinates": [ -121.791674187406898, 43.906543683260679 ] } },
{ "type": "Feature", "properties": { "track_fid": 0, "track_seg_id": 0, "track_seg_point_id": 1853, "ele": 1619.5999755859375, "time": "2025-08-08T18:11:17Z" }, "geometry": { "type": "Point", "coordinates": [ -121.791594894602895, 43.906665472313762 ] } },
{ "type": "Feature", "properties": { "track_fid": 0, "track_seg_id": 0, "track_seg_point_id": 1854, "ele": 1618.800048828125, "time": "2025-08-08T18:11:25Z" }, "geometry": { "type": "Point", "coordinates": [ -121.791545525193214, 43.906724480912089 ] } },
{ "type": "Feature", "properties": { "track_fid": 0, "track_seg_id": 0, "track_seg_point_id": 1855, "ele": 1617.199951171875, "time": "2025-08-08T18:11:32Z" }, "geometry": { "type": "Point", "coordinates": [ -121.791489366441965, 43.906765384599566 ] } },
{ "type": "Feature", "properties": { "track_fid": 0, "track_seg_id": 0, "track_seg_point_id": 1856, "ele": 1613.0, "time": "2025-08-08T18:11:40Z" }, "geometry": { "type": "Point", "coordinates": [ -121.791402194648981, 43.906850544735789 ] } },
{ "type": "Feature", "properties": { "track_fid": 0, "track_seg_id": 0, "track_seg_point_id": 1857, "ele": 1613.0, "time": "2025-08-08T18:11:46Z" }, "geometry": { "type": "Point", "coordinates": [ -121.791364727541804, 43.906881473958492 ] } },
{ "type": "Feature", "properties": { "track_fid": 0, "track_seg_id": 0, "track_seg_point_id": 1858, "ele": 1613.0, "time": "2025-08-08T18:11:54Z" }, "geometry": { "type": "Point", "coordinates": [ -121.791280321776867, 43.906955234706402 ] } },
{ "type": "Feature", "properties": { "track_fid": 0, "track_seg_id": 0, "track_seg_point_id": 1859, "ele": 1613.199951171875, "time": "2025-08-08T18:11:56Z" }, "geometry": { "type": "Point", "coordinates": [ -121.791254421696067, 43.906983816996217 ] } },
{ "type": "Feature", "properties": { "track_fid": 0, "track_seg_id": 0, "track_seg_point_id": 1860, "ele": 1613.5999755859375, "time": "2025-08-08T18:11:58Z" }, "geometry": { "type": "Point", "coordinates": [ -121.791238076984882, 43.90700401738286 ] } },
{ "type": "Feature", "properties": { "track_fid": 0, "track_seg_id": 0, "track_seg_point_id": 1861, "ele": 1613.800048828125, "time": "2025-08-08T18:12:00Z" }, "geometry": { "type": "Point", "coordinates": [ -121.791223157197237, 43.907027067616582 ] } },
{ "type": "Feature", "properties": { "track_fid": 0, "track_seg_id": 0, "track_seg_point_id": 1862, "ele": 1613.4000244140625, "time": "2025-08-08T18:12:01Z" }, "geometry": { "type": "Point", "coordinates": [ -121.791213350370526, 43.907032683491707 ] } },
{ "type": "Feature", "properties": { "track_fid": 0, "track_seg_id": 0, "track_seg_point_id": 1863, "ele": 1613.4000244140625, "time": "2025-08-08T18:12:04Z" }, "geometry": { "type": "Point", "coordinates": [ -121.791185438632965, 43.907060595229268 ] } },
{ "type": "Feature", "properties": { "track_fid": 0, "track_seg_id": 0, "track_seg_point_id": 1864, "ele": 1613.199951171875, "time": "2025-08-08T18:12:05Z" }, "geometry": { "type": "Point", "coordinates": [ -121.79117345251143, 43.907069563865662 ] } },
{ "type": "Feature", "properties": { "track_fid": 0, "track_seg_id": 0, "track_seg_point_id": 1865, "ele": 1611.0, "time": "2025-08-08T18:12:14Z" }, "geometry": { "type": "Point", "coordinates": [ -121.791085191071033, 43.907152377068996 ] } },
{ "type": "Feature", "properties": { "track_fid": 0, "track_seg_id": 0, "track_seg_point_id": 1866, "ele": 1608.0, "time": "2025-08-08T18:12:21Z" }, "geometry": { "type": "Point", "coordinates": [ -121.7910420242697, 43.907210966572165 ] } },
{ "type": "Feature", "properties": { "track_fid": 0, "track_seg_id": 0, "track_seg_point_id": 1867, "ele": 1605.5999755859375, "time": "2025-08-08T18:12:30Z" }, "geometry": { "type": "Point", "coordinates": [ -121.790978154167533, 43.907294450327754 ] } },
{ "type": "Feature", "properties": { "track_fid": 0, "track_seg_id": 0, "track_seg_point_id": 1868, "ele": 1604.800048828125, "time": "2025-08-08T18:12:41Z" }, "geometry": { "type": "Point", "coordinates": [ -121.790871452540159, 43.90741347335279 ] } },
{ "type": "Feature", "properties": { "track_fid": 0, "track_seg_id": 0, "track_seg_point_id": 1869, "ele": 1603.800048828125, "time": "2025-08-08T18:12:49Z" }, "geometry": { "type": "Point", "coordinates": [ -121.790819149464369, 43.907496286556125 ] } },
{ "type": "Feature", "properties": { "track_fid": 0, "track_seg_id": 0, "track_seg_point_id": 1870, "ele": 1601.199951171875, "time": "2025-08-08T18:12:55Z" }, "geometry": { "type": "Point", "coordinates": [ -121.79075812920928, 43.90752193517983 ] } },
{ "type": "Feature", "properties": { "track_fid": 0, "track_seg_id": 0, "track_seg_point_id": 1871, "ele": 1599.800048828125, "time": "2025-08-08T18:13:04Z" }, "geometry": { "type": "Point", "coordinates": [ -121.79064673371613, 43.907613549381495 ] } },
{ "type": "Feature", "properties": { "track_fid": 0, "track_seg_id": 0, "track_seg_point_id": 1872, "ele": 1595.199951171875, "time": "2025-08-08T18:13:13Z" }, "geometry": { "type": "Point", "coordinates": [ -121.790602393448353, 43.907679850235581 ] } },
{ "type": "Feature", "properties": { "track_fid": 0, "track_seg_id": 0, "track_seg_point_id": 1873, "ele": 1594.800048828125, "time": "2025-08-08T18:13:21Z" }, "geometry": { "type": "Point", "coordinates": [ -121.790594263002276, 43.907697116956115 ] } },
{ "type": "Feature", "properties": { "track_fid": 0, "track_seg_id": 0, "track_seg_point_id": 1874, "ele": 1591.800048828125, "time": "2025-08-08T18:13:37Z" }, "geometry": { "type": "Point", "coordinates": [ -121.790521172806621, 43.907786468043923 ] } },
{ "type": "Feature", "properties": { "track_fid": 0, "track_seg_id": 0, "track_seg_point_id": 1875, "ele": 1589.0, "time": "2025-08-08T18:13:48Z" }, "geometry": { "type": "Point", "coordinates": [ -121.790486723184586, 43.907893169671297 ] } },
{ "type": "Feature", "properties": { "track_fid": 0, "track_seg_id": 0, "track_seg_point_id": 1876, "ele": 1584.0, "time": "2025-08-08T18:13:58Z" }, "geometry": { "type": "Point", "coordinates": [ -121.790484543889761, 43.908025436103344 ] } },
{ "type": "Feature", "properties": { "track_fid": 0, "track_seg_id": 0, "track_seg_point_id": 1877, "ele": 1581.4000244140625, "time": "2025-08-08T18:14:01Z" }, "geometry": { "type": "Point", "coordinates": [ -121.790497535839677, 43.908062148839235 ] } },
{ "type": "Feature", "properties": { "track_fid": 0, "track_seg_id": 0, "track_seg_point_id": 1878, "ele": 1578.4000244140625, "time": "2025-08-08T18:14:04Z" }, "geometry": { "type": "Point", "coordinates": [ -121.790509689599276, 43.90810489654541 ] } },
{ "type": "Feature", "properties": { "track_fid": 0, "track_seg_id": 0, "track_seg_point_id": 1879, "ele": 1577.199951171875, "time": "2025-08-08T18:14:06Z" }, "geometry": { "type": "Point", "coordinates": [ -121.790506253018975, 43.908123169094324 ] } },
{ "type": "Feature", "properties": { "track_fid": 0, "track_seg_id": 0, "track_seg_point_id": 1880, "ele": 1572.199951171875, "time": "2025-08-08T18:14:11Z" }, "geometry": { "type": "Point", "coordinates": [ -121.790541624650359, 43.908197851851583 ] } },
{ "type": "Feature", "properties": { "track_fid": 0, "track_seg_id": 0, "track_seg_point_id": 1881, "ele": 1570.0, "time": "2025-08-08T18:14:15Z" }, "geometry": { "type": "Point", "coordinates": [ -121.790566267445683, 43.908237665891647 ] } },
{ "type": "Feature", "properties": { "track_fid": 0, "track_seg_id": 0, "track_seg_point_id": 1882, "ele": 1567.199951171875, "time": "2025-08-08T18:14:19Z" }, "geometry": { "type": "Point", "coordinates": [ -121.790596693754196, 43.908289968967438 ] } },
{ "type": "Feature", "properties": { "track_fid": 0, "track_seg_id": 0, "track_seg_point_id": 1883, "ele": 1564.4000244140625, "time": "2025-08-08T18:14:26Z" }, "geometry": { "type": "Point", "coordinates": [ -121.790605327114463, 43.908314276486635 ] } },
{ "type": "Feature", "properties": { "track_fid": 0, "track_seg_id": 0, "track_seg_point_id": 1884, "ele": 1563.4000244140625, "time": "2025-08-08T18:14:29Z" }, "geometry": { "type": "Point", "coordinates": [ -121.790617145597935, 43.90833942219615 ] } },
{ "type": "Feature", "properties": { "track_fid": 0, "track_seg_id": 0, "track_seg_point_id": 1885, "ele": 1563.5999755859375, "time": "2025-08-08T18:14:35Z" }, "geometry": { "type": "Point", "coordinates": [ -121.790624270215631, 43.908385187387466 ] } },
{ "type": "Feature", "properties": { "track_fid": 0, "track_seg_id": 0, "track_seg_point_id": 1886, "ele": 1564.0, "time": "2025-08-08T18:14:39Z" }, "geometry": { "type": "Point", "coordinates": [ -121.790627371519804, 43.908421983942389 ] } },
{ "type": "Feature", "properties": { "track_fid": 0, "track_seg_id": 0, "track_seg_point_id": 1887, "ele": 1563.800048828125, "time": "2025-08-08T18:14:42Z" }, "geometry": { "type": "Point", "coordinates": [ -121.790618821978569, 43.908441932871938 ] } },
{ "type": "Feature", "properties": { "track_fid": 0, "track_seg_id": 0, "track_seg_point_id": 1888, "ele": 1563.4000244140625, "time": "2025-08-08T18:14:52Z" }, "geometry": { "type": "Point", "coordinates": [ -121.790626868605614, 43.908540084958076 ] } },
{ "type": "Feature", "properties": { "track_fid": 0, "track_seg_id": 0, "track_seg_point_id": 1889, "ele": 1562.800048828125, "time": "2025-08-08T18:15:03Z" }, "geometry": { "type": "Point", "coordinates": [ -121.790635669603944, 43.908682325854897 ] } },
{ "type": "Feature", "properties": { "track_fid": 0, "track_seg_id": 0, "track_seg_point_id": 1890, "ele": 1565.5999755859375, "time": "2025-08-08T18:15:10Z" }, "geometry": { "type": "Point", "coordinates": [ -121.790622426196933, 43.908766899257898 ] } },
{ "type": "Feature", "properties": { "track_fid": 0, "track_seg_id": 0, "track_seg_point_id": 1891, "ele": 1567.199951171875, "time": "2025-08-08T18:15:17Z" }, "geometry": { "type": "Point", "coordinates": [ -121.790621671825647, 43.908847952261567 ] } },
{ "type": "Feature", "properties": { "track_fid": 0, "track_seg_id": 0, "track_seg_point_id": 1892, "ele": 1566.5999755859375, "time": "2025-08-08T18:15:24Z" }, "geometry": { "type": "Point", "coordinates": [ -121.790635250508785, 43.90892674215138 ] } },
{ "type": "Feature", "properties": { "track_fid": 0, "track_seg_id": 0, "track_seg_point_id": 1893, "ele": 1566.199951171875, "time": "2025-08-08T18:15:25Z" }, "geometry": { "type": "Point", "coordinates": [ -121.790640782564878, 43.908936129882932 ] } },
{ "type": "Feature", "properties": { "track_fid": 0, "track_seg_id": 0, "track_seg_point_id": 1894, "ele": 1563.5999755859375, "time": "2025-08-08T18:15:33Z" }, "geometry": { "type": "Point", "coordinates": [ -121.790669616311789, 43.909028917551041 ] } },
{ "type": "Feature", "properties": { "track_fid": 0, "track_seg_id": 0, "track_seg_point_id": 1895, "ele": 1564.0, "time": "2025-08-08T18:15:38Z" }, "geometry": { "type": "Point", "coordinates": [ -121.790675735101104, 43.909086585044861 ] } },
{ "type": "Feature", "properties": { "track_fid": 0, "track_seg_id": 0, "track_seg_point_id": 1896, "ele": 1563.800048828125, "time": "2025-08-08T18:15:42Z" }, "geometry": { "type": "Point", "coordinates": [ -121.7906828597188, 43.909124974161386 ] } },
{ "type": "Feature", "properties": { "track_fid": 0, "track_seg_id": 0, "track_seg_point_id": 1897, "ele": 1562.4000244140625, "time": "2025-08-08T18:15:49Z" }, "geometry": { "type": "Point", "coordinates": [ -121.790678082033992, 43.909167889505625 ] } },
{ "type": "Feature", "properties": { "track_fid": 0, "track_seg_id": 0, "track_seg_point_id": 1898, "ele": 1557.4000244140625, "time": "2025-08-08T18:15:57Z" }, "geometry": { "type": "Point", "coordinates": [ -121.790697025135159, 43.90915154479444 ] } },
{ "type": "Feature", "properties": { "track_fid": 0, "track_seg_id": 0, "track_seg_point_id": 1899, "ele": 1555.4000244140625, "time": "2025-08-08T18:16:08Z" }, "geometry": { "type": "Point", "coordinates": [ -121.790675232186913, 43.909082394093275 ] } },
{ "type": "Feature", "properties": { "track_fid": 0, "track_seg_id": 0, "track_seg_point_id": 1900, "ele": 1554.4000244140625, "time": "2025-08-08T18:16:23Z" }, "geometry": { "type": "Point", "coordinates": [ -121.790602896362543, 43.908987259492278 ] } },
{ "type": "Feature", "properties": { "track_fid": 0, "track_seg_id": 0, "track_seg_point_id": 1901, "ele": 1554.199951171875, "time": "2025-08-08T18:16:27Z" }, "geometry": { "type": "Point", "coordinates": [ -121.790603650733829, 43.908944595605135 ] } },
{ "type": "Feature", "properties": { "track_fid": 0, "track_seg_id": 0, "track_seg_point_id": 1902, "ele": 1554.0, "time": "2025-08-08T18:16:31Z" }, "geometry": { "type": "Point", "coordinates": [ -121.790579259395599, 43.908917857334018 ] } },
{ "type": "Feature", "properties": { "track_fid": 0, "track_seg_id": 0, "track_seg_point_id": 1903, "ele": 1553.199951171875, "time": "2025-08-08T18:16:45Z" }, "geometry": { "type": "Point", "coordinates": [ -121.790510779246688, 43.908772096037865 ] } },
{ "type": "Feature", "properties": { "track_fid": 0, "track_seg_id": 0, "track_seg_point_id": 1904, "ele": 1553.5999755859375, "time": "2025-08-08T18:16:55Z" }, "geometry": { "type": "Point", "coordinates": [ -121.790428385138512, 43.908713590353727 ] } },
{ "type": "Feature", "properties": { "track_fid": 0, "track_seg_id": 0, "track_seg_point_id": 1905, "ele": 1553.199951171875, "time": "2025-08-08T18:17:07Z" }, "geometry": { "type": "Point", "coordinates": [ -121.790350433439016, 43.908643266186118 ] } },
{ "type": "Feature", "properties": { "track_fid": 0, "track_seg_id": 0, "track_seg_point_id": 1906, "ele": 1551.4000244140625, "time": "2025-08-08T18:17:19Z" }, "geometry": { "type": "Point", "coordinates": [ -121.790255969390273, 43.90851141884923 ] } },
{ "type": "Feature", "properties": { "track_fid": 0, "track_seg_id": 0, "track_seg_point_id": 1907, "ele": 1550.800048828125, "time": "2025-08-08T18:17:30Z" }, "geometry": { "type": "Point", "coordinates": [ -121.790175754576921, 43.90839071944356 ] } },
{ "type": "Feature", "properties": { "track_fid": 0, "track_seg_id": 0, "track_seg_point_id": 1908, "ele": 1549.5999755859375, "time": "2025-08-08T18:17:39Z" }, "geometry": { "type": "Point", "coordinates": [ -121.790135353803635, 43.908298183232546 ] } },
{ "type": "Feature", "properties": { "track_fid": 0, "track_seg_id": 0, "track_seg_point_id": 1909, "ele": 1549.0, "time": "2025-08-08T18:17:47Z" }, "geometry": { "type": "Point", "coordinates": [ -121.790101993829012, 43.908223584294319 ] } },
{ "type": "Feature", "properties": { "track_fid": 0, "track_seg_id": 0, "track_seg_point_id": 1910, "ele": 1547.800048828125, "time": "2025-08-08T18:17:59Z" }, "geometry": { "type": "Point", "coordinates": [ -121.789997890591621, 43.908061981201172 ] } },
{ "type": "Feature", "properties": { "track_fid": 0, "track_seg_id": 0, "track_seg_point_id": 1911, "ele": 1548.199951171875, "time": "2025-08-08T18:18:08Z" }, "geometry": { "type": "Point", "coordinates": [ -121.789863780140877, 43.908004481345415 ] } },
{ "type": "Feature", "properties": { "track_fid": 0, "track_seg_id": 0, "track_seg_point_id": 1912, "ele": 1550.0, "time": "2025-08-08T18:18:21Z" }, "geometry": { "type": "Point", "coordinates": [ -121.789655741304159, 43.908006828278303 ] } },
{ "type": "Feature", "properties": { "track_fid": 0, "track_seg_id": 0, "track_seg_point_id": 1913, "ele": 1549.4000244140625, "time": "2025-08-08T18:18:29Z" }, "geometry": { "type": "Point", "coordinates": [ -121.789542334154248, 43.907982185482979 ] } },
{ "type": "Feature", "properties": { "track_fid": 0, "track_seg_id": 0, "track_seg_point_id": 1914, "ele": 1548.800048828125, "time": "2025-08-08T18:18:37Z" }, "geometry": { "type": "Point", "coordinates": [ -121.789435464888811, 43.907948657870293 ] } },
{ "type": "Feature", "properties": { "track_fid": 0, "track_seg_id": 0, "track_seg_point_id": 1915, "ele": 1548.5999755859375, "time": "2025-08-08T18:18:38Z" }, "geometry": { "type": "Point", "coordinates": [ -121.789426580071449, 43.907946143299341 ] } },
{ "type": "Feature", "properties": { "track_fid": 0, "track_seg_id": 0, "track_seg_point_id": 1916, "ele": 1546.4000244140625, "time": "2025-08-08T18:18:44Z" }, "geometry": { "type": "Point", "coordinates": [ -121.789382994174957, 43.907933654263616 ] } },
{ "type": "Feature", "properties": { "track_fid": 0, "track_seg_id": 0, "track_seg_point_id": 1917, "ele": 1543.5999755859375, "time": "2025-08-08T18:18:54Z" }, "geometry": { "type": "Point", "coordinates": [ -121.78927319124341, 43.907857546582818 ] } },
{ "type": "Feature", "properties": { "track_fid": 0, "track_seg_id": 0, "track_seg_point_id": 1918, "ele": 1541.5999755859375, "time": "2025-08-08T18:19:01Z" }, "geometry": { "type": "Point", "coordinates": [ -121.789184343069792, 43.907789317891002 ] } },
{ "type": "Feature", "properties": { "track_fid": 0, "track_seg_id": 0, "track_seg_point_id": 1919, "ele": 1539.4000244140625, "time": "2025-08-08T18:19:11Z" }, "geometry": { "type": "Point", "coordinates": [ -121.789058865979314, 43.907721675932407 ] } },
{ "type": "Feature", "properties": { "track_fid": 0, "track_seg_id": 0, "track_seg_point_id": 1920, "ele": 1538.800048828125, "time": "2025-08-08T18:19:19Z" }, "geometry": { "type": "Point", "coordinates": [ -121.788986194878817, 43.907698793336749 ] } },
{ "type": "Feature", "properties": { "track_fid": 0, "track_seg_id": 0, "track_seg_point_id": 1921, "ele": 1538.5999755859375, "time": "2025-08-08T18:19:29Z" }, "geometry": { "type": "Point", "coordinates": [ -121.788883181288838, 43.907595695927739 ] } },
{ "type": "Feature", "properties": { "track_fid": 0, "track_seg_id": 0, "track_seg_point_id": 1922, "ele": 1538.4000244140625, "time": "2025-08-08T18:19:30Z" }, "geometry": { "type": "Point", "coordinates": [ -121.788871362805367, 43.907587481662631 ] } },
{ "type": "Feature", "properties": { "track_fid": 0, "track_seg_id": 0, "track_seg_point_id": 1923, "ele": 1538.199951171875, "time": "2025-08-08T18:19:36Z" }, "geometry": { "type": "Point", "coordinates": [ -121.788806151598692, 43.907520426437259 ] } },
{ "type": "Feature", "properties": { "track_fid": 0, "track_seg_id": 0, "track_seg_point_id": 1924, "ele": 1538.4000244140625, "time": "2025-08-08T18:19:37Z" }, "geometry": { "type": "Point", "coordinates": [ -121.788805983960629, 43.907508440315723 ] } },
{ "type": "Feature", "properties": { "track_fid": 0, "track_seg_id": 0, "track_seg_point_id": 1925, "ele": 1538.800048828125, "time": "2025-08-08T18:19:39Z" }, "geometry": { "type": "Point", "coordinates": [ -121.788775473833084, 43.907501231878996 ] } },
{ "type": "Feature", "properties": { "track_fid": 0, "track_seg_id": 0, "track_seg_point_id": 1926, "ele": 1539.199951171875, "time": "2025-08-08T18:19:41Z" }, "geometry": { "type": "Point", "coordinates": [ -121.788745885714889, 43.907495532184839 ] } },
{ "type": "Feature", "properties": { "track_fid": 0, "track_seg_id": 0, "track_seg_point_id": 1927, "ele": 1539.199951171875, "time": "2025-08-08T18:19:44Z" }, "geometry": { "type": "Point", "coordinates": [ -121.788714034482837, 43.90747457742691 ] } },
{ "type": "Feature", "properties": { "track_fid": 0, "track_seg_id": 0, "track_seg_point_id": 1928, "ele": 1538.800048828125, "time": "2025-08-08T18:19:48Z" }, "geometry": { "type": "Point", "coordinates": [ -121.788676986470819, 43.907445156946778 ] } },
{ "type": "Feature", "properties": { "track_fid": 0, "track_seg_id": 0, "track_seg_point_id": 1929, "ele": 1538.0, "time": "2025-08-08T18:19:56Z" }, "geometry": { "type": "Point", "coordinates": [ -121.788583276793361, 43.907372150570154 ] } },
{ "type": "Feature", "properties": { "track_fid": 0, "track_seg_id": 0, "track_seg_point_id": 1930, "ele": 1537.800048828125, "time": "2025-08-08T18:19:58Z" }, "geometry": { "type": "Point", "coordinates": [ -121.788563746958971, 43.907360080629587 ] } },
{ "type": "Feature", "properties": { "track_fid": 0, "track_seg_id": 0, "track_seg_point_id": 1931, "ele": 1537.199951171875, "time": "2025-08-08T18:20:05Z" }, "geometry": { "type": "Point", "coordinates": [ -121.788499541580677, 43.907293528318405 ] } },
{ "type": "Feature", "properties": { "track_fid": 0, "track_seg_id": 0, "track_seg_point_id": 1932, "ele": 1536.5999755859375, "time": "2025-08-08T18:20:14Z" }, "geometry": { "type": "Point", "coordinates": [ -121.788380518555641, 43.907240638509393 ] } },
{ "type": "Feature", "properties": { "track_fid": 0, "track_seg_id": 0, "track_seg_point_id": 1933, "ele": 1535.5999755859375, "time": "2025-08-08T18:20:23Z" }, "geometry": { "type": "Point", "coordinates": [ -121.788279181346297, 43.907160758972168 ] } },
{ "type": "Feature", "properties": { "track_fid": 0, "track_seg_id": 0, "track_seg_point_id": 1934, "ele": 1536.0, "time": "2025-08-08T18:20:31Z" }, "geometry": { "type": "Point", "coordinates": [ -121.788195446133614, 43.907105019316077 ] } },
{ "type": "Feature", "properties": { "track_fid": 0, "track_seg_id": 0, "track_seg_point_id": 1935, "ele": 1537.5999755859375, "time": "2025-08-08T18:20:43Z" }, "geometry": { "type": "Point", "coordinates": [ -121.788029735907912, 43.906988678500056 ] } },
{ "type": "Feature", "properties": { "track_fid": 0, "track_seg_id": 0, "track_seg_point_id": 1936, "ele": 1538.800048828125, "time": "2025-08-08T18:20:52Z" }, "geometry": { "type": "Point", "coordinates": [ -121.787904845550656, 43.906942578032613 ] } },
{ "type": "Feature", "properties": { "track_fid": 0, "track_seg_id": 0, "track_seg_point_id": 1937, "ele": 1539.5999755859375, "time": "2025-08-08T18:21:01Z" }, "geometry": { "type": "Point", "coordinates": [ -121.787793952971697, 43.906881138682365 ] } },
{ "type": "Feature", "properties": { "track_fid": 0, "track_seg_id": 0, "track_seg_point_id": 1938, "ele": 1539.0, "time": "2025-08-08T18:21:12Z" }, "geometry": { "type": "Point", "coordinates": [ -121.78767534904182, 43.906810060143471 ] } },
{ "type": "Feature", "properties": { "track_fid": 0, "track_seg_id": 0, "track_seg_point_id": 1939, "ele": 1538.0, "time": "2025-08-08T18:21:24Z" }, "geometry": { "type": "Point", "coordinates": [ -121.78755272179842, 43.906713165342808 ] } },
{ "type": "Feature", "properties": { "track_fid": 0, "track_seg_id": 0, "track_seg_point_id": 1940, "ele": 1538.4000244140625, "time": "2025-08-08T18:21:32Z" }, "geometry": { "type": "Point", "coordinates": [ -121.787448450922966, 43.906666142866015 ] } },
{ "type": "Feature", "properties": { "track_fid": 0, "track_seg_id": 0, "track_seg_point_id": 1941, "ele": 1538.199951171875, "time": "2025-08-08T18:21:42Z" }, "geometry": { "type": "Point", "coordinates": [ -121.787298666313291, 43.906618868932128 ] } },
{ "type": "Feature", "properties": { "track_fid": 0, "track_seg_id": 0, "track_seg_point_id": 1942, "ele": 1537.5999755859375, "time": "2025-08-08T18:21:52Z" }, "geometry": { "type": "Point", "coordinates": [ -121.787185678258538, 43.906524237245321 ] } },
{ "type": "Feature", "properties": { "track_fid": 0, "track_seg_id": 0, "track_seg_point_id": 1943, "ele": 1537.4000244140625, "time": "2025-08-08T18:21:53Z" }, "geometry": { "type": "Point", "coordinates": [ -121.787169249728322, 43.906515939161181 ] } },
{ "type": "Feature", "properties": { "track_fid": 0, "track_seg_id": 0, "track_seg_point_id": 1944, "ele": 1537.4000244140625, "time": "2025-08-08T18:21:55Z" }, "geometry": { "type": "Point", "coordinates": [ -121.787134129554033, 43.906507892534137 ] } },
{ "type": "Feature", "properties": { "track_fid": 0, "track_seg_id": 0, "track_seg_point_id": 1945, "ele": 1537.5999755859375, "time": "2025-08-08T18:21:58Z" }, "geometry": { "type": "Point", "coordinates": [ -121.78709926083684, 43.906491464003921 ] } },
{ "type": "Feature", "properties": { "track_fid": 0, "track_seg_id": 0, "track_seg_point_id": 1946, "ele": 1536.4000244140625, "time": "2025-08-08T18:22:08Z" }, "geometry": { "type": "Point", "coordinates": [ -121.786984261125326, 43.906409153714776 ] } },
{ "type": "Feature", "properties": { "track_fid": 0, "track_seg_id": 0, "track_seg_point_id": 1947, "ele": 1534.5999755859375, "time": "2025-08-08T18:22:18Z" }, "geometry": { "type": "Point", "coordinates": [ -121.786886863410473, 43.906331453472376 ] } },
{ "type": "Feature", "properties": { "track_fid": 0, "track_seg_id": 0, "track_seg_point_id": 1948, "ele": 1533.199951171875, "time": "2025-08-08T18:22:27Z" }, "geometry": { "type": "Point", "coordinates": [ -121.786777228116989, 43.906294489279389 ] } },
{ "type": "Feature", "properties": { "track_fid": 0, "track_seg_id": 0, "track_seg_point_id": 1949, "ele": 1532.4000244140625, "time": "2025-08-08T18:22:33Z" }, "geometry": { "type": "Point", "coordinates": [ -121.786705730482936, 43.906212262809277 ] } },
{ "type": "Feature", "properties": { "track_fid": 0, "track_seg_id": 0, "track_seg_point_id": 1950, "ele": 1531.800048828125, "time": "2025-08-08T18:22:42Z" }, "geometry": { "type": "Point", "coordinates": [ -121.786610260605812, 43.906108746305108 ] } },
{ "type": "Feature", "properties": { "track_fid": 0, "track_seg_id": 0, "track_seg_point_id": 1951, "ele": 1531.5999755859375, "time": "2025-08-08T18:22:43Z" }, "geometry": { "type": "Point", "coordinates": [ -121.786600286141038, 43.906101956963539 ] } },
{ "type": "Feature", "properties": { "track_fid": 0, "track_seg_id": 0, "track_seg_point_id": 1952, "ele": 1531.0, "time": "2025-08-08T18:22:52Z" }, "geometry": { "type": "Point", "coordinates": [ -121.786506157368422, 43.906028363853693 ] } },
{ "type": "Feature", "properties": { "track_fid": 0, "track_seg_id": 0, "track_seg_point_id": 1953, "ele": 1529.4000244140625, "time": "2025-08-08T18:23:03Z" }, "geometry": { "type": "Point", "coordinates": [ -121.786345979198813, 43.90594027005136 ] } },
{ "type": "Feature", "properties": { "track_fid": 0, "track_seg_id": 0, "track_seg_point_id": 1954, "ele": 1528.0, "time": "2025-08-08T18:23:13Z" }, "geometry": { "type": "Point", "coordinates": [ -121.786183789372444, 43.905891152098775 ] } },
{ "type": "Feature", "properties": { "track_fid": 0, "track_seg_id": 0, "track_seg_point_id": 1955, "ele": 1527.0, "time": "2025-08-08T18:23:16Z" }, "geometry": { "type": "Point", "coordinates": [ -121.786144142970443, 43.905875477939844 ] } },
{ "type": "Feature", "properties": { "track_fid": 0, "track_seg_id": 0, "track_seg_point_id": 1956, "ele": 1525.800048828125, "time": "2025-08-08T18:23:22Z" }, "geometry": { "type": "Point", "coordinates": [ -121.786045068874955, 43.905835747718811 ] } },
{ "type": "Feature", "properties": { "track_fid": 0, "track_seg_id": 0, "track_seg_point_id": 1957, "ele": 1524.0, "time": "2025-08-08T18:23:27Z" }, "geometry": { "type": "Point", "coordinates": [ -121.785982120782137, 43.905815798789263 ] } },
{ "type": "Feature", "properties": { "track_fid": 0, "track_seg_id": 0, "track_seg_point_id": 1958, "ele": 1522.0, "time": "2025-08-08T18:23:30Z" }, "geometry": { "type": "Point", "coordinates": [ -121.785923866555095, 43.905800795182586 ] } },
{ "type": "Feature", "properties": { "track_fid": 0, "track_seg_id": 0, "track_seg_point_id": 1959, "ele": 1520.4000244140625, "time": "2025-08-08T18:23:40Z" }, "geometry": { "type": "Point", "coordinates": [ -121.785799730569124, 43.905755616724491 ] } },
{ "type": "Feature", "properties": { "track_fid": 0, "track_seg_id": 0, "track_seg_point_id": 1960, "ele": 1519.5999755859375, "time": "2025-08-08T18:23:49Z" }, "geometry": { "type": "Point", "coordinates": [ -121.78566369228065, 43.905732734128833 ] } },
{ "type": "Feature", "properties": { "track_fid": 0, "track_seg_id": 0, "track_seg_point_id": 1961, "ele": 1520.0, "time": "2025-08-08T18:23:56Z" }, "geometry": { "type": "Point", "coordinates": [ -121.78552882745862, 43.905729297548532 ] } },
{ "type": "Feature", "properties": { "track_fid": 0, "track_seg_id": 0, "track_seg_point_id": 1962, "ele": 1520.0, "time": "2025-08-08T18:24:01Z" }, "geometry": { "type": "Point", "coordinates": [ -121.785451378673315, 43.905729968100786 ] } },
{ "type": "Feature", "properties": { "track_fid": 0, "track_seg_id": 0, "track_seg_point_id": 1963, "ele": 1521.0, "time": "2025-08-08T18:24:09Z" }, "geometry": { "type": "Point", "coordinates": [ -121.785351969301701, 43.905729716643691 ] } },
{ "type": "Feature", "properties": { "track_fid": 0, "track_seg_id": 0, "track_seg_point_id": 1964, "ele": 1522.0, "time": "2025-08-08T18:24:21Z" }, "geometry": { "type": "Point", "coordinates": [ -121.785191874951124, 43.905711527913809 ] } },
{ "type": "Feature", "properties": { "track_fid": 0, "track_seg_id": 0, "track_seg_point_id": 1965, "ele": 1522.800048828125, "time": "2025-08-08T18:24:30Z" }, "geometry": { "type": "Point", "coordinates": [ -121.785043682903051, 43.905701888725162 ] } },
{ "type": "Feature", "properties": { "track_fid": 0, "track_seg_id": 0, "track_seg_point_id": 1966, "ele": 1523.199951171875, "time": "2025-08-08T18:24:42Z" }, "geometry": { "type": "Point", "coordinates": [ -121.784874452278018, 43.905663164332509 ] } },
{ "type": "Feature", "properties": { "track_fid": 0, "track_seg_id": 0, "track_seg_point_id": 1967, "ele": 1523.4000244140625, "time": "2025-08-08T18:24:52Z" }, "geometry": { "type": "Point", "coordinates": [ -121.784724919125438, 43.905667858198285 ] } },
{ "type": "Feature", "properties": { "track_fid": 0, "track_seg_id": 0, "track_seg_point_id": 1968, "ele": 1524.0, "time": "2025-08-08T18:24:59Z" }, "geometry": { "type": "Point", "coordinates": [ -121.78458577953279, 43.905689567327499 ] } },
{ "type": "Feature", "properties": { "track_fid": 0, "track_seg_id": 0, "track_seg_point_id": 1969, "ele": 1525.0, "time": "2025-08-08T18:25:07Z" }, "geometry": { "type": "Point", "coordinates": [ -121.784485196694732, 43.905681017786264 ] } },
{ "type": "Feature", "properties": { "track_fid": 0, "track_seg_id": 0, "track_seg_point_id": 1970, "ele": 1525.199951171875, "time": "2025-08-08T18:25:16Z" }, "geometry": { "type": "Point", "coordinates": [ -121.7843883857131, 43.905648831278086 ] } },
{ "type": "Feature", "properties": { "track_fid": 0, "track_seg_id": 0, "track_seg_point_id": 1971, "ele": 1523.5999755859375, "time": "2025-08-08T18:25:30Z" }, "geometry": { "type": "Point", "coordinates": [ -121.784203816205263, 43.905589990317822 ] } },
{ "type": "Feature", "properties": { "track_fid": 0, "track_seg_id": 0, "track_seg_point_id": 1972, "ele": 1522.5999755859375, "time": "2025-08-08T18:25:40Z" }, "geometry": { "type": "Point", "coordinates": [ -121.78408638574183, 43.905530227348208 ] } },
{ "type": "Feature", "properties": { "track_fid": 0, "track_seg_id": 0, "track_seg_point_id": 1973, "ele": 1522.0, "time": "2025-08-08T18:25:49Z" }, "geometry": { "type": "Point", "coordinates": [ -121.783948251977563, 43.90549904666841 ] } },
{ "type": "Feature", "properties": { "track_fid": 0, "track_seg_id": 0, "track_seg_point_id": 1974, "ele": 1521.199951171875, "time": "2025-08-08T18:25:58Z" }, "geometry": { "type": "Point", "coordinates": [ -121.783820847049356, 43.905456466600299 ] } },
{ "type": "Feature", "properties": { "track_fid": 0, "track_seg_id": 0, "track_seg_point_id": 1975, "ele": 1520.4000244140625, "time": "2025-08-08T18:26:08Z" }, "geometry": { "type": "Point", "coordinates": [ -121.78368179127574, 43.90540324151516 ] } },
{ "type": "Feature", "properties": { "track_fid": 0, "track_seg_id": 0, "track_seg_point_id": 1976, "ele": 1519.4000244140625, "time": "2025-08-08T18:26:18Z" }, "geometry": { "type": "Point", "coordinates": [ -121.783586740493774, 43.905339622870088 ] } },
{ "type": "Feature", "properties": { "track_fid": 0, "track_seg_id": 0, "track_seg_point_id": 1977, "ele": 1518.5999755859375, "time": "2025-08-08T18:26:28Z" }, "geometry": { "type": "Point", "coordinates": [ -121.783443493768573, 43.905240884050727 ] } },
{ "type": "Feature", "properties": { "track_fid": 0, "track_seg_id": 0, "track_seg_point_id": 1978, "ele": 1517.4000244140625, "time": "2025-08-08T18:26:36Z" }, "geometry": { "type": "Point", "coordinates": [ -121.783281723037362, 43.905192520469427 ] } },
{ "type": "Feature", "properties": { "track_fid": 0, "track_seg_id": 0, "track_seg_point_id": 1979, "ele": 1516.4000244140625, "time": "2025-08-08T18:26:39Z" }, "geometry": { "type": "Point", "coordinates": [ -121.783234197646379, 43.90518631786108 ] } },
{ "type": "Feature", "properties": { "track_fid": 0, "track_seg_id": 0, "track_seg_point_id": 1980, "ele": 1513.5999755859375, "time": "2025-08-08T18:26:44Z" }, "geometry": { "type": "Point", "coordinates": [ -121.783148199319839, 43.905155472457409 ] } },
{ "type": "Feature", "properties": { "track_fid": 0, "track_seg_id": 0, "track_seg_point_id": 1981, "ele": 1510.5999755859375, "time": "2025-08-08T18:26:53Z" }, "geometry": { "type": "Point", "coordinates": [ -121.783027332276106, 43.905115574598312 ] } },
{ "type": "Feature", "properties": { "track_fid": 0, "track_seg_id": 0, "track_seg_point_id": 1982, "ele": 1509.800048828125, "time": "2025-08-08T18:26:56Z" }, "geometry": { "type": "Point", "coordinates": [ -121.782995397225022, 43.905096966773272 ] } },
{ "type": "Feature", "properties": { "track_fid": 0, "track_seg_id": 0, "track_seg_point_id": 1983, "ele": 1509.199951171875, "time": "2025-08-08T18:27:00Z" }, "geometry": { "type": "Point", "coordinates": [ -121.782956337556243, 43.905079951509833 ] } },
{ "type": "Feature", "properties": { "track_fid": 0, "track_seg_id": 0, "track_seg_point_id": 1984, "ele": 1508.4000244140625, "time": "2025-08-08T18:27:07Z" }, "geometry": { "type": "Point", "coordinates": [ -121.782884420827031, 43.905037455260754 ] } },
{ "type": "Feature", "properties": { "track_fid": 0, "track_seg_id": 0, "track_seg_point_id": 1985, "ele": 1508.800048828125, "time": "2025-08-08T18:27:17Z" }, "geometry": { "type": "Point", "coordinates": [ -121.782766068354249, 43.904952127486467 ] } },
{ "type": "Feature", "properties": { "track_fid": 0, "track_seg_id": 0, "track_seg_point_id": 1986, "ele": 1509.0, "time": "2025-08-08T18:27:18Z" }, "geometry": { "type": "Point", "coordinates": [ -121.782759195193648, 43.904945170506835 ] } },
{ "type": "Feature", "properties": { "track_fid": 0, "track_seg_id": 0, "track_seg_point_id": 1987, "ele": 1509.4000244140625, "time": "2025-08-08T18:27:30Z" }, "geometry": { "type": "Point", "coordinates": [ -121.782613852992654, 43.904873253777623 ] } },
{ "type": "Feature", "properties": { "track_fid": 0, "track_seg_id": 0, "track_seg_point_id": 1988, "ele": 1510.5999755859375, "time": "2025-08-08T18:27:36Z" }, "geometry": { "type": "Point", "coordinates": [ -121.782553168013692, 43.904837463051081 ] } },
{ "type": "Feature", "properties": { "track_fid": 0, "track_seg_id": 0, "track_seg_point_id": 1989, "ele": 1510.800048828125, "time": "2025-08-08T18:27:38Z" }, "geometry": { "type": "Point", "coordinates": [ -121.78253497928381, 43.904821537435055 ] } },
{ "type": "Feature", "properties": { "track_fid": 0, "track_seg_id": 0, "track_seg_point_id": 1990, "ele": 1511.800048828125, "time": "2025-08-08T18:27:48Z" }, "geometry": { "type": "Point", "coordinates": [ -121.782420231029391, 43.904743166640401 ] } },
{ "type": "Feature", "properties": { "track_fid": 0, "track_seg_id": 0, "track_seg_point_id": 1991, "ele": 1508.800048828125, "time": "2025-08-08T18:27:59Z" }, "geometry": { "type": "Point", "coordinates": [ -121.78232878446579, 43.904635459184647 ] } },
{ "type": "Feature", "properties": { "track_fid": 0, "track_seg_id": 0, "track_seg_point_id": 1992, "ele": 1508.199951171875, "time": "2025-08-08T18:28:02Z" }, "geometry": { "type": "Point", "coordinates": [ -121.782308919355273, 43.90460629016161 ] } },
{ "type": "Feature", "properties": { "track_fid": 0, "track_seg_id": 0, "track_seg_point_id": 1993, "ele": 1509.0, "time": "2025-08-08T18:28:07Z" }, "geometry": { "type": "Point", "coordinates": [ -121.7822540178895, 43.904556669294834 ] } },
{ "type": "Feature", "properties": { "track_fid": 0, "track_seg_id": 0, "track_seg_point_id": 1994, "ele": 1510.199951171875, "time": "2025-08-08T18:28:15Z" }, "geometry": { "type": "Point", "coordinates": [ -121.782150752842426, 43.90448709949851 ] } },
{ "type": "Feature", "properties": { "track_fid": 0, "track_seg_id": 0, "track_seg_point_id": 1995, "ele": 1510.199951171875, "time": "2025-08-08T18:28:16Z" }, "geometry": { "type": "Point", "coordinates": [ -121.782141197472811, 43.904478549957275 ] } },
{ "type": "Feature", "properties": { "track_fid": 0, "track_seg_id": 0, "track_seg_point_id": 1996, "ele": 1508.800048828125, "time": "2025-08-08T18:28:21Z" }, "geometry": { "type": "Point", "coordinates": [ -121.782087218016386, 43.90444602817297 ] } },
{ "type": "Feature", "properties": { "track_fid": 0, "track_seg_id": 0, "track_seg_point_id": 1997, "ele": 1508.199951171875, "time": "2025-08-08T18:28:27Z" }, "geometry": { "type": "Point", "coordinates": [ -121.782020749524236, 43.904386516660452 ] } },
{ "type": "Feature", "properties": { "track_fid": 0, "track_seg_id": 0, "track_seg_point_id": 1998, "ele": 1508.4000244140625, "time": "2025-08-08T18:28:28Z" }, "geometry": { "type": "Point", "coordinates": [ -121.782003734260798, 43.904379727318883 ] } },
{ "type": "Feature", "properties": { "track_fid": 0, "track_seg_id": 0, "track_seg_point_id": 1999, "ele": 1508.199951171875, "time": "2025-08-08T18:28:29Z" }, "geometry": { "type": "Point", "coordinates": [ -121.78199308924377, 43.904371093958616 ] } },
{ "type": "Feature", "properties": { "track_fid": 0, "track_seg_id": 0, "track_seg_point_id": 2000, "ele": 1508.199951171875, "time": "2025-08-08T18:28:34Z" }, "geometry": { "type": "Point", "coordinates": [ -121.781925279647112, 43.904341086745262 ] } },
{ "type": "Feature", "properties": { "track_fid": 0, "track_seg_id": 0, "track_seg_point_id": 2001, "ele": 1508.5999755859375, "time": "2025-08-08T18:28:36Z" }, "geometry": { "type": "Point", "coordinates": [ -121.781915724277496, 43.904331950470805 ] } },
{ "type": "Feature", "properties": { "track_fid": 0, "track_seg_id": 0, "track_seg_point_id": 2002, "ele": 1510.199951171875, "time": "2025-08-08T18:28:45Z" }, "geometry": { "type": "Point", "coordinates": [ -121.781838443130255, 43.904269589111209 ] } },
{ "type": "Feature", "properties": { "track_fid": 0, "track_seg_id": 0, "track_seg_point_id": 2003, "ele": 1511.800048828125, "time": "2025-08-08T18:28:56Z" }, "geometry": { "type": "Point", "coordinates": [ -121.781701650470495, 43.904145453125238 ] } },
{ "type": "Feature", "properties": { "track_fid": 0, "track_seg_id": 0, "track_seg_point_id": 2004, "ele": 1512.199951171875, "time": "2025-08-08T18:29:04Z" }, "geometry": { "type": "Point", "coordinates": [ -121.781614562496543, 43.90408493578434 ] } },
{ "type": "Feature", "properties": { "track_fid": 0, "track_seg_id": 0, "track_seg_point_id": 2005, "ele": 1512.199951171875, "time": "2025-08-08T18:29:12Z" }, "geometry": { "type": "Point", "coordinates": [ -121.781564019620419, 43.904025424271822 ] } },
{ "type": "Feature", "properties": { "track_fid": 0, "track_seg_id": 0, "track_seg_point_id": 2006, "ele": 1511.199951171875, "time": "2025-08-08T18:29:17Z" }, "geometry": { "type": "Point", "coordinates": [ -121.78153426386416, 43.90395644120872 ] } },
{ "type": "Feature", "properties": { "track_fid": 0, "track_seg_id": 0, "track_seg_point_id": 2007, "ele": 1510.4000244140625, "time": "2025-08-08T18:29:20Z" }, "geometry": { "type": "Point", "coordinates": [ -121.781519595533609, 43.903933139517903 ] } },
{ "type": "Feature", "properties": { "track_fid": 0, "track_seg_id": 0, "track_seg_point_id": 2008, "ele": 1505.800048828125, "time": "2025-08-08T18:29:30Z" }, "geometry": { "type": "Point", "coordinates": [ -121.781463352963328, 43.903830042108893 ] } },
{ "type": "Feature", "properties": { "track_fid": 0, "track_seg_id": 0, "track_seg_point_id": 2009, "ele": 1504.199951171875, "time": "2025-08-08T18:29:37Z" }, "geometry": { "type": "Point", "coordinates": [ -121.781412055715919, 43.903752844780684 ] } },
{ "type": "Feature", "properties": { "track_fid": 0, "track_seg_id": 0, "track_seg_point_id": 2010, "ele": 1504.199951171875, "time": "2025-08-08T18:29:41Z" }, "geometry": { "type": "Point", "coordinates": [ -121.781417839229107, 43.903733734041452 ] } },
{ "type": "Feature", "properties": { "track_fid": 0, "track_seg_id": 0, "track_seg_point_id": 2011, "ele": 1502.800048828125, "time": "2025-08-08T18:29:51Z" }, "geometry": { "type": "Point", "coordinates": [ -121.781441392377019, 43.903637928888202 ] } },
{ "type": "Feature", "properties": { "track_fid": 0, "track_seg_id": 0, "track_seg_point_id": 2012, "ele": 1501.0, "time": "2025-08-08T18:30:02Z" }, "geometry": { "type": "Point", "coordinates": [ -121.78144533187151, 43.903490575030446 ] } },
{ "type": "Feature", "properties": { "track_fid": 0, "track_seg_id": 0, "track_seg_point_id": 2013, "ele": 1500.5999755859375, "time": "2025-08-08T18:30:05Z" }, "geometry": { "type": "Point", "coordinates": [ -121.781439045444131, 43.903454281389713 ] } },
{ "type": "Feature", "properties": { "track_fid": 0, "track_seg_id": 0, "track_seg_point_id": 2014, "ele": 1499.5999755859375, "time": "2025-08-08T18:30:09Z" }, "geometry": { "type": "Point", "coordinates": [ -121.781419850885868, 43.903405498713255 ] } },
{ "type": "Feature", "properties": { "track_fid": 0, "track_seg_id": 0, "track_seg_point_id": 2015, "ele": 1499.0, "time": "2025-08-08T18:30:11Z" }, "geometry": { "type": "Point", "coordinates": [ -121.781409038230777, 43.903387561440468 ] } },
{ "type": "Feature", "properties": { "track_fid": 0, "track_seg_id": 0, "track_seg_point_id": 2016, "ele": 1499.199951171875, "time": "2025-08-08T18:30:16Z" }, "geometry": { "type": "Point", "coordinates": [ -121.78138087503612, 43.903346825391054 ] } },
{ "type": "Feature", "properties": { "track_fid": 0, "track_seg_id": 0, "track_seg_point_id": 2017, "ele": 1499.5999755859375, "time": "2025-08-08T18:30:26Z" }, "geometry": { "type": "Point", "coordinates": [ -121.781299486756325, 43.90325671993196 ] } },
{ "type": "Feature", "properties": { "track_fid": 0, "track_seg_id": 0, "track_seg_point_id": 2018, "ele": 1500.4000244140625, "time": "2025-08-08T18:30:36Z" }, "geometry": { "type": "Point", "coordinates": [ -121.78123033605516, 43.903162758797407 ] } },
{ "type": "Feature", "properties": { "track_fid": 0, "track_seg_id": 0, "track_seg_point_id": 2019, "ele": 1501.800048828125, "time": "2025-08-08T18:30:48Z" }, "geometry": { "type": "Point", "coordinates": [ -121.781084574759007, 43.903070390224457 ] } },
{ "type": "Feature", "properties": { "track_fid": 0, "track_seg_id": 0, "track_seg_point_id": 2020, "ele": 1502.5999755859375, "time": "2025-08-08T18:30:58Z" }, "geometry": { "type": "Point", "coordinates": [ -121.780942752957344, 43.903023032471538 ] } },
{ "type": "Feature", "properties": { "track_fid": 0, "track_seg_id": 0, "track_seg_point_id": 2021, "ele": 1503.800048828125, "time": "2025-08-08T18:31:10Z" }, "geometry": { "type": "Point", "coordinates": [ -121.780775366351008, 43.902979865670204 ] } },
{ "type": "Feature", "properties": { "track_fid": 0, "track_seg_id": 0, "track_seg_point_id": 2022, "ele": 1505.199951171875, "time": "2025-08-08T18:31:18Z" }, "geometry": { "type": "Point", "coordinates": [ -121.78067235276103, 43.902933932840824 ] } },
{ "type": "Feature", "properties": { "track_fid": 0, "track_seg_id": 0, "track_seg_point_id": 2023, "ele": 1506.4000244140625, "time": "2025-08-08T18:31:25Z" }, "geometry": { "type": "Point", "coordinates": [ -121.780595825985074, 43.902901159599423 ] } },
{ "type": "Feature", "properties": { "track_fid": 0, "track_seg_id": 0, "track_seg_point_id": 2024, "ele": 1507.5999755859375, "time": "2025-08-08T18:31:34Z" }, "geometry": { "type": "Point", "coordinates": [ -121.780453165993094, 43.902852879837155 ] } },
{ "type": "Feature", "properties": { "track_fid": 0, "track_seg_id": 0, "track_seg_point_id": 2025, "ele": 1508.0, "time": "2025-08-08T18:31:41Z" }, "geometry": { "type": "Point", "coordinates": [ -121.780337579548359, 43.902835780754685 ] } },
{ "type": "Feature", "properties": { "track_fid": 0, "track_seg_id": 0, "track_seg_point_id": 2026, "ele": 1506.199951171875, "time": "2025-08-08T18:31:51Z" }, "geometry": { "type": "Point", "coordinates": [ -121.780226770788431, 43.902779286727309 ] } },
{ "type": "Feature", "properties": { "track_fid": 0, "track_seg_id": 0, "track_seg_point_id": 2027, "ele": 1505.5999755859375, "time": "2025-08-08T18:32:02Z" }, "geometry": { "type": "Point", "coordinates": [ -121.780148735269904, 43.90270116738975 ] } },
{ "type": "Feature", "properties": { "track_fid": 0, "track_seg_id": 0, "track_seg_point_id": 2028, "ele": 1505.0, "time": "2025-08-08T18:32:12Z" }, "geometry": { "type": "Point", "coordinates": [ -121.780057456344366, 43.902601925656199 ] } },
{ "type": "Feature", "properties": { "track_fid": 0, "track_seg_id": 0, "track_seg_point_id": 2029, "ele": 1503.5999755859375, "time": "2025-08-08T18:32:21Z" }, "geometry": { "type": "Point", "coordinates": [ -121.780007248744369, 43.902513664215803 ] } },
{ "type": "Feature", "properties": { "track_fid": 0, "track_seg_id": 0, "track_seg_point_id": 2030, "ele": 1503.199951171875, "time": "2025-08-08T18:32:30Z" }, "geometry": { "type": "Point", "coordinates": [ -121.779919657856226, 43.902406878769398 ] } },
{ "type": "Feature", "properties": { "track_fid": 0, "track_seg_id": 0, "track_seg_point_id": 2031, "ele": 1503.0, "time": "2025-08-08T18:32:31Z" }, "geometry": { "type": "Point", "coordinates": [ -121.779912784695625, 43.902406459674239 ] } },
{ "type": "Feature", "properties": { "track_fid": 0, "track_seg_id": 0, "track_seg_point_id": 2032, "ele": 1503.199951171875, "time": "2025-08-08T18:32:38Z" }, "geometry": { "type": "Point", "coordinates": [ -121.779837599024177, 43.902345523238182 ] } },
{ "type": "Feature", "properties": { "track_fid": 0, "track_seg_id": 0, "track_seg_point_id": 2033, "ele": 1503.199951171875, "time": "2025-08-08T18:32:45Z" }, "geometry": { "type": "Point", "coordinates": [ -121.77978303283453, 43.902330854907632 ] } },
{ "type": "Feature", "properties": { "track_fid": 0, "track_seg_id": 0, "track_seg_point_id": 2034, "ele": 1503.199951171875, "time": "2025-08-08T18:32:50Z" }, "geometry": { "type": "Point", "coordinates": [ -121.779724694788456, 43.902319287881255 ] } },
{ "type": "Feature", "properties": { "track_fid": 0, "track_seg_id": 0, "track_seg_point_id": 2035, "ele": 1503.0, "time": "2025-08-08T18:32:56Z" }, "geometry": { "type": "Point", "coordinates": [ -121.779634673148394, 43.902296237647533 ] } },
{ "type": "Feature", "properties": { "track_fid": 0, "track_seg_id": 0, "track_seg_point_id": 2036, "ele": 1502.0, "time": "2025-08-08T18:33:04Z" }, "geometry": { "type": "Point", "coordinates": [ -121.779494527727365, 43.902317443862557 ] } },
{ "type": "Feature", "properties": { "track_fid": 0, "track_seg_id": 0, "track_seg_point_id": 2037, "ele": 1499.199951171875, "time": "2025-08-08T18:33:16Z" }, "geometry": { "type": "Point", "coordinates": [ -121.779308533295989, 43.902390617877245 ] } },
{ "type": "Feature", "properties": { "track_fid": 0, "track_seg_id": 0, "track_seg_point_id": 2038, "ele": 1494.0, "time": "2025-08-08T18:33:26Z" }, "geometry": { "type": "Point", "coordinates": [ -121.779207363724709, 43.902465384453535 ] } },
{ "type": "Feature", "properties": { "track_fid": 0, "track_seg_id": 0, "track_seg_point_id": 2039, "ele": 1492.4000244140625, "time": "2025-08-08T18:33:33Z" }, "geometry": { "type": "Point", "coordinates": [ -121.779138296842575, 43.902500253170729 ] } },
{ "type": "Feature", "properties": { "track_fid": 0, "track_seg_id": 0, "track_seg_point_id": 2040, "ele": 1489.800048828125, "time": "2025-08-08T18:33:40Z" }, "geometry": { "type": "Point", "coordinates": [ -121.779049532487988, 43.902523387223482 ] } },
{ "type": "Feature", "properties": { "track_fid": 0, "track_seg_id": 0, "track_seg_point_id": 2041, "ele": 1486.5999755859375, "time": "2025-08-08T18:33:51Z" }, "geometry": { "type": "Point", "coordinates": [ -121.778906956315041, 43.902583317831159 ] } },
{ "type": "Feature", "properties": { "track_fid": 0, "track_seg_id": 0, "track_seg_point_id": 2042, "ele": 1485.199951171875, "time": "2025-08-08T18:33:55Z" }, "geometry": { "type": "Point", "coordinates": [ -121.778853060677648, 43.902628077194095 ] } },
{ "type": "Feature", "properties": { "track_fid": 0, "track_seg_id": 0, "track_seg_point_id": 2043, "ele": 1484.0, "time": "2025-08-08T18:33:58Z" }, "geometry": { "type": "Point", "coordinates": [ -121.778813162818551, 43.902663197368383 ] } },
{ "type": "Feature", "properties": { "track_fid": 0, "track_seg_id": 0, "track_seg_point_id": 2044, "ele": 1483.199951171875, "time": "2025-08-08T18:34:00Z" }, "geometry": { "type": "Point", "coordinates": [ -121.778792794793844, 43.902686582878232 ] } },
{ "type": "Feature", "properties": { "track_fid": 0, "track_seg_id": 0, "track_seg_point_id": 2045, "ele": 1481.800048828125, "time": "2025-08-08T18:34:04Z" }, "geometry": { "type": "Point", "coordinates": [ -121.778772175312042, 43.902731090784073 ] } },
{ "type": "Feature", "properties": { "track_fid": 0, "track_seg_id": 0, "track_seg_point_id": 2046, "ele": 1481.199951171875, "time": "2025-08-08T18:34:06Z" }, "geometry": { "type": "Point", "coordinates": [ -121.778767481446266, 43.902758248150349 ] } },
{ "type": "Feature", "properties": { "track_fid": 0, "track_seg_id": 0, "track_seg_point_id": 2047, "ele": 1480.800048828125, "time": "2025-08-08T18:34:11Z" }, "geometry": { "type": "Point", "coordinates": [ -121.778745269402862, 43.902825638651848 ] } },
{ "type": "Feature", "properties": { "track_fid": 0, "track_seg_id": 0, "track_seg_point_id": 2048, "ele": 1480.5999755859375, "time": "2025-08-08T18:34:12Z" }, "geometry": { "type": "Point", "coordinates": [ -121.778738396242261, 43.902838965877891 ] } },
{ "type": "Feature", "properties": { "track_fid": 0, "track_seg_id": 0, "track_seg_point_id": 2049, "ele": 1480.199951171875, "time": "2025-08-08T18:34:18Z" }, "geometry": { "type": "Point", "coordinates": [ -121.778706964105368, 43.902910463511944 ] } },
{ "type": "Feature", "properties": { "track_fid": 0, "track_seg_id": 0, "track_seg_point_id": 2050, "ele": 1481.199951171875, "time": "2025-08-08T18:34:21Z" }, "geometry": { "type": "Point", "coordinates": [ -121.778699336573482, 43.902948349714279 ] } },
{ "type": "Feature", "properties": { "track_fid": 0, "track_seg_id": 0, "track_seg_point_id": 2051, "ele": 1482.5999755859375, "time": "2025-08-08T18:34:25Z" }, "geometry": { "type": "Point", "coordinates": [ -121.778682572767138, 43.90299285762012 ] } },
{ "type": "Feature", "properties": { "track_fid": 0, "track_seg_id": 0, "track_seg_point_id": 2052, "ele": 1482.199951171875, "time": "2025-08-08T18:34:33Z" }, "geometry": { "type": "Point", "coordinates": [ -121.778630269691348, 43.903044741600752 ] } },
{ "type": "Feature", "properties": { "track_fid": 0, "track_seg_id": 0, "track_seg_point_id": 2053, "ele": 1480.5999755859375, "time": "2025-08-08T18:34:43Z" }, "geometry": { "type": "Point", "coordinates": [ -121.778526837006211, 43.903137696906924 ] } },
{ "type": "Feature", "properties": { "track_fid": 0, "track_seg_id": 0, "track_seg_point_id": 2054, "ele": 1484.199951171875, "time": "2025-08-08T18:34:54Z" }, "geometry": { "type": "Point", "coordinates": [ -121.77845349535346, 43.90325085259974 ] } },
{ "type": "Feature", "properties": { "track_fid": 0, "track_seg_id": 0, "track_seg_point_id": 2055, "ele": 1484.4000244140625, "time": "2025-08-08T18:35:05Z" }, "geometry": { "type": "Point", "coordinates": [ -121.778362216427922, 43.903336180374026 ] } },
{ "type": "Feature", "properties": { "track_fid": 0, "track_seg_id": 0, "track_seg_point_id": 2056, "ele": 1484.199951171875, "time": "2025-08-08T18:35:14Z" }, "geometry": { "type": "Point", "coordinates": [ -121.778322737663984, 43.903435170650482 ] } },
{ "type": "Feature", "properties": { "track_fid": 0, "track_seg_id": 0, "track_seg_point_id": 2057, "ele": 1483.800048828125, "time": "2025-08-08T18:35:20Z" }, "geometry": { "type": "Point", "coordinates": [ -121.778297256678343, 43.903513373807073 ] } },
{ "type": "Feature", "properties": { "track_fid": 0, "track_seg_id": 0, "track_seg_point_id": 2058, "ele": 1484.4000244140625, "time": "2025-08-08T18:35:22Z" }, "geometry": { "type": "Point", "coordinates": [ -121.77827169187367, 43.903543129563332 ] } },
{ "type": "Feature", "properties": { "track_fid": 0, "track_seg_id": 0, "track_seg_point_id": 2059, "ele": 1485.5999755859375, "time": "2025-08-08T18:35:27Z" }, "geometry": { "type": "Point", "coordinates": [ -121.778243528679013, 43.903602389618754 ] } },
{ "type": "Feature", "properties": { "track_fid": 0, "track_seg_id": 0, "track_seg_point_id": 2060, "ele": 1486.4000244140625, "time": "2025-08-08T18:35:29Z" }, "geometry": { "type": "Point", "coordinates": [ -121.778233386576176, 43.903619153425097 ] } },
{ "type": "Feature", "properties": { "track_fid": 0, "track_seg_id": 0, "track_seg_point_id": 2061, "ele": 1487.199951171875, "time": "2025-08-08T18:35:40Z" }, "geometry": { "type": "Point", "coordinates": [ -121.77820379845798, 43.903711521998048 ] } },
{ "type": "Feature", "properties": { "track_fid": 0, "track_seg_id": 0, "track_seg_point_id": 2062, "ele": 1486.4000244140625, "time": "2025-08-08T18:35:50Z" }, "geometry": { "type": "Point", "coordinates": [ -121.778090475127101, 43.903814032673836 ] } },
{ "type": "Feature", "properties": { "track_fid": 0, "track_seg_id": 0, "track_seg_point_id": 2063, "ele": 1486.199951171875, "time": "2025-08-08T18:35:57Z" }, "geometry": { "type": "Point", "coordinates": [ -121.778002716600895, 43.903840770944953 ] } },
{ "type": "Feature", "properties": { "track_fid": 0, "track_seg_id": 0, "track_seg_point_id": 2064, "ele": 1487.4000244140625, "time": "2025-08-08T18:36:06Z" }, "geometry": { "type": "Point", "coordinates": [ -121.777906157076359, 43.903859127312899 ] } },
{ "type": "Feature", "properties": { "track_fid": 0, "track_seg_id": 0, "track_seg_point_id": 2065, "ele": 1487.199951171875, "time": "2025-08-08T18:36:16Z" }, "geometry": { "type": "Point", "coordinates": [ -121.777791241183877, 43.903861977159977 ] } },
{ "type": "Feature", "properties": { "track_fid": 0, "track_seg_id": 0, "track_seg_point_id": 2066, "ele": 1485.5999755859375, "time": "2025-08-08T18:36:27Z" }, "geometry": { "type": "Point", "coordinates": [ -121.777592925354838, 43.903883183375001 ] } },
{ "type": "Feature", "properties": { "track_fid": 0, "track_seg_id": 0, "track_seg_point_id": 2067, "ele": 1483.5999755859375, "time": "2025-08-08T18:36:35Z" }, "geometry": { "type": "Point", "coordinates": [ -121.777487983927131, 43.903906485065818 ] } },
{ "type": "Feature", "properties": { "track_fid": 0, "track_seg_id": 0, "track_seg_point_id": 2068, "ele": 1479.800048828125, "time": "2025-08-08T18:36:42Z" }, "geometry": { "type": "Point", "coordinates": [ -121.777410199865699, 43.90394814312458 ] } },
{ "type": "Feature", "properties": { "track_fid": 0, "track_seg_id": 0, "track_seg_point_id": 2069, "ele": 1478.4000244140625, "time": "2025-08-08T18:36:54Z" }, "geometry": { "type": "Point", "coordinates": [ -121.777404835447669, 43.903975132852793 ] } },
{ "type": "Feature", "properties": { "track_fid": 0, "track_seg_id": 0, "track_seg_point_id": 2070, "ele": 1474.4000244140625, "time": "2025-08-08T18:37:08Z" }, "geometry": { "type": "Point", "coordinates": [ -121.777403661981225, 43.903982928022742 ] } },
{ "type": "Feature", "properties": { "track_fid": 0, "track_seg_id": 0, "track_seg_point_id": 2071, "ele": 1473.800048828125, "time": "2025-08-08T18:37:19Z" }, "geometry": { "type": "Point", "coordinates": [ -121.777412882074714, 43.903980497270823 ] } },
{ "type": "Feature", "properties": { "track_fid": 0, "track_seg_id": 0, "track_seg_point_id": 2072, "ele": 1472.800048828125, "time": "2025-08-08T18:37:30Z" }, "geometry": { "type": "Point", "coordinates": [ -121.777429645881057, 43.903988962993026 ] } },
{ "type": "Feature", "properties": { "track_fid": 0, "track_seg_id": 0, "track_seg_point_id": 2073, "ele": 1472.5999755859375, "time": "2025-08-08T18:37:40Z" }, "geometry": { "type": "Point", "coordinates": [ -121.777455545961857, 43.903980664908886 ] } },
{ "type": "Feature", "properties": { "track_fid": 0, "track_seg_id": 0, "track_seg_point_id": 2074, "ele": 1472.0, "time": "2025-08-08T18:37:50Z" }, "geometry": { "type": "Point", "coordinates": [ -121.777466526255012, 43.903975216671824 ] } },
{ "type": "Feature", "properties": { "track_fid": 0, "track_seg_id": 0, "track_seg_point_id": 2075, "ele": 1472.0, "time": "2025-08-08T18:37:57Z" }, "geometry": { "type": "Point", "coordinates": [ -121.77746987901628, 43.903971947729588 ] } },
{ "type": "Feature", "properties": { "track_fid": 0, "track_seg_id": 0, "track_seg_point_id": 2076, "ele": 1471.199951171875, "time": "2025-08-08T18:38:04Z" }, "geometry": { "type": "Point", "coordinates": [ -121.777487397193909, 43.903932636603713 ] } },
{ "type": "Feature", "properties": { "track_fid": 0, "track_seg_id": 0, "track_seg_point_id": 2077, "ele": 1468.5999755859375, "time": "2025-08-08T18:38:11Z" }, "geometry": { "type": "Point", "coordinates": [ -121.777505837380886, 43.903948562219739 ] } },
{ "type": "Feature", "properties": { "track_fid": 0, "track_seg_id": 0, "track_seg_point_id": 2078, "ele": 1468.199951171875, "time": "2025-08-08T18:38:21Z" }, "geometry": { "type": "Point", "coordinates": [ -121.777499886229634, 43.903951663523912 ] } },
{ "type": "Feature", "properties": { "track_fid": 0, "track_seg_id": 0, "track_seg_point_id": 2079, "ele": 1467.4000244140625, "time": "2025-08-08T18:38:37Z" }, "geometry": { "type": "Point", "coordinates": [ -121.777381198480725, 43.90398963354528 ] } },
{ "type": "Feature", "properties": { "track_fid": 0, "track_seg_id": 0, "track_seg_point_id": 2080, "ele": 1466.4000244140625, "time": "2025-08-08T18:38:45Z" }, "geometry": { "type": "Point", "coordinates": [ -121.777367452159524, 43.903982173651457 ] } },
{ "type": "Feature", "properties": { "track_fid": 0, "track_seg_id": 0, "track_seg_point_id": 2081, "ele": 1462.0, "time": "2025-08-08T18:38:57Z" }, "geometry": { "type": "Point", "coordinates": [ -121.777252536267042, 43.903884692117572 ] } },
{ "type": "Feature", "properties": { "track_fid": 0, "track_seg_id": 0, "track_seg_point_id": 2082, "ele": 1456.800048828125, "time": "2025-08-08T18:39:08Z" }, "geometry": { "type": "Point", "coordinates": [ -121.777152791619301, 43.903755526989698 ] } },
{ "type": "Feature", "properties": { "track_fid": 0, "track_seg_id": 0, "track_seg_point_id": 2083, "ele": 1454.5999755859375, "time": "2025-08-08T18:39:14Z" }, "geometry": { "type": "Point", "coordinates": [ -121.777175841853023, 43.90358897857368 ] } },
{ "type": "Feature", "properties": { "track_fid": 0, "track_seg_id": 0, "track_seg_point_id": 2084, "ele": 1453.800048828125, "time": "2025-08-08T18:39:20Z" }, "geometry": { "type": "Point", "coordinates": [ -121.777183637022972, 43.903390495106578 ] } },
{ "type": "Feature", "properties": { "track_fid": 0, "track_seg_id": 0, "track_seg_point_id": 2085, "ele": 1453.199951171875, "time": "2025-08-08T18:39:25Z" }, "geometry": { "type": "Point", "coordinates": [ -121.777052460238338, 43.903282452374697 ] } },
{ "type": "Feature", "properties": { "track_fid": 0, "track_seg_id": 0, "track_seg_point_id": 2086, "ele": 1452.800048828125, "time": "2025-08-08T18:39:29Z" }, "geometry": { "type": "Point", "coordinates": [ -121.776864873245358, 43.903306927531958 ] } },
{ "type": "Feature", "properties": { "track_fid": 0, "track_seg_id": 0, "track_seg_point_id": 2087, "ele": 1454.800048828125, "time": "2025-08-08T18:39:36Z" }, "geometry": { "type": "Point", "coordinates": [ -121.776482574641705, 43.903477331623435 ] } },
{ "type": "Feature", "properties": { "track_fid": 0, "track_seg_id": 0, "track_seg_point_id": 2088, "ele": 1455.5999755859375, "time": "2025-08-08T18:39:43Z" }, "geometry": { "type": "Point", "coordinates": [ -121.776298675686121, 43.903540866449475 ] } },
{ "type": "Feature", "properties": { "track_fid": 0, "track_seg_id": 0, "track_seg_point_id": 2089, "ele": 1455.800048828125, "time": "2025-08-08T18:39:45Z" }, "geometry": { "type": "Point", "coordinates": [ -121.77629766985774, 43.903541537001729 ] } },
{ "type": "Feature", "properties": { "track_fid": 0, "track_seg_id": 0, "track_seg_point_id": 2090, "ele": 1455.800048828125, "time": "2025-08-08T18:39:46Z" }, "geometry": { "type": "Point", "coordinates": [ -121.776298843324184, 43.903542123734951 ] } },
{ "type": "Feature", "properties": { "track_fid": 0, "track_seg_id": 0, "track_seg_point_id": 2091, "ele": 1456.0, "time": "2025-08-08T18:39:49Z" }, "geometry": { "type": "Point", "coordinates": [ -121.776301525533199, 43.903543883934617 ] } },
{ "type": "Feature", "properties": { "track_fid": 0, "track_seg_id": 0, "track_seg_point_id": 2092, "ele": 1456.0, "time": "2025-08-08T18:39:53Z" }, "geometry": { "type": "Point", "coordinates": [ -121.776270177215338, 43.903600964695215 ] } },
{ "type": "Feature", "properties": { "track_fid": 0, "track_seg_id": 0, "track_seg_point_id": 2093, "ele": 1456.0, "time": "2025-08-08T18:39:54Z" }, "geometry": { "type": "Point", "coordinates": [ -121.776279816403985, 43.903643293306231 ] } },
{ "type": "Feature", "properties": { "track_fid": 0, "track_seg_id": 0, "track_seg_point_id": 2094, "ele": 1456.0, "time": "2025-08-08T18:39:55Z" }, "geometry": { "type": "Point", "coordinates": [ -121.776308482512832, 43.903692830353975 ] } },
{ "type": "Feature", "properties": { "track_fid": 0, "track_seg_id": 0, "track_seg_point_id": 2095, "ele": 1455.800048828125, "time": "2025-08-08T18:39:57Z" }, "geometry": { "type": "Point", "coordinates": [ -121.776405042037368, 43.903814954683185 ] } },
{ "type": "Feature", "properties": { "track_fid": 0, "track_seg_id": 0, "track_seg_point_id": 2096, "ele": 1455.199951171875, "time": "2025-08-08T18:40:01Z" }, "geometry": { "type": "Point", "coordinates": [ -121.776702767238021, 43.904160540550947 ] } },
{ "type": "Feature", "properties": { "track_fid": 0, "track_seg_id": 0, "track_seg_point_id": 2097, "ele": 1455.800048828125, "time": "2025-08-08T18:40:04Z" }, "geometry": { "type": "Point", "coordinates": [ -121.776989763602614, 43.904491625726223 ] } },
{ "type": "Feature", "properties": { "track_fid": 0, "track_seg_id": 0, "track_seg_point_id": 2098, "ele": 1457.5999755859375, "time": "2025-08-08T18:40:08Z" }, "geometry": { "type": "Point", "coordinates": [ -121.777420761063695, 43.904993450269103 ] } },
{ "type": "Feature", "properties": { "track_fid": 0, "track_seg_id": 0, "track_seg_point_id": 2099, "ele": 1460.0, "time": "2025-08-08T18:40:11Z" }, "geometry": { "type": "Point", "coordinates": [ -121.777763497084379, 43.905399637296796 ] } },
{ "type": "Feature", "properties": { "track_fid": 0, "track_seg_id": 0, "track_seg_point_id": 2100, "ele": 1462.5999755859375, "time": "2025-08-08T18:40:13Z" }, "geometry": { "type": "Point", "coordinates": [ -121.777996765449643, 43.905675485730171 ] } },
{ "type": "Feature", "properties": { "track_fid": 0, "track_seg_id": 0, "track_seg_point_id": 2101, "ele": 1465.0, "time": "2025-08-08T18:40:16Z" }, "geometry": { "type": "Point", "coordinates": [ -121.778348637744784, 43.906106650829315 ] } },
{ "type": "Feature", "properties": { "track_fid": 0, "track_seg_id": 0, "track_seg_point_id": 2102, "ele": 1466.5999755859375, "time": "2025-08-08T18:40:19Z" }, "geometry": { "type": "Point", "coordinates": [ -121.778695480898023, 43.906555837020278 ] } },
{ "type": "Feature", "properties": { "track_fid": 0, "track_seg_id": 0, "track_seg_point_id": 2103, "ele": 1467.0, "time": "2025-08-08T18:40:22Z" }, "geometry": { "type": "Point", "coordinates": [ -121.779026398435235, 43.907019272446632 ] } },
{ "type": "Feature", "properties": { "track_fid": 0, "track_seg_id": 0, "track_seg_point_id": 2104, "ele": 1466.5999755859375, "time": "2025-08-08T18:40:25Z" }, "geometry": { "type": "Point", "coordinates": [ -121.77933937869966, 43.90750776976347 ] } },
{ "type": "Feature", "properties": { "track_fid": 0, "track_seg_id": 0, "track_seg_point_id": 2105, "ele": 1466.0, "time": "2025-08-08T18:40:28Z" }, "geometry": { "type": "Point", "coordinates": [ -121.779635176062584, 43.908017557114363 ] } },
{ "type": "Feature", "properties": { "track_fid": 0, "track_seg_id": 0, "track_seg_point_id": 2106, "ele": 1464.4000244140625, "time": "2025-08-08T18:40:31Z" }, "geometry": { "type": "Point", "coordinates": [ -121.779912868514657, 43.908540336415172 ] } },
{ "type": "Feature", "properties": { "track_fid": 0, "track_seg_id": 0, "track_seg_point_id": 2107, "ele": 1463.5999755859375, "time": "2025-08-08T18:40:32Z" }, "geometry": { "type": "Point", "coordinates": [ -121.779999872669578, 43.90871811658144 ] } },
{ "type": "Feature", "properties": { "track_fid": 0, "track_seg_id": 0, "track_seg_point_id": 2108, "ele": 1461.4000244140625, "time": "2025-08-08T18:40:35Z" }, "geometry": { "type": "Point", "coordinates": [ -121.780242696404457, 43.909248858690262 ] } },
{ "type": "Feature", "properties": { "track_fid": 0, "track_seg_id": 0, "track_seg_point_id": 2109, "ele": 1459.0, "time": "2025-08-08T18:40:38Z" }, "geometry": { "type": "Point", "coordinates": [ -121.780457524582744, 43.909784546121955 ] } },
{ "type": "Feature", "properties": { "track_fid": 0, "track_seg_id": 0, "track_seg_point_id": 2110, "ele": 1458.0, "time": "2025-08-08T18:40:39Z" }, "geometry": { "type": "Point", "coordinates": [ -121.780524579808116, 43.90996903181076 ] } },
{ "type": "Feature", "properties": { "track_fid": 0, "track_seg_id": 0, "track_seg_point_id": 2111, "ele": 1455.4000244140625, "time": "2025-08-08T18:40:42Z" }, "geometry": { "type": "Point", "coordinates": [ -121.780710322782397, 43.910546042025089 ] } },
{ "type": "Feature", "properties": { "track_fid": 0, "track_seg_id": 0, "track_seg_point_id": 2112, "ele": 1451.800048828125, "time": "2025-08-08T18:40:45Z" }, "geometry": { "type": "Point", "coordinates": [ -121.780879972502589, 43.911150544881821 ] } },
{ "type": "Feature", "properties": { "track_fid": 0, "track_seg_id": 0, "track_seg_point_id": 2113, "ele": 1451.4000244140625, "time": "2025-08-08T18:40:46Z" }, "geometry": { "type": "Point", "coordinates": [ -121.780931018292904, 43.911358080804348 ] } },
{ "type": "Feature", "properties": { "track_fid": 0, "track_seg_id": 0, "track_seg_point_id": 2114, "ele": 1450.0, "time": "2025-08-08T18:40:49Z" }, "geometry": { "type": "Point", "coordinates": [ -121.781062362715602, 43.911995273083448 ] } },
{ "type": "Feature", "properties": { "track_fid": 0, "track_seg_id": 0, "track_seg_point_id": 2115, "ele": 1448.5999755859375, "time": "2025-08-08T18:40:52Z" }, "geometry": { "type": "Point", "coordinates": [ -121.781193623319268, 43.912648558616638 ] } },
{ "type": "Feature", "properties": { "track_fid": 0, "track_seg_id": 0, "track_seg_point_id": 2116, "ele": 1449.199951171875, "time": "2025-08-08T18:40:55Z" }, "geometry": { "type": "Point", "coordinates": [ -121.781318765133619, 43.913303771987557 ] } },
{ "type": "Feature", "properties": { "track_fid": 0, "track_seg_id": 0, "track_seg_point_id": 2117, "ele": 1451.800048828125, "time": "2025-08-08T18:40:58Z" }, "geometry": { "type": "Point", "coordinates": [ -121.781443320214748, 43.913950435817242 ] } },
{ "type": "Feature", "properties": { "track_fid": 0, "track_seg_id": 0, "track_seg_point_id": 2118, "ele": 1453.199951171875, "time": "2025-08-08T18:40:59Z" }, "geometry": { "type": "Point", "coordinates": [ -121.781483553349972, 43.914164341986179 ] } },
{ "type": "Feature", "properties": { "track_fid": 0, "track_seg_id": 0, "track_seg_point_id": 2119, "ele": 1457.199951171875, "time": "2025-08-08T18:41:02Z" }, "geometry": { "type": "Point", "coordinates": [ -121.781600648537278, 43.914796840399504 ] } },
{ "type": "Feature", "properties": { "track_fid": 0, "track_seg_id": 0, "track_seg_point_id": 2120, "ele": 1460.199951171875, "time": "2025-08-08T18:41:05Z" }, "geometry": { "type": "Point", "coordinates": [ -121.781725874170661, 43.915440319105983 ] } },
{ "type": "Feature", "properties": { "track_fid": 0, "track_seg_id": 0, "track_seg_point_id": 2121, "ele": 1463.4000244140625, "time": "2025-08-08T18:41:08Z" }, "geometry": { "type": "Point", "coordinates": [ -121.781856464222074, 43.916103830561042 ] } },
{ "type": "Feature", "properties": { "track_fid": 0, "track_seg_id": 0, "track_seg_point_id": 2122, "ele": 1464.199951171875, "time": "2025-08-08T18:41:10Z" }, "geometry": { "type": "Point", "coordinates": [ -121.781951431185007, 43.916548741981387 ] } },
{ "type": "Feature", "properties": { "track_fid": 0, "track_seg_id": 0, "track_seg_point_id": 2123, "ele": 1464.199951171875, "time": "2025-08-08T18:41:13Z" }, "geometry": { "type": "Point", "coordinates": [ -121.782083949074149, 43.917209319770336 ] } },
{ "type": "Feature", "properties": { "track_fid": 0, "track_seg_id": 0, "track_seg_point_id": 2124, "ele": 1465.0, "time": "2025-08-08T18:41:16Z" }, "geometry": { "type": "Point", "coordinates": [ -121.782209426164627, 43.917864365503192 ] } },
{ "type": "Feature", "properties": { "track_fid": 0, "track_seg_id": 0, "track_seg_point_id": 2125, "ele": 1465.4000244140625, "time": "2025-08-08T18:41:17Z" }, "geometry": { "type": "Point", "coordinates": [ -121.782251335680485, 43.918080870062113 ] } },
{ "type": "Feature", "properties": { "track_fid": 0, "track_seg_id": 0, "track_seg_point_id": 2126, "ele": 1467.4000244140625, "time": "2025-08-08T18:41:20Z" }, "geometry": { "type": "Point", "coordinates": [ -121.782374130561948, 43.918725019320846 ] } },
{ "type": "Feature", "properties": { "track_fid": 0, "track_seg_id": 0, "track_seg_point_id": 2127, "ele": 1470.199951171875, "time": "2025-08-08T18:41:23Z" }, "geometry": { "type": "Point", "coordinates": [ -121.782502038404346, 43.919359529390931 ] } },
{ "type": "Feature", "properties": { "track_fid": 0, "track_seg_id": 0, "track_seg_point_id": 2128, "ele": 1471.199951171875, "time": "2025-08-08T18:41:25Z" }, "geometry": { "type": "Point", "coordinates": [ -121.782583259046078, 43.919785916805267 ] } },
{ "type": "Feature", "properties": { "track_fid": 0, "track_seg_id": 0, "track_seg_point_id": 2129, "ele": 1472.4000244140625, "time": "2025-08-08T18:41:28Z" }, "geometry": { "type": "Point", "coordinates": [ -121.782704964280128, 43.920439537614584 ] } },
{ "type": "Feature", "properties": { "track_fid": 0, "track_seg_id": 0, "track_seg_point_id": 2130, "ele": 1473.5999755859375, "time": "2025-08-08T18:41:31Z" }, "geometry": { "type": "Point", "coordinates": [ -121.782849384471774, 43.921097097918391 ] } },
{ "type": "Feature", "properties": { "track_fid": 0, "track_seg_id": 0, "track_seg_point_id": 2131, "ele": 1473.4000244140625, "time": "2025-08-08T18:41:32Z" }, "geometry": { "type": "Point", "coordinates": [ -121.782907554879785, 43.921314524486661 ] } },
{ "type": "Feature", "properties": { "track_fid": 0, "track_seg_id": 0, "track_seg_point_id": 2132, "ele": 1472.4000244140625, "time": "2025-08-08T18:41:35Z" }, "geometry": { "type": "Point", "coordinates": [ -121.783102266490459, 43.921965127810836 ] } },
{ "type": "Feature", "properties": { "track_fid": 0, "track_seg_id": 0, "track_seg_point_id": 2133, "ele": 1470.199951171875, "time": "2025-08-08T18:41:38Z" }, "geometry": { "type": "Point", "coordinates": [ -121.78333779796958, 43.922613132745028 ] } },
{ "type": "Feature", "properties": { "track_fid": 0, "track_seg_id": 0, "track_seg_point_id": 2134, "ele": 1468.199951171875, "time": "2025-08-08T18:41:41Z" }, "geometry": { "type": "Point", "coordinates": [ -121.783611550927162, 43.923255857080221 ] } },
{ "type": "Feature", "properties": { "track_fid": 0, "track_seg_id": 0, "track_seg_point_id": 2135, "ele": 1467.4000244140625, "time": "2025-08-08T18:41:44Z" }, "geometry": { "type": "Point", "coordinates": [ -121.783915646374226, 43.923876034095883 ] } },
{ "type": "Feature", "properties": { "track_fid": 0, "track_seg_id": 0, "track_seg_point_id": 2136, "ele": 1468.4000244140625, "time": "2025-08-08T18:41:47Z" }, "geometry": { "type": "Point", "coordinates": [ -121.784261064603925, 43.924474334344268 ] } },
{ "type": "Feature", "properties": { "track_fid": 0, "track_seg_id": 0, "track_seg_point_id": 2137, "ele": 1470.5999755859375, "time": "2025-08-08T18:41:50Z" }, "geometry": { "type": "Point", "coordinates": [ -121.784629449248314, 43.925064085051417 ] } },
{ "type": "Feature", "properties": { "track_fid": 0, "track_seg_id": 0, "track_seg_point_id": 2138, "ele": 1472.5999755859375, "time": "2025-08-08T18:41:53Z" }, "geometry": { "type": "Point", "coordinates": [ -121.784998336806893, 43.925650231540203 ] } },
{ "type": "Feature", "properties": { "track_fid": 0, "track_seg_id": 0, "track_seg_point_id": 2139, "ele": 1474.0, "time": "2025-08-08T18:41:56Z" }, "geometry": { "type": "Point", "coordinates": [ -121.785374516621232, 43.926243670284748 ] } },
{ "type": "Feature", "properties": { "track_fid": 0, "track_seg_id": 0, "track_seg_point_id": 2140, "ele": 1474.4000244140625, "time": "2025-08-08T18:41:59Z" }, "geometry": { "type": "Point", "coordinates": [ -121.785759581252933, 43.926845323294401 ] } },
{ "type": "Feature", "properties": { "track_fid": 0, "track_seg_id": 0, "track_seg_point_id": 2141, "ele": 1473.800048828125, "time": "2025-08-08T18:42:01Z" }, "geometry": { "type": "Point", "coordinates": [ -121.786017324775457, 43.927248073741794 ] } },
{ "type": "Feature", "properties": { "track_fid": 0, "track_seg_id": 0, "track_seg_point_id": 2142, "ele": 1472.199951171875, "time": "2025-08-08T18:42:04Z" }, "geometry": { "type": "Point", "coordinates": [ -121.786396941170096, 43.927854672074318 ] } },
{ "type": "Feature", "properties": { "track_fid": 0, "track_seg_id": 0, "track_seg_point_id": 2143, "ele": 1470.199951171875, "time": "2025-08-08T18:42:07Z" }, "geometry": { "type": "Point", "coordinates": [ -121.786774294450879, 43.928461018949747 ] } },
{ "type": "Feature", "properties": { "track_fid": 0, "track_seg_id": 0, "track_seg_point_id": 2144, "ele": 1469.0, "time": "2025-08-08T18:42:09Z" }, "geometry": { "type": "Point", "coordinates": [ -121.787002282217145, 43.928868882358074 ] } },
{ "type": "Feature", "properties": { "track_fid": 0, "track_seg_id": 0, "track_seg_point_id": 2145, "ele": 1467.199951171875, "time": "2025-08-08T18:42:12Z" }, "geometry": { "type": "Point", "coordinates": [ -121.787259271368384, 43.929496686905622 ] } },
{ "type": "Feature", "properties": { "track_fid": 0, "track_seg_id": 0, "track_seg_point_id": 2146, "ele": 1466.800048828125, "time": "2025-08-08T18:42:13Z" }, "geometry": { "type": "Point", "coordinates": [ -121.787312580272555, 43.929710844531655 ] } },
{ "type": "Feature", "properties": { "track_fid": 0, "track_seg_id": 0, "track_seg_point_id": 2147, "ele": 1467.800048828125, "time": "2025-08-08T18:42:16Z" }, "geometry": { "type": "Point", "coordinates": [ -121.787386173382401, 43.930356586351991 ] } },
{ "type": "Feature", "properties": { "track_fid": 0, "track_seg_id": 0, "track_seg_point_id": 2148, "ele": 1469.199951171875, "time": "2025-08-08T18:42:19Z" }, "geometry": { "type": "Point", "coordinates": [ -121.78733479231596, 43.930998891592026 ] } },
{ "type": "Feature", "properties": { "track_fid": 0, "track_seg_id": 0, "track_seg_point_id": 2149, "ele": 1471.5999755859375, "time": "2025-08-08T18:42:22Z" }, "geometry": { "type": "Point", "coordinates": [ -121.787167657166719, 43.931625857949257 ] } },
{ "type": "Feature", "properties": { "track_fid": 0, "track_seg_id": 0, "track_seg_point_id": 2150, "ele": 1472.4000244140625, "time": "2025-08-08T18:42:23Z" }, "geometry": { "type": "Point", "coordinates": [ -121.787100350484252, 43.931833896785975 ] } },
{ "type": "Feature", "properties": { "track_fid": 0, "track_seg_id": 0, "track_seg_point_id": 2151, "ele": 1474.800048828125, "time": "2025-08-08T18:42:26Z" }, "geometry": { "type": "Point", "coordinates": [ -121.786893149837852, 43.932472933083773 ] } },
{ "type": "Feature", "properties": { "track_fid": 0, "track_seg_id": 0, "track_seg_point_id": 2152, "ele": 1476.199951171875, "time": "2025-08-08T18:42:29Z" }, "geometry": { "type": "Point", "coordinates": [ -121.78667513653636, 43.933127978816628 ] } },
{ "type": "Feature", "properties": { "track_fid": 0, "track_seg_id": 0, "track_seg_point_id": 2153, "ele": 1476.800048828125, "time": "2025-08-08T18:42:32Z" }, "geometry": { "type": "Point", "coordinates": [ -121.786457039415836, 43.93378185108304 ] } },
{ "type": "Feature", "properties": { "track_fid": 0, "track_seg_id": 0, "track_seg_point_id": 2154, "ele": 1477.0, "time": "2025-08-08T18:42:33Z" }, "geometry": { "type": "Point", "coordinates": [ -121.7863863799721, 43.93399927765131 ] } },
{ "type": "Feature", "properties": { "track_fid": 0, "track_seg_id": 0, "track_seg_point_id": 2155, "ele": 1476.5999755859375, "time": "2025-08-08T18:42:36Z" }, "geometry": { "type": "Point", "coordinates": [ -121.786188650876284, 43.934651641175151 ] } },
{ "type": "Feature", "properties": { "track_fid": 0, "track_seg_id": 0, "track_seg_point_id": 2156, "ele": 1476.0, "time": "2025-08-08T18:42:39Z" }, "geometry": { "type": "Point", "coordinates": [ -121.78604238666594, 43.935309369117022 ] } },
{ "type": "Feature", "properties": { "track_fid": 0, "track_seg_id": 0, "track_seg_point_id": 2157, "ele": 1477.5999755859375, "time": "2025-08-08T18:42:42Z" }, "geometry": { "type": "Point", "coordinates": [ -121.785985557362437, 43.935963325202465 ] } },
{ "type": "Feature", "properties": { "track_fid": 0, "track_seg_id": 0, "track_seg_point_id": 2158, "ele": 1478.5999755859375, "time": "2025-08-08T18:42:43Z" }, "geometry": { "type": "Point", "coordinates": [ -121.785991759970784, 43.936179243028164 ] } },
{ "type": "Feature", "properties": { "track_fid": 0, "track_seg_id": 0, "track_seg_point_id": 2159, "ele": 1482.0, "time": "2025-08-08T18:42:46Z" }, "geometry": { "type": "Point", "coordinates": [ -121.78606535308063, 43.936818027868867 ] } },
{ "type": "Feature", "properties": { "track_fid": 0, "track_seg_id": 0, "track_seg_point_id": 2160, "ele": 1483.199951171875, "time": "2025-08-08T18:42:47Z" }, "geometry": { "type": "Point", "coordinates": [ -121.786108436062932, 43.937027156352997 ] } },
{ "type": "Feature", "properties": { "track_fid": 0, "track_seg_id": 0, "track_seg_point_id": 2161, "ele": 1486.4000244140625, "time": "2025-08-08T18:42:50Z" }, "geometry": { "type": "Point", "coordinates": [ -121.786304824054241, 43.937647752463818 ] } },
{ "type": "Feature", "properties": { "track_fid": 0, "track_seg_id": 0, "track_seg_point_id": 2162, "ele": 1487.199951171875, "time": "2025-08-08T18:42:51Z" }, "geometry": { "type": "Point", "coordinates": [ -121.786390654742718, 43.937855958938599 ] } },
{ "type": "Feature", "properties": { "track_fid": 0, "track_seg_id": 0, "track_seg_point_id": 2163, "ele": 1489.4000244140625, "time": "2025-08-08T18:42:54Z" }, "geometry": { "type": "Point", "coordinates": [ -121.786706484854221, 43.938478231430054 ] } },
{ "type": "Feature", "properties": { "track_fid": 0, "track_seg_id": 0, "track_seg_point_id": 2164, "ele": 1490.0, "time": "2025-08-08T18:42:55Z" }, "geometry": { "type": "Point", "coordinates": [ -121.786831123754382, 43.938682330772281 ] } },
{ "type": "Feature", "properties": { "track_fid": 0, "track_seg_id": 0, "track_seg_point_id": 2165, "ele": 1491.199951171875, "time": "2025-08-08T18:42:58Z" }, "geometry": { "type": "Point", "coordinates": [ -121.787269832566381, 43.939269986003637 ] } },
{ "type": "Feature", "properties": { "track_fid": 0, "track_seg_id": 0, "track_seg_point_id": 2166, "ele": 1491.4000244140625, "time": "2025-08-08T18:42:59Z" }, "geometry": { "type": "Point", "coordinates": [ -121.787433698773384, 43.939456148073077 ] } },
{ "type": "Feature", "properties": { "track_fid": 0, "track_seg_id": 0, "track_seg_point_id": 2167, "ele": 1492.199951171875, "time": "2025-08-08T18:43:02Z" }, "geometry": { "type": "Point", "coordinates": [ -121.787951197475195, 43.940001893788576 ] } },
{ "type": "Feature", "properties": { "track_fid": 0, "track_seg_id": 0, "track_seg_point_id": 2168, "ele": 1493.0, "time": "2025-08-08T18:43:05Z" }, "geometry": { "type": "Point", "coordinates": [ -121.788474228233099, 43.940542191267014 ] } },
{ "type": "Feature", "properties": { "track_fid": 0, "track_seg_id": 0, "track_seg_point_id": 2169, "ele": 1493.199951171875, "time": "2025-08-08T18:43:06Z" }, "geometry": { "type": "Point", "coordinates": [ -121.788648655638099, 43.940721899271011 ] } },
{ "type": "Feature", "properties": { "track_fid": 0, "track_seg_id": 0, "track_seg_point_id": 2170, "ele": 1494.4000244140625, "time": "2025-08-08T18:43:09Z" }, "geometry": { "type": "Point", "coordinates": [ -121.78916766308248, 43.941261442378163 ] } },
{ "type": "Feature", "properties": { "track_fid": 0, "track_seg_id": 0, "track_seg_point_id": 2171, "ele": 1496.0, "time": "2025-08-08T18:43:12Z" }, "geometry": { "type": "Point", "coordinates": [ -121.789692454040051, 43.941797716543078 ] } },
{ "type": "Feature", "properties": { "track_fid": 0, "track_seg_id": 0, "track_seg_point_id": 2172, "ele": 1497.0, "time": "2025-08-08T18:43:15Z" }, "geometry": { "type": "Point", "coordinates": [ -121.790211377665401, 43.942336672917008 ] } },
{ "type": "Feature", "properties": { "track_fid": 0, "track_seg_id": 0, "track_seg_point_id": 2173, "ele": 1497.199951171875, "time": "2025-08-08T18:43:16Z" }, "geometry": { "type": "Point", "coordinates": [ -121.790384128689766, 43.942516380921006 ] } },
{ "type": "Feature", "properties": { "track_fid": 0, "track_seg_id": 0, "track_seg_point_id": 2174, "ele": 1497.800048828125, "time": "2025-08-08T18:43:19Z" }, "geometry": { "type": "Point", "coordinates": [ -121.790904141962528, 43.943055421113968 ] } },
{ "type": "Feature", "properties": { "track_fid": 0, "track_seg_id": 0, "track_seg_point_id": 2175, "ele": 1498.199951171875, "time": "2025-08-08T18:43:22Z" }, "geometry": { "type": "Point", "coordinates": [ -121.791421724483371, 43.943596221506596 ] } },
{ "type": "Feature", "properties": { "track_fid": 0, "track_seg_id": 0, "track_seg_point_id": 2176, "ele": 1498.199951171875, "time": "2025-08-08T18:43:25Z" }, "geometry": { "type": "Point", "coordinates": [ -121.791941989213228, 43.944139536470175 ] } },
{ "type": "Feature", "properties": { "track_fid": 0, "track_seg_id": 0, "track_seg_point_id": 2177, "ele": 1498.4000244140625, "time": "2025-08-08T18:43:28Z" }, "geometry": { "type": "Point", "coordinates": [ -121.792459823191166, 43.944685282185674 ] } },
{ "type": "Feature", "properties": { "track_fid": 0, "track_seg_id": 0, "track_seg_point_id": 2178, "ele": 1498.5999755859375, "time": "2025-08-08T18:43:31Z" }, "geometry": { "type": "Point", "coordinates": [ -121.792805744335055, 43.94504863768816 ] } },
{ "type": "Feature", "properties": { "track_fid": 0, "track_seg_id": 0, "track_seg_point_id": 2179, "ele": 1498.800048828125, "time": "2025-08-08T18:43:32Z" }, "geometry": { "type": "Point", "coordinates": [ -121.793152838945389, 43.945411741733551 ] } },
{ "type": "Feature", "properties": { "track_fid": 0, "track_seg_id": 0, "track_seg_point_id": 2180, "ele": 1499.0, "time": "2025-08-08T18:43:35Z" }, "geometry": { "type": "Point", "coordinates": [ -121.793671846389771, 43.94595698453486 ] } },
{ "type": "Feature", "properties": { "track_fid": 0, "track_seg_id": 0, "track_seg_point_id": 2181, "ele": 1499.199951171875, "time": "2025-08-08T18:43:38Z" }, "geometry": { "type": "Point", "coordinates": [ -121.794192027300596, 43.946498958393931 ] } },
{ "type": "Feature", "properties": { "track_fid": 0, "track_seg_id": 0, "track_seg_point_id": 2182, "ele": 1499.4000244140625, "time": "2025-08-08T18:43:41Z" }, "geometry": { "type": "Point", "coordinates": [ -121.794707849621773, 43.947041099891067 ] } },
{ "type": "Feature", "properties": { "track_fid": 0, "track_seg_id": 0, "track_seg_point_id": 2183, "ele": 1499.4000244140625, "time": "2025-08-08T18:43:44Z" }, "geometry": { "type": "Point", "coordinates": [ -121.795217553153634, 43.947585336863995 ] } },
{ "type": "Feature", "properties": { "track_fid": 0, "track_seg_id": 0, "track_seg_point_id": 2184, "ele": 1499.199951171875, "time": "2025-08-08T18:43:46Z" }, "geometry": { "type": "Point", "coordinates": [ -121.795561462640762, 43.947946429252625 ] } },
{ "type": "Feature", "properties": { "track_fid": 0, "track_seg_id": 0, "track_seg_point_id": 2185, "ele": 1499.4000244140625, "time": "2025-08-08T18:43:49Z" }, "geometry": { "type": "Point", "coordinates": [ -121.796079631894827, 43.948488151654601 ] } },
{ "type": "Feature", "properties": { "track_fid": 0, "track_seg_id": 0, "track_seg_point_id": 2186, "ele": 1499.800048828125, "time": "2025-08-08T18:43:52Z" }, "geometry": { "type": "Point", "coordinates": [ -121.796597298234701, 43.949031550437212 ] } },
{ "type": "Feature", "properties": { "track_fid": 0, "track_seg_id": 0, "track_seg_point_id": 2187, "ele": 1499.800048828125, "time": "2025-08-08T18:43:55Z" }, "geometry": { "type": "Point", "coordinates": [ -121.797115635126829, 43.949576038867235 ] } },
{ "type": "Feature", "properties": { "track_fid": 0, "track_seg_id": 0, "track_seg_point_id": 2188, "ele": 1500.0, "time": "2025-08-08T18:43:58Z" }, "geometry": { "type": "Point", "coordinates": [ -121.79763313382864, 43.950118096545339 ] } },
{ "type": "Feature", "properties": { "track_fid": 0, "track_seg_id": 0, "track_seg_point_id": 2189, "ele": 1500.4000244140625, "time": "2025-08-08T18:44:01Z" }, "geometry": { "type": "Point", "coordinates": [ -121.798150045797229, 43.950659483671188 ] } },
{ "type": "Feature", "properties": { "track_fid": 0, "track_seg_id": 0, "track_seg_point_id": 2190, "ele": 1500.800048828125, "time": "2025-08-08T18:44:04Z" }, "geometry": { "type": "Point", "coordinates": [ -121.798666371032596, 43.951200870797038 ] } },
{ "type": "Feature", "properties": { "track_fid": 0, "track_seg_id": 0, "track_seg_point_id": 2191, "ele": 1501.199951171875, "time": "2025-08-08T18:44:07Z" }, "geometry": { "type": "Point", "coordinates": [ -121.799182444810867, 43.95174234174192 ] } },
{ "type": "Feature", "properties": { "track_fid": 0, "track_seg_id": 0, "track_seg_point_id": 2192, "ele": 1501.199951171875, "time": "2025-08-08T18:44:10Z" }, "geometry": { "type": "Point", "coordinates": [ -121.799700362607837, 43.952284147962928 ] } },
{ "type": "Feature", "properties": { "track_fid": 0, "track_seg_id": 0, "track_seg_point_id": 2193, "ele": 1501.4000244140625, "time": "2025-08-08T18:44:13Z" }, "geometry": { "type": "Point", "coordinates": [ -121.800215933471918, 43.952826457098126 ] } },
{ "type": "Feature", "properties": { "track_fid": 0, "track_seg_id": 0, "track_seg_point_id": 2194, "ele": 1501.5999755859375, "time": "2025-08-08T18:44:14Z" }, "geometry": { "type": "Point", "coordinates": [ -121.800389857962728, 43.953006165102124 ] } },
{ "type": "Feature", "properties": { "track_fid": 0, "track_seg_id": 0, "track_seg_point_id": 2195, "ele": 1501.5999755859375, "time": "2025-08-08T18:44:17Z" }, "geometry": { "type": "Point", "coordinates": [ -121.800909116864204, 43.953546546399593 ] } },
{ "type": "Feature", "properties": { "track_fid": 0, "track_seg_id": 0, "track_seg_point_id": 2196, "ele": 1501.4000244140625, "time": "2025-08-08T18:44:20Z" }, "geometry": { "type": "Point", "coordinates": [ -121.801429213955998, 43.954090951010585 ] } },
{ "type": "Feature", "properties": { "track_fid": 0, "track_seg_id": 0, "track_seg_point_id": 2197, "ele": 1500.4000244140625, "time": "2025-08-08T18:44:23Z" }, "geometry": { "type": "Point", "coordinates": [ -121.801952244713902, 43.954636948183179 ] } },
{ "type": "Feature", "properties": { "track_fid": 0, "track_seg_id": 0, "track_seg_point_id": 2198, "ele": 1499.199951171875, "time": "2025-08-08T18:44:26Z" }, "geometry": { "type": "Point", "coordinates": [ -121.802470330148935, 43.95518722012639 ] } },
{ "type": "Feature", "properties": { "track_fid": 0, "track_seg_id": 0, "track_seg_point_id": 2199, "ele": 1498.4000244140625, "time": "2025-08-08T18:44:28Z" }, "geometry": { "type": "Point", "coordinates": [ -121.802804935723543, 43.955556526780128 ] } },
{ "type": "Feature", "properties": { "track_fid": 0, "track_seg_id": 0, "track_seg_point_id": 2200, "ele": 1497.5999755859375, "time": "2025-08-08T18:44:31Z" }, "geometry": { "type": "Point", "coordinates": [ -121.80328463204205, 43.956115934997797 ] } },
{ "type": "Feature", "properties": { "track_fid": 0, "track_seg_id": 0, "track_seg_point_id": 2201, "ele": 1497.800048828125, "time": "2025-08-08T18:44:34Z" }, "geometry": { "type": "Point", "coordinates": [ -121.803719820454717, 43.956690263003111 ] } },
{ "type": "Feature", "properties": { "track_fid": 0, "track_seg_id": 0, "track_seg_point_id": 2202, "ele": 1498.5999755859375, "time": "2025-08-08T18:44:37Z" }, "geometry": { "type": "Point", "coordinates": [ -121.804091054946184, 43.957286886870861 ] } },
{ "type": "Feature", "properties": { "track_fid": 0, "track_seg_id": 0, "track_seg_point_id": 2203, "ele": 1499.4000244140625, "time": "2025-08-08T18:44:39Z" }, "geometry": { "type": "Point", "coordinates": [ -121.804311079904437, 43.957692990079522 ] } },
{ "type": "Feature", "properties": { "track_fid": 0, "track_seg_id": 0, "track_seg_point_id": 2204, "ele": 1500.4000244140625, "time": "2025-08-08T18:44:42Z" }, "geometry": { "type": "Point", "coordinates": [ -121.804590532556176, 43.958308221772313 ] } },
{ "type": "Feature", "properties": { "track_fid": 0, "track_seg_id": 0, "track_seg_point_id": 2205, "ele": 1500.5999755859375, "time": "2025-08-08T18:44:44Z" }, "geometry": { "type": "Point", "coordinates": [ -121.804743921384215, 43.958729496225715 ] } },
{ "type": "Feature", "properties": { "track_fid": 0, "track_seg_id": 0, "track_seg_point_id": 2206, "ele": 1500.5999755859375, "time": "2025-08-08T18:44:47Z" }, "geometry": { "type": "Point", "coordinates": [ -121.804938465356827, 43.959376579150558 ] } },
{ "type": "Feature", "properties": { "track_fid": 0, "track_seg_id": 0, "track_seg_point_id": 2207, "ele": 1499.4000244140625, "time": "2025-08-08T18:44:50Z" }, "geometry": { "type": "Point", "coordinates": [ -121.805098643526435, 43.960030786693096 ] } },
{ "type": "Feature", "properties": { "track_fid": 0, "track_seg_id": 0, "track_seg_point_id": 2208, "ele": 1499.199951171875, "time": "2025-08-08T18:44:53Z" }, "geometry": { "type": "Point", "coordinates": [ -121.805267874151468, 43.960686419159174 ] } },
{ "type": "Feature", "properties": { "track_fid": 0, "track_seg_id": 0, "track_seg_point_id": 2209, "ele": 1499.199951171875, "time": "2025-08-08T18:44:56Z" }, "geometry": { "type": "Point", "coordinates": [ -121.805444648489356, 43.961334759369493 ] } },
{ "type": "Feature", "properties": { "track_fid": 0, "track_seg_id": 0, "track_seg_point_id": 2210, "ele": 1499.199951171875, "time": "2025-08-08T18:44:58Z" }, "geometry": { "type": "Point", "coordinates": [ -121.805602898821235, 43.961756536737084 ] } },
{ "type": "Feature", "properties": { "track_fid": 0, "track_seg_id": 0, "track_seg_point_id": 2211, "ele": 1499.199951171875, "time": "2025-08-08T18:45:00Z" }, "geometry": { "type": "Point", "coordinates": [ -121.805841447785497, 43.962155934423208 ] } },
{ "type": "Feature", "properties": { "track_fid": 0, "track_seg_id": 0, "track_seg_point_id": 2212, "ele": 1499.4000244140625, "time": "2025-08-08T18:45:01Z" }, "geometry": { "type": "Point", "coordinates": [ -121.805998189374804, 43.962342599406838 ] } },
{ "type": "Feature", "properties": { "track_fid": 0, "track_seg_id": 0, "track_seg_point_id": 2213, "ele": 1499.4000244140625, "time": "2025-08-08T18:45:02Z" }, "geometry": { "type": "Point", "coordinates": [ -121.806177562102675, 43.962517529726028 ] } },
{ "type": "Feature", "properties": { "track_fid": 0, "track_seg_id": 0, "track_seg_point_id": 2214, "ele": 1499.4000244140625, "time": "2025-08-08T18:45:04Z" }, "geometry": { "type": "Point", "coordinates": [ -121.806588694453239, 43.962836461141706 ] } },
{ "type": "Feature", "properties": { "track_fid": 0, "track_seg_id": 0, "track_seg_point_id": 2215, "ele": 1499.199951171875, "time": "2025-08-08T18:45:07Z" }, "geometry": { "type": "Point", "coordinates": [ -121.807234268635511, 43.963300567120314 ] } },
{ "type": "Feature", "properties": { "track_fid": 0, "track_seg_id": 0, "track_seg_point_id": 2216, "ele": 1499.4000244140625, "time": "2025-08-08T18:45:10Z" }, "geometry": { "type": "Point", "coordinates": [ -121.807860732078552, 43.96378118544817 ] } },
{ "type": "Feature", "properties": { "track_fid": 0, "track_seg_id": 0, "track_seg_point_id": 2217, "ele": 1499.199951171875, "time": "2025-08-08T18:45:11Z" }, "geometry": { "type": "Point", "coordinates": [ -121.808041529729962, 43.963956786319613 ] } },
{ "type": "Feature", "properties": { "track_fid": 0, "track_seg_id": 0, "track_seg_point_id": 2218, "ele": 1498.800048828125, "time": "2025-08-08T18:45:14Z" }, "geometry": { "type": "Point", "coordinates": [ -121.808494990691543, 43.96452927030623 ] } },
{ "type": "Feature", "properties": { "track_fid": 0, "track_seg_id": 0, "track_seg_point_id": 2219, "ele": 1498.5999755859375, "time": "2025-08-08T18:45:17Z" }, "geometry": { "type": "Point", "coordinates": [ -121.808817777782679, 43.965147435665131 ] } },
{ "type": "Feature", "properties": { "track_fid": 0, "track_seg_id": 0, "track_seg_point_id": 2220, "ele": 1498.0, "time": "2025-08-08T18:45:20Z" }, "geometry": { "type": "Point", "coordinates": [ -121.808984158560634, 43.965799547731876 ] } },
{ "type": "Feature", "properties": { "track_fid": 0, "track_seg_id": 0, "track_seg_point_id": 2221, "ele": 1498.4000244140625, "time": "2025-08-08T18:45:23Z" }, "geometry": { "type": "Point", "coordinates": [ -121.808989522978663, 43.966461047530174 ] } },
{ "type": "Feature", "properties": { "track_fid": 0, "track_seg_id": 0, "track_seg_point_id": 2222, "ele": 1497.5999755859375, "time": "2025-08-08T18:45:26Z" }, "geometry": { "type": "Point", "coordinates": [ -121.80890922434628, 43.967119865119457 ] } },
{ "type": "Feature", "properties": { "track_fid": 0, "track_seg_id": 0, "track_seg_point_id": 2223, "ele": 1495.4000244140625, "time": "2025-08-08T18:45:29Z" }, "geometry": { "type": "Point", "coordinates": [ -121.808865386992693, 43.967780862003565 ] } },
{ "type": "Feature", "properties": { "track_fid": 0, "track_seg_id": 0, "track_seg_point_id": 2224, "ele": 1494.4000244140625, "time": "2025-08-08T18:45:32Z" }, "geometry": { "type": "Point", "coordinates": [ -121.808907631784678, 43.968438170850277 ] } },
{ "type": "Feature", "properties": { "track_fid": 0, "track_seg_id": 0, "track_seg_point_id": 2225, "ele": 1494.199951171875, "time": "2025-08-08T18:45:33Z" }, "geometry": { "type": "Point", "coordinates": [ -121.80894291959703, 43.9686562679708 ] } },
{ "type": "Feature", "properties": { "track_fid": 0, "track_seg_id": 0, "track_seg_point_id": 2226, "ele": 1493.4000244140625, "time": "2025-08-08T18:45:36Z" }, "geometry": { "type": "Point", "coordinates": [ -121.80909194983542, 43.969307793304324 ] } },
{ "type": "Feature", "properties": { "track_fid": 0, "track_seg_id": 0, "track_seg_point_id": 2227, "ele": 1494.0, "time": "2025-08-08T18:45:38Z" }, "geometry": { "type": "Point", "coordinates": [ -121.809231843799353, 43.969737282022834 ] } },
{ "type": "Feature", "properties": { "track_fid": 0, "track_seg_id": 0, "track_seg_point_id": 2228, "ele": 1493.5999755859375, "time": "2025-08-08T18:45:41Z" }, "geometry": { "type": "Point", "coordinates": [ -121.809495119377971, 43.970371875911951 ] } },
{ "type": "Feature", "properties": { "track_fid": 0, "track_seg_id": 0, "track_seg_point_id": 2229, "ele": 1493.199951171875, "time": "2025-08-08T18:45:44Z" }, "geometry": { "type": "Point", "coordinates": [ -121.809786139056087, 43.971000099554658 ] } },
{ "type": "Feature", "properties": { "track_fid": 0, "track_seg_id": 0, "track_seg_point_id": 2230, "ele": 1493.199951171875, "time": "2025-08-08T18:45:47Z" }, "geometry": { "type": "Point", "coordinates": [ -121.810005828738213, 43.971636453643441 ] } },
{ "type": "Feature", "properties": { "track_fid": 0, "track_seg_id": 0, "track_seg_point_id": 2231, "ele": 1493.4000244140625, "time": "2025-08-08T18:45:48Z" }, "geometry": { "type": "Point", "coordinates": [ -121.810029968619347, 43.971853628754616 ] } },
{ "type": "Feature", "properties": { "track_fid": 0, "track_seg_id": 0, "track_seg_point_id": 2232, "ele": 1493.800048828125, "time": "2025-08-08T18:45:49Z" }, "geometry": { "type": "Point", "coordinates": [ -121.810018736869097, 43.972069881856441 ] } },
{ "type": "Feature", "properties": { "track_fid": 0, "track_seg_id": 0, "track_seg_point_id": 2233, "ele": 1494.0, "time": "2025-08-08T18:45:50Z" }, "geometry": { "type": "Point", "coordinates": [ -121.80997003801167, 43.972283452749252 ] } },
{ "type": "Feature", "properties": { "track_fid": 0, "track_seg_id": 0, "track_seg_point_id": 2234, "ele": 1494.5999755859375, "time": "2025-08-08T18:45:51Z" }, "geometry": { "type": "Point", "coordinates": [ -121.809885129332542, 43.972488474100828 ] } },
{ "type": "Feature", "properties": { "track_fid": 0, "track_seg_id": 0, "track_seg_point_id": 2235, "ele": 1496.800048828125, "time": "2025-08-08T18:45:54Z" }, "geometry": { "type": "Point", "coordinates": [ -121.809524623677135, 43.973046876490116 ] } },
{ "type": "Feature", "properties": { "track_fid": 0, "track_seg_id": 0, "track_seg_point_id": 2236, "ele": 1499.0, "time": "2025-08-08T18:45:57Z" }, "geometry": { "type": "Point", "coordinates": [ -121.809154897928238, 43.973542330786586 ] } },
{ "type": "Feature", "properties": { "track_fid": 0, "track_seg_id": 0, "track_seg_point_id": 2237, "ele": 1500.5999755859375, "time": "2025-08-08T18:45:59Z" }, "geometry": { "type": "Point", "coordinates": [ -121.808925652876496, 43.973860759288073 ] } },
{ "type": "Feature", "properties": { "track_fid": 0, "track_seg_id": 0, "track_seg_point_id": 2238, "ele": 1502.800048828125, "time": "2025-08-08T18:46:02Z" }, "geometry": { "type": "Point", "coordinates": [ -121.808623820543289, 43.974383538588881 ] } },
{ "type": "Feature", "properties": { "track_fid": 0, "track_seg_id": 0, "track_seg_point_id": 2239, "ele": 1503.4000244140625, "time": "2025-08-08T18:46:03Z" }, "geometry": { "type": "Point", "coordinates": [ -121.808550730347633, 43.974577328190207 ] } },
{ "type": "Feature", "properties": { "track_fid": 0, "track_seg_id": 0, "track_seg_point_id": 2240, "ele": 1503.800048828125, "time": "2025-08-08T18:46:04Z" }, "geometry": { "type": "Point", "coordinates": [ -121.808501528576016, 43.9747797511518 ] } },
{ "type": "Feature", "properties": { "track_fid": 0, "track_seg_id": 0, "track_seg_point_id": 2241, "ele": 1504.5999755859375, "time": "2025-08-08T18:46:06Z" }, "geometry": { "type": "Point", "coordinates": [ -121.808497756719589, 43.975196667015553 ] } },
{ "type": "Feature", "properties": { "track_fid": 0, "track_seg_id": 0, "track_seg_point_id": 2242, "ele": 1506.0, "time": "2025-08-08T18:46:09Z" }, "geometry": { "type": "Point", "coordinates": [ -121.808708477765322, 43.975817682221532 ] } },
{ "type": "Feature", "properties": { "track_fid": 0, "track_seg_id": 0, "track_seg_point_id": 2243, "ele": 1506.5999755859375, "time": "2025-08-08T18:46:12Z" }, "geometry": { "type": "Point", "coordinates": [ -121.809028498828411, 43.97642838768661 ] } },
{ "type": "Feature", "properties": { "track_fid": 0, "track_seg_id": 0, "track_seg_point_id": 2244, "ele": 1506.800048828125, "time": "2025-08-08T18:46:14Z" }, "geometry": { "type": "Point", "coordinates": [ -121.809252966195345, 43.976836334913969 ] } },
{ "type": "Feature", "properties": { "track_fid": 0, "track_seg_id": 0, "track_seg_point_id": 2245, "ele": 1506.4000244140625, "time": "2025-08-08T18:46:17Z" }, "geometry": { "type": "Point", "coordinates": [ -121.809589918702841, 43.977451482787728 ] } },
{ "type": "Feature", "properties": { "track_fid": 0, "track_seg_id": 0, "track_seg_point_id": 2246, "ele": 1505.199951171875, "time": "2025-08-08T18:46:20Z" }, "geometry": { "type": "Point", "coordinates": [ -121.809872724115849, 43.978090770542622 ] } },
{ "type": "Feature", "properties": { "track_fid": 0, "track_seg_id": 0, "track_seg_point_id": 2247, "ele": 1503.0, "time": "2025-08-08T18:46:23Z" }, "geometry": { "type": "Point", "coordinates": [ -121.809985795989633, 43.978754365816712 ] } },
{ "type": "Feature", "properties": { "track_fid": 0, "track_seg_id": 0, "track_seg_point_id": 2248, "ele": 1501.0, "time": "2025-08-08T18:46:26Z" }, "geometry": { "type": "Point", "coordinates": [ -121.809884374961257, 43.979413099586964 ] } },
{ "type": "Feature", "properties": { "track_fid": 0, "track_seg_id": 0, "track_seg_point_id": 2249, "ele": 1500.199951171875, "time": "2025-08-08T18:46:29Z" }, "geometry": { "type": "Point", "coordinates": [ -121.809650184586644, 43.980045095086098 ] } },
{ "type": "Feature", "properties": { "track_fid": 0, "track_seg_id": 0, "track_seg_point_id": 2250, "ele": 1500.4000244140625, "time": "2025-08-08T18:46:30Z" }, "geometry": { "type": "Point", "coordinates": [ -121.809566197916865, 43.980253050103784 ] } },
{ "type": "Feature", "properties": { "track_fid": 0, "track_seg_id": 0, "track_seg_point_id": 2251, "ele": 1501.0, "time": "2025-08-08T18:46:33Z" }, "geometry": { "type": "Point", "coordinates": [ -121.809331923723221, 43.980877334252 ] } },
{ "type": "Feature", "properties": { "track_fid": 0, "track_seg_id": 0, "track_seg_point_id": 2252, "ele": 1500.800048828125, "time": "2025-08-08T18:46:36Z" }, "geometry": { "type": "Point", "coordinates": [ -121.809091698378325, 43.98150572553277 ] } },
{ "type": "Feature", "properties": { "track_fid": 0, "track_seg_id": 0, "track_seg_point_id": 2253, "ele": 1500.4000244140625, "time": "2025-08-08T18:46:39Z" }, "geometry": { "type": "Point", "coordinates": [ -121.808682326227427, 43.982093799859285 ] } },
{ "type": "Feature", "properties": { "track_fid": 0, "track_seg_id": 0, "track_seg_point_id": 2254, "ele": 1498.199951171875, "time": "2025-08-08T18:46:42Z" }, "geometry": { "type": "Point", "coordinates": [ -121.808085199445486, 43.982608867809176 ] } },
{ "type": "Feature", "properties": { "track_fid": 0, "track_seg_id": 0, "track_seg_point_id": 2255, "ele": 1497.0, "time": "2025-08-08T18:46:44Z" }, "geometry": { "type": "Point", "coordinates": [ -121.807623691856861, 43.982914471998811 ] } },
{ "type": "Feature", "properties": { "track_fid": 0, "track_seg_id": 0, "track_seg_point_id": 2256, "ele": 1496.5999755859375, "time": "2025-08-08T18:46:46Z" }, "geometry": { "type": "Point", "coordinates": [ -121.807145839557052, 43.983200043439865 ] } },
{ "type": "Feature", "properties": { "track_fid": 0, "track_seg_id": 0, "track_seg_point_id": 2257, "ele": 1497.5999755859375, "time": "2025-08-08T18:46:49Z" }, "geometry": { "type": "Point", "coordinates": [ -121.806449219584465, 43.983617378398776 ] } },
{ "type": "Feature", "properties": { "track_fid": 0, "track_seg_id": 0, "track_seg_point_id": 2258, "ele": 1500.5999755859375, "time": "2025-08-08T18:46:52Z" }, "geometry": { "type": "Point", "coordinates": [ -121.805813787505031, 43.984061870723963 ] } },
{ "type": "Feature", "properties": { "track_fid": 0, "track_seg_id": 0, "track_seg_point_id": 2259, "ele": 1504.199951171875, "time": "2025-08-08T18:46:55Z" }, "geometry": { "type": "Point", "coordinates": [ -121.805278519168496, 43.984559588134289 ] } },
{ "type": "Feature", "properties": { "track_fid": 0, "track_seg_id": 0, "track_seg_point_id": 2260, "ele": 1505.800048828125, "time": "2025-08-08T18:46:56Z" }, "geometry": { "type": "Point", "coordinates": [ -121.805122448131442, 43.984736865386367 ] } },
{ "type": "Feature", "properties": { "track_fid": 0, "track_seg_id": 0, "track_seg_point_id": 2261, "ele": 1509.5999755859375, "time": "2025-08-08T18:46:59Z" }, "geometry": { "type": "Point", "coordinates": [ -121.804708298295736, 43.985311444848776 ] } },
{ "type": "Feature", "properties": { "track_fid": 0, "track_seg_id": 0, "track_seg_point_id": 2262, "ele": 1510.5999755859375, "time": "2025-08-08T18:47:00Z" }, "geometry": { "type": "Point", "coordinates": [ -121.804590867832303, 43.985515544191003 ] } },
{ "type": "Feature", "properties": { "track_fid": 0, "track_seg_id": 0, "track_seg_point_id": 2263, "ele": 1513.199951171875, "time": "2025-08-08T18:47:03Z" }, "geometry": { "type": "Point", "coordinates": [ -121.804318875074387, 43.986152149736881 ] } },
{ "type": "Feature", "properties": { "track_fid": 0, "track_seg_id": 0, "track_seg_point_id": 2264, "ele": 1515.4000244140625, "time": "2025-08-08T18:47:06Z" }, "geometry": { "type": "Point", "coordinates": [ -121.804117374122143, 43.9868004899472 ] } },
{ "type": "Feature", "properties": { "track_fid": 0, "track_seg_id": 0, "track_seg_point_id": 2265, "ele": 1517.4000244140625, "time": "2025-08-08T18:47:09Z" }, "geometry": { "type": "Point", "coordinates": [ -121.803929870948195, 43.987438771873713 ] } },
{ "type": "Feature", "properties": { "track_fid": 0, "track_seg_id": 0, "track_seg_point_id": 2266, "ele": 1518.199951171875, "time": "2025-08-08T18:47:10Z" }, "geometry": { "type": "Point", "coordinates": [ -121.803866252303123, 43.98764924146235 ] } },
{ "type": "Feature", "properties": { "track_fid": 0, "track_seg_id": 0, "track_seg_point_id": 2267, "ele": 1520.0, "time": "2025-08-08T18:47:13Z" }, "geometry": { "type": "Point", "coordinates": [ -121.803676653653383, 43.988283080980182 ] } },
{ "type": "Feature", "properties": { "track_fid": 0, "track_seg_id": 0, "track_seg_point_id": 2268, "ele": 1522.0, "time": "2025-08-08T18:47:16Z" }, "geometry": { "type": "Point", "coordinates": [ -121.803491497412324, 43.98892312310636 ] } },
{ "type": "Feature", "properties": { "track_fid": 0, "track_seg_id": 0, "track_seg_point_id": 2269, "ele": 1523.800048828125, "time": "2025-08-08T18:47:19Z" }, "geometry": { "type": "Point", "coordinates": [ -121.803259570151567, 43.989560399204493 ] } },
{ "type": "Feature", "properties": { "track_fid": 0, "track_seg_id": 0, "track_seg_point_id": 2270, "ele": 1525.5999755859375, "time": "2025-08-08T18:47:22Z" }, "geometry": { "type": "Point", "coordinates": [ -121.802929658442736, 43.990175295621157 ] } },
{ "type": "Feature", "properties": { "track_fid": 0, "track_seg_id": 0, "track_seg_point_id": 2271, "ele": 1526.4000244140625, "time": "2025-08-08T18:47:23Z" }, "geometry": { "type": "Point", "coordinates": [ -121.802800493314862, 43.990374784916639 ] } },
{ "type": "Feature", "properties": { "track_fid": 0, "track_seg_id": 0, "track_seg_point_id": 2272, "ele": 1529.0, "time": "2025-08-08T18:47:26Z" }, "geometry": { "type": "Point", "coordinates": [ -121.802351726219058, 43.990946346893907 ] } },
{ "type": "Feature", "properties": { "track_fid": 0, "track_seg_id": 0, "track_seg_point_id": 2273, "ele": 1530.0, "time": "2025-08-08T18:47:27Z" }, "geometry": { "type": "Point", "coordinates": [ -121.802182579413056, 43.991127060726285 ] } },
{ "type": "Feature", "properties": { "track_fid": 0, "track_seg_id": 0, "track_seg_point_id": 2274, "ele": 1533.199951171875, "time": "2025-08-08T18:47:30Z" }, "geometry": { "type": "Point", "coordinates": [ -121.801651837304235, 43.991654869168997 ] } },
{ "type": "Feature", "properties": { "track_fid": 0, "track_seg_id": 0, "track_seg_point_id": 2275, "ele": 1537.0, "time": "2025-08-08T18:47:33Z" }, "geometry": { "type": "Point", "coordinates": [ -121.801104666665196, 43.992175385355949 ] } },
{ "type": "Feature", "properties": { "track_fid": 0, "track_seg_id": 0, "track_seg_point_id": 2276, "ele": 1540.800048828125, "time": "2025-08-08T18:47:36Z" }, "geometry": { "type": "Point", "coordinates": [ -121.800553975626826, 43.992701265960932 ] } },
{ "type": "Feature", "properties": { "track_fid": 0, "track_seg_id": 0, "track_seg_point_id": 2277, "ele": 1544.0, "time": "2025-08-08T18:47:39Z" }, "geometry": { "type": "Point", "coordinates": [ -121.80000345222652, 43.993231924250722 ] } },
{ "type": "Feature", "properties": { "track_fid": 0, "track_seg_id": 0, "track_seg_point_id": 2278, "ele": 1546.4000244140625, "time": "2025-08-08T18:47:42Z" }, "geometry": { "type": "Point", "coordinates": [ -121.799452258273959, 43.993766019120812 ] } },
{ "type": "Feature", "properties": { "track_fid": 0, "track_seg_id": 0, "track_seg_point_id": 2279, "ele": 1548.199951171875, "time": "2025-08-08T18:47:45Z" }, "geometry": { "type": "Point", "coordinates": [ -121.798901231959462, 43.994300281628966 ] } },
{ "type": "Feature", "properties": { "track_fid": 0, "track_seg_id": 0, "track_seg_point_id": 2280, "ele": 1548.5999755859375, "time": "2025-08-08T18:47:46Z" }, "geometry": { "type": "Point", "coordinates": [ -121.798716494813561, 43.994478229433298 ] } },
{ "type": "Feature", "properties": { "track_fid": 0, "track_seg_id": 0, "track_seg_point_id": 2281, "ele": 1549.0, "time": "2025-08-08T18:47:49Z" }, "geometry": { "type": "Point", "coordinates": [ -121.798166139051318, 43.995007462799549 ] } },
{ "type": "Feature", "properties": { "track_fid": 0, "track_seg_id": 0, "track_seg_point_id": 2282, "ele": 1549.4000244140625, "time": "2025-08-08T18:47:52Z" }, "geometry": { "type": "Point", "coordinates": [ -121.797615867108107, 43.995535355061293 ] } },
{ "type": "Feature", "properties": { "track_fid": 0, "track_seg_id": 0, "track_seg_point_id": 2283, "ele": 1549.800048828125, "time": "2025-08-08T18:47:55Z" }, "geometry": { "type": "Point", "coordinates": [ -121.797070624306798, 43.996063247323036 ] } },
{ "type": "Feature", "properties": { "track_fid": 0, "track_seg_id": 0, "track_seg_point_id": 2284, "ele": 1550.199951171875, "time": "2025-08-08T18:47:58Z" }, "geometry": { "type": "Point", "coordinates": [ -121.796527979895473, 43.996590888127685 ] } },
{ "type": "Feature", "properties": { "track_fid": 0, "track_seg_id": 0, "track_seg_point_id": 2285, "ele": 1550.5999755859375, "time": "2025-08-08T18:48:01Z" }, "geometry": { "type": "Point", "coordinates": [ -121.79598743095994, 43.997119534760714 ] } },
{ "type": "Feature", "properties": { "track_fid": 0, "track_seg_id": 0, "track_seg_point_id": 2286, "ele": 1550.800048828125, "time": "2025-08-08T18:48:02Z" }, "geometry": { "type": "Point", "coordinates": [ -121.795807974413037, 43.997295722365379 ] } },
{ "type": "Feature", "properties": { "track_fid": 0, "track_seg_id": 0, "track_seg_point_id": 2287, "ele": 1551.4000244140625, "time": "2025-08-08T18:48:05Z" }, "geometry": { "type": "Point", "coordinates": [ -121.795268598943949, 43.99782495573163 ] } },
{ "type": "Feature", "properties": { "track_fid": 0, "track_seg_id": 0, "track_seg_point_id": 2288, "ele": 1552.5999755859375, "time": "2025-08-08T18:48:08Z" }, "geometry": { "type": "Point", "coordinates": [ -121.794725535437465, 43.998351423069835 ] } },
{ "type": "Feature", "properties": { "track_fid": 0, "track_seg_id": 0, "track_seg_point_id": 2289, "ele": 1555.4000244140625, "time": "2025-08-08T18:48:11Z" }, "geometry": { "type": "Point", "coordinates": [ -121.794189931824803, 43.998870179057121 ] } },
{ "type": "Feature", "properties": { "track_fid": 0, "track_seg_id": 0, "track_seg_point_id": 2290, "ele": 1559.199951171875, "time": "2025-08-08T18:48:14Z" }, "geometry": { "type": "Point", "coordinates": [ -121.793663380667567, 43.999379128217697 ] } },
{ "type": "Feature", "properties": { "track_fid": 0, "track_seg_id": 0, "track_seg_point_id": 2291, "ele": 1564.5999755859375, "time": "2025-08-08T18:48:17Z" }, "geometry": { "type": "Point", "coordinates": [ -121.793135991320014, 43.999885730445385 ] } },
{ "type": "Feature", "properties": { "track_fid": 0, "track_seg_id": 0, "track_seg_point_id": 2292, "ele": 1569.800048828125, "time": "2025-08-08T18:48:20Z" }, "geometry": { "type": "Point", "coordinates": [ -121.792597118765116, 44.000406246632338 ] } },
{ "type": "Feature", "properties": { "track_fid": 0, "track_seg_id": 0, "track_seg_point_id": 2293, "ele": 1573.5999755859375, "time": "2025-08-08T18:48:23Z" }, "geometry": { "type": "Point", "coordinates": [ -121.792036620900035, 44.00094729848206 ] } },
{ "type": "Feature", "properties": { "track_fid": 0, "track_seg_id": 0, "track_seg_point_id": 2294, "ele": 1575.0, "time": "2025-08-08T18:48:25Z" }, "geometry": { "type": "Point", "coordinates": [ -121.791663039475679, 44.001315180212259 ] } },
{ "type": "Feature", "properties": { "track_fid": 0, "track_seg_id": 0, "track_seg_point_id": 2295, "ele": 1576.0, "time": "2025-08-08T18:48:27Z" }, "geometry": { "type": "Point", "coordinates": [ -121.791288536041975, 44.001681050285697 ] } },
{ "type": "Feature", "properties": { "track_fid": 0, "track_seg_id": 0, "track_seg_point_id": 2296, "ele": 1576.5999755859375, "time": "2025-08-08T18:48:30Z" }, "geometry": { "type": "Point", "coordinates": [ -121.790735330432653, 44.002218581736088 ] } },
{ "type": "Feature", "properties": { "track_fid": 0, "track_seg_id": 0, "track_seg_point_id": 2297, "ele": 1577.199951171875, "time": "2025-08-08T18:48:33Z" }, "geometry": { "type": "Point", "coordinates": [ -121.790188997983932, 44.00274739600718 ] } },
{ "type": "Feature", "properties": { "track_fid": 0, "track_seg_id": 0, "track_seg_point_id": 2298, "ele": 1578.0, "time": "2025-08-08T18:48:36Z" }, "geometry": { "type": "Point", "coordinates": [ -121.78964601829648, 44.003275875002146 ] } },
{ "type": "Feature", "properties": { "track_fid": 0, "track_seg_id": 0, "track_seg_point_id": 2299, "ele": 1579.0, "time": "2025-08-08T18:48:39Z" }, "geometry": { "type": "Point", "coordinates": [ -121.789102535694838, 44.003802593797445 ] } },
{ "type": "Feature", "properties": { "track_fid": 0, "track_seg_id": 0, "track_seg_point_id": 2300, "ele": 1580.199951171875, "time": "2025-08-08T18:48:42Z" }, "geometry": { "type": "Point", "coordinates": [ -121.788560478016734, 44.004328558221459 ] } },
{ "type": "Feature", "properties": { "track_fid": 0, "track_seg_id": 0, "track_seg_point_id": 2301, "ele": 1583.199951171875, "time": "2025-08-08T18:48:45Z" }, "geometry": { "type": "Point", "coordinates": [ -121.788030155003071, 44.00484848767519 ] } },
{ "type": "Feature", "properties": { "track_fid": 0, "track_seg_id": 0, "track_seg_point_id": 2302, "ele": 1587.5999755859375, "time": "2025-08-08T18:48:48Z" }, "geometry": { "type": "Point", "coordinates": [ -121.787545932456851, 44.005373194813728 ] } },
{ "type": "Feature", "properties": { "track_fid": 0, "track_seg_id": 0, "track_seg_point_id": 2303, "ele": 1593.0, "time": "2025-08-08T18:48:51Z" }, "geometry": { "type": "Point", "coordinates": [ -121.787115354090929, 44.00592589750886 ] } },
{ "type": "Feature", "properties": { "track_fid": 0, "track_seg_id": 0, "track_seg_point_id": 2304, "ele": 1596.800048828125, "time": "2025-08-08T18:48:53Z" }, "geometry": { "type": "Point", "coordinates": [ -121.78685056976974, 44.0063158236444 ] } },
{ "type": "Feature", "properties": { "track_fid": 0, "track_seg_id": 0, "track_seg_point_id": 2305, "ele": 1602.199951171875, "time": "2025-08-08T18:48:56Z" }, "geometry": { "type": "Point", "coordinates": [ -121.78649484179914, 44.006933066993952 ] } },
{ "type": "Feature", "properties": { "track_fid": 0, "track_seg_id": 0, "track_seg_point_id": 2306, "ele": 1605.199951171875, "time": "2025-08-08T18:48:58Z" }, "geometry": { "type": "Point", "coordinates": [ -121.786281438544393, 44.007357023656368 ] } },
{ "type": "Feature", "properties": { "track_fid": 0, "track_seg_id": 0, "track_seg_point_id": 2307, "ele": 1609.199951171875, "time": "2025-08-08T18:49:01Z" }, "geometry": { "type": "Point", "coordinates": [ -121.785969799384475, 44.007991952821612 ] } },
{ "type": "Feature", "properties": { "track_fid": 0, "track_seg_id": 0, "track_seg_point_id": 2308, "ele": 1612.5999755859375, "time": "2025-08-08T18:49:04Z" }, "geometry": { "type": "Point", "coordinates": [ -121.785659166052938, 44.0086211822927 ] } },
{ "type": "Feature", "properties": { "track_fid": 0, "track_seg_id": 0, "track_seg_point_id": 2309, "ele": 1615.0, "time": "2025-08-08T18:49:07Z" }, "geometry": { "type": "Point", "coordinates": [ -121.785353729501367, 44.009244879707694 ] } },
{ "type": "Feature", "properties": { "track_fid": 0, "track_seg_id": 0, "track_seg_point_id": 2310, "ele": 1616.0, "time": "2025-08-08T18:49:09Z" }, "geometry": { "type": "Point", "coordinates": [ -121.785152480006218, 44.00965609587729 ] } },
{ "type": "Feature", "properties": { "track_fid": 0, "track_seg_id": 0, "track_seg_point_id": 2311, "ele": 1617.199951171875, "time": "2025-08-08T18:49:12Z" }, "geometry": { "type": "Point", "coordinates": [ -121.784852324053645, 44.010269148275256 ] } },
{ "type": "Feature", "properties": { "track_fid": 0, "track_seg_id": 0, "track_seg_point_id": 2312, "ele": 1620.4000244140625, "time": "2025-08-08T18:49:15Z" }, "geometry": { "type": "Point", "coordinates": [ -121.784557951614261, 44.010873483493924 ] } },
{ "type": "Feature", "properties": { "track_fid": 0, "track_seg_id": 0, "track_seg_point_id": 2313, "ele": 1625.0, "time": "2025-08-08T18:49:18Z" }, "geometry": { "type": "Point", "coordinates": [ -121.784263830631971, 44.011471532285213 ] } },
{ "type": "Feature", "properties": { "track_fid": 0, "track_seg_id": 0, "track_seg_point_id": 2314, "ele": 1628.4000244140625, "time": "2025-08-08T18:49:20Z" }, "geometry": { "type": "Point", "coordinates": [ -121.784064089879394, 44.011873863637447 ] } },
{ "type": "Feature", "properties": { "track_fid": 0, "track_seg_id": 0, "track_seg_point_id": 2315, "ele": 1634.0, "time": "2025-08-08T18:49:23Z" }, "geometry": { "type": "Point", "coordinates": [ -121.783761586993933, 44.012492699548602 ] } },
{ "type": "Feature", "properties": { "track_fid": 0, "track_seg_id": 0, "track_seg_point_id": 2316, "ele": 1639.5999755859375, "time": "2025-08-08T18:49:26Z" }, "geometry": { "type": "Point", "coordinates": [ -121.783452546223998, 44.013120085000992 ] } },
{ "type": "Feature", "properties": { "track_fid": 0, "track_seg_id": 0, "track_seg_point_id": 2317, "ele": 1644.0, "time": "2025-08-08T18:49:29Z" }, "geometry": { "type": "Point", "coordinates": [ -121.783141996711493, 44.01375325396657 ] } },
{ "type": "Feature", "properties": { "track_fid": 0, "track_seg_id": 0, "track_seg_point_id": 2318, "ele": 1645.0, "time": "2025-08-08T18:49:30Z" }, "geometry": { "type": "Point", "coordinates": [ -121.783038480207324, 44.013964645564556 ] } },
{ "type": "Feature", "properties": { "track_fid": 0, "track_seg_id": 0, "track_seg_point_id": 2319, "ele": 1648.0, "time": "2025-08-08T18:49:33Z" }, "geometry": { "type": "Point", "coordinates": [ -121.782727260142565, 44.014594126492739 ] } },
{ "type": "Feature", "properties": { "track_fid": 0, "track_seg_id": 0, "track_seg_point_id": 2320, "ele": 1649.199951171875, "time": "2025-08-08T18:49:36Z" }, "geometry": { "type": "Point", "coordinates": [ -121.782402545213699, 44.015209190547466 ] } },
{ "type": "Feature", "properties": { "track_fid": 0, "track_seg_id": 0, "track_seg_point_id": 2321, "ele": 1650.5999755859375, "time": "2025-08-08T18:49:39Z" }, "geometry": { "type": "Point", "coordinates": [ -121.782052349299192, 44.01580698788166 ] } },
{ "type": "Feature", "properties": { "track_fid": 0, "track_seg_id": 0, "track_seg_point_id": 2322, "ele": 1652.4000244140625, "time": "2025-08-08T18:49:42Z" }, "geometry": { "type": "Point", "coordinates": [ -121.781664099544287, 44.016391793265939 ] } },
{ "type": "Feature", "properties": { "track_fid": 0, "track_seg_id": 0, "track_seg_point_id": 2323, "ele": 1654.800048828125, "time": "2025-08-08T18:49:45Z" }, "geometry": { "type": "Point", "coordinates": [ -121.781241651624441, 44.016965283080935 ] } },
{ "type": "Feature", "properties": { "track_fid": 0, "track_seg_id": 0, "track_seg_point_id": 2324, "ele": 1657.199951171875, "time": "2025-08-08T18:49:48Z" }, "geometry": { "type": "Point", "coordinates": [ -121.780783496797085, 44.017528044059873 ] } },
{ "type": "Feature", "properties": { "track_fid": 0, "track_seg_id": 0, "track_seg_point_id": 2325, "ele": 1659.199951171875, "time": "2025-08-08T18:49:51Z" }, "geometry": { "type": "Point", "coordinates": [ -121.780305225402117, 44.018092984333634 ] } },
{ "type": "Feature", "properties": { "track_fid": 0, "track_seg_id": 0, "track_seg_point_id": 2326, "ele": 1660.4000244140625, "time": "2025-08-08T18:49:53Z" }, "geometry": { "type": "Point", "coordinates": [ -121.779985958710313, 44.018472097814083 ] } },
{ "type": "Feature", "properties": { "track_fid": 0, "track_seg_id": 0, "track_seg_point_id": 2327, "ele": 1661.4000244140625, "time": "2025-08-08T18:49:56Z" }, "geometry": { "type": "Point", "coordinates": [ -121.779509196057916, 44.019039468839765 ] } },
{ "type": "Feature", "properties": { "track_fid": 0, "track_seg_id": 0, "track_seg_point_id": 2328, "ele": 1662.199951171875, "time": "2025-08-08T18:49:59Z" }, "geometry": { "type": "Point", "coordinates": [ -121.779033690690994, 44.019603738561273 ] } },
{ "type": "Feature", "properties": { "track_fid": 0, "track_seg_id": 0, "track_seg_point_id": 2329, "ele": 1663.199951171875, "time": "2025-08-08T18:50:02Z" }, "geometry": { "type": "Point", "coordinates": [ -121.778560364618897, 44.020165745168924 ] } },
{ "type": "Feature", "properties": { "track_fid": 0, "track_seg_id": 0, "track_seg_point_id": 2330, "ele": 1664.0, "time": "2025-08-08T18:50:05Z" }, "geometry": { "type": "Point", "coordinates": [ -121.77808946929872, 44.020728757604957 ] } },
{ "type": "Feature", "properties": { "track_fid": 0, "track_seg_id": 0, "track_seg_point_id": 2331, "ele": 1664.199951171875, "time": "2025-08-08T18:50:06Z" }, "geometry": { "type": "Point", "coordinates": [ -121.777931554242969, 44.020916596055031 ] } },
{ "type": "Feature", "properties": { "track_fid": 0, "track_seg_id": 0, "track_seg_point_id": 2332, "ele": 1664.800048828125, "time": "2025-08-08T18:50:09Z" }, "geometry": { "type": "Point", "coordinates": [ -121.777459485456347, 44.021479189395905 ] } },
{ "type": "Feature", "properties": { "track_fid": 0, "track_seg_id": 0, "track_seg_point_id": 2333, "ele": 1665.199951171875, "time": "2025-08-08T18:50:12Z" }, "geometry": { "type": "Point", "coordinates": [ -121.776983896270394, 44.022041196003556 ] } },
{ "type": "Feature", "properties": { "track_fid": 0, "track_seg_id": 0, "track_seg_point_id": 2334, "ele": 1665.800048828125, "time": "2025-08-08T18:50:15Z" }, "geometry": { "type": "Point", "coordinates": [ -121.776507552713156, 44.022605465725064 ] } },
{ "type": "Feature", "properties": { "track_fid": 0, "track_seg_id": 0, "track_seg_point_id": 2335, "ele": 1666.4000244140625, "time": "2025-08-08T18:50:18Z" }, "geometry": { "type": "Point", "coordinates": [ -121.776032131165266, 44.023173255845904 ] } },
{ "type": "Feature", "properties": { "track_fid": 0, "track_seg_id": 0, "track_seg_point_id": 2336, "ele": 1667.0, "time": "2025-08-08T18:50:21Z" }, "geometry": { "type": "Point", "coordinates": [ -121.775559643283486, 44.023738782852888 ] } },
{ "type": "Feature", "properties": { "track_fid": 0, "track_seg_id": 0, "track_seg_point_id": 2337, "ele": 1667.199951171875, "time": "2025-08-08T18:50:23Z" }, "geometry": { "type": "Point", "coordinates": [ -121.775242974981666, 44.024113789200783 ] } },
{ "type": "Feature", "properties": { "track_fid": 0, "track_seg_id": 0, "track_seg_point_id": 2338, "ele": 1667.5999755859375, "time": "2025-08-08T18:50:26Z" }, "geometry": { "type": "Point", "coordinates": [ -121.774771325290203, 44.024672526866198 ] } },
{ "type": "Feature", "properties": { "track_fid": 0, "track_seg_id": 0, "track_seg_point_id": 2339, "ele": 1668.199951171875, "time": "2025-08-08T18:50:29Z" }, "geometry": { "type": "Point", "coordinates": [ -121.774318367242813, 44.02521064504981 ] } },
{ "type": "Feature", "properties": { "track_fid": 0, "track_seg_id": 0, "track_seg_point_id": 2340, "ele": 1668.4000244140625, "time": "2025-08-08T18:50:32Z" }, "geometry": { "type": "Point", "coordinates": [ -121.773879071697593, 44.025734178721905 ] } },
{ "type": "Feature", "properties": { "track_fid": 0, "track_seg_id": 0, "track_seg_point_id": 2341, "ele": 1668.5999755859375, "time": "2025-08-08T18:50:33Z" }, "geometry": { "type": "Point", "coordinates": [ -121.773733980953693, 44.025905840098858 ] } },
{ "type": "Feature", "properties": { "track_fid": 0, "track_seg_id": 0, "track_seg_point_id": 2342, "ele": 1669.0, "time": "2025-08-08T18:50:36Z" }, "geometry": { "type": "Point", "coordinates": [ -121.773296445608139, 44.026416968554258 ] } },
{ "type": "Feature", "properties": { "track_fid": 0, "track_seg_id": 0, "track_seg_point_id": 2343, "ele": 1669.5999755859375, "time": "2025-08-08T18:50:39Z" }, "geometry": { "type": "Point", "coordinates": [ -121.772865699604154, 44.026929521933198 ] } },
{ "type": "Feature", "properties": { "track_fid": 0, "track_seg_id": 0, "track_seg_point_id": 2344, "ele": 1670.0, "time": "2025-08-08T18:50:41Z" }, "geometry": { "type": "Point", "coordinates": [ -121.77258113399148, 44.027270581573248 ] } },
{ "type": "Feature", "properties": { "track_fid": 0, "track_seg_id": 0, "track_seg_point_id": 2345, "ele": 1670.800048828125, "time": "2025-08-08T18:50:44Z" }, "geometry": { "type": "Point", "coordinates": [ -121.77215164527297, 44.027777770534158 ] } },
{ "type": "Feature", "properties": { "track_fid": 0, "track_seg_id": 0, "track_seg_point_id": 2346, "ele": 1671.4000244140625, "time": "2025-08-08T18:50:47Z" }, "geometry": { "type": "Point", "coordinates": [ -121.771725174039602, 44.028285462409258 ] } },
{ "type": "Feature", "properties": { "track_fid": 0, "track_seg_id": 0, "track_seg_point_id": 2347, "ele": 1672.199951171875, "time": "2025-08-08T18:50:50Z" }, "geometry": { "type": "Point", "coordinates": [ -121.771295685321093, 44.028791394084692 ] } },
{ "type": "Feature", "properties": { "track_fid": 0, "track_seg_id": 0, "track_seg_point_id": 2348, "ele": 1673.0, "time": "2025-08-08T18:50:53Z" }, "geometry": { "type": "Point", "coordinates": [ -121.770863849669695, 44.029298080131412 ] } },
{ "type": "Feature", "properties": { "track_fid": 0, "track_seg_id": 0, "track_seg_point_id": 2349, "ele": 1673.800048828125, "time": "2025-08-08T18:50:56Z" }, "geometry": { "type": "Point", "coordinates": [ -121.770433774217963, 44.02980619110167 ] } },
{ "type": "Feature", "properties": { "track_fid": 0, "track_seg_id": 0, "track_seg_point_id": 2350, "ele": 1674.0, "time": "2025-08-08T18:50:57Z" }, "geometry": { "type": "Point", "coordinates": [ -121.770290862768888, 44.029975924640894 ] } },
{ "type": "Feature", "properties": { "track_fid": 0, "track_seg_id": 0, "track_seg_point_id": 2351, "ele": 1674.4000244140625, "time": "2025-08-08T18:51:00Z" }, "geometry": { "type": "Point", "coordinates": [ -121.769860871136189, 44.030488142743707 ] } },
{ "type": "Feature", "properties": { "track_fid": 0, "track_seg_id": 0, "track_seg_point_id": 2352, "ele": 1674.4000244140625, "time": "2025-08-08T18:51:03Z" }, "geometry": { "type": "Point", "coordinates": [ -121.769424928352237, 44.03100086376071 ] } },
{ "type": "Feature", "properties": { "track_fid": 0, "track_seg_id": 0, "track_seg_point_id": 2353, "ele": 1674.0, "time": "2025-08-08T18:51:06Z" }, "geometry": { "type": "Point", "coordinates": [ -121.768987141549587, 44.031516350805759 ] } },
{ "type": "Feature", "properties": { "track_fid": 0, "track_seg_id": 0, "track_seg_point_id": 2354, "ele": 1673.5999755859375, "time": "2025-08-08T18:51:09Z" }, "geometry": { "type": "Point", "coordinates": [ -121.768553797155619, 44.03203384950757 ] } },
{ "type": "Feature", "properties": { "track_fid": 0, "track_seg_id": 0, "track_seg_point_id": 2355, "ele": 1673.199951171875, "time": "2025-08-08T18:51:12Z" }, "geometry": { "type": "Point", "coordinates": [ -121.768133193254471, 44.032538356259465 ] } },
{ "type": "Feature", "properties": { "track_fid": 0, "track_seg_id": 0, "track_seg_point_id": 2356, "ele": 1673.0, "time": "2025-08-08T18:51:15Z" }, "geometry": { "type": "Point", "coordinates": [ -121.767750727012753, 44.033023416996002 ] } },
{ "type": "Feature", "properties": { "track_fid": 0, "track_seg_id": 0, "track_seg_point_id": 2357, "ele": 1672.4000244140625, "time": "2025-08-08T18:51:17Z" }, "geometry": { "type": "Point", "coordinates": [ -121.767530618235469, 44.033347126096487 ] } },
{ "type": "Feature", "properties": { "track_fid": 0, "track_seg_id": 0, "track_seg_point_id": 2358, "ele": 1671.800048828125, "time": "2025-08-08T18:51:20Z" }, "geometry": { "type": "Point", "coordinates": [ -121.767244124785066, 44.033831348642707 ] } },
{ "type": "Feature", "properties": { "track_fid": 0, "track_seg_id": 0, "track_seg_point_id": 2359, "ele": 1671.199951171875, "time": "2025-08-08T18:51:22Z" }, "geometry": { "type": "Point", "coordinates": [ -121.76708503626287, 44.034152878448367 ] } },
{ "type": "Feature", "properties": { "track_fid": 0, "track_seg_id": 0, "track_seg_point_id": 2360, "ele": 1670.199951171875, "time": "2025-08-08T18:51:25Z" }, "geometry": { "type": "Point", "coordinates": [ -121.766886636614799, 44.034633077681065 ] } },
{ "type": "Feature", "properties": { "track_fid": 0, "track_seg_id": 0, "track_seg_point_id": 2361, "ele": 1669.5999755859375, "time": "2025-08-08T18:51:27Z" }, "geometry": { "type": "Point", "coordinates": [ -121.766772894188762, 44.034952847287059 ] } },
{ "type": "Feature", "properties": { "track_fid": 0, "track_seg_id": 0, "track_seg_point_id": 2362, "ele": 1668.5999755859375, "time": "2025-08-08T18:51:30Z" }, "geometry": { "type": "Point", "coordinates": [ -121.7666154820472, 44.035439332947135 ] } },
{ "type": "Feature", "properties": { "track_fid": 0, "track_seg_id": 0, "track_seg_point_id": 2363, "ele": 1667.5999755859375, "time": "2025-08-08T18:51:33Z" }, "geometry": { "type": "Point", "coordinates": [ -121.766457483172417, 44.035926824435592 ] } },
{ "type": "Feature", "properties": { "track_fid": 0, "track_seg_id": 0, "track_seg_point_id": 2364, "ele": 1667.199951171875, "time": "2025-08-08T18:51:34Z" }, "geometry": { "type": "Point", "coordinates": [ -121.766392439603806, 44.036086332052946 ] } },
{ "type": "Feature", "properties": { "track_fid": 0, "track_seg_id": 0, "track_seg_point_id": 2365, "ele": 1666.4000244140625, "time": "2025-08-08T18:51:36Z" }, "geometry": { "type": "Point", "coordinates": [ -121.766219940036535, 44.036396378651261 ] } },
{ "type": "Feature", "properties": { "track_fid": 0, "track_seg_id": 0, "track_seg_point_id": 2366, "ele": 1666.199951171875, "time": "2025-08-08T18:51:37Z" }, "geometry": { "type": "Point", "coordinates": [ -121.766103180125356, 44.036542726680636 ] } },
{ "type": "Feature", "properties": { "track_fid": 0, "track_seg_id": 0, "track_seg_point_id": 2367, "ele": 1665.5999755859375, "time": "2025-08-08T18:51:38Z" }, "geometry": { "type": "Point", "coordinates": [ -121.765961945056915, 44.036679770797491 ] } },
{ "type": "Feature", "properties": { "track_fid": 0, "track_seg_id": 0, "track_seg_point_id": 2368, "ele": 1664.800048828125, "time": "2025-08-08T18:51:40Z" }, "geometry": { "type": "Point", "coordinates": [ -121.765617532655597, 44.036918990314007 ] } },
{ "type": "Feature", "properties": { "track_fid": 0, "track_seg_id": 0, "track_seg_point_id": 2369, "ele": 1663.800048828125, "time": "2025-08-08T18:51:42Z" }, "geometry": { "type": "Point", "coordinates": [ -121.765205394476652, 44.037101045250893 ] } },
{ "type": "Feature", "properties": { "track_fid": 0, "track_seg_id": 0, "track_seg_point_id": 2370, "ele": 1663.4000244140625, "time": "2025-08-08T18:51:43Z" }, "geometry": { "type": "Point", "coordinates": [ -121.764989476650953, 44.037166088819504 ] } },
{ "type": "Feature", "properties": { "track_fid": 0, "track_seg_id": 0, "track_seg_point_id": 2371, "ele": 1663.0, "time": "2025-08-08T18:51:44Z" }, "geometry": { "type": "Point", "coordinates": [ -121.764777498319745, 44.03721084818244 ] } },
{ "type": "Feature", "properties": { "track_fid": 0, "track_seg_id": 0, "track_seg_point_id": 2372, "ele": 1662.199951171875, "time": "2025-08-08T18:51:46Z" }, "geometry": { "type": "Point", "coordinates": [ -121.764365192502737, 44.037246135994792 ] } },
{ "type": "Feature", "properties": { "track_fid": 0, "track_seg_id": 0, "track_seg_point_id": 2373, "ele": 1661.5999755859375, "time": "2025-08-08T18:51:48Z" }, "geometry": { "type": "Point", "coordinates": [ -121.763962022960186, 44.037222918123007 ] } },
{ "type": "Feature", "properties": { "track_fid": 0, "track_seg_id": 0, "track_seg_point_id": 2374, "ele": 1661.5999755859375, "time": "2025-08-08T18:51:49Z" }, "geometry": { "type": "Point", "coordinates": [ -121.763768484815955, 44.037192575633526 ] } },
{ "type": "Feature", "properties": { "track_fid": 0, "track_seg_id": 0, "track_seg_point_id": 2375, "ele": 1661.5999755859375, "time": "2025-08-08T18:51:50Z" }, "geometry": { "type": "Point", "coordinates": [ -121.763582155108452, 44.037149157375097 ] } },
{ "type": "Feature", "properties": { "track_fid": 0, "track_seg_id": 0, "track_seg_point_id": 2376, "ele": 1661.5999755859375, "time": "2025-08-08T18:51:52Z" }, "geometry": { "type": "Point", "coordinates": [ -121.76323807798326, 44.037030972540379 ] } },
{ "type": "Feature", "properties": { "track_fid": 0, "track_seg_id": 0, "track_seg_point_id": 2377, "ele": 1662.5999755859375, "time": "2025-08-08T18:51:55Z" }, "geometry": { "type": "Point", "coordinates": [ -121.762809846550226, 44.0367950219661 ] } },
{ "type": "Feature", "properties": { "track_fid": 0, "track_seg_id": 0, "track_seg_point_id": 2378, "ele": 1664.0, "time": "2025-08-08T18:51:59Z" }, "geometry": { "type": "Point", "coordinates": [ -121.762364851310849, 44.036405766382813 ] } },
{ "type": "Feature", "properties": { "track_fid": 0, "track_seg_id": 0, "track_seg_point_id": 2379, "ele": 1665.199951171875, "time": "2025-08-08T18:52:03Z" }, "geometry": { "type": "Point", "coordinates": [ -121.761961430311203, 44.035983486101031 ] } },
{ "type": "Feature", "properties": { "track_fid": 0, "track_seg_id": 0, "track_seg_point_id": 2380, "ele": 1665.199951171875, "time": "2025-08-08T18:52:05Z" }, "geometry": { "type": "Point", "coordinates": [ -121.761732185259461, 44.0357830747962 ] } },
{ "type": "Feature", "properties": { "track_fid": 0, "track_seg_id": 0, "track_seg_point_id": 2381, "ele": 1665.0, "time": "2025-08-08T18:52:09Z" }, "geometry": { "type": "Point", "coordinates": [ -121.761161293834448, 44.035415276885033 ] } },
{ "type": "Feature", "properties": { "track_fid": 0, "track_seg_id": 0, "track_seg_point_id": 2382, "ele": 1664.5999755859375, "time": "2025-08-08T18:52:13Z" }, "geometry": { "type": "Point", "coordinates": [ -121.760441791266203, 44.035109672695398 ] } },
{ "type": "Feature", "properties": { "track_fid": 0, "track_seg_id": 0, "track_seg_point_id": 2383, "ele": 1664.5999755859375, "time": "2025-08-08T18:52:14Z" }, "geometry": { "type": "Point", "coordinates": [ -121.760256886482239, 44.035036498680711 ] } },
{ "type": "Feature", "properties": { "track_fid": 0, "track_seg_id": 0, "track_seg_point_id": 2384, "ele": 1664.800048828125, "time": "2025-08-08T18:52:17Z" }, "geometry": { "type": "Point", "coordinates": [ -121.759704854339361, 44.034816473722458 ] } },
{ "type": "Feature", "properties": { "track_fid": 0, "track_seg_id": 0, "track_seg_point_id": 2385, "ele": 1665.4000244140625, "time": "2025-08-08T18:52:20Z" }, "geometry": { "type": "Point", "coordinates": [ -121.75912725739181, 44.034608770161867 ] } },
{ "type": "Feature", "properties": { "track_fid": 0, "track_seg_id": 0, "track_seg_point_id": 2386, "ele": 1665.5999755859375, "time": "2025-08-08T18:52:21Z" }, "geometry": { "type": "Point", "coordinates": [ -121.758926929906011, 44.03454246930778 ] } },
{ "type": "Feature", "properties": { "track_fid": 0, "track_seg_id": 0, "track_seg_point_id": 2387, "ele": 1666.0, "time": "2025-08-08T18:52:24Z" }, "geometry": { "type": "Point", "coordinates": [ -121.758295772597194, 44.034349098801613 ] } },
{ "type": "Feature", "properties": { "track_fid": 0, "track_seg_id": 0, "track_seg_point_id": 2388, "ele": 1667.5999755859375, "time": "2025-08-08T18:52:27Z" }, "geometry": { "type": "Point", "coordinates": [ -121.757676349952817, 44.034112645313144 ] } },
{ "type": "Feature", "properties": { "track_fid": 0, "track_seg_id": 0, "track_seg_point_id": 2389, "ele": 1668.199951171875, "time": "2025-08-08T18:52:28Z" }, "geometry": { "type": "Point", "coordinates": [ -121.757491864264011, 44.034012397751212 ] } },
{ "type": "Feature", "properties": { "track_fid": 0, "track_seg_id": 0, "track_seg_point_id": 2390, "ele": 1669.199951171875, "time": "2025-08-08T18:52:30Z" }, "geometry": { "type": "Point", "coordinates": [ -121.757167568430305, 44.033778794109821 ] } },
{ "type": "Feature", "properties": { "track_fid": 0, "track_seg_id": 0, "track_seg_point_id": 2391, "ele": 1671.199951171875, "time": "2025-08-08T18:52:33Z" }, "geometry": { "type": "Point", "coordinates": [ -121.75672709941864, 44.033378893509507 ] } },
{ "type": "Feature", "properties": { "track_fid": 0, "track_seg_id": 0, "track_seg_point_id": 2392, "ele": 1672.0, "time": "2025-08-08T18:52:35Z" }, "geometry": { "type": "Point", "coordinates": [ -121.756432559341192, 44.033105140551925 ] } },
{ "type": "Feature", "properties": { "track_fid": 0, "track_seg_id": 0, "track_seg_point_id": 2393, "ele": 1671.800048828125, "time": "2025-08-08T18:52:38Z" }, "geometry": { "type": "Point", "coordinates": [ -121.755943726748228, 44.032717728987336 ] } },
{ "type": "Feature", "properties": { "track_fid": 0, "track_seg_id": 0, "track_seg_point_id": 2394, "ele": 1671.199951171875, "time": "2025-08-08T18:52:39Z" }, "geometry": { "type": "Point", "coordinates": [ -121.755762593820691, 44.032592084258795 ] } },
{ "type": "Feature", "properties": { "track_fid": 0, "track_seg_id": 0, "track_seg_point_id": 2395, "ele": 1669.0, "time": "2025-08-08T18:52:42Z" }, "geometry": { "type": "Point", "coordinates": [ -121.755184242501855, 44.032206768169999 ] } },
{ "type": "Feature", "properties": { "track_fid": 0, "track_seg_id": 0, "track_seg_point_id": 2396, "ele": 1664.5999755859375, "time": "2025-08-08T18:52:45Z" }, "geometry": { "type": "Point", "coordinates": [ -121.75459717400372, 44.031816087663174 ] } },
{ "type": "Feature", "properties": { "track_fid": 0, "track_seg_id": 0, "track_seg_point_id": 2397, "ele": 1663.199951171875, "time": "2025-08-08T18:52:46Z" }, "geometry": { "type": "Point", "coordinates": [ -121.754391985014081, 44.0316869225353 ] } },
{ "type": "Feature", "properties": { "track_fid": 0, "track_seg_id": 0, "track_seg_point_id": 2398, "ele": 1658.5999755859375, "time": "2025-08-08T18:52:49Z" }, "geometry": { "type": "Point", "coordinates": [ -121.753734424710274, 44.031326416879892 ] } },
{ "type": "Feature", "properties": { "track_fid": 0, "track_seg_id": 0, "track_seg_point_id": 2399, "ele": 1657.5999755859375, "time": "2025-08-08T18:52:50Z" }, "geometry": { "type": "Point", "coordinates": [ -121.753498138859868, 44.031219631433487 ] } },
{ "type": "Feature", "properties": { "track_fid": 0, "track_seg_id": 0, "track_seg_point_id": 2400, "ele": 1657.199951171875, "time": "2025-08-08T18:52:53Z" }, "geometry": { "type": "Point", "coordinates": [ -121.752717364579439, 44.030945627018809 ] } },
{ "type": "Feature", "properties": { "track_fid": 0, "track_seg_id": 0, "track_seg_point_id": 2401, "ele": 1657.800048828125, "time": "2025-08-08T18:52:56Z" }, "geometry": { "type": "Point", "coordinates": [ -121.751874983310699, 44.030759548768401 ] } },
{ "type": "Feature", "properties": { "track_fid": 0, "track_seg_id": 0, "track_seg_point_id": 2402, "ele": 1659.4000244140625, "time": "2025-08-08T18:52:59Z" }, "geometry": { "type": "Point", "coordinates": [ -121.750991782173514, 44.030679417774081 ] } },
{ "type": "Feature", "properties": { "track_fid": 0, "track_seg_id": 0, "track_seg_point_id": 2403, "ele": 1661.5999755859375, "time": "2025-08-08T18:53:02Z" }, "geometry": { "type": "Point", "coordinates": [ -121.750082178041339, 44.030702384188771 ] } },
{ "type": "Feature", "properties": { "track_fid": 0, "track_seg_id": 0, "track_seg_point_id": 2404, "ele": 1662.5999755859375, "time": "2025-08-08T18:53:05Z" }, "geometry": { "type": "Point", "coordinates": [ -121.749193361029029, 44.030831130221486 ] } },
{ "type": "Feature", "properties": { "track_fid": 0, "track_seg_id": 0, "track_seg_point_id": 2405, "ele": 1662.199951171875, "time": "2025-08-08T18:53:08Z" }, "geometry": { "type": "Point", "coordinates": [ -121.748363384976983, 44.031056687235832 ] } },
{ "type": "Feature", "properties": { "track_fid": 0, "track_seg_id": 0, "track_seg_point_id": 2406, "ele": 1660.5999755859375, "time": "2025-08-08T18:53:11Z" }, "geometry": { "type": "Point", "coordinates": [ -121.747595435008407, 44.031368661671877 ] } },
{ "type": "Feature", "properties": { "track_fid": 0, "track_seg_id": 0, "track_seg_point_id": 2407, "ele": 1658.4000244140625, "time": "2025-08-08T18:53:14Z" }, "geometry": { "type": "Point", "coordinates": [ -121.746866041794419, 44.031733274459839 ] } },
{ "type": "Feature", "properties": { "track_fid": 0, "track_seg_id": 0, "track_seg_point_id": 2408, "ele": 1657.0, "time": "2025-08-08T18:53:17Z" }, "geometry": { "type": "Point", "coordinates": [ -121.746146371588111, 44.032095456495881 ] } },
{ "type": "Feature", "properties": { "track_fid": 0, "track_seg_id": 0, "track_seg_point_id": 2409, "ele": 1657.0, "time": "2025-08-08T18:53:20Z" }, "geometry": { "type": "Point", "coordinates": [ -121.74544514156878, 44.032444478943944 ] } },
{ "type": "Feature", "properties": { "track_fid": 0, "track_seg_id": 0, "track_seg_point_id": 2410, "ele": 1657.199951171875, "time": "2025-08-08T18:53:23Z" }, "geometry": { "type": "Point", "coordinates": [ -121.744745587930083, 44.032755363732576 ] } },
{ "type": "Feature", "properties": { "track_fid": 0, "track_seg_id": 0, "track_seg_point_id": 2411, "ele": 1657.199951171875, "time": "2025-08-08T18:53:24Z" }, "geometry": { "type": "Point", "coordinates": [ -121.744500333443284, 44.032832644879818 ] } },
{ "type": "Feature", "properties": { "track_fid": 0, "track_seg_id": 0, "track_seg_point_id": 2412, "ele": 1657.5999755859375, "time": "2025-08-08T18:53:26Z" }, "geometry": { "type": "Point", "coordinates": [ -121.743993647396564, 44.032932138070464 ] } },
{ "type": "Feature", "properties": { "track_fid": 0, "track_seg_id": 0, "track_seg_point_id": 2413, "ele": 1657.5999755859375, "time": "2025-08-08T18:53:27Z" }, "geometry": { "type": "Point", "coordinates": [ -121.743734395131469, 44.032951919361949 ] } },
{ "type": "Feature", "properties": { "track_fid": 0, "track_seg_id": 0, "track_seg_point_id": 2414, "ele": 1657.800048828125, "time": "2025-08-08T18:53:28Z" }, "geometry": { "type": "Point", "coordinates": [ -121.743472628295422, 44.032949656248093 ] } },
{ "type": "Feature", "properties": { "track_fid": 0, "track_seg_id": 0, "track_seg_point_id": 2415, "ele": 1657.800048828125, "time": "2025-08-08T18:53:29Z" }, "geometry": { "type": "Point", "coordinates": [ -121.743210945278406, 44.032927360385656 ] } },
{ "type": "Feature", "properties": { "track_fid": 0, "track_seg_id": 0, "track_seg_point_id": 2416, "ele": 1657.800048828125, "time": "2025-08-08T18:53:31Z" }, "geometry": { "type": "Point", "coordinates": [ -121.74269805662334, 44.03283373452723 ] } },
{ "type": "Feature", "properties": { "track_fid": 0, "track_seg_id": 0, "track_seg_point_id": 2417, "ele": 1657.800048828125, "time": "2025-08-08T18:53:33Z" }, "geometry": { "type": "Point", "coordinates": [ -121.742228670045733, 44.032666264101863 ] } },
{ "type": "Feature", "properties": { "track_fid": 0, "track_seg_id": 0, "track_seg_point_id": 2418, "ele": 1657.800048828125, "time": "2025-08-08T18:53:34Z" }, "geometry": { "type": "Point", "coordinates": [ -121.742019541561604, 44.032554784789681 ] } },
{ "type": "Feature", "properties": { "track_fid": 0, "track_seg_id": 0, "track_seg_point_id": 2419, "ele": 1657.5999755859375, "time": "2025-08-08T18:53:35Z" }, "geometry": { "type": "Point", "coordinates": [ -121.741828769445419, 44.032429391518235 ] } },
{ "type": "Feature", "properties": { "track_fid": 0, "track_seg_id": 0, "track_seg_point_id": 2420, "ele": 1657.0, "time": "2025-08-08T18:53:37Z" }, "geometry": { "type": "Point", "coordinates": [ -121.741503216326237, 44.032141389325261 ] } },
{ "type": "Feature", "properties": { "track_fid": 0, "track_seg_id": 0, "track_seg_point_id": 2421, "ele": 1656.4000244140625, "time": "2025-08-08T18:53:40Z" }, "geometry": { "type": "Point", "coordinates": [ -121.741077918559313, 44.031651047989726 ] } },
{ "type": "Feature", "properties": { "track_fid": 0, "track_seg_id": 0, "track_seg_point_id": 2422, "ele": 1656.4000244140625, "time": "2025-08-08T18:53:42Z" }, "geometry": { "type": "Point", "coordinates": [ -121.740787988528609, 44.031308898702264 ] } },
{ "type": "Feature", "properties": { "track_fid": 0, "track_seg_id": 0, "track_seg_point_id": 2423, "ele": 1656.199951171875, "time": "2025-08-08T18:53:45Z" }, "geometry": { "type": "Point", "coordinates": [ -121.740279793739319, 44.03083766810596 ] } },
{ "type": "Feature", "properties": { "track_fid": 0, "track_seg_id": 0, "track_seg_point_id": 2424, "ele": 1655.800048828125, "time": "2025-08-08T18:53:47Z" }, "geometry": { "type": "Point", "coordinates": [ -121.739859692752361, 44.030587887391448 ] } },
{ "type": "Feature", "properties": { "track_fid": 0, "track_seg_id": 0, "track_seg_point_id": 2425, "ele": 1655.5999755859375, "time": "2025-08-08T18:53:48Z" }, "geometry": { "type": "Point", "coordinates": [ -121.739629777148366, 44.030485125258565 ] } },
{ "type": "Feature", "properties": { "track_fid": 0, "track_seg_id": 0, "track_seg_point_id": 2426, "ele": 1655.199951171875, "time": "2025-08-08T18:53:51Z" }, "geometry": { "type": "Point", "coordinates": [ -121.738904239609838, 44.030246576294303 ] } },
{ "type": "Feature", "properties": { "track_fid": 0, "track_seg_id": 0, "track_seg_point_id": 2427, "ele": 1654.800048828125, "time": "2025-08-08T18:53:54Z" }, "geometry": { "type": "Point", "coordinates": [ -121.738163782283664, 44.030028898268938 ] } },
{ "type": "Feature", "properties": { "track_fid": 0, "track_seg_id": 0, "track_seg_point_id": 2428, "ele": 1654.199951171875, "time": "2025-08-08T18:53:57Z" }, "geometry": { "type": "Point", "coordinates": [ -121.737398682162166, 44.029798228293657 ] } },
{ "type": "Feature", "properties": { "track_fid": 0, "track_seg_id": 0, "track_seg_point_id": 2429, "ele": 1654.0, "time": "2025-08-08T18:53:59Z" }, "geometry": { "type": "Point", "coordinates": [ -121.736871879547834, 44.02963318862021 ] } },
{ "type": "Feature", "properties": { "track_fid": 0, "track_seg_id": 0, "track_seg_point_id": 2430, "ele": 1653.800048828125, "time": "2025-08-08T18:54:02Z" }, "geometry": { "type": "Point", "coordinates": [ -121.736073335632682, 44.029392627999187 ] } },
{ "type": "Feature", "properties": { "track_fid": 0, "track_seg_id": 0, "track_seg_point_id": 2431, "ele": 1653.800048828125, "time": "2025-08-08T18:54:05Z" }, "geometry": { "type": "Point", "coordinates": [ -121.73527336679399, 44.0291518997401 ] } },
{ "type": "Feature", "properties": { "track_fid": 0, "track_seg_id": 0, "track_seg_point_id": 2432, "ele": 1654.0, "time": "2025-08-08T18:54:07Z" }, "geometry": { "type": "Point", "coordinates": [ -121.734733739867806, 44.028988871723413 ] } },
{ "type": "Feature", "properties": { "track_fid": 0, "track_seg_id": 0, "track_seg_point_id": 2433, "ele": 1654.4000244140625, "time": "2025-08-08T18:54:10Z" }, "geometry": { "type": "Point", "coordinates": [ -121.733908541500568, 44.02874244377017 ] } },
{ "type": "Feature", "properties": { "track_fid": 0, "track_seg_id": 0, "track_seg_point_id": 2434, "ele": 1654.800048828125, "time": "2025-08-08T18:54:13Z" }, "geometry": { "type": "Point", "coordinates": [ -121.733082421123981, 44.028497356921434 ] } },
{ "type": "Feature", "properties": { "track_fid": 0, "track_seg_id": 0, "track_seg_point_id": 2435, "ele": 1655.199951171875, "time": "2025-08-08T18:54:16Z" }, "geometry": { "type": "Point", "coordinates": [ -121.732259653508663, 44.028251683339477 ] } },
{ "type": "Feature", "properties": { "track_fid": 0, "track_seg_id": 0, "track_seg_point_id": 2436, "ele": 1655.4000244140625, "time": "2025-08-08T18:54:18Z" }, "geometry": { "type": "Point", "coordinates": [ -121.731716673821211, 44.028089325875044 ] } },
{ "type": "Feature", "properties": { "track_fid": 0, "track_seg_id": 0, "track_seg_point_id": 2437, "ele": 1655.5999755859375, "time": "2025-08-08T18:54:21Z" }, "geometry": { "type": "Point", "coordinates": [ -121.730899773538113, 44.027843233197927 ] } },
{ "type": "Feature", "properties": { "track_fid": 0, "track_seg_id": 0, "track_seg_point_id": 2438, "ele": 1656.0, "time": "2025-08-08T18:54:24Z" }, "geometry": { "type": "Point", "coordinates": [ -121.730085639283061, 44.027595380321145 ] } },
{ "type": "Feature", "properties": { "track_fid": 0, "track_seg_id": 0, "track_seg_point_id": 2439, "ele": 1656.4000244140625, "time": "2025-08-08T18:54:27Z" }, "geometry": { "type": "Point", "coordinates": [ -121.729296986013651, 44.027357082813978 ] } },
{ "type": "Feature", "properties": { "track_fid": 0, "track_seg_id": 0, "track_seg_point_id": 2440, "ele": 1657.199951171875, "time": "2025-08-08T18:54:30Z" }, "geometry": { "type": "Point", "coordinates": [ -121.728558875620365, 44.027128424495459 ] } },
{ "type": "Feature", "properties": { "track_fid": 0, "track_seg_id": 0, "track_seg_point_id": 2441, "ele": 1657.5999755859375, "time": "2025-08-08T18:54:31Z" }, "geometry": { "type": "Point", "coordinates": [ -121.728325523436069, 44.027056591585279 ] } },
{ "type": "Feature", "properties": { "track_fid": 0, "track_seg_id": 0, "track_seg_point_id": 2442, "ele": 1658.5999755859375, "time": "2025-08-08T18:54:34Z" }, "geometry": { "type": "Point", "coordinates": [ -121.727650361135602, 44.026852156966925 ] } },
{ "type": "Feature", "properties": { "track_fid": 0, "track_seg_id": 0, "track_seg_point_id": 2443, "ele": 1659.4000244140625, "time": "2025-08-08T18:54:36Z" }, "geometry": { "type": "Point", "coordinates": [ -121.727212071418762, 44.026716118678451 ] } },
{ "type": "Feature", "properties": { "track_fid": 0, "track_seg_id": 0, "track_seg_point_id": 2444, "ele": 1660.4000244140625, "time": "2025-08-08T18:54:39Z" }, "geometry": { "type": "Point", "coordinates": [ -121.726606227457523, 44.026505397632718 ] } },
{ "type": "Feature", "properties": { "track_fid": 0, "track_seg_id": 0, "track_seg_point_id": 2445, "ele": 1661.0, "time": "2025-08-08T18:54:41Z" }, "geometry": { "type": "Point", "coordinates": [ -121.726265167817473, 44.026362486183643 ] } },
{ "type": "Feature", "properties": { "track_fid": 0, "track_seg_id": 0, "track_seg_point_id": 2446, "ele": 1661.199951171875, "time": "2025-08-08T18:54:43Z" }, "geometry": { "type": "Point", "coordinates": [ -121.725990828126669, 44.02622988447547 ] } },
{ "type": "Feature", "properties": { "track_fid": 0, "track_seg_id": 0, "track_seg_point_id": 2447, "ele": 1661.5999755859375, "time": "2025-08-08T18:54:46Z" }, "geometry": { "type": "Point", "coordinates": [ -121.725701987743378, 44.026069119572639 ] } },
{ "type": "Feature", "properties": { "track_fid": 0, "track_seg_id": 0, "track_seg_point_id": 2448, "ele": 1661.800048828125, "time": "2025-08-08T18:54:50Z" }, "geometry": { "type": "Point", "coordinates": [ -121.725487159565091, 44.025904750451446 ] } },
{ "type": "Feature", "properties": { "track_fid": 0, "track_seg_id": 0, "track_seg_point_id": 2449, "ele": 1661.4000244140625, "time": "2025-08-08T18:54:54Z" }, "geometry": { "type": "Point", "coordinates": [ -121.725463271141052, 44.02580919675529 ] } },
{ "type": "Feature", "properties": { "track_fid": 0, "track_seg_id": 0, "track_seg_point_id": 2450, "ele": 1661.4000244140625, "time": "2025-08-08T18:54:59Z" }, "geometry": { "type": "Point", "coordinates": [ -121.725386073812842, 44.025762425735593 ] } },
{ "type": "Feature", "properties": { "track_fid": 0, "track_seg_id": 0, "track_seg_point_id": 2451, "ele": 1661.5999755859375, "time": "2025-08-08T18:55:04Z" }, "geometry": { "type": "Point", "coordinates": [ -121.725237295031548, 44.025725293904543 ] } },
{ "type": "Feature", "properties": { "track_fid": 0, "track_seg_id": 0, "track_seg_point_id": 2452, "ele": 1661.800048828125, "time": "2025-08-08T18:55:05Z" }, "geometry": { "type": "Point", "coordinates": [ -121.725178118795156, 44.0256860665977 ] } },
{ "type": "Feature", "properties": { "track_fid": 0, "track_seg_id": 0, "track_seg_point_id": 2453, "ele": 1662.4000244140625, "time": "2025-08-08T18:55:08Z" }, "geometry": { "type": "Point", "coordinates": [ -121.72496136277914, 44.025503760203719 ] } },
{ "type": "Feature", "properties": { "track_fid": 0, "track_seg_id": 0, "track_seg_point_id": 2454, "ele": 1664.0, "time": "2025-08-08T18:55:12Z" }, "geometry": { "type": "Point", "coordinates": [ -121.724600940942764, 44.025142248719931 ] } },
{ "type": "Feature", "properties": { "track_fid": 0, "track_seg_id": 0, "track_seg_point_id": 2455, "ele": 1666.0, "time": "2025-08-08T18:55:15Z" }, "geometry": { "type": "Point", "coordinates": [ -121.724318470805883, 44.024795237928629 ] } },
{ "type": "Feature", "properties": { "track_fid": 0, "track_seg_id": 0, "track_seg_point_id": 2456, "ele": 1669.800048828125, "time": "2025-08-08T18:55:19Z" }, "geometry": { "type": "Point", "coordinates": [ -121.723945392295718, 44.024270195513964 ] } },
{ "type": "Feature", "properties": { "track_fid": 0, "track_seg_id": 0, "track_seg_point_id": 2457, "ele": 1672.800048828125, "time": "2025-08-08T18:55:22Z" }, "geometry": { "type": "Point", "coordinates": [ -121.723653618246317, 44.02384783141315 ] } },
{ "type": "Feature", "properties": { "track_fid": 0, "track_seg_id": 0, "track_seg_point_id": 2458, "ele": 1674.800048828125, "time": "2025-08-08T18:55:24Z" }, "geometry": { "type": "Point", "coordinates": [ -121.723456894978881, 44.023554297164083 ] } },
{ "type": "Feature", "properties": { "track_fid": 0, "track_seg_id": 0, "track_seg_point_id": 2459, "ele": 1678.199951171875, "time": "2025-08-08T18:55:27Z" }, "geometry": { "type": "Point", "coordinates": [ -121.72317199409008, 44.02306747622788 ] } },
{ "type": "Feature", "properties": { "track_fid": 0, "track_seg_id": 0, "track_seg_point_id": 2460, "ele": 1679.5999755859375, "time": "2025-08-08T18:55:28Z" }, "geometry": { "type": "Point", "coordinates": [ -121.723103262484074, 44.022890366613865 ] } },
{ "type": "Feature", "properties": { "track_fid": 0, "track_seg_id": 0, "track_seg_point_id": 2461, "ele": 1683.800048828125, "time": "2025-08-08T18:55:31Z" }, "geometry": { "type": "Point", "coordinates": [ -121.722956746816635, 44.022315284237266 ] } },
{ "type": "Feature", "properties": { "track_fid": 0, "track_seg_id": 0, "track_seg_point_id": 2462, "ele": 1686.199951171875, "time": "2025-08-08T18:55:32Z" }, "geometry": { "type": "Point", "coordinates": [ -121.722917184233665, 44.022112525999546 ] } },
{ "type": "Feature", "properties": { "track_fid": 0, "track_seg_id": 0, "track_seg_point_id": 2463, "ele": 1690.4000244140625, "time": "2025-08-08T18:55:34Z" }, "geometry": { "type": "Point", "coordinates": [ -121.722788941115141, 44.021707847714424 ] } },
{ "type": "Feature", "properties": { "track_fid": 0, "track_seg_id": 0, "track_seg_point_id": 2464, "ele": 1691.0, "time": "2025-08-08T18:55:35Z" }, "geometry": { "type": "Point", "coordinates": [ -121.72267846763134, 44.021508442237973 ] } },
{ "type": "Feature", "properties": { "track_fid": 0, "track_seg_id": 0, "track_seg_point_id": 2465, "ele": 1696.800048828125, "time": "2025-08-08T18:55:38Z" }, "geometry": { "type": "Point", "coordinates": [ -121.7222367413342, 44.020945094525814 ] } },
{ "type": "Feature", "properties": { "track_fid": 0, "track_seg_id": 0, "track_seg_point_id": 2466, "ele": 1703.800048828125, "time": "2025-08-08T18:55:41Z" }, "geometry": { "type": "Point", "coordinates": [ -121.721744975075126, 44.020393230021 ] } },
{ "type": "Feature", "properties": { "track_fid": 0, "track_seg_id": 0, "track_seg_point_id": 2467, "ele": 1707.199951171875, "time": "2025-08-08T18:55:43Z" }, "geometry": { "type": "Point", "coordinates": [ -121.721474323421717, 44.020000454038382 ] } },
{ "type": "Feature", "properties": { "track_fid": 0, "track_seg_id": 0, "track_seg_point_id": 2468, "ele": 1713.0, "time": "2025-08-08T18:55:46Z" }, "geometry": { "type": "Point", "coordinates": [ -121.721124546602368, 44.019397627562284 ] } },
{ "type": "Feature", "properties": { "track_fid": 0, "track_seg_id": 0, "track_seg_point_id": 2469, "ele": 1716.199951171875, "time": "2025-08-08T18:55:47Z" }, "geometry": { "type": "Point", "coordinates": [ -121.720994962379336, 44.019209034740925 ] } },
{ "type": "Feature", "properties": { "track_fid": 0, "track_seg_id": 0, "track_seg_point_id": 2470, "ele": 1716.800048828125, "time": "2025-08-08T18:55:49Z" }, "geometry": { "type": "Point", "coordinates": [ -121.720610484480858, 44.018863029778004 ] } },
{ "type": "Feature", "properties": { "track_fid": 0, "track_seg_id": 0, "track_seg_point_id": 2471, "ele": 1719.800048828125, "time": "2025-08-08T18:55:51Z" }, "geometry": { "type": "Point", "coordinates": [ -121.720127183943987, 44.018588522449136 ] } },
{ "type": "Feature", "properties": { "track_fid": 0, "track_seg_id": 0, "track_seg_point_id": 2472, "ele": 1723.4000244140625, "time": "2025-08-08T18:55:53Z" }, "geometry": { "type": "Point", "coordinates": [ -121.719565847888589, 44.018402779474854 ] } },
{ "type": "Feature", "properties": { "track_fid": 0, "track_seg_id": 0, "track_seg_point_id": 2473, "ele": 1726.5999755859375, "time": "2025-08-08T18:55:55Z" }, "geometry": { "type": "Point", "coordinates": [ -121.718954723328352, 44.018302699550986 ] } },
{ "type": "Feature", "properties": { "track_fid": 0, "track_seg_id": 0, "track_seg_point_id": 2474, "ele": 1728.199951171875, "time": "2025-08-08T18:55:56Z" }, "geometry": { "type": "Point", "coordinates": [ -121.718642078340054, 44.018289288505912 ] } },
{ "type": "Feature", "properties": { "track_fid": 0, "track_seg_id": 0, "track_seg_point_id": 2475, "ele": 1732.800048828125, "time": "2025-08-08T18:55:59Z" }, "geometry": { "type": "Point", "coordinates": [ -121.717715626582503, 44.018319295719266 ] } },
{ "type": "Feature", "properties": { "track_fid": 0, "track_seg_id": 0, "track_seg_point_id": 2476, "ele": 1737.800048828125, "time": "2025-08-08T18:56:01Z" }, "geometry": { "type": "Point", "coordinates": [ -121.717125121504068, 44.018309572711587 ] } },
{ "type": "Feature", "properties": { "track_fid": 0, "track_seg_id": 0, "track_seg_point_id": 2477, "ele": 1739.5999755859375, "time": "2025-08-08T18:56:02Z" }, "geometry": { "type": "Point", "coordinates": [ -121.71683494001627, 44.018268585205078 ] } },
{ "type": "Feature", "properties": { "track_fid": 0, "track_seg_id": 0, "track_seg_point_id": 2478, "ele": 1745.4000244140625, "time": "2025-08-08T18:56:05Z" }, "geometry": { "type": "Point", "coordinates": [ -121.71599498949945, 44.018064653500915 ] } },
{ "type": "Feature", "properties": { "track_fid": 0, "track_seg_id": 0, "track_seg_point_id": 2479, "ele": 1750.800048828125, "time": "2025-08-08T18:56:08Z" }, "geometry": { "type": "Point", "coordinates": [ -121.715125534683466, 44.01790464296937 ] } },
{ "type": "Feature", "properties": { "track_fid": 0, "track_seg_id": 0, "track_seg_point_id": 2480, "ele": 1756.0, "time": "2025-08-08T18:56:11Z" }, "geometry": { "type": "Point", "coordinates": [ -121.714208470657468, 44.017917970195413 ] } },
{ "type": "Feature", "properties": { "track_fid": 0, "track_seg_id": 0, "track_seg_point_id": 2481, "ele": 1760.800048828125, "time": "2025-08-08T18:56:14Z" }, "geometry": { "type": "Point", "coordinates": [ -121.713332226499915, 44.018108826130629 ] } },
{ "type": "Feature", "properties": { "track_fid": 0, "track_seg_id": 0, "track_seg_point_id": 2482, "ele": 1766.5999755859375, "time": "2025-08-08T18:56:17Z" }, "geometry": { "type": "Point", "coordinates": [ -121.712474171072245, 44.018336981534958 ] } },
{ "type": "Feature", "properties": { "track_fid": 0, "track_seg_id": 0, "track_seg_point_id": 2483, "ele": 1771.5999755859375, "time": "2025-08-08T18:56:20Z" }, "geometry": { "type": "Point", "coordinates": [ -121.711633298546076, 44.018590282648802 ] } },
{ "type": "Feature", "properties": { "track_fid": 0, "track_seg_id": 0, "track_seg_point_id": 2484, "ele": 1774.5999755859375, "time": "2025-08-08T18:56:22Z" }, "geometry": { "type": "Point", "coordinates": [ -121.711120828986168, 44.018817096948624 ] } },
{ "type": "Feature", "properties": { "track_fid": 0, "track_seg_id": 0, "track_seg_point_id": 2485, "ele": 1776.0, "time": "2025-08-08T18:56:23Z" }, "geometry": { "type": "Point", "coordinates": [ -121.71088689006865, 44.018959840759635 ] } },
{ "type": "Feature", "properties": { "track_fid": 0, "track_seg_id": 0, "track_seg_point_id": 2486, "ele": 1780.199951171875, "time": "2025-08-08T18:56:26Z" }, "geometry": { "type": "Point", "coordinates": [ -121.710255984216928, 44.01944138109684 ] } },
{ "type": "Feature", "properties": { "track_fid": 0, "track_seg_id": 0, "track_seg_point_id": 2487, "ele": 1785.4000244140625, "time": "2025-08-08T18:56:29Z" }, "geometry": { "type": "Point", "coordinates": [ -121.709640752524137, 44.019925352185965 ] } },
{ "type": "Feature", "properties": { "track_fid": 0, "track_seg_id": 0, "track_seg_point_id": 2488, "ele": 1787.199951171875, "time": "2025-08-08T18:56:30Z" }, "geometry": { "type": "Point", "coordinates": [ -121.709414273500443, 44.020068347454071 ] } },
{ "type": "Feature", "properties": { "track_fid": 0, "track_seg_id": 0, "track_seg_point_id": 2489, "ele": 1789.199951171875, "time": "2025-08-08T18:56:31Z" }, "geometry": { "type": "Point", "coordinates": [ -121.709170695394278, 44.020195081830025 ] } },
{ "type": "Feature", "properties": { "track_fid": 0, "track_seg_id": 0, "track_seg_point_id": 2490, "ele": 1792.800048828125, "time": "2025-08-08T18:56:33Z" }, "geometry": { "type": "Point", "coordinates": [ -121.708635427057743, 44.020388452336192 ] } },
{ "type": "Feature", "properties": { "track_fid": 0, "track_seg_id": 0, "track_seg_point_id": 2491, "ele": 1798.0, "time": "2025-08-08T18:56:36Z" }, "geometry": { "type": "Point", "coordinates": [ -121.707759099081159, 44.020525328814983 ] } },
{ "type": "Feature", "properties": { "track_fid": 0, "track_seg_id": 0, "track_seg_point_id": 2492, "ele": 1803.199951171875, "time": "2025-08-08T18:56:39Z" }, "geometry": { "type": "Point", "coordinates": [ -121.706853518262506, 44.020579475909472 ] } },
{ "type": "Feature", "properties": { "track_fid": 0, "track_seg_id": 0, "track_seg_point_id": 2493, "ele": 1808.5999755859375, "time": "2025-08-08T18:56:42Z" }, "geometry": { "type": "Point", "coordinates": [ -121.705940729007125, 44.020623061805964 ] } },
{ "type": "Feature", "properties": { "track_fid": 0, "track_seg_id": 0, "track_seg_point_id": 2494, "ele": 1814.0, "time": "2025-08-08T18:56:45Z" }, "geometry": { "type": "Point", "coordinates": [ -121.705029280856252, 44.020677879452705 ] } },
{ "type": "Feature", "properties": { "track_fid": 0, "track_seg_id": 0, "track_seg_point_id": 2495, "ele": 1818.5999755859375, "time": "2025-08-08T18:56:48Z" }, "geometry": { "type": "Point", "coordinates": [ -121.704114144667983, 44.020732780918479 ] } },
{ "type": "Feature", "properties": { "track_fid": 0, "track_seg_id": 0, "track_seg_point_id": 2496, "ele": 1822.4000244140625, "time": "2025-08-08T18:56:51Z" }, "geometry": { "type": "Point", "coordinates": [ -121.703202864155173, 44.020788352936506 ] } },
{ "type": "Feature", "properties": { "track_fid": 0, "track_seg_id": 0, "track_seg_point_id": 2497, "ele": 1825.800048828125, "time": "2025-08-08T18:56:54Z" }, "geometry": { "type": "Point", "coordinates": [ -121.702294936403632, 44.020843589678407 ] } },
{ "type": "Feature", "properties": { "track_fid": 0, "track_seg_id": 0, "track_seg_point_id": 2498, "ele": 1828.4000244140625, "time": "2025-08-08T18:56:57Z" }, "geometry": { "type": "Point", "coordinates": [ -121.701390696689487, 44.020841578021646 ] } },
{ "type": "Feature", "properties": { "track_fid": 0, "track_seg_id": 0, "track_seg_point_id": 2499, "ele": 1829.4000244140625, "time": "2025-08-08T18:56:58Z" }, "geometry": { "type": "Point", "coordinates": [ -121.701094480231404, 44.020808050408959 ] } },
{ "type": "Feature", "properties": { "track_fid": 0, "track_seg_id": 0, "track_seg_point_id": 2500, "ele": 1831.199951171875, "time": "2025-08-08T18:57:00Z" }, "geometry": { "type": "Point", "coordinates": [ -121.700527528300881, 44.020678633823991 ] } },
{ "type": "Feature", "properties": { "track_fid": 0, "track_seg_id": 0, "track_seg_point_id": 2501, "ele": 1833.800048828125, "time": "2025-08-08T18:57:03Z" }, "geometry": { "type": "Point", "coordinates": [ -121.699730660766363, 44.020398762077093 ] } },
{ "type": "Feature", "properties": { "track_fid": 0, "track_seg_id": 0, "track_seg_point_id": 2502, "ele": 1834.5999755859375, "time": "2025-08-08T18:57:04Z" }, "geometry": { "type": "Point", "coordinates": [ -121.699468139559031, 44.020300945267081 ] } },
{ "type": "Feature", "properties": { "track_fid": 0, "track_seg_id": 0, "track_seg_point_id": 2503, "ele": 1837.0, "time": "2025-08-08T18:57:07Z" }, "geometry": { "type": "Point", "coordinates": [ -121.698655849322677, 44.020029790699482 ] } },
{ "type": "Feature", "properties": { "track_fid": 0, "track_seg_id": 0, "track_seg_point_id": 2504, "ele": 1837.800048828125, "time": "2025-08-08T18:57:08Z" }, "geometry": { "type": "Point", "coordinates": [ -121.698371786624193, 44.01995544321835 ] } },
{ "type": "Feature", "properties": { "track_fid": 0, "track_seg_id": 0, "track_seg_point_id": 2505, "ele": 1840.199951171875, "time": "2025-08-08T18:57:11Z" }, "geometry": { "type": "Point", "coordinates": [ -121.697491183876991, 44.019779926165938 ] } },
{ "type": "Feature", "properties": { "track_fid": 0, "track_seg_id": 0, "track_seg_point_id": 2506, "ele": 1841.0, "time": "2025-08-08T18:57:12Z" }, "geometry": { "type": "Point", "coordinates": [ -121.697190022096038, 44.019742039963603 ] } },
{ "type": "Feature", "properties": { "track_fid": 0, "track_seg_id": 0, "track_seg_point_id": 2507, "ele": 1843.5999755859375, "time": "2025-08-08T18:57:15Z" }, "geometry": { "type": "Point", "coordinates": [ -121.696273880079389, 44.019703734666109 ] } },
{ "type": "Feature", "properties": { "track_fid": 0, "track_seg_id": 0, "track_seg_point_id": 2508, "ele": 1846.199951171875, "time": "2025-08-08T18:57:18Z" }, "geometry": { "type": "Point", "coordinates": [ -121.695360336452723, 44.019716223701835 ] } },
{ "type": "Feature", "properties": { "track_fid": 0, "track_seg_id": 0, "track_seg_point_id": 2509, "ele": 1849.199951171875, "time": "2025-08-08T18:57:21Z" }, "geometry": { "type": "Point", "coordinates": [ -121.694451989606023, 44.01973164640367 ] } },
{ "type": "Feature", "properties": { "track_fid": 0, "track_seg_id": 0, "track_seg_point_id": 2510, "ele": 1851.199951171875, "time": "2025-08-08T18:57:24Z" }, "geometry": { "type": "Point", "coordinates": [ -121.693533752113581, 44.019751427695155 ] } },
{ "type": "Feature", "properties": { "track_fid": 0, "track_seg_id": 0, "track_seg_point_id": 2511, "ele": 1852.0, "time": "2025-08-08T18:57:27Z" }, "geometry": { "type": "Point", "coordinates": [ -121.692606545984745, 44.019733658060431 ] } },
{ "type": "Feature", "properties": { "track_fid": 0, "track_seg_id": 0, "track_seg_point_id": 2512, "ele": 1852.0, "time": "2025-08-08T18:57:28Z" }, "geometry": { "type": "Point", "coordinates": [ -121.692299768328667, 44.019703986123204 ] } },
{ "type": "Feature", "properties": { "track_fid": 0, "track_seg_id": 0, "track_seg_point_id": 2513, "ele": 1851.5999755859375, "time": "2025-08-08T18:57:31Z" }, "geometry": { "type": "Point", "coordinates": [ -121.69140768237412, 44.019532157108188 ] } },
{ "type": "Feature", "properties": { "track_fid": 0, "track_seg_id": 0, "track_seg_point_id": 2514, "ele": 1851.0, "time": "2025-08-08T18:57:34Z" }, "geometry": { "type": "Point", "coordinates": [ -121.690591871738434, 44.019222529605031 ] } },
{ "type": "Feature", "properties": { "track_fid": 0, "track_seg_id": 0, "track_seg_point_id": 2515, "ele": 1850.800048828125, "time": "2025-08-08T18:57:37Z" }, "geometry": { "type": "Point", "coordinates": [ -121.689872536808252, 44.018810642883182 ] } },
{ "type": "Feature", "properties": { "track_fid": 0, "track_seg_id": 0, "track_seg_point_id": 2516, "ele": 1851.4000244140625, "time": "2025-08-08T18:57:40Z" }, "geometry": { "type": "Point", "coordinates": [ -121.689216233789921, 44.018357936292887 ] } },
{ "type": "Feature", "properties": { "track_fid": 0, "track_seg_id": 0, "track_seg_point_id": 2517, "ele": 1852.4000244140625, "time": "2025-08-08T18:57:42Z" }, "geometry": { "type": "Point", "coordinates": [ -121.688786493614316, 44.018058199435472 ] } },
{ "type": "Feature", "properties": { "track_fid": 0, "track_seg_id": 0, "track_seg_point_id": 2518, "ele": 1854.5999755859375, "time": "2025-08-08T18:57:45Z" }, "geometry": { "type": "Point", "coordinates": [ -121.688144356012344, 44.017618652433157 ] } },
{ "type": "Feature", "properties": { "track_fid": 0, "track_seg_id": 0, "track_seg_point_id": 2519, "ele": 1857.4000244140625, "time": "2025-08-08T18:57:48Z" }, "geometry": { "type": "Point", "coordinates": [ -121.687505571171641, 44.01718195527792 ] } },
{ "type": "Feature", "properties": { "track_fid": 0, "track_seg_id": 0, "track_seg_point_id": 2520, "ele": 1860.0, "time": "2025-08-08T18:57:51Z" }, "geometry": { "type": "Point", "coordinates": [ -121.686849854886532, 44.016736876219511 ] } },
{ "type": "Feature", "properties": { "track_fid": 0, "track_seg_id": 0, "track_seg_point_id": 2521, "ele": 1860.5999755859375, "time": "2025-08-08T18:57:52Z" }, "geometry": { "type": "Point", "coordinates": [ -121.68662647716701, 44.016586421057582 ] } },
{ "type": "Feature", "properties": { "track_fid": 0, "track_seg_id": 0, "track_seg_point_id": 2522, "ele": 1862.4000244140625, "time": "2025-08-08T18:57:55Z" }, "geometry": { "type": "Point", "coordinates": [ -121.68595558963716, 44.016130780801177 ] } },
{ "type": "Feature", "properties": { "track_fid": 0, "track_seg_id": 0, "track_seg_point_id": 2523, "ele": 1863.5999755859375, "time": "2025-08-08T18:57:58Z" }, "geometry": { "type": "Point", "coordinates": [ -121.685284785926342, 44.015678577125072 ] } },
{ "type": "Feature", "properties": { "track_fid": 0, "track_seg_id": 0, "track_seg_point_id": 2524, "ele": 1864.800048828125, "time": "2025-08-08T18:58:01Z" }, "geometry": { "type": "Point", "coordinates": [ -121.684621190652251, 44.015231654047966 ] } },
{ "type": "Feature", "properties": { "track_fid": 0, "track_seg_id": 0, "track_seg_point_id": 2525, "ele": 1865.4000244140625, "time": "2025-08-08T18:58:02Z" }, "geometry": { "type": "Point", "coordinates": [ -121.684399154037237, 44.015082372352481 ] } },
{ "type": "Feature", "properties": { "track_fid": 0, "track_seg_id": 0, "track_seg_point_id": 2526, "ele": 1866.800048828125, "time": "2025-08-08T18:58:05Z" }, "geometry": { "type": "Point", "coordinates": [ -121.68373522348702, 44.014635449275374 ] } },
{ "type": "Feature", "properties": { "track_fid": 0, "track_seg_id": 0, "track_seg_point_id": 2527, "ele": 1868.800048828125, "time": "2025-08-08T18:58:08Z" }, "geometry": { "type": "Point", "coordinates": [ -121.683074478060007, 44.014184838160872 ] } },
{ "type": "Feature", "properties": { "track_fid": 0, "track_seg_id": 0, "track_seg_point_id": 2528, "ele": 1871.4000244140625, "time": "2025-08-08T18:58:11Z" }, "geometry": { "type": "Point", "coordinates": [ -121.682408787310123, 44.013739675283432 ] } },
{ "type": "Feature", "properties": { "track_fid": 0, "track_seg_id": 0, "track_seg_point_id": 2529, "ele": 1874.800048828125, "time": "2025-08-08T18:58:14Z" }, "geometry": { "type": "Point", "coordinates": [ -121.681743431836367, 44.013293255120516 ] } },
{ "type": "Feature", "properties": { "track_fid": 0, "track_seg_id": 0, "track_seg_point_id": 2530, "ele": 1875.800048828125, "time": "2025-08-08T18:58:15Z" }, "geometry": { "type": "Point", "coordinates": [ -121.681523323059082, 44.013142799958587 ] } },
{ "type": "Feature", "properties": { "track_fid": 0, "track_seg_id": 0, "track_seg_point_id": 2531, "ele": 1878.5999755859375, "time": "2025-08-08T18:58:18Z" }, "geometry": { "type": "Point", "coordinates": [ -121.680871546268463, 44.012677017599344 ] } },
{ "type": "Feature", "properties": { "track_fid": 0, "track_seg_id": 0, "track_seg_point_id": 2532, "ele": 1880.4000244140625, "time": "2025-08-08T18:58:21Z" }, "geometry": { "type": "Point", "coordinates": [ -121.680251117795706, 44.012180222198367 ] } },
{ "type": "Feature", "properties": { "track_fid": 0, "track_seg_id": 0, "track_seg_point_id": 2533, "ele": 1881.800048828125, "time": "2025-08-08T18:58:24Z" }, "geometry": { "type": "Point", "coordinates": [ -121.679665977135301, 44.011672949418426 ] } },
{ "type": "Feature", "properties": { "track_fid": 0, "track_seg_id": 0, "track_seg_point_id": 2534, "ele": 1884.4000244140625, "time": "2025-08-08T18:58:27Z" }, "geometry": { "type": "Point", "coordinates": [ -121.679110256955028, 44.011167688295245 ] } },
{ "type": "Feature", "properties": { "track_fid": 0, "track_seg_id": 0, "track_seg_point_id": 2535, "ele": 1886.800048828125, "time": "2025-08-08T18:58:29Z" }, "geometry": { "type": "Point", "coordinates": [ -121.67874488979578, 44.010835848748684 ] } },
{ "type": "Feature", "properties": { "track_fid": 0, "track_seg_id": 0, "track_seg_point_id": 2536, "ele": 1891.800048828125, "time": "2025-08-08T18:58:32Z" }, "geometry": { "type": "Point", "coordinates": [ -121.678193276748061, 44.010337963700294 ] } },
{ "type": "Feature", "properties": { "track_fid": 0, "track_seg_id": 0, "track_seg_point_id": 2537, "ele": 1897.4000244140625, "time": "2025-08-08T18:58:35Z" }, "geometry": { "type": "Point", "coordinates": [ -121.67757268063724, 44.009864721447229 ] } },
{ "type": "Feature", "properties": { "track_fid": 0, "track_seg_id": 0, "track_seg_point_id": 2538, "ele": 1903.4000244140625, "time": "2025-08-08T18:58:38Z" }, "geometry": { "type": "Point", "coordinates": [ -121.67682115919888, 44.009465239942074 ] } },
{ "type": "Feature", "properties": { "track_fid": 0, "track_seg_id": 0, "track_seg_point_id": 2539, "ele": 1907.0, "time": "2025-08-08T18:58:40Z" }, "geometry": { "type": "Point", "coordinates": [ -121.676263678818941, 44.009258039295673 ] } },
{ "type": "Feature", "properties": { "track_fid": 0, "track_seg_id": 0, "track_seg_point_id": 2540, "ele": 1908.5999755859375, "time": "2025-08-08T18:58:41Z" }, "geometry": { "type": "Point", "coordinates": [ -121.675970982760191, 44.009175058454275 ] } },
{ "type": "Feature", "properties": { "track_fid": 0, "track_seg_id": 0, "track_seg_point_id": 2541, "ele": 1911.4000244140625, "time": "2025-08-08T18:58:43Z" }, "geometry": { "type": "Point", "coordinates": [ -121.67536798864603, 44.009046228602529 ] } },
{ "type": "Feature", "properties": { "track_fid": 0, "track_seg_id": 0, "track_seg_point_id": 2542, "ele": 1912.4000244140625, "time": "2025-08-08T18:58:44Z" }, "geometry": { "type": "Point", "coordinates": [ -121.67506255209446, 44.008993087336421 ] } },
{ "type": "Feature", "properties": { "track_fid": 0, "track_seg_id": 0, "track_seg_point_id": 2543, "ele": 1914.5999755859375, "time": "2025-08-08T18:58:46Z" }, "geometry": { "type": "Point", "coordinates": [ -121.67445226572454, 44.008897785097361 ] } },
{ "type": "Feature", "properties": { "track_fid": 0, "track_seg_id": 0, "track_seg_point_id": 2544, "ele": 1917.0, "time": "2025-08-08T18:58:49Z" }, "geometry": { "type": "Point", "coordinates": [ -121.673554396256804, 44.008757555857301 ] } },
{ "type": "Feature", "properties": { "track_fid": 0, "track_seg_id": 0, "track_seg_point_id": 2545, "ele": 1919.4000244140625, "time": "2025-08-08T18:58:52Z" }, "geometry": { "type": "Point", "coordinates": [ -121.672683265060186, 44.008597880601883 ] } },
{ "type": "Feature", "properties": { "track_fid": 0, "track_seg_id": 0, "track_seg_point_id": 2546, "ele": 1921.0, "time": "2025-08-08T18:58:55Z" }, "geometry": { "type": "Point", "coordinates": [ -121.671849936246872, 44.008367294445634 ] } },
{ "type": "Feature", "properties": { "track_fid": 0, "track_seg_id": 0, "track_seg_point_id": 2547, "ele": 1921.4000244140625, "time": "2025-08-08T18:58:58Z" }, "geometry": { "type": "Point", "coordinates": [ -121.671083830296993, 44.008007626980543 ] } },
{ "type": "Feature", "properties": { "track_fid": 0, "track_seg_id": 0, "track_seg_point_id": 2548, "ele": 1920.800048828125, "time": "2025-08-08T18:59:00Z" }, "geometry": { "type": "Point", "coordinates": [ -121.670639086514711, 44.007692048326135 ] } },
{ "type": "Feature", "properties": { "track_fid": 0, "track_seg_id": 0, "track_seg_point_id": 2549, "ele": 1920.4000244140625, "time": "2025-08-08T18:59:01Z" }, "geometry": { "type": "Point", "coordinates": [ -121.670439764857292, 44.007516028359532 ] } },
{ "type": "Feature", "properties": { "track_fid": 0, "track_seg_id": 0, "track_seg_point_id": 2550, "ele": 1919.5999755859375, "time": "2025-08-08T18:59:03Z" }, "geometry": { "type": "Point", "coordinates": [ -121.670078840106726, 44.007138423621655 ] } },
{ "type": "Feature", "properties": { "track_fid": 0, "track_seg_id": 0, "track_seg_point_id": 2551, "ele": 1919.199951171875, "time": "2025-08-08T18:59:04Z" }, "geometry": { "type": "Point", "coordinates": [ -121.669919416308403, 44.00694228708744 ] } },
{ "type": "Feature", "properties": { "track_fid": 0, "track_seg_id": 0, "track_seg_point_id": 2552, "ele": 1917.800048828125, "time": "2025-08-08T18:59:07Z" }, "geometry": { "type": "Point", "coordinates": [ -121.669468050822616, 44.006358571350574 ] } },
{ "type": "Feature", "properties": { "track_fid": 0, "track_seg_id": 0, "track_seg_point_id": 2553, "ele": 1917.4000244140625, "time": "2025-08-08T18:59:10Z" }, "geometry": { "type": "Point", "coordinates": [ -121.669024145230651, 44.005788518115878 ] } },
{ "type": "Feature", "properties": { "track_fid": 0, "track_seg_id": 0, "track_seg_point_id": 2554, "ele": 1917.199951171875, "time": "2025-08-08T18:59:13Z" }, "geometry": { "type": "Point", "coordinates": [ -121.668573366478086, 44.005221566185355 ] } },
{ "type": "Feature", "properties": { "track_fid": 0, "track_seg_id": 0, "track_seg_point_id": 2555, "ele": 1917.4000244140625, "time": "2025-08-08T18:59:16Z" }, "geometry": { "type": "Point", "coordinates": [ -121.668123928830028, 44.004650674760342 ] } },
{ "type": "Feature", "properties": { "track_fid": 0, "track_seg_id": 0, "track_seg_point_id": 2556, "ele": 1918.4000244140625, "time": "2025-08-08T18:59:19Z" }, "geometry": { "type": "Point", "coordinates": [ -121.667663427069783, 44.004081124439836 ] } },
{ "type": "Feature", "properties": { "track_fid": 0, "track_seg_id": 0, "track_seg_point_id": 2557, "ele": 1919.5999755859375, "time": "2025-08-08T18:59:22Z" }, "geometry": { "type": "Point", "coordinates": [ -121.667208541184664, 44.003514926880598 ] } },
{ "type": "Feature", "properties": { "track_fid": 0, "track_seg_id": 0, "track_seg_point_id": 2558, "ele": 1920.4000244140625, "time": "2025-08-08T18:59:24Z" }, "geometry": { "type": "Point", "coordinates": [ -121.666909893974662, 44.003136651590466 ] } },
{ "type": "Feature", "properties": { "track_fid": 0, "track_seg_id": 0, "track_seg_point_id": 2559, "ele": 1922.0, "time": "2025-08-08T18:59:27Z" }, "geometry": { "type": "Point", "coordinates": [ -121.666450146585703, 44.002561317756772 ] } },
{ "type": "Feature", "properties": { "track_fid": 0, "track_seg_id": 0, "track_seg_point_id": 2560, "ele": 1923.800048828125, "time": "2025-08-08T18:59:30Z" }, "geometry": { "type": "Point", "coordinates": [ -121.665989896282554, 44.0019865706563 ] } },
{ "type": "Feature", "properties": { "track_fid": 0, "track_seg_id": 0, "track_seg_point_id": 2561, "ele": 1925.5999755859375, "time": "2025-08-08T18:59:33Z" }, "geometry": { "type": "Point", "coordinates": [ -121.665536686778069, 44.001418696716428 ] } },
{ "type": "Feature", "properties": { "track_fid": 0, "track_seg_id": 0, "track_seg_point_id": 2562, "ele": 1927.0, "time": "2025-08-08T18:59:35Z" }, "geometry": { "type": "Point", "coordinates": [ -121.665233932435513, 44.001036398112774 ] } },
{ "type": "Feature", "properties": { "track_fid": 0, "track_seg_id": 0, "track_seg_point_id": 2563, "ele": 1928.5999755859375, "time": "2025-08-08T18:59:37Z" }, "geometry": { "type": "Point", "coordinates": [ -121.664916761219501, 44.000641023740172 ] } },
{ "type": "Feature", "properties": { "track_fid": 0, "track_seg_id": 0, "track_seg_point_id": 2564, "ele": 1930.800048828125, "time": "2025-08-08T18:59:39Z" }, "geometry": { "type": "Point", "coordinates": [ -121.664607468992472, 44.000236429274082 ] } },
{ "type": "Feature", "properties": { "track_fid": 0, "track_seg_id": 0, "track_seg_point_id": 2565, "ele": 1933.199951171875, "time": "2025-08-08T18:59:41Z" }, "geometry": { "type": "Point", "coordinates": [ -121.66429566219449, 43.99982345290482 ] } },
{ "type": "Feature", "properties": { "track_fid": 0, "track_seg_id": 0, "track_seg_point_id": 2566, "ele": 1934.4000244140625, "time": "2025-08-08T18:59:42Z" }, "geometry": { "type": "Point", "coordinates": [ -121.664136489853263, 43.999617258086801 ] } },
{ "type": "Feature", "properties": { "track_fid": 0, "track_seg_id": 0, "track_seg_point_id": 2567, "ele": 1936.4000244140625, "time": "2025-08-08T18:59:44Z" }, "geometry": { "type": "Point", "coordinates": [ -121.663805488497019, 43.999204952269793 ] } },
{ "type": "Feature", "properties": { "track_fid": 0, "track_seg_id": 0, "track_seg_point_id": 2568, "ele": 1938.199951171875, "time": "2025-08-08T18:59:46Z" }, "geometry": { "type": "Point", "coordinates": [ -121.663464428856969, 43.998789042234421 ] } },
{ "type": "Feature", "properties": { "track_fid": 0, "track_seg_id": 0, "track_seg_point_id": 2569, "ele": 1939.5999755859375, "time": "2025-08-08T18:59:48Z" }, "geometry": { "type": "Point", "coordinates": [ -121.663120519369841, 43.998371120542288 ] } },
{ "type": "Feature", "properties": { "track_fid": 0, "track_seg_id": 0, "track_seg_point_id": 2570, "ele": 1940.199951171875, "time": "2025-08-08T18:59:49Z" }, "geometry": { "type": "Point", "coordinates": [ -121.66295045055449, 43.998160483315587 ] } },
{ "type": "Feature", "properties": { "track_fid": 0, "track_seg_id": 0, "track_seg_point_id": 2571, "ele": 1941.5999755859375, "time": "2025-08-08T18:59:51Z" }, "geometry": { "type": "Point", "coordinates": [ -121.662618778645992, 43.997737448662519 ] } },
{ "type": "Feature", "properties": { "track_fid": 0, "track_seg_id": 0, "track_seg_point_id": 2572, "ele": 1942.800048828125, "time": "2025-08-08T18:59:53Z" }, "geometry": { "type": "Point", "coordinates": [ -121.6622902918607, 43.997320365160704 ] } },
{ "type": "Feature", "properties": { "track_fid": 0, "track_seg_id": 0, "track_seg_point_id": 2573, "ele": 1944.199951171875, "time": "2025-08-08T18:59:55Z" }, "geometry": { "type": "Point", "coordinates": [ -121.661960799247026, 43.996907472610474 ] } },
{ "type": "Feature", "properties": { "track_fid": 0, "track_seg_id": 0, "track_seg_point_id": 2574, "ele": 1945.4000244140625, "time": "2025-08-08T18:59:57Z" }, "geometry": { "type": "Point", "coordinates": [ -121.661629630252719, 43.9964968431741 ] } },
{ "type": "Feature", "properties": { "track_fid": 0, "track_seg_id": 0, "track_seg_point_id": 2575, "ele": 1946.5999755859375, "time": "2025-08-08T18:59:59Z" }, "geometry": { "type": "Point", "coordinates": [ -121.661294689401984, 43.996088560670614 ] } },
{ "type": "Feature", "properties": { "track_fid": 0, "track_seg_id": 0, "track_seg_point_id": 2576, "ele": 1948.4000244140625, "time": "2025-08-08T19:00:01Z" }, "geometry": { "type": "Point", "coordinates": [ -121.660946169868112, 43.995682960376143 ] } },
{ "type": "Feature", "properties": { "track_fid": 0, "track_seg_id": 0, "track_seg_point_id": 2577, "ele": 1949.5999755859375, "time": "2025-08-08T19:00:03Z" }, "geometry": { "type": "Point", "coordinates": [ -121.660582227632403, 43.995283646509051 ] } },
{ "type": "Feature", "properties": { "track_fid": 0, "track_seg_id": 0, "track_seg_point_id": 2578, "ele": 1950.199951171875, "time": "2025-08-08T19:00:05Z" }, "geometry": { "type": "Point", "coordinates": [ -121.660196157172322, 43.994890619069338 ] } },
{ "type": "Feature", "properties": { "track_fid": 0, "track_seg_id": 0, "track_seg_point_id": 2579, "ele": 1950.4000244140625, "time": "2025-08-08T19:00:07Z" }, "geometry": { "type": "Point", "coordinates": [ -121.659784354269505, 43.994508152827621 ] } },
{ "type": "Feature", "properties": { "track_fid": 0, "track_seg_id": 0, "track_seg_point_id": 2580, "ele": 1950.199951171875, "time": "2025-08-08T19:00:09Z" }, "geometry": { "type": "Point", "coordinates": [ -121.65935218334198, 43.994135828688741 ] } },
{ "type": "Feature", "properties": { "track_fid": 0, "track_seg_id": 0, "track_seg_point_id": 2581, "ele": 1950.0, "time": "2025-08-08T19:00:10Z" }, "geometry": { "type": "Point", "coordinates": [ -121.659131236374378, 43.993952348828316 ] } },
{ "type": "Feature", "properties": { "track_fid": 0, "track_seg_id": 0, "track_seg_point_id": 2582, "ele": 1949.0, "time": "2025-08-08T19:00:12Z" }, "geometry": { "type": "Point", "coordinates": [ -121.658682134002447, 43.993588238954544 ] } },
{ "type": "Feature", "properties": { "track_fid": 0, "track_seg_id": 0, "track_seg_point_id": 2583, "ele": 1947.800048828125, "time": "2025-08-08T19:00:14Z" }, "geometry": { "type": "Point", "coordinates": [ -121.658230936154723, 43.993226224556565 ] } },
{ "type": "Feature", "properties": { "track_fid": 0, "track_seg_id": 0, "track_seg_point_id": 2584, "ele": 1946.800048828125, "time": "2025-08-08T19:00:16Z" }, "geometry": { "type": "Point", "coordinates": [ -121.657779570668936, 43.992864964529872 ] } },
{ "type": "Feature", "properties": { "track_fid": 0, "track_seg_id": 0, "track_seg_point_id": 2585, "ele": 1945.800048828125, "time": "2025-08-08T19:00:18Z" }, "geometry": { "type": "Point", "coordinates": [ -121.657330552116036, 43.992508398368955 ] } },
{ "type": "Feature", "properties": { "track_fid": 0, "track_seg_id": 0, "track_seg_point_id": 2586, "ele": 1945.4000244140625, "time": "2025-08-08T19:00:19Z" }, "geometry": { "type": "Point", "coordinates": [ -121.657105078920722, 43.992331875488162 ] } },
{ "type": "Feature", "properties": { "track_fid": 0, "track_seg_id": 0, "track_seg_point_id": 2587, "ele": 1944.5999755859375, "time": "2025-08-08T19:00:21Z" }, "geometry": { "type": "Point", "coordinates": [ -121.656652120873332, 43.991982769221067 ] } },
{ "type": "Feature", "properties": { "track_fid": 0, "track_seg_id": 0, "track_seg_point_id": 2588, "ele": 1944.0, "time": "2025-08-08T19:00:23Z" }, "geometry": { "type": "Point", "coordinates": [ -121.656195977702737, 43.991635255515575 ] } },
{ "type": "Feature", "properties": { "track_fid": 0, "track_seg_id": 0, "track_seg_point_id": 2589, "ele": 1943.4000244140625, "time": "2025-08-08T19:00:25Z" }, "geometry": { "type": "Point", "coordinates": [ -121.655716532841325, 43.9913041703403 ] } },
{ "type": "Feature", "properties": { "track_fid": 0, "track_seg_id": 0, "track_seg_point_id": 2590, "ele": 1943.0, "time": "2025-08-08T19:00:26Z" }, "geometry": { "type": "Point", "coordinates": [ -121.655463567003608, 43.991148853674531 ] } },
{ "type": "Feature", "properties": { "track_fid": 0, "track_seg_id": 0, "track_seg_point_id": 2591, "ele": 1942.0, "time": "2025-08-08T19:00:28Z" }, "geometry": { "type": "Point", "coordinates": [ -121.654930477961898, 43.990860432386398 ] } },
{ "type": "Feature", "properties": { "track_fid": 0, "track_seg_id": 0, "track_seg_point_id": 2592, "ele": 1941.199951171875, "time": "2025-08-08T19:00:30Z" }, "geometry": { "type": "Point", "coordinates": [ -121.654365537688136, 43.990601263940334 ] } },
{ "type": "Feature", "properties": { "track_fid": 0, "track_seg_id": 0, "track_seg_point_id": 2593, "ele": 1940.199951171875, "time": "2025-08-08T19:00:32Z" }, "geometry": { "type": "Point", "coordinates": [ -121.653779558837414, 43.990366738289595 ] } },
{ "type": "Feature", "properties": { "track_fid": 0, "track_seg_id": 0, "track_seg_point_id": 2594, "ele": 1939.199951171875, "time": "2025-08-08T19:00:34Z" }, "geometry": { "type": "Point", "coordinates": [ -121.653180839493871, 43.990148892626166 ] } },
{ "type": "Feature", "properties": { "track_fid": 0, "track_seg_id": 0, "track_seg_point_id": 2595, "ele": 1938.4000244140625, "time": "2025-08-08T19:00:36Z" }, "geometry": { "type": "Point", "coordinates": [ -121.652581030502915, 43.989932639524341 ] } },
{ "type": "Feature", "properties": { "track_fid": 0, "track_seg_id": 0, "track_seg_point_id": 2596, "ele": 1937.5999755859375, "time": "2025-08-08T19:00:38Z" }, "geometry": { "type": "Point", "coordinates": [ -121.651990190148354, 43.989706244319677 ] } },
{ "type": "Feature", "properties": { "track_fid": 0, "track_seg_id": 0, "track_seg_point_id": 2597, "ele": 1936.5999755859375, "time": "2025-08-08T19:00:40Z" }, "geometry": { "type": "Point", "coordinates": [ -121.651422651484609, 43.989454535767436 ] } },
{ "type": "Feature", "properties": { "track_fid": 0, "track_seg_id": 0, "track_seg_point_id": 2598, "ele": 1935.199951171875, "time": "2025-08-08T19:00:42Z" }, "geometry": { "type": "Point", "coordinates": [ -121.650892160832882, 43.989166868850589 ] } },
{ "type": "Feature", "properties": { "track_fid": 0, "track_seg_id": 0, "track_seg_point_id": 2599, "ele": 1934.4000244140625, "time": "2025-08-08T19:00:43Z" }, "geometry": { "type": "Point", "coordinates": [ -121.650642631575465, 43.989009959623218 ] } },
{ "type": "Feature", "properties": { "track_fid": 0, "track_seg_id": 0, "track_seg_point_id": 2600, "ele": 1932.4000244140625, "time": "2025-08-08T19:00:45Z" }, "geometry": { "type": "Point", "coordinates": [ -121.650160839781165, 43.988681472837925 ] } },
{ "type": "Feature", "properties": { "track_fid": 0, "track_seg_id": 0, "track_seg_point_id": 2601, "ele": 1930.4000244140625, "time": "2025-08-08T19:00:47Z" }, "geometry": { "type": "Point", "coordinates": [ -121.649687346071005, 43.988343263044953 ] } },
{ "type": "Feature", "properties": { "track_fid": 0, "track_seg_id": 0, "track_seg_point_id": 2602, "ele": 1928.0, "time": "2025-08-08T19:00:49Z" }, "geometry": { "type": "Point", "coordinates": [ -121.6492092423141, 43.988002957776189 ] } },
{ "type": "Feature", "properties": { "track_fid": 0, "track_seg_id": 0, "track_seg_point_id": 2603, "ele": 1925.5999755859375, "time": "2025-08-08T19:00:51Z" }, "geometry": { "type": "Point", "coordinates": [ -121.648725187405944, 43.987662736326456 ] } },
{ "type": "Feature", "properties": { "track_fid": 0, "track_seg_id": 0, "track_seg_point_id": 2604, "ele": 1922.800048828125, "time": "2025-08-08T19:00:53Z" }, "geometry": { "type": "Point", "coordinates": [ -121.648225793614984, 43.987333327531815 ] } },
{ "type": "Feature", "properties": { "track_fid": 0, "track_seg_id": 0, "track_seg_point_id": 2605, "ele": 1919.5999755859375, "time": "2025-08-08T19:00:55Z" }, "geometry": { "type": "Point", "coordinates": [ -121.647688765078783, 43.987032920122147 ] } },
{ "type": "Feature", "properties": { "track_fid": 0, "track_seg_id": 0, "track_seg_point_id": 2606, "ele": 1916.4000244140625, "time": "2025-08-08T19:00:57Z" }, "geometry": { "type": "Point", "coordinates": [ -121.647105133160949, 43.986775176599622 ] } },
{ "type": "Feature", "properties": { "track_fid": 0, "track_seg_id": 0, "track_seg_point_id": 2607, "ele": 1914.800048828125, "time": "2025-08-08T19:00:58Z" }, "geometry": { "type": "Point", "coordinates": [ -121.646796762943268, 43.98666663095355 ] } },
{ "type": "Feature", "properties": { "track_fid": 0, "track_seg_id": 0, "track_seg_point_id": 2608, "ele": 1911.5999755859375, "time": "2025-08-08T19:01:00Z" }, "geometry": { "type": "Point", "coordinates": [ -121.646152278408408, 43.986489437520504 ] } },
{ "type": "Feature", "properties": { "track_fid": 0, "track_seg_id": 0, "track_seg_point_id": 2609, "ele": 1909.800048828125, "time": "2025-08-08T19:01:01Z" }, "geometry": { "type": "Point", "coordinates": [ -121.645824043080211, 43.98641592822969 ] } },
{ "type": "Feature", "properties": { "track_fid": 0, "track_seg_id": 0, "track_seg_point_id": 2610, "ele": 1906.5999755859375, "time": "2025-08-08T19:01:03Z" }, "geometry": { "type": "Point", "coordinates": [ -121.645167488604784, 43.986286679282784 ] } },
{ "type": "Feature", "properties": { "track_fid": 0, "track_seg_id": 0, "track_seg_point_id": 2611, "ele": 1903.5999755859375, "time": "2025-08-08T19:01:05Z" }, "geometry": { "type": "Point", "coordinates": [ -121.644518561661243, 43.986157346516848 ] } },
{ "type": "Feature", "properties": { "track_fid": 0, "track_seg_id": 0, "track_seg_point_id": 2612, "ele": 1900.5999755859375, "time": "2025-08-08T19:01:07Z" }, "geometry": { "type": "Point", "coordinates": [ -121.643880950286984, 43.986013345420361 ] } },
{ "type": "Feature", "properties": { "track_fid": 0, "track_seg_id": 0, "track_seg_point_id": 2613, "ele": 1897.5999755859375, "time": "2025-08-08T19:01:09Z" }, "geometry": { "type": "Point", "coordinates": [ -121.643272927030921, 43.985827937722206 ] } },
{ "type": "Feature", "properties": { "track_fid": 0, "track_seg_id": 0, "track_seg_point_id": 2614, "ele": 1896.199951171875, "time": "2025-08-08T19:01:10Z" }, "geometry": { "type": "Point", "coordinates": [ -121.642982577905059, 43.985719727352262 ] } },
{ "type": "Feature", "properties": { "track_fid": 0, "track_seg_id": 0, "track_seg_point_id": 2615, "ele": 1893.4000244140625, "time": "2025-08-08T19:01:12Z" }, "geometry": { "type": "Point", "coordinates": [ -121.64242316968739, 43.985478244721889 ] } },
{ "type": "Feature", "properties": { "track_fid": 0, "track_seg_id": 0, "track_seg_point_id": 2616, "ele": 1890.5999755859375, "time": "2025-08-08T19:01:14Z" }, "geometry": { "type": "Point", "coordinates": [ -121.641876250505447, 43.985221339389682 ] } },
{ "type": "Feature", "properties": { "track_fid": 0, "track_seg_id": 0, "track_seg_point_id": 2617, "ele": 1887.800048828125, "time": "2025-08-08T19:01:16Z" }, "geometry": { "type": "Point", "coordinates": [ -121.641323631629348, 43.984969966113567 ] } },
{ "type": "Feature", "properties": { "track_fid": 0, "track_seg_id": 0, "track_seg_point_id": 2618, "ele": 1885.0, "time": "2025-08-08T19:01:18Z" }, "geometry": { "type": "Point", "coordinates": [ -121.640738323330879, 43.98474826477468 ] } },
{ "type": "Feature", "properties": { "track_fid": 0, "track_seg_id": 0, "track_seg_point_id": 2619, "ele": 1881.800048828125, "time": "2025-08-08T19:01:20Z" }, "geometry": { "type": "Point", "coordinates": [ -121.64011194370687, 43.984566293656826 ] } },
{ "type": "Feature", "properties": { "track_fid": 0, "track_seg_id": 0, "track_seg_point_id": 2620, "ele": 1880.199951171875, "time": "2025-08-08T19:01:21Z" }, "geometry": { "type": "Point", "coordinates": [ -121.639783121645451, 43.98449563421309 ] } },
{ "type": "Feature", "properties": { "track_fid": 0, "track_seg_id": 0, "track_seg_point_id": 2621, "ele": 1876.800048828125, "time": "2025-08-08T19:01:23Z" }, "geometry": { "type": "Point", "coordinates": [ -121.639108965173364, 43.98439253680408 ] } },
{ "type": "Feature", "properties": { "track_fid": 0, "track_seg_id": 0, "track_seg_point_id": 2622, "ele": 1875.0, "time": "2025-08-08T19:01:24Z" }, "geometry": { "type": "Point", "coordinates": [ -121.638765726238489, 43.984361439943314 ] } },
{ "type": "Feature", "properties": { "track_fid": 0, "track_seg_id": 0, "track_seg_point_id": 2623, "ele": 1871.5999755859375, "time": "2025-08-08T19:01:26Z" }, "geometry": { "type": "Point", "coordinates": [ -121.63807924836874, 43.984338389709592 ] } },
{ "type": "Feature", "properties": { "track_fid": 0, "track_seg_id": 0, "track_seg_point_id": 2624, "ele": 1868.199951171875, "time": "2025-08-08T19:01:28Z" }, "geometry": { "type": "Point", "coordinates": [ -121.637403331696987, 43.984331097453833 ] } },
{ "type": "Feature", "properties": { "track_fid": 0, "track_seg_id": 0, "track_seg_point_id": 2625, "ele": 1865.0, "time": "2025-08-08T19:01:30Z" }, "geometry": { "type": "Point", "coordinates": [ -121.63673403672874, 43.984316596761346 ] } },
{ "type": "Feature", "properties": { "track_fid": 0, "track_seg_id": 0, "track_seg_point_id": 2626, "ele": 1862.0, "time": "2025-08-08T19:01:32Z" }, "geometry": { "type": "Point", "coordinates": [ -121.636071698740125, 43.984284996986389 ] } },
{ "type": "Feature", "properties": { "track_fid": 0, "track_seg_id": 0, "track_seg_point_id": 2627, "ele": 1860.4000244140625, "time": "2025-08-08T19:01:33Z" }, "geometry": { "type": "Point", "coordinates": [ -121.635745894163847, 43.98425817489624 ] } },
{ "type": "Feature", "properties": { "track_fid": 0, "track_seg_id": 0, "track_seg_point_id": 2628, "ele": 1857.4000244140625, "time": "2025-08-08T19:01:35Z" }, "geometry": { "type": "Point", "coordinates": [ -121.635102331638336, 43.984184246510267 ] } },
{ "type": "Feature", "properties": { "track_fid": 0, "track_seg_id": 0, "track_seg_point_id": 2629, "ele": 1854.199951171875, "time": "2025-08-08T19:01:37Z" }, "geometry": { "type": "Point", "coordinates": [ -121.634462121874094, 43.984082154929638 ] } },
{ "type": "Feature", "properties": { "track_fid": 0, "track_seg_id": 0, "track_seg_point_id": 2630, "ele": 1851.199951171875, "time": "2025-08-08T19:01:39Z" }, "geometry": { "type": "Point", "coordinates": [ -121.633828366175294, 43.983952654525638 ] } },
{ "type": "Feature", "properties": { "track_fid": 0, "track_seg_id": 0, "track_seg_point_id": 2631, "ele": 1848.5999755859375, "time": "2025-08-08T19:01:41Z" }, "geometry": { "type": "Point", "coordinates": [ -121.633203327655792, 43.983797756955028 ] } },
{ "type": "Feature", "properties": { "track_fid": 0, "track_seg_id": 0, "track_seg_point_id": 2632, "ele": 1846.4000244140625, "time": "2025-08-08T19:01:43Z" }, "geometry": { "type": "Point", "coordinates": [ -121.632579127326608, 43.9836385846138 ] } },
{ "type": "Feature", "properties": { "track_fid": 0, "track_seg_id": 0, "track_seg_point_id": 2633, "ele": 1844.199951171875, "time": "2025-08-08T19:01:45Z" }, "geometry": { "type": "Point", "coordinates": [ -121.631947131827474, 43.983480921015143 ] } },
{ "type": "Feature", "properties": { "track_fid": 0, "track_seg_id": 0, "track_seg_point_id": 2634, "ele": 1842.5999755859375, "time": "2025-08-08T19:01:47Z" }, "geometry": { "type": "Point", "coordinates": [ -121.631302982568741, 43.983324347063899 ] } },
{ "type": "Feature", "properties": { "track_fid": 0, "track_seg_id": 0, "track_seg_point_id": 2635, "ele": 1841.0, "time": "2025-08-08T19:01:49Z" }, "geometry": { "type": "Point", "coordinates": [ -121.630648523569107, 43.983175987377763 ] } },
{ "type": "Feature", "properties": { "track_fid": 0, "track_seg_id": 0, "track_seg_point_id": 2636, "ele": 1840.0, "time": "2025-08-08T19:01:50Z" }, "geometry": { "type": "Point", "coordinates": [ -121.630319450050592, 43.983107088133693 ] } },
{ "type": "Feature", "properties": { "track_fid": 0, "track_seg_id": 0, "track_seg_point_id": 2637, "ele": 1838.4000244140625, "time": "2025-08-08T19:01:52Z" }, "geometry": { "type": "Point", "coordinates": [ -121.629656357690692, 43.982981778681278 ] } },
{ "type": "Feature", "properties": { "track_fid": 0, "track_seg_id": 0, "track_seg_point_id": 2638, "ele": 1836.5999755859375, "time": "2025-08-08T19:01:54Z" }, "geometry": { "type": "Point", "coordinates": [ -121.628992594778538, 43.982872143387794 ] } },
{ "type": "Feature", "properties": { "track_fid": 0, "track_seg_id": 0, "track_seg_point_id": 2639, "ele": 1835.5999755859375, "time": "2025-08-08T19:01:55Z" }, "geometry": { "type": "Point", "coordinates": [ -121.628659162670374, 43.982822522521019 ] } },
{ "type": "Feature", "properties": { "track_fid": 0, "track_seg_id": 0, "track_seg_point_id": 2640, "ele": 1833.199951171875, "time": "2025-08-08T19:01:57Z" }, "geometry": { "type": "Point", "coordinates": [ -121.627990119159222, 43.982735266909003 ] } },
{ "type": "Feature", "properties": { "track_fid": 0, "track_seg_id": 0, "track_seg_point_id": 2641, "ele": 1830.4000244140625, "time": "2025-08-08T19:01:59Z" }, "geometry": { "type": "Point", "coordinates": [ -121.627317387610674, 43.982662679627538 ] } },
{ "type": "Feature", "properties": { "track_fid": 0, "track_seg_id": 0, "track_seg_point_id": 2642, "ele": 1829.0, "time": "2025-08-08T19:02:00Z" }, "geometry": { "type": "Point", "coordinates": [ -121.626978171989322, 43.982631834223866 ] } },
{ "type": "Feature", "properties": { "track_fid": 0, "track_seg_id": 0, "track_seg_point_id": 2643, "ele": 1826.0, "time": "2025-08-08T19:02:02Z" }, "geometry": { "type": "Point", "coordinates": [ -121.626296723261476, 43.982582716271281 ] } },
{ "type": "Feature", "properties": { "track_fid": 0, "track_seg_id": 0, "track_seg_point_id": 2644, "ele": 1822.5999755859375, "time": "2025-08-08T19:02:04Z" }, "geometry": { "type": "Point", "coordinates": [ -121.625610496848822, 43.982549859210849 ] } },
{ "type": "Feature", "properties": { "track_fid": 0, "track_seg_id": 0, "track_seg_point_id": 2645, "ele": 1821.0, "time": "2025-08-08T19:02:05Z" }, "geometry": { "type": "Point", "coordinates": [ -121.625267844647169, 43.982538040727377 ] } },
{ "type": "Feature", "properties": { "track_fid": 0, "track_seg_id": 0, "track_seg_point_id": 2646, "ele": 1817.800048828125, "time": "2025-08-08T19:02:07Z" }, "geometry": { "type": "Point", "coordinates": [ -121.624586982652545, 43.982521779835224 ] } },
{ "type": "Feature", "properties": { "track_fid": 0, "track_seg_id": 0, "track_seg_point_id": 2647, "ele": 1814.4000244140625, "time": "2025-08-08T19:02:09Z" }, "geometry": { "type": "Point", "coordinates": [ -121.623913580551744, 43.982509961351752 ] } },
{ "type": "Feature", "properties": { "track_fid": 0, "track_seg_id": 0, "track_seg_point_id": 2648, "ele": 1811.4000244140625, "time": "2025-08-08T19:02:11Z" }, "geometry": { "type": "Point", "coordinates": [ -121.62324445322156, 43.982496969401836 ] } },
{ "type": "Feature", "properties": { "track_fid": 0, "track_seg_id": 0, "track_seg_point_id": 2649, "ele": 1809.0, "time": "2025-08-08T19:02:13Z" }, "geometry": { "type": "Point", "coordinates": [ -121.622584294527769, 43.98248104378581 ] } },
{ "type": "Feature", "properties": { "track_fid": 0, "track_seg_id": 0, "track_seg_point_id": 2650, "ele": 1807.4000244140625, "time": "2025-08-08T19:02:15Z" }, "geometry": { "type": "Point", "coordinates": [ -121.621934780851007, 43.982464279979467 ] } },
{ "type": "Feature", "properties": { "track_fid": 0, "track_seg_id": 0, "track_seg_point_id": 2651, "ele": 1806.5999755859375, "time": "2025-08-08T19:02:17Z" }, "geometry": { "type": "Point", "coordinates": [ -121.621294990181923, 43.982447851449251 ] } },
{ "type": "Feature", "properties": { "track_fid": 0, "track_seg_id": 0, "track_seg_point_id": 2652, "ele": 1806.4000244140625, "time": "2025-08-08T19:02:19Z" }, "geometry": { "type": "Point", "coordinates": [ -121.620655786246061, 43.982432931661606 ] } },
{ "type": "Feature", "properties": { "track_fid": 0, "track_seg_id": 0, "track_seg_point_id": 2653, "ele": 1806.199951171875, "time": "2025-08-08T19:02:21Z" }, "geometry": { "type": "Point", "coordinates": [ -121.620003674179316, 43.982410384342074 ] } },
{ "type": "Feature", "properties": { "track_fid": 0, "track_seg_id": 0, "track_seg_point_id": 2654, "ele": 1806.4000244140625, "time": "2025-08-08T19:02:23Z" }, "geometry": { "type": "Point", "coordinates": [ -121.619344102218747, 43.982368977740407 ] } },
{ "type": "Feature", "properties": { "track_fid": 0, "track_seg_id": 0, "track_seg_point_id": 2655, "ele": 1806.4000244140625, "time": "2025-08-08T19:02:25Z" }, "geometry": { "type": "Point", "coordinates": [ -121.618682853877544, 43.982311729341745 ] } },
{ "type": "Feature", "properties": { "track_fid": 0, "track_seg_id": 0, "track_seg_point_id": 2656, "ele": 1806.4000244140625, "time": "2025-08-08T19:02:26Z" }, "geometry": { "type": "Point", "coordinates": [ -121.618352271616459, 43.982278872281313 ] } },
{ "type": "Feature", "properties": { "track_fid": 0, "track_seg_id": 0, "track_seg_point_id": 2657, "ele": 1806.4000244140625, "time": "2025-08-08T19:02:28Z" }, "geometry": { "type": "Point", "coordinates": [ -121.617692364379764, 43.982208296656609 ] } },
{ "type": "Feature", "properties": { "track_fid": 0, "track_seg_id": 0, "track_seg_point_id": 2658, "ele": 1806.5999755859375, "time": "2025-08-08T19:02:30Z" }, "geometry": { "type": "Point", "coordinates": [ -121.617031786590815, 43.982138726860285 ] } },
{ "type": "Feature", "properties": { "track_fid": 0, "track_seg_id": 0, "track_seg_point_id": 2659, "ele": 1806.800048828125, "time": "2025-08-08T19:02:32Z" }, "geometry": { "type": "Point", "coordinates": [ -121.616369783878326, 43.982073683291674 ] } },
{ "type": "Feature", "properties": { "track_fid": 0, "track_seg_id": 0, "track_seg_point_id": 2660, "ele": 1807.0, "time": "2025-08-08T19:02:34Z" }, "geometry": { "type": "Point", "coordinates": [ -121.61570786498487, 43.982020961120725 ] } },
{ "type": "Feature", "properties": { "track_fid": 0, "track_seg_id": 0, "track_seg_point_id": 2661, "ele": 1807.0, "time": "2025-08-08T19:02:36Z" }, "geometry": { "type": "Point", "coordinates": [ -121.61504334770143, 43.98198994807899 ] } },
{ "type": "Feature", "properties": { "track_fid": 0, "track_seg_id": 0, "track_seg_point_id": 2662, "ele": 1807.0, "time": "2025-08-08T19:02:38Z" }, "geometry": { "type": "Point", "coordinates": [ -121.614376483485103, 43.981991456821561 ] } },
{ "type": "Feature", "properties": { "track_fid": 0, "track_seg_id": 0, "track_seg_point_id": 2663, "ele": 1806.800048828125, "time": "2025-08-08T19:02:40Z" }, "geometry": { "type": "Point", "coordinates": [ -121.613712050020695, 43.982021883130074 ] } },
{ "type": "Feature", "properties": { "track_fid": 0, "track_seg_id": 0, "track_seg_point_id": 2664, "ele": 1806.800048828125, "time": "2025-08-08T19:02:42Z" }, "geometry": { "type": "Point", "coordinates": [ -121.613052561879158, 43.982081897556782 ] } },
{ "type": "Feature", "properties": { "track_fid": 0, "track_seg_id": 0, "track_seg_point_id": 2665, "ele": 1807.0, "time": "2025-08-08T19:02:44Z" }, "geometry": { "type": "Point", "coordinates": [ -121.612401539459825, 43.982171919196844 ] } },
{ "type": "Feature", "properties": { "track_fid": 0, "track_seg_id": 0, "track_seg_point_id": 2666, "ele": 1807.199951171875, "time": "2025-08-08T19:02:46Z" }, "geometry": { "type": "Point", "coordinates": [ -121.611760072410107, 43.982290858402848 ] } },
{ "type": "Feature", "properties": { "track_fid": 0, "track_seg_id": 0, "track_seg_point_id": 2667, "ele": 1807.4000244140625, "time": "2025-08-08T19:02:48Z" }, "geometry": { "type": "Point", "coordinates": [ -121.611130759119987, 43.982438379898667 ] } },
{ "type": "Feature", "properties": { "track_fid": 0, "track_seg_id": 0, "track_seg_point_id": 2668, "ele": 1807.4000244140625, "time": "2025-08-08T19:02:50Z" }, "geometry": { "type": "Point", "coordinates": [ -121.610509492456913, 43.982607275247574 ] } },
{ "type": "Feature", "properties": { "track_fid": 0, "track_seg_id": 0, "track_seg_point_id": 2669, "ele": 1807.5999755859375, "time": "2025-08-08T19:02:52Z" }, "geometry": { "type": "Point", "coordinates": [ -121.609891746193171, 43.982783379033208 ] } },
{ "type": "Feature", "properties": { "track_fid": 0, "track_seg_id": 0, "track_seg_point_id": 2670, "ele": 1807.199951171875, "time": "2025-08-08T19:02:54Z" }, "geometry": { "type": "Point", "coordinates": [ -121.609271485358477, 43.982961075380445 ] } },
{ "type": "Feature", "properties": { "track_fid": 0, "track_seg_id": 0, "track_seg_point_id": 2671, "ele": 1806.5999755859375, "time": "2025-08-08T19:02:56Z" }, "geometry": { "type": "Point", "coordinates": [ -121.608646027743816, 43.983135083690286 ] } },
{ "type": "Feature", "properties": { "track_fid": 0, "track_seg_id": 0, "track_seg_point_id": 2672, "ele": 1805.4000244140625, "time": "2025-08-08T19:02:58Z" }, "geometry": { "type": "Point", "coordinates": [ -121.608010176569223, 43.983292076736689 ] } },
{ "type": "Feature", "properties": { "track_fid": 0, "track_seg_id": 0, "track_seg_point_id": 2673, "ele": 1804.800048828125, "time": "2025-08-08T19:02:59Z" }, "geometry": { "type": "Point", "coordinates": [ -121.607687724754214, 43.983362317085266 ] } },
{ "type": "Feature", "properties": { "track_fid": 0, "track_seg_id": 0, "track_seg_point_id": 2674, "ele": 1803.0, "time": "2025-08-08T19:03:01Z" }, "geometry": { "type": "Point", "coordinates": [ -121.607032092288136, 43.983483184129 ] } },
{ "type": "Feature", "properties": { "track_fid": 0, "track_seg_id": 0, "track_seg_point_id": 2675, "ele": 1801.0, "time": "2025-08-08T19:03:03Z" }, "geometry": { "type": "Point", "coordinates": [ -121.606368748471141, 43.983583683148026 ] } },
{ "type": "Feature", "properties": { "track_fid": 0, "track_seg_id": 0, "track_seg_point_id": 2676, "ele": 1798.4000244140625, "time": "2025-08-08T19:03:05Z" }, "geometry": { "type": "Point", "coordinates": [ -121.60570414736867, 43.983678063377738 ] } },
{ "type": "Feature", "properties": { "track_fid": 0, "track_seg_id": 0, "track_seg_point_id": 2677, "ele": 1795.199951171875, "time": "2025-08-08T19:03:07Z" }, "geometry": { "type": "Point", "coordinates": [ -121.605035858228803, 43.983770348131657 ] } },
{ "type": "Feature", "properties": { "track_fid": 0, "track_seg_id": 0, "track_seg_point_id": 2678, "ele": 1792.4000244140625, "time": "2025-08-08T19:03:09Z" }, "geometry": { "type": "Point", "coordinates": [ -121.604360193014145, 43.983850227668881 ] } },
{ "type": "Feature", "properties": { "track_fid": 0, "track_seg_id": 0, "track_seg_point_id": 2679, "ele": 1791.199951171875, "time": "2025-08-08T19:03:10Z" }, "geometry": { "type": "Point", "coordinates": [ -121.604019552469254, 43.983880821615458 ] } },
{ "type": "Feature", "properties": { "track_fid": 0, "track_seg_id": 0, "track_seg_point_id": 2680, "ele": 1789.4000244140625, "time": "2025-08-08T19:03:12Z" }, "geometry": { "type": "Point", "coordinates": [ -121.603339780122042, 43.983915941789746 ] } },
{ "type": "Feature", "properties": { "track_fid": 0, "track_seg_id": 0, "track_seg_point_id": 2681, "ele": 1788.4000244140625, "time": "2025-08-08T19:03:14Z" }, "geometry": { "type": "Point", "coordinates": [ -121.602668724954128, 43.983917534351349 ] } },
{ "type": "Feature", "properties": { "track_fid": 0, "track_seg_id": 0, "track_seg_point_id": 2682, "ele": 1788.0, "time": "2025-08-08T19:03:16Z" }, "geometry": { "type": "Point", "coordinates": [ -121.602002279832959, 43.983889287337661 ] } },
{ "type": "Feature", "properties": { "track_fid": 0, "track_seg_id": 0, "track_seg_point_id": 2683, "ele": 1788.0, "time": "2025-08-08T19:03:18Z" }, "geometry": { "type": "Point", "coordinates": [ -121.601336086168885, 43.983836062252522 ] } },
{ "type": "Feature", "properties": { "track_fid": 0, "track_seg_id": 0, "track_seg_point_id": 2684, "ele": 1788.199951171875, "time": "2025-08-08T19:03:20Z" }, "geometry": { "type": "Point", "coordinates": [ -121.600676598027349, 43.983751824125648 ] } },
{ "type": "Feature", "properties": { "track_fid": 0, "track_seg_id": 0, "track_seg_point_id": 2685, "ele": 1788.199951171875, "time": "2025-08-08T19:03:22Z" }, "geometry": { "type": "Point", "coordinates": [ -121.600027922540903, 43.983634561300278 ] } },
{ "type": "Feature", "properties": { "track_fid": 0, "track_seg_id": 0, "track_seg_point_id": 2686, "ele": 1788.199951171875, "time": "2025-08-08T19:03:24Z" }, "geometry": { "type": "Point", "coordinates": [ -121.599392239004374, 43.98348905146122 ] } },
{ "type": "Feature", "properties": { "track_fid": 0, "track_seg_id": 0, "track_seg_point_id": 2687, "ele": 1788.4000244140625, "time": "2025-08-08T19:03:26Z" }, "geometry": { "type": "Point", "coordinates": [ -121.598764769732952, 43.983325436711311 ] } },
{ "type": "Feature", "properties": { "track_fid": 0, "track_seg_id": 0, "track_seg_point_id": 2688, "ele": 1788.4000244140625, "time": "2025-08-08T19:03:28Z" }, "geometry": { "type": "Point", "coordinates": [ -121.59814266487956, 43.983152434229851 ] } },
{ "type": "Feature", "properties": { "track_fid": 0, "track_seg_id": 0, "track_seg_point_id": 2689, "ele": 1788.4000244140625, "time": "2025-08-08T19:03:30Z" }, "geometry": { "type": "Point", "coordinates": [ -121.597522487863898, 43.982977252453566 ] } },
{ "type": "Feature", "properties": { "track_fid": 0, "track_seg_id": 0, "track_seg_point_id": 2690, "ele": 1788.4000244140625, "time": "2025-08-08T19:03:32Z" }, "geometry": { "type": "Point", "coordinates": [ -121.596896862611175, 43.982815565541387 ] } },
{ "type": "Feature", "properties": { "track_fid": 0, "track_seg_id": 0, "track_seg_point_id": 2691, "ele": 1788.4000244140625, "time": "2025-08-08T19:03:33Z" }, "geometry": { "type": "Point", "coordinates": [ -121.596577344462276, 43.982749935239553 ] } },
{ "type": "Feature", "properties": { "track_fid": 0, "track_seg_id": 0, "track_seg_point_id": 2692, "ele": 1787.800048828125, "time": "2025-08-08T19:03:35Z" }, "geometry": { "type": "Point", "coordinates": [ -121.595918778330088, 43.982668044045568 ] } },
{ "type": "Feature", "properties": { "track_fid": 0, "track_seg_id": 0, "track_seg_point_id": 2693, "ele": 1787.5999755859375, "time": "2025-08-08T19:03:36Z" }, "geometry": { "type": "Point", "coordinates": [ -121.595585681498051, 43.982654046267271 ] } },
{ "type": "Feature", "properties": { "track_fid": 0, "track_seg_id": 0, "track_seg_point_id": 2694, "ele": 1786.5999755859375, "time": "2025-08-08T19:03:38Z" }, "geometry": { "type": "Point", "coordinates": [ -121.594917979091406, 43.982673157006502 ] } },
{ "type": "Feature", "properties": { "track_fid": 0, "track_seg_id": 0, "track_seg_point_id": 2695, "ele": 1786.4000244140625, "time": "2025-08-08T19:03:39Z" }, "geometry": { "type": "Point", "coordinates": [ -121.59458446316421, 43.982696961611509 ] } },
{ "type": "Feature", "properties": { "track_fid": 0, "track_seg_id": 0, "track_seg_point_id": 2696, "ele": 1785.5999755859375, "time": "2025-08-08T19:03:41Z" }, "geometry": { "type": "Point", "coordinates": [ -121.593917682766914, 43.982744989916682 ] } },
{ "type": "Feature", "properties": { "track_fid": 0, "track_seg_id": 0, "track_seg_point_id": 2697, "ele": 1785.199951171875, "time": "2025-08-08T19:03:43Z" }, "geometry": { "type": "Point", "coordinates": [ -121.593252243474126, 43.982765022665262 ] } },
{ "type": "Feature", "properties": { "track_fid": 0, "track_seg_id": 0, "track_seg_point_id": 2698, "ele": 1785.199951171875, "time": "2025-08-08T19:03:44Z" }, "geometry": { "type": "Point", "coordinates": [ -121.592920739203691, 43.982754545286298 ] } },
{ "type": "Feature", "properties": { "track_fid": 0, "track_seg_id": 0, "track_seg_point_id": 2699, "ele": 1785.5999755859375, "time": "2025-08-08T19:03:46Z" }, "geometry": { "type": "Point", "coordinates": [ -121.592269381508231, 43.982678689062595 ] } },
{ "type": "Feature", "properties": { "track_fid": 0, "track_seg_id": 0, "track_seg_point_id": 2700, "ele": 1786.0, "time": "2025-08-08T19:03:47Z" }, "geometry": { "type": "Point", "coordinates": [ -121.59195707179606, 43.982609119266272 ] } },
{ "type": "Feature", "properties": { "track_fid": 0, "track_seg_id": 0, "track_seg_point_id": 2701, "ele": 1786.4000244140625, "time": "2025-08-08T19:03:48Z" }, "geometry": { "type": "Point", "coordinates": [ -121.591656245291233, 43.982516750693321 ] } },
{ "type": "Feature", "properties": { "track_fid": 0, "track_seg_id": 0, "track_seg_point_id": 2702, "ele": 1786.800048828125, "time": "2025-08-08T19:03:49Z" }, "geometry": { "type": "Point", "coordinates": [ -121.591369165107608, 43.982404684647918 ] } },
{ "type": "Feature", "properties": { "track_fid": 0, "track_seg_id": 0, "track_seg_point_id": 2703, "ele": 1788.4000244140625, "time": "2025-08-08T19:03:51Z" }, "geometry": { "type": "Point", "coordinates": [ -121.590840686112642, 43.982129255309701 ] } },
{ "type": "Feature", "properties": { "track_fid": 0, "track_seg_id": 0, "track_seg_point_id": 2704, "ele": 1789.199951171875, "time": "2025-08-08T19:03:52Z" }, "geometry": { "type": "Point", "coordinates": [ -121.590599874034524, 43.981972262263298 ] } },
{ "type": "Feature", "properties": { "track_fid": 0, "track_seg_id": 0, "track_seg_point_id": 2705, "ele": 1790.800048828125, "time": "2025-08-08T19:03:54Z" }, "geometry": { "type": "Point", "coordinates": [ -121.590145071968436, 43.981635728850961 ] } },
{ "type": "Feature", "properties": { "track_fid": 0, "track_seg_id": 0, "track_seg_point_id": 2706, "ele": 1792.4000244140625, "time": "2025-08-08T19:03:56Z" }, "geometry": { "type": "Point", "coordinates": [ -121.589698316529393, 43.981291735544801 ] } },
{ "type": "Feature", "properties": { "track_fid": 0, "track_seg_id": 0, "track_seg_point_id": 2707, "ele": 1794.800048828125, "time": "2025-08-08T19:03:58Z" }, "geometry": { "type": "Point", "coordinates": [ -121.589231779798865, 43.980959225445986 ] } },
{ "type": "Feature", "properties": { "track_fid": 0, "track_seg_id": 0, "track_seg_point_id": 2708, "ele": 1797.5999755859375, "time": "2025-08-08T19:04:00Z" }, "geometry": { "type": "Point", "coordinates": [ -121.588722160086036, 43.980663595721126 ] } },
{ "type": "Feature", "properties": { "track_fid": 0, "track_seg_id": 0, "track_seg_point_id": 2709, "ele": 1800.800048828125, "time": "2025-08-08T19:04:02Z" }, "geometry": { "type": "Point", "coordinates": [ -121.58815654926002, 43.980423957109451 ] } },
{ "type": "Feature", "properties": { "track_fid": 0, "track_seg_id": 0, "track_seg_point_id": 2710, "ele": 1802.5999755859375, "time": "2025-08-08T19:04:03Z" }, "geometry": { "type": "Point", "coordinates": [ -121.587854465469718, 43.980328487232327 ] } },
{ "type": "Feature", "properties": { "track_fid": 0, "track_seg_id": 0, "track_seg_point_id": 2711, "ele": 1806.199951171875, "time": "2025-08-08T19:04:05Z" }, "geometry": { "type": "Point", "coordinates": [ -121.587221464142203, 43.980187168344855 ] } },
{ "type": "Feature", "properties": { "track_fid": 0, "track_seg_id": 0, "track_seg_point_id": 2712, "ele": 1808.0, "time": "2025-08-08T19:04:06Z" }, "geometry": { "type": "Point", "coordinates": [ -121.586892642080784, 43.980142660439014 ] } },
{ "type": "Feature", "properties": { "track_fid": 0, "track_seg_id": 0, "track_seg_point_id": 2713, "ele": 1811.199951171875, "time": "2025-08-08T19:04:08Z" }, "geometry": { "type": "Point", "coordinates": [ -121.586217060685158, 43.980111898854375 ] } },
{ "type": "Feature", "properties": { "track_fid": 0, "track_seg_id": 0, "track_seg_point_id": 2714, "ele": 1812.5999755859375, "time": "2025-08-08T19:04:09Z" }, "geometry": { "type": "Point", "coordinates": [ -121.585875749588013, 43.980124136433005 ] } },
{ "type": "Feature", "properties": { "track_fid": 0, "track_seg_id": 0, "track_seg_point_id": 2715, "ele": 1815.0, "time": "2025-08-08T19:04:11Z" }, "geometry": { "type": "Point", "coordinates": [ -121.585201090201735, 43.980204351246357 ] } },
{ "type": "Feature", "properties": { "track_fid": 0, "track_seg_id": 0, "track_seg_point_id": 2716, "ele": 1816.0, "time": "2025-08-08T19:04:12Z" }, "geometry": { "type": "Point", "coordinates": [ -121.584872687235475, 43.980272663757205 ] } },
{ "type": "Feature", "properties": { "track_fid": 0, "track_seg_id": 0, "track_seg_point_id": 2717, "ele": 1817.800048828125, "time": "2025-08-08T19:04:14Z" }, "geometry": { "type": "Point", "coordinates": [ -121.584245720878243, 43.980465698987246 ] } },
{ "type": "Feature", "properties": { "track_fid": 0, "track_seg_id": 0, "track_seg_point_id": 2718, "ele": 1818.5999755859375, "time": "2025-08-08T19:04:15Z" }, "geometry": { "type": "Point", "coordinates": [ -121.583952689543366, 43.98058757185936 ] } },
{ "type": "Feature", "properties": { "track_fid": 0, "track_seg_id": 0, "track_seg_point_id": 2719, "ele": 1819.800048828125, "time": "2025-08-08T19:04:17Z" }, "geometry": { "type": "Point", "coordinates": [ -121.583414655178785, 43.980873562395573 ] } },
{ "type": "Feature", "properties": { "track_fid": 0, "track_seg_id": 0, "track_seg_point_id": 2720, "ele": 1820.5999755859375, "time": "2025-08-08T19:04:18Z" }, "geometry": { "type": "Point", "coordinates": [ -121.583168059587479, 43.981033824384212 ] } },
{ "type": "Feature", "properties": { "track_fid": 0, "track_seg_id": 0, "track_seg_point_id": 2721, "ele": 1821.800048828125, "time": "2025-08-08T19:04:20Z" }, "geometry": { "type": "Point", "coordinates": [ -121.582709737122059, 43.981377063319087 ] } },
{ "type": "Feature", "properties": { "track_fid": 0, "track_seg_id": 0, "track_seg_point_id": 2722, "ele": 1823.0, "time": "2025-08-08T19:04:22Z" }, "geometry": { "type": "Point", "coordinates": [ -121.582270441576838, 43.981733545660973 ] } },
{ "type": "Feature", "properties": { "track_fid": 0, "track_seg_id": 0, "track_seg_point_id": 2723, "ele": 1824.0, "time": "2025-08-08T19:04:24Z" }, "geometry": { "type": "Point", "coordinates": [ -121.581829553470016, 43.982091452926397 ] } },
{ "type": "Feature", "properties": { "track_fid": 0, "track_seg_id": 0, "track_seg_point_id": 2724, "ele": 1824.800048828125, "time": "2025-08-08T19:04:26Z" }, "geometry": { "type": "Point", "coordinates": [ -121.581385228782892, 43.98245363496244 ] } },
{ "type": "Feature", "properties": { "track_fid": 0, "track_seg_id": 0, "track_seg_point_id": 2725, "ele": 1825.0, "time": "2025-08-08T19:04:28Z" }, "geometry": { "type": "Point", "coordinates": [ -121.580934282392263, 43.982816739007831 ] } },
{ "type": "Feature", "properties": { "track_fid": 0, "track_seg_id": 0, "track_seg_point_id": 2726, "ele": 1824.800048828125, "time": "2025-08-08T19:04:30Z" }, "geometry": { "type": "Point", "coordinates": [ -121.58047528937459, 43.983178585767746 ] } },
{ "type": "Feature", "properties": { "track_fid": 0, "track_seg_id": 0, "track_seg_point_id": 2727, "ele": 1823.800048828125, "time": "2025-08-08T19:04:32Z" }, "geometry": { "type": "Point", "coordinates": [ -121.580016631633043, 43.983542276546359 ] } },
{ "type": "Feature", "properties": { "track_fid": 0, "track_seg_id": 0, "track_seg_point_id": 2728, "ele": 1823.199951171875, "time": "2025-08-08T19:04:33Z" }, "geometry": { "type": "Point", "coordinates": [ -121.579787638038397, 43.983724666759372 ] } },
{ "type": "Feature", "properties": { "track_fid": 0, "track_seg_id": 0, "track_seg_point_id": 2729, "ele": 1821.5999755859375, "time": "2025-08-08T19:04:35Z" }, "geometry": { "type": "Point", "coordinates": [ -121.579329399392009, 43.984088189899921 ] } },
{ "type": "Feature", "properties": { "track_fid": 0, "track_seg_id": 0, "track_seg_point_id": 2730, "ele": 1819.199951171875, "time": "2025-08-08T19:04:37Z" }, "geometry": { "type": "Point", "coordinates": [ -121.578865796327591, 43.984452718868852 ] } },
{ "type": "Feature", "properties": { "track_fid": 0, "track_seg_id": 0, "track_seg_point_id": 2731, "ele": 1816.4000244140625, "time": "2025-08-08T19:04:39Z" }, "geometry": { "type": "Point", "coordinates": [ -121.578384675085545, 43.984808195382357 ] } },
{ "type": "Feature", "properties": { "track_fid": 0, "track_seg_id": 0, "track_seg_point_id": 2732, "ele": 1813.0, "time": "2025-08-08T19:04:41Z" }, "geometry": { "type": "Point", "coordinates": [ -121.577870445325971, 43.985143220052123 ] } },
{ "type": "Feature", "properties": { "track_fid": 0, "track_seg_id": 0, "track_seg_point_id": 2733, "ele": 1809.5999755859375, "time": "2025-08-08T19:04:43Z" }, "geometry": { "type": "Point", "coordinates": [ -121.57731045037508, 43.985436838120222 ] } },
{ "type": "Feature", "properties": { "track_fid": 0, "track_seg_id": 0, "track_seg_point_id": 2734, "ele": 1807.800048828125, "time": "2025-08-08T19:04:44Z" }, "geometry": { "type": "Point", "coordinates": [ -121.577016497030854, 43.985565835610032 ] } },
{ "type": "Feature", "properties": { "track_fid": 0, "track_seg_id": 0, "track_seg_point_id": 2735, "ele": 1804.4000244140625, "time": "2025-08-08T19:04:46Z" }, "geometry": { "type": "Point", "coordinates": [ -121.576413167640567, 43.985791560262442 ] } },
{ "type": "Feature", "properties": { "track_fid": 0, "track_seg_id": 0, "track_seg_point_id": 2736, "ele": 1802.5999755859375, "time": "2025-08-08T19:04:47Z" }, "geometry": { "type": "Point", "coordinates": [ -121.576104378327727, 43.985889125615358 ] } },
{ "type": "Feature", "properties": { "track_fid": 0, "track_seg_id": 0, "track_seg_point_id": 2737, "ele": 1799.0, "time": "2025-08-08T19:04:49Z" }, "geometry": { "type": "Point", "coordinates": [ -121.575479758903384, 43.986058859154582 ] } },
{ "type": "Feature", "properties": { "track_fid": 0, "track_seg_id": 0, "track_seg_point_id": 2738, "ele": 1795.5999755859375, "time": "2025-08-08T19:04:51Z" }, "geometry": { "type": "Point", "coordinates": [ -121.574860252439976, 43.986216774210334 ] } },
{ "type": "Feature", "properties": { "track_fid": 0, "track_seg_id": 0, "track_seg_point_id": 2739, "ele": 1794.0, "time": "2025-08-08T19:04:52Z" }, "geometry": { "type": "Point", "coordinates": [ -121.574551295489073, 43.986295228824019 ] } },
{ "type": "Feature", "properties": { "track_fid": 0, "track_seg_id": 0, "track_seg_point_id": 2740, "ele": 1790.5999755859375, "time": "2025-08-08T19:04:54Z" }, "geometry": { "type": "Point", "coordinates": [ -121.573927765712142, 43.986450964584947 ] } },
{ "type": "Feature", "properties": { "track_fid": 0, "track_seg_id": 0, "track_seg_point_id": 2741, "ele": 1787.199951171875, "time": "2025-08-08T19:04:56Z" }, "geometry": { "type": "Point", "coordinates": [ -121.573300547897816, 43.986609382554889 ] } },
{ "type": "Feature", "properties": { "track_fid": 0, "track_seg_id": 0, "track_seg_point_id": 2742, "ele": 1783.800048828125, "time": "2025-08-08T19:04:58Z" }, "geometry": { "type": "Point", "coordinates": [ -121.572671737521887, 43.986776350066066 ] } },
{ "type": "Feature", "properties": { "track_fid": 0, "track_seg_id": 0, "track_seg_point_id": 2743, "ele": 1780.5999755859375, "time": "2025-08-08T19:05:00Z" }, "geometry": { "type": "Point", "coordinates": [ -121.572039574384689, 43.986940551549196 ] } },
{ "type": "Feature", "properties": { "track_fid": 0, "track_seg_id": 0, "track_seg_point_id": 2744, "ele": 1777.199951171875, "time": "2025-08-08T19:05:02Z" }, "geometry": { "type": "Point", "coordinates": [ -121.57140389084816, 43.987104585394263 ] } },
{ "type": "Feature", "properties": { "track_fid": 0, "track_seg_id": 0, "track_seg_point_id": 2745, "ele": 1774.199951171875, "time": "2025-08-08T19:05:04Z" }, "geometry": { "type": "Point", "coordinates": [ -121.570766698569059, 43.987271217629313 ] } },
{ "type": "Feature", "properties": { "track_fid": 0, "track_seg_id": 0, "track_seg_point_id": 2746, "ele": 1771.5999755859375, "time": "2025-08-08T19:05:06Z" }, "geometry": { "type": "Point", "coordinates": [ -121.570126740261912, 43.987432988360524 ] } },
{ "type": "Feature", "properties": { "track_fid": 0, "track_seg_id": 0, "track_seg_point_id": 2747, "ele": 1769.4000244140625, "time": "2025-08-08T19:05:08Z" }, "geometry": { "type": "Point", "coordinates": [ -121.569491643458605, 43.987593082711101 ] } },
{ "type": "Feature", "properties": { "track_fid": 0, "track_seg_id": 0, "track_seg_point_id": 2748, "ele": 1767.4000244140625, "time": "2025-08-08T19:05:10Z" }, "geometry": { "type": "Point", "coordinates": [ -121.568863419815898, 43.98775334469974 ] } },
{ "type": "Feature", "properties": { "track_fid": 0, "track_seg_id": 0, "track_seg_point_id": 2749, "ele": 1766.0, "time": "2025-08-08T19:05:12Z" }, "geometry": { "type": "Point", "coordinates": [ -121.568238381296396, 43.987914361059666 ] } },
{ "type": "Feature", "properties": { "track_fid": 0, "track_seg_id": 0, "track_seg_point_id": 2750, "ele": 1764.4000244140625, "time": "2025-08-08T19:05:14Z" }, "geometry": { "type": "Point", "coordinates": [ -121.567606972530484, 43.988075964152813 ] } },
{ "type": "Feature", "properties": { "track_fid": 0, "track_seg_id": 0, "track_seg_point_id": 2751, "ele": 1762.800048828125, "time": "2025-08-08T19:05:16Z" }, "geometry": { "type": "Point", "coordinates": [ -121.566965756937861, 43.988231783732772 ] } },
{ "type": "Feature", "properties": { "track_fid": 0, "track_seg_id": 0, "track_seg_point_id": 2752, "ele": 1761.199951171875, "time": "2025-08-08T19:05:18Z" }, "geometry": { "type": "Point", "coordinates": [ -121.566311633214355, 43.988363966345787 ] } },
{ "type": "Feature", "properties": { "track_fid": 0, "track_seg_id": 0, "track_seg_point_id": 2753, "ele": 1759.0, "time": "2025-08-08T19:05:20Z" }, "geometry": { "type": "Point", "coordinates": [ -121.565645774826407, 43.988456418737769 ] } },
{ "type": "Feature", "properties": { "track_fid": 0, "track_seg_id": 0, "track_seg_point_id": 2754, "ele": 1756.4000244140625, "time": "2025-08-08T19:05:22Z" }, "geometry": { "type": "Point", "coordinates": [ -121.564970780164003, 43.988505788147449 ] } },
{ "type": "Feature", "properties": { "track_fid": 0, "track_seg_id": 0, "track_seg_point_id": 2755, "ele": 1753.0, "time": "2025-08-08T19:05:24Z" }, "geometry": { "type": "Point", "coordinates": [ -121.564288241788745, 43.988505871966481 ] } },
{ "type": "Feature", "properties": { "track_fid": 0, "track_seg_id": 0, "track_seg_point_id": 2756, "ele": 1751.199951171875, "time": "2025-08-08T19:05:25Z" }, "geometry": { "type": "Point", "coordinates": [ -121.563945673406124, 43.988487599417567 ] } },
{ "type": "Feature", "properties": { "track_fid": 0, "track_seg_id": 0, "track_seg_point_id": 2757, "ele": 1749.199951171875, "time": "2025-08-08T19:05:27Z" }, "geometry": { "type": "Point", "coordinates": [ -121.563605116680264, 43.988459017127752 ] } },
{ "type": "Feature", "properties": { "track_fid": 0, "track_seg_id": 0, "track_seg_point_id": 2758, "ele": 1743.5999755859375, "time": "2025-08-08T19:05:29Z" }, "geometry": { "type": "Point", "coordinates": [ -121.56260272487998, 43.988331025466323 ] } },
{ "type": "Feature", "properties": { "track_fid": 0, "track_seg_id": 0, "track_seg_point_id": 2759, "ele": 1740.0, "time": "2025-08-08T19:05:31Z" }, "geometry": { "type": "Point", "coordinates": [ -121.561945248395205, 43.988230023533106 ] } },
{ "type": "Feature", "properties": { "track_fid": 0, "track_seg_id": 0, "track_seg_point_id": 2760, "ele": 1736.5999755859375, "time": "2025-08-08T19:05:33Z" }, "geometry": { "type": "Point", "coordinates": [ -121.561291376128793, 43.988123154267669 ] } },
{ "type": "Feature", "properties": { "track_fid": 0, "track_seg_id": 0, "track_seg_point_id": 2761, "ele": 1733.800048828125, "time": "2025-08-08T19:05:35Z" }, "geometry": { "type": "Point", "coordinates": [ -121.560645634308457, 43.988018883392215 ] } },
{ "type": "Feature", "properties": { "track_fid": 0, "track_seg_id": 0, "track_seg_point_id": 2762, "ele": 1731.5999755859375, "time": "2025-08-08T19:05:37Z" }, "geometry": { "type": "Point", "coordinates": [ -121.560010621324182, 43.987918216735125 ] } },
{ "type": "Feature", "properties": { "track_fid": 0, "track_seg_id": 0, "track_seg_point_id": 2763, "ele": 1729.5999755859375, "time": "2025-08-08T19:05:39Z" }, "geometry": { "type": "Point", "coordinates": [ -121.55938072130084, 43.987818472087383 ] } },
{ "type": "Feature", "properties": { "track_fid": 0, "track_seg_id": 0, "track_seg_point_id": 2764, "ele": 1727.5999755859375, "time": "2025-08-08T19:05:41Z" }, "geometry": { "type": "Point", "coordinates": [ -121.558743864297867, 43.987719481810927 ] } },
{ "type": "Feature", "properties": { "track_fid": 0, "track_seg_id": 0, "track_seg_point_id": 2765, "ele": 1725.199951171875, "time": "2025-08-08T19:05:43Z" }, "geometry": { "type": "Point", "coordinates": [ -121.55809317715466, 43.987622167915106 ] } },
{ "type": "Feature", "properties": { "track_fid": 0, "track_seg_id": 0, "track_seg_point_id": 2766, "ele": 1723.0, "time": "2025-08-08T19:05:45Z" }, "geometry": { "type": "Point", "coordinates": [ -121.557434778660536, 43.987522423267365 ] } },
{ "type": "Feature", "properties": { "track_fid": 0, "track_seg_id": 0, "track_seg_point_id": 2767, "ele": 1720.5999755859375, "time": "2025-08-08T19:05:47Z" }, "geometry": { "type": "Point", "coordinates": [ -121.556770596653223, 43.987420247867703 ] } },
{ "type": "Feature", "properties": { "track_fid": 0, "track_seg_id": 0, "track_seg_point_id": 2768, "ele": 1718.199951171875, "time": "2025-08-08T19:05:49Z" }, "geometry": { "type": "Point", "coordinates": [ -121.556105492636561, 43.987317653372884 ] } },
{ "type": "Feature", "properties": { "track_fid": 0, "track_seg_id": 0, "track_seg_point_id": 2769, "ele": 1715.800048828125, "time": "2025-08-08T19:05:51Z" }, "geometry": { "type": "Point", "coordinates": [ -121.555442819371819, 43.987214639782906 ] } },
{ "type": "Feature", "properties": { "track_fid": 0, "track_seg_id": 0, "track_seg_point_id": 2770, "ele": 1713.4000244140625, "time": "2025-08-08T19:05:53Z" }, "geometry": { "type": "Point", "coordinates": [ -121.55478123575449, 43.987113386392593 ] } },
{ "type": "Feature", "properties": { "track_fid": 0, "track_seg_id": 0, "track_seg_point_id": 2771, "ele": 1710.800048828125, "time": "2025-08-08T19:05:55Z" }, "geometry": { "type": "Point", "coordinates": [ -121.554122418165207, 43.987009953707457 ] } },
{ "type": "Feature", "properties": { "track_fid": 0, "track_seg_id": 0, "track_seg_point_id": 2772, "ele": 1708.5999755859375, "time": "2025-08-08T19:05:57Z" }, "geometry": { "type": "Point", "coordinates": [ -121.553458655253053, 43.986903252080083 ] } },
{ "type": "Feature", "properties": { "track_fid": 0, "track_seg_id": 0, "track_seg_point_id": 2773, "ele": 1706.199951171875, "time": "2025-08-08T19:05:59Z" }, "geometry": { "type": "Point", "coordinates": [ -121.552797826007009, 43.986797891557217 ] } },
{ "type": "Feature", "properties": { "track_fid": 0, "track_seg_id": 0, "track_seg_point_id": 2774, "ele": 1703.5999755859375, "time": "2025-08-08T19:06:01Z" }, "geometry": { "type": "Point", "coordinates": [ -121.552137583494186, 43.986694039776921 ] } },
{ "type": "Feature", "properties": { "track_fid": 0, "track_seg_id": 0, "track_seg_point_id": 2775, "ele": 1701.4000244140625, "time": "2025-08-08T19:06:03Z" }, "geometry": { "type": "Point", "coordinates": [ -121.551479520276189, 43.986593289300799 ] } },
{ "type": "Feature", "properties": { "track_fid": 0, "track_seg_id": 0, "track_seg_point_id": 2776, "ele": 1699.0, "time": "2025-08-08T19:06:05Z" }, "geometry": { "type": "Point", "coordinates": [ -121.550821037963033, 43.986495891585946 ] } },
{ "type": "Feature", "properties": { "track_fid": 0, "track_seg_id": 0, "track_seg_point_id": 2777, "ele": 1697.199951171875, "time": "2025-08-08T19:06:07Z" }, "geometry": { "type": "Point", "coordinates": [ -121.550163477659225, 43.986398074775934 ] } },
{ "type": "Feature", "properties": { "track_fid": 0, "track_seg_id": 0, "track_seg_point_id": 2778, "ele": 1696.0, "time": "2025-08-08T19:06:08Z" }, "geometry": { "type": "Point", "coordinates": [ -121.549835074692965, 43.98634853772819 ] } },
{ "type": "Feature", "properties": { "track_fid": 0, "track_seg_id": 0, "track_seg_point_id": 2779, "ele": 1694.199951171875, "time": "2025-08-08T19:06:10Z" }, "geometry": { "type": "Point", "coordinates": [ -121.549180448055267, 43.986248625442386 ] } },
{ "type": "Feature", "properties": { "track_fid": 0, "track_seg_id": 0, "track_seg_point_id": 2780, "ele": 1691.5999755859375, "time": "2025-08-08T19:06:12Z" }, "geometry": { "type": "Point", "coordinates": [ -121.548530180007219, 43.986148126423359 ] } },
{ "type": "Feature", "properties": { "track_fid": 0, "track_seg_id": 0, "track_seg_point_id": 2781, "ele": 1689.5999755859375, "time": "2025-08-08T19:06:14Z" }, "geometry": { "type": "Point", "coordinates": [ -121.547876140102744, 43.986049387603998 ] } },
{ "type": "Feature", "properties": { "track_fid": 0, "track_seg_id": 0, "track_seg_point_id": 2782, "ele": 1687.199951171875, "time": "2025-08-08T19:06:16Z" }, "geometry": { "type": "Point", "coordinates": [ -121.547224279493093, 43.985949978232384 ] } },
{ "type": "Feature", "properties": { "track_fid": 0, "track_seg_id": 0, "track_seg_point_id": 2783, "ele": 1684.4000244140625, "time": "2025-08-08T19:06:18Z" }, "geometry": { "type": "Point", "coordinates": [ -121.546573592349887, 43.985845539718866 ] } },
{ "type": "Feature", "properties": { "track_fid": 0, "track_seg_id": 0, "track_seg_point_id": 2784, "ele": 1681.4000244140625, "time": "2025-08-08T19:06:20Z" }, "geometry": { "type": "Point", "coordinates": [ -121.545917792245746, 43.985744789242744 ] } },
{ "type": "Feature", "properties": { "track_fid": 0, "track_seg_id": 0, "track_seg_point_id": 2785, "ele": 1679.0, "time": "2025-08-08T19:06:22Z" }, "geometry": { "type": "Point", "coordinates": [ -121.545255454257131, 43.985647056251764 ] } },
{ "type": "Feature", "properties": { "track_fid": 0, "track_seg_id": 0, "track_seg_point_id": 2786, "ele": 1676.5999755859375, "time": "2025-08-08T19:06:24Z" }, "geometry": { "type": "Point", "coordinates": [ -121.54459135606885, 43.985549742355943 ] } },
{ "type": "Feature", "properties": { "track_fid": 0, "track_seg_id": 0, "track_seg_point_id": 2787, "ele": 1674.199951171875, "time": "2025-08-08T19:06:26Z" }, "geometry": { "type": "Point", "coordinates": [ -121.543921725824475, 43.985448488965631 ] } },
{ "type": "Feature", "properties": { "track_fid": 0, "track_seg_id": 0, "track_seg_point_id": 2788, "ele": 1671.800048828125, "time": "2025-08-08T19:06:28Z" }, "geometry": { "type": "Point", "coordinates": [ -121.543251257389784, 43.985348576679826 ] } },
{ "type": "Feature", "properties": { "track_fid": 0, "track_seg_id": 0, "track_seg_point_id": 2789, "ele": 1670.4000244140625, "time": "2025-08-08T19:06:29Z" }, "geometry": { "type": "Point", "coordinates": [ -121.542917070910335, 43.985299039632082 ] } },
{ "type": "Feature", "properties": { "track_fid": 0, "track_seg_id": 0, "track_seg_point_id": 2790, "ele": 1668.0, "time": "2025-08-08T19:06:31Z" }, "geometry": { "type": "Point", "coordinates": [ -121.542249117046595, 43.985198540613055 ] } },
{ "type": "Feature", "properties": { "track_fid": 0, "track_seg_id": 0, "track_seg_point_id": 2791, "ele": 1665.5999755859375, "time": "2025-08-08T19:06:33Z" }, "geometry": { "type": "Point", "coordinates": [ -121.541591892018914, 43.985088318586349 ] } },
{ "type": "Feature", "properties": { "track_fid": 0, "track_seg_id": 0, "track_seg_point_id": 2792, "ele": 1664.0, "time": "2025-08-08T19:06:35Z" }, "geometry": { "type": "Point", "coordinates": [ -121.540941456332803, 43.984979940578341 ] } },
{ "type": "Feature", "properties": { "track_fid": 0, "track_seg_id": 0, "track_seg_point_id": 2793, "ele": 1663.4000244140625, "time": "2025-08-08T19:06:36Z" }, "geometry": { "type": "Point", "coordinates": [ -121.540616322308779, 43.984927721321583 ] } },
{ "type": "Feature", "properties": { "track_fid": 0, "track_seg_id": 0, "track_seg_point_id": 2794, "ele": 1663.0, "time": "2025-08-08T19:06:38Z" }, "geometry": { "type": "Point", "coordinates": [ -121.53996848501265, 43.984828144311905 ] } },
{ "type": "Feature", "properties": { "track_fid": 0, "track_seg_id": 0, "track_seg_point_id": 2795, "ele": 1662.5999755859375, "time": "2025-08-08T19:06:40Z" }, "geometry": { "type": "Point", "coordinates": [ -121.539318887516856, 43.984730327501893 ] } },
{ "type": "Feature", "properties": { "track_fid": 0, "track_seg_id": 0, "track_seg_point_id": 2796, "ele": 1662.199951171875, "time": "2025-08-08T19:06:42Z" }, "geometry": { "type": "Point", "coordinates": [ -121.538664679974318, 43.984632594510913 ] } },
{ "type": "Feature", "properties": { "track_fid": 0, "track_seg_id": 0, "track_seg_point_id": 2797, "ele": 1661.5999755859375, "time": "2025-08-08T19:06:44Z" }, "geometry": { "type": "Point", "coordinates": [ -121.538008125498891, 43.984535951167345 ] } },
{ "type": "Feature", "properties": { "track_fid": 0, "track_seg_id": 0, "track_seg_point_id": 2798, "ele": 1661.199951171875, "time": "2025-08-08T19:06:45Z" }, "geometry": { "type": "Point", "coordinates": [ -121.537679135799408, 43.984489683061838 ] } },
{ "type": "Feature", "properties": { "track_fid": 0, "track_seg_id": 0, "track_seg_point_id": 2799, "ele": 1660.4000244140625, "time": "2025-08-08T19:06:47Z" }, "geometry": { "type": "Point", "coordinates": [ -121.537021659314632, 43.984398655593395 ] } },
{ "type": "Feature", "properties": { "track_fid": 0, "track_seg_id": 0, "track_seg_point_id": 2800, "ele": 1659.4000244140625, "time": "2025-08-08T19:06:49Z" }, "geometry": { "type": "Point", "coordinates": [ -121.536366194486618, 43.984303437173367 ] } },
{ "type": "Feature", "properties": { "track_fid": 0, "track_seg_id": 0, "track_seg_point_id": 2801, "ele": 1658.0, "time": "2025-08-08T19:06:51Z" }, "geometry": { "type": "Point", "coordinates": [ -121.535714166238904, 43.984203021973372 ] } },
{ "type": "Feature", "properties": { "track_fid": 0, "track_seg_id": 0, "track_seg_point_id": 2802, "ele": 1656.5999755859375, "time": "2025-08-08T19:06:53Z" }, "geometry": { "type": "Point", "coordinates": [ -121.535060796886683, 43.984102020040154 ] } },
{ "type": "Feature", "properties": { "track_fid": 0, "track_seg_id": 0, "track_seg_point_id": 2803, "ele": 1654.5999755859375, "time": "2025-08-08T19:06:55Z" }, "geometry": { "type": "Point", "coordinates": [ -121.534405667334795, 43.984000263735652 ] } },
{ "type": "Feature", "properties": { "track_fid": 0, "track_seg_id": 0, "track_seg_point_id": 2804, "ele": 1652.199951171875, "time": "2025-08-08T19:06:57Z" }, "geometry": { "type": "Point", "coordinates": [ -121.533746682107449, 43.983896328136325 ] } },
{ "type": "Feature", "properties": { "track_fid": 0, "track_seg_id": 0, "track_seg_point_id": 2805, "ele": 1649.800048828125, "time": "2025-08-08T19:06:59Z" }, "geometry": { "type": "Point", "coordinates": [ -121.533088451251388, 43.983794990926981 ] } },
{ "type": "Feature", "properties": { "track_fid": 0, "track_seg_id": 0, "track_seg_point_id": 2806, "ele": 1647.5999755859375, "time": "2025-08-08T19:07:01Z" }, "geometry": { "type": "Point", "coordinates": [ -121.532432734966278, 43.983694994822145 ] } },
{ "type": "Feature", "properties": { "track_fid": 0, "track_seg_id": 0, "track_seg_point_id": 2807, "ele": 1645.4000244140625, "time": "2025-08-08T19:07:03Z" }, "geometry": { "type": "Point", "coordinates": [ -121.531778359785676, 43.983595333993435 ] } },
{ "type": "Feature", "properties": { "track_fid": 0, "track_seg_id": 0, "track_seg_point_id": 2808, "ele": 1643.800048828125, "time": "2025-08-08T19:07:05Z" }, "geometry": { "type": "Point", "coordinates": [ -121.531126163899899, 43.983496595174074 ] } },
{ "type": "Feature", "properties": { "track_fid": 0, "track_seg_id": 0, "track_seg_point_id": 2809, "ele": 1642.800048828125, "time": "2025-08-08T19:07:06Z" }, "geometry": { "type": "Point", "coordinates": [ -121.530801868066192, 43.98344605229795 ] } },
{ "type": "Feature", "properties": { "track_fid": 0, "track_seg_id": 0, "track_seg_point_id": 2810, "ele": 1640.800048828125, "time": "2025-08-08T19:07:08Z" }, "geometry": { "type": "Point", "coordinates": [ -121.530157048255205, 43.983345637097955 ] } },
{ "type": "Feature", "properties": { "track_fid": 0, "track_seg_id": 0, "track_seg_point_id": 2811, "ele": 1639.0, "time": "2025-08-08T19:07:10Z" }, "geometry": { "type": "Point", "coordinates": [ -121.529512731358409, 43.983249496668577 ] } },
{ "type": "Feature", "properties": { "track_fid": 0, "track_seg_id": 0, "track_seg_point_id": 2812, "ele": 1637.5999755859375, "time": "2025-08-08T19:07:12Z" }, "geometry": { "type": "Point", "coordinates": [ -121.528871264308691, 43.98315436206758 ] } },
{ "type": "Feature", "properties": { "track_fid": 0, "track_seg_id": 0, "track_seg_point_id": 2813, "ele": 1636.199951171875, "time": "2025-08-08T19:07:14Z" }, "geometry": { "type": "Point", "coordinates": [ -121.528230467811227, 43.983056964352727 ] } },
{ "type": "Feature", "properties": { "track_fid": 0, "track_seg_id": 0, "track_seg_point_id": 2814, "ele": 1635.199951171875, "time": "2025-08-08T19:07:16Z" }, "geometry": { "type": "Point", "coordinates": [ -121.527590760961175, 43.9829564653337 ] } },
{ "type": "Feature", "properties": { "track_fid": 0, "track_seg_id": 0, "track_seg_point_id": 2815, "ele": 1634.4000244140625, "time": "2025-08-08T19:07:18Z" }, "geometry": { "type": "Point", "coordinates": [ -121.526940995827317, 43.982856720685959 ] } },
{ "type": "Feature", "properties": { "track_fid": 0, "track_seg_id": 0, "track_seg_point_id": 2816, "ele": 1633.199951171875, "time": "2025-08-08T19:07:20Z" }, "geometry": { "type": "Point", "coordinates": [ -121.526284525170922, 43.982757478952408 ] } },
{ "type": "Feature", "properties": { "track_fid": 0, "track_seg_id": 0, "track_seg_point_id": 2817, "ele": 1632.199951171875, "time": "2025-08-08T19:07:22Z" }, "geometry": { "type": "Point", "coordinates": [ -121.525625875219703, 43.982659075409174 ] } },
{ "type": "Feature", "properties": { "track_fid": 0, "track_seg_id": 0, "track_seg_point_id": 2818, "ele": 1631.0, "time": "2025-08-08T19:07:24Z" }, "geometry": { "type": "Point", "coordinates": [ -121.524971164762974, 43.982557654380798 ] } },
{ "type": "Feature", "properties": { "track_fid": 0, "track_seg_id": 0, "track_seg_point_id": 2819, "ele": 1630.4000244140625, "time": "2025-08-08T19:07:25Z" }, "geometry": { "type": "Point", "coordinates": [ -121.524645024910569, 43.982507698237896 ] } },
{ "type": "Feature", "properties": { "track_fid": 0, "track_seg_id": 0, "track_seg_point_id": 2820, "ele": 1629.0, "time": "2025-08-08T19:07:27Z" }, "geometry": { "type": "Point", "coordinates": [ -121.523994337767363, 43.982409378513694 ] } },
{ "type": "Feature", "properties": { "track_fid": 0, "track_seg_id": 0, "track_seg_point_id": 2821, "ele": 1627.5999755859375, "time": "2025-08-08T19:07:29Z" }, "geometry": { "type": "Point", "coordinates": [ -121.523343063890934, 43.982312651351094 ] } },
{ "type": "Feature", "properties": { "track_fid": 0, "track_seg_id": 0, "track_seg_point_id": 2822, "ele": 1626.4000244140625, "time": "2025-08-08T19:07:31Z" }, "geometry": { "type": "Point", "coordinates": [ -121.52269447222352, 43.98221424780786 ] } },
{ "type": "Feature", "properties": { "track_fid": 0, "track_seg_id": 0, "track_seg_point_id": 2823, "ele": 1625.0, "time": "2025-08-08T19:07:33Z" }, "geometry": { "type": "Point", "coordinates": [ -121.522048646584153, 43.982113832607865 ] } },
{ "type": "Feature", "properties": { "track_fid": 0, "track_seg_id": 0, "track_seg_point_id": 2824, "ele": 1623.800048828125, "time": "2025-08-08T19:07:35Z" }, "geometry": { "type": "Point", "coordinates": [ -121.52140055783093, 43.982009897008538 ] } },
{ "type": "Feature", "properties": { "track_fid": 0, "track_seg_id": 0, "track_seg_point_id": 2825, "ele": 1622.5999755859375, "time": "2025-08-08T19:07:37Z" }, "geometry": { "type": "Point", "coordinates": [ -121.520748194307089, 43.981908895075321 ] } },
{ "type": "Feature", "properties": { "track_fid": 0, "track_seg_id": 0, "track_seg_point_id": 2826, "ele": 1621.4000244140625, "time": "2025-08-08T19:07:39Z" }, "geometry": { "type": "Point", "coordinates": [ -121.520096166059375, 43.981810323894024 ] } },
{ "type": "Feature", "properties": { "track_fid": 0, "track_seg_id": 0, "track_seg_point_id": 2827, "ele": 1620.4000244140625, "time": "2025-08-08T19:07:41Z" }, "geometry": { "type": "Point", "coordinates": [ -121.519445730373263, 43.981710160151124 ] } },
{ "type": "Feature", "properties": { "track_fid": 0, "track_seg_id": 0, "track_seg_point_id": 2828, "ele": 1619.4000244140625, "time": "2025-08-08T19:07:43Z" }, "geometry": { "type": "Point", "coordinates": [ -121.518797222524881, 43.981608655303717 ] } },
{ "type": "Feature", "properties": { "track_fid": 0, "track_seg_id": 0, "track_seg_point_id": 2829, "ele": 1618.5999755859375, "time": "2025-08-08T19:07:45Z" }, "geometry": { "type": "Point", "coordinates": [ -121.518146116286516, 43.981510922312737 ] } },
{ "type": "Feature", "properties": { "track_fid": 0, "track_seg_id": 0, "track_seg_point_id": 2830, "ele": 1617.5999755859375, "time": "2025-08-08T19:07:47Z" }, "geometry": { "type": "Point", "coordinates": [ -121.517492579296231, 43.981414530426264 ] } },
{ "type": "Feature", "properties": { "track_fid": 0, "track_seg_id": 0, "track_seg_point_id": 2831, "ele": 1616.800048828125, "time": "2025-08-08T19:07:49Z" }, "geometry": { "type": "Point", "coordinates": [ -121.516838455572724, 43.981317970901728 ] } },
{ "type": "Feature", "properties": { "track_fid": 0, "track_seg_id": 0, "track_seg_point_id": 2832, "ele": 1616.4000244140625, "time": "2025-08-08T19:07:50Z" }, "geometry": { "type": "Point", "coordinates": [ -121.5165133215487, 43.981267679482698 ] } },
{ "type": "Feature", "properties": { "track_fid": 0, "track_seg_id": 0, "track_seg_point_id": 2833, "ele": 1615.5999755859375, "time": "2025-08-08T19:07:52Z" }, "geometry": { "type": "Point", "coordinates": [ -121.51586146093905, 43.981168018653989 ] } },
{ "type": "Feature", "properties": { "track_fid": 0, "track_seg_id": 0, "track_seg_point_id": 2834, "ele": 1614.800048828125, "time": "2025-08-08T19:07:54Z" }, "geometry": { "type": "Point", "coordinates": [ -121.515210019424558, 43.981073638424277 ] } },
{ "type": "Feature", "properties": { "track_fid": 0, "track_seg_id": 0, "track_seg_point_id": 2835, "ele": 1613.800048828125, "time": "2025-08-08T19:07:56Z" }, "geometry": { "type": "Point", "coordinates": [ -121.514553967863321, 43.980993088334799 ] } },
{ "type": "Feature", "properties": { "track_fid": 0, "track_seg_id": 0, "track_seg_point_id": 2836, "ele": 1613.4000244140625, "time": "2025-08-08T19:07:57Z" }, "geometry": { "type": "Point", "coordinates": [ -121.514222882688046, 43.98095989599824 ] } },
{ "type": "Feature", "properties": { "track_fid": 0, "track_seg_id": 0, "track_seg_point_id": 2837, "ele": 1612.5999755859375, "time": "2025-08-08T19:07:59Z" }, "geometry": { "type": "Point", "coordinates": [ -121.513558449223638, 43.980910945683718 ] } },
{ "type": "Feature", "properties": { "track_fid": 0, "track_seg_id": 0, "track_seg_point_id": 2838, "ele": 1611.5999755859375, "time": "2025-08-08T19:08:01Z" }, "geometry": { "type": "Point", "coordinates": [ -121.512894099578261, 43.980887141078711 ] } },
{ "type": "Feature", "properties": { "track_fid": 0, "track_seg_id": 0, "track_seg_point_id": 2839, "ele": 1610.800048828125, "time": "2025-08-08T19:08:03Z" }, "geometry": { "type": "Point", "coordinates": [ -121.51222606189549, 43.98088663816452 ] } },
{ "type": "Feature", "properties": { "track_fid": 0, "track_seg_id": 0, "track_seg_point_id": 2840, "ele": 1609.800048828125, "time": "2025-08-08T19:08:05Z" }, "geometry": { "type": "Point", "coordinates": [ -121.511559197679162, 43.98091203533113 ] } },
{ "type": "Feature", "properties": { "track_fid": 0, "track_seg_id": 0, "track_seg_point_id": 2841, "ele": 1608.4000244140625, "time": "2025-08-08T19:08:07Z" }, "geometry": { "type": "Point", "coordinates": [ -121.510894931852818, 43.980957297608256 ] } },
{ "type": "Feature", "properties": { "track_fid": 0, "track_seg_id": 0, "track_seg_point_id": 2842, "ele": 1606.5999755859375, "time": "2025-08-08T19:08:09Z" }, "geometry": { "type": "Point", "coordinates": [ -121.510232090950012, 43.981022676452994 ] } },
{ "type": "Feature", "properties": { "track_fid": 0, "track_seg_id": 0, "track_seg_point_id": 2843, "ele": 1605.4000244140625, "time": "2025-08-08T19:08:10Z" }, "geometry": { "type": "Point", "coordinates": [ -121.509901592507958, 43.981064334511757 ] } },
{ "type": "Feature", "properties": { "track_fid": 0, "track_seg_id": 0, "track_seg_point_id": 2844, "ele": 1603.0, "time": "2025-08-08T19:08:12Z" }, "geometry": { "type": "Point", "coordinates": [ -121.509241349995136, 43.981163240969181 ] } },
{ "type": "Feature", "properties": { "track_fid": 0, "track_seg_id": 0, "track_seg_point_id": 2845, "ele": 1599.800048828125, "time": "2025-08-08T19:08:14Z" }, "geometry": { "type": "Point", "coordinates": [ -121.508586136624217, 43.981285868212581 ] } },
{ "type": "Feature", "properties": { "track_fid": 0, "track_seg_id": 0, "track_seg_point_id": 2846, "ele": 1598.4000244140625, "time": "2025-08-08T19:08:15Z" }, "geometry": { "type": "Point", "coordinates": [ -121.508260248228908, 43.981353426352143 ] } },
{ "type": "Feature", "properties": { "track_fid": 0, "track_seg_id": 0, "track_seg_point_id": 2847, "ele": 1595.4000244140625, "time": "2025-08-08T19:08:17Z" }, "geometry": { "type": "Point", "coordinates": [ -121.507610650733113, 43.981503881514072 ] } },
{ "type": "Feature", "properties": { "track_fid": 0, "track_seg_id": 0, "track_seg_point_id": 2848, "ele": 1592.800048828125, "time": "2025-08-08T19:08:19Z" }, "geometry": { "type": "Point", "coordinates": [ -121.506964825093746, 43.981670178472996 ] } },
{ "type": "Feature", "properties": { "track_fid": 0, "track_seg_id": 0, "track_seg_point_id": 2849, "ele": 1591.199951171875, "time": "2025-08-08T19:08:20Z" }, "geometry": { "type": "Point", "coordinates": [ -121.50664203800261, 43.981755757704377 ] } },
{ "type": "Feature", "properties": { "track_fid": 0, "track_seg_id": 0, "track_seg_point_id": 2850, "ele": 1588.4000244140625, "time": "2025-08-08T19:08:22Z" }, "geometry": { "type": "Point", "coordinates": [ -121.50599411688745, 43.981925742700696 ] } },
{ "type": "Feature", "properties": { "track_fid": 0, "track_seg_id": 0, "track_seg_point_id": 2851, "ele": 1585.4000244140625, "time": "2025-08-08T19:08:24Z" }, "geometry": { "type": "Point", "coordinates": [ -121.505350051447749, 43.982095643877983 ] } },
{ "type": "Feature", "properties": { "track_fid": 0, "track_seg_id": 0, "track_seg_point_id": 2852, "ele": 1582.800048828125, "time": "2025-08-08T19:08:26Z" }, "geometry": { "type": "Point", "coordinates": [ -121.504712272435427, 43.982262779027224 ] } },
{ "type": "Feature", "properties": { "track_fid": 0, "track_seg_id": 0, "track_seg_point_id": 2853, "ele": 1579.800048828125, "time": "2025-08-08T19:08:28Z" }, "geometry": { "type": "Point", "coordinates": [ -121.504078516736627, 43.982428070157766 ] } },
{ "type": "Feature", "properties": { "track_fid": 0, "track_seg_id": 0, "track_seg_point_id": 2854, "ele": 1576.800048828125, "time": "2025-08-08T19:08:30Z" }, "geometry": { "type": "Point", "coordinates": [ -121.503447946161032, 43.982591517269611 ] } },
{ "type": "Feature", "properties": { "track_fid": 0, "track_seg_id": 0, "track_seg_point_id": 2855, "ele": 1573.5999755859375, "time": "2025-08-08T19:08:32Z" }, "geometry": { "type": "Point", "coordinates": [ -121.502822237089276, 43.982752449810505 ] } },
{ "type": "Feature", "properties": { "track_fid": 0, "track_seg_id": 0, "track_seg_point_id": 2856, "ele": 1570.199951171875, "time": "2025-08-08T19:08:34Z" }, "geometry": { "type": "Point", "coordinates": [ -121.502206586301327, 43.982910783961415 ] } },
{ "type": "Feature", "properties": { "track_fid": 0, "track_seg_id": 0, "track_seg_point_id": 2857, "ele": 1566.800048828125, "time": "2025-08-08T19:08:36Z" }, "geometry": { "type": "Point", "coordinates": [ -121.501585990190506, 43.983067944645882 ] } },
{ "type": "Feature", "properties": { "track_fid": 0, "track_seg_id": 0, "track_seg_point_id": 2858, "ele": 1563.4000244140625, "time": "2025-08-08T19:08:38Z" }, "geometry": { "type": "Point", "coordinates": [ -121.500958940014243, 43.983228793367743 ] } },
{ "type": "Feature", "properties": { "track_fid": 0, "track_seg_id": 0, "track_seg_point_id": 2859, "ele": 1560.199951171875, "time": "2025-08-08T19:08:40Z" }, "geometry": { "type": "Point", "coordinates": [ -121.500321663916111, 43.983394419774413 ] } },
{ "type": "Feature", "properties": { "track_fid": 0, "track_seg_id": 0, "track_seg_point_id": 2860, "ele": 1556.800048828125, "time": "2025-08-08T19:08:42Z" }, "geometry": { "type": "Point", "coordinates": [ -121.499676760286093, 43.983560968190432 ] } },
{ "type": "Feature", "properties": { "track_fid": 0, "track_seg_id": 0, "track_seg_point_id": 2861, "ele": 1553.5999755859375, "time": "2025-08-08T19:08:44Z" }, "geometry": { "type": "Point", "coordinates": [ -121.499033616855741, 43.983726426959038 ] } },
{ "type": "Feature", "properties": { "track_fid": 0, "track_seg_id": 0, "track_seg_point_id": 2862, "ele": 1552.199951171875, "time": "2025-08-08T19:08:45Z" }, "geometry": { "type": "Point", "coordinates": [ -121.49871502071619, 43.983808653429151 ] } },
{ "type": "Feature", "properties": { "track_fid": 0, "track_seg_id": 0, "track_seg_point_id": 2863, "ele": 1549.0, "time": "2025-08-08T19:08:47Z" }, "geometry": { "type": "Point", "coordinates": [ -121.49807833135128, 43.983969334512949 ] } },
{ "type": "Feature", "properties": { "track_fid": 0, "track_seg_id": 0, "track_seg_point_id": 2864, "ele": 1546.0, "time": "2025-08-08T19:08:49Z" }, "geometry": { "type": "Point", "coordinates": [ -121.497439965605736, 43.984118951484561 ] } },
{ "type": "Feature", "properties": { "track_fid": 0, "track_seg_id": 0, "track_seg_point_id": 2865, "ele": 1542.800048828125, "time": "2025-08-08T19:08:51Z" }, "geometry": { "type": "Point", "coordinates": [ -121.496792631223798, 43.984242752194405 ] } },
{ "type": "Feature", "properties": { "track_fid": 0, "track_seg_id": 0, "track_seg_point_id": 2866, "ele": 1539.800048828125, "time": "2025-08-08T19:08:53Z" }, "geometry": { "type": "Point", "coordinates": [ -121.496142446994781, 43.984334953129292 ] } },
{ "type": "Feature", "properties": { "track_fid": 0, "track_seg_id": 0, "track_seg_point_id": 2867, "ele": 1536.800048828125, "time": "2025-08-08T19:08:55Z" }, "geometry": { "type": "Point", "coordinates": [ -121.495496621355414, 43.984398571774364 ] } },
{ "type": "Feature", "properties": { "track_fid": 0, "track_seg_id": 0, "track_seg_point_id": 2868, "ele": 1533.800048828125, "time": "2025-08-08T19:08:57Z" }, "geometry": { "type": "Point", "coordinates": [ -121.494845766574144, 43.984431847929955 ] } },
{ "type": "Feature", "properties": { "track_fid": 0, "track_seg_id": 0, "track_seg_point_id": 2869, "ele": 1531.0, "time": "2025-08-08T19:08:59Z" }, "geometry": { "type": "Point", "coordinates": [ -121.49418979883194, 43.984435116872191 ] } },
{ "type": "Feature", "properties": { "track_fid": 0, "track_seg_id": 0, "track_seg_point_id": 2870, "ele": 1528.199951171875, "time": "2025-08-08T19:09:01Z" }, "geometry": { "type": "Point", "coordinates": [ -121.493529472500086, 43.984410893172026 ] } },
{ "type": "Feature", "properties": { "track_fid": 0, "track_seg_id": 0, "track_seg_point_id": 2871, "ele": 1525.4000244140625, "time": "2025-08-08T19:09:03Z" }, "geometry": { "type": "Point", "coordinates": [ -121.492870738729835, 43.984374767169356 ] } },
{ "type": "Feature", "properties": { "track_fid": 0, "track_seg_id": 0, "track_seg_point_id": 2872, "ele": 1524.199951171875, "time": "2025-08-08T19:09:04Z" }, "geometry": { "type": "Point", "coordinates": [ -121.492541329935193, 43.984355153515935 ] } },
{ "type": "Feature", "properties": { "track_fid": 0, "track_seg_id": 0, "track_seg_point_id": 2873, "ele": 1522.4000244140625, "time": "2025-08-08T19:09:06Z" }, "geometry": { "type": "Point", "coordinates": [ -121.491874465718865, 43.984313830733299 ] } },
{ "type": "Feature", "properties": { "track_fid": 0, "track_seg_id": 0, "track_seg_point_id": 2874, "ele": 1520.0, "time": "2025-08-08T19:09:08Z" }, "geometry": { "type": "Point", "coordinates": [ -121.491208858788013, 43.984274016693234 ] } },
{ "type": "Feature", "properties": { "track_fid": 0, "track_seg_id": 0, "track_seg_point_id": 2875, "ele": 1516.800048828125, "time": "2025-08-08T19:09:10Z" }, "geometry": { "type": "Point", "coordinates": [ -121.49054417386651, 43.984224731102586 ] } },
{ "type": "Feature", "properties": { "track_fid": 0, "track_seg_id": 0, "track_seg_point_id": 2876, "ele": 1514.4000244140625, "time": "2025-08-08T19:09:12Z" }, "geometry": { "type": "Point", "coordinates": [ -121.489885021001101, 43.984150970354676 ] } },
{ "type": "Feature", "properties": { "track_fid": 0, "track_seg_id": 0, "track_seg_point_id": 2877, "ele": 1512.0, "time": "2025-08-08T19:09:14Z" }, "geometry": { "type": "Point", "coordinates": [ -121.48924196138978, 43.984027924016118 ] } },
{ "type": "Feature", "properties": { "track_fid": 0, "track_seg_id": 0, "track_seg_point_id": 2878, "ele": 1510.4000244140625, "time": "2025-08-08T19:09:15Z" }, "geometry": { "type": "Point", "coordinates": [ -121.488927640020847, 43.983946871012449 ] } },
{ "type": "Feature", "properties": { "track_fid": 0, "track_seg_id": 0, "track_seg_point_id": 2879, "ele": 1508.0, "time": "2025-08-08T19:09:17Z" }, "geometry": { "type": "Point", "coordinates": [ -121.488320371136069, 43.983748722821474 ] } },
{ "type": "Feature", "properties": { "track_fid": 0, "track_seg_id": 0, "track_seg_point_id": 2880, "ele": 1507.199951171875, "time": "2025-08-08T19:09:18Z" }, "geometry": { "type": "Point", "coordinates": [ -121.488029938191175, 43.983628358691931 ] } },
{ "type": "Feature", "properties": { "track_fid": 0, "track_seg_id": 0, "track_seg_point_id": 2881, "ele": 1504.800048828125, "time": "2025-08-08T19:09:20Z" }, "geometry": { "type": "Point", "coordinates": [ -121.487489389255643, 43.983346726745367 ] } },
{ "type": "Feature", "properties": { "track_fid": 0, "track_seg_id": 0, "track_seg_point_id": 2882, "ele": 1503.199951171875, "time": "2025-08-08T19:09:21Z" }, "geometry": { "type": "Point", "coordinates": [ -121.487233657389879, 43.983187722042203 ] } },
{ "type": "Feature", "properties": { "track_fid": 0, "track_seg_id": 0, "track_seg_point_id": 2883, "ele": 1500.4000244140625, "time": "2025-08-08T19:09:23Z" }, "geometry": { "type": "Point", "coordinates": [ -121.486751278862357, 43.982839370146394 ] } },
{ "type": "Feature", "properties": { "track_fid": 0, "track_seg_id": 0, "track_seg_point_id": 2884, "ele": 1498.800048828125, "time": "2025-08-08T19:09:24Z" }, "geometry": { "type": "Point", "coordinates": [ -121.48653008043766, 43.982648681849241 ] } },
{ "type": "Feature", "properties": { "track_fid": 0, "track_seg_id": 0, "track_seg_point_id": 2885, "ele": 1495.4000244140625, "time": "2025-08-08T19:09:26Z" }, "geometry": { "type": "Point", "coordinates": [ -121.486119283363223, 43.982245260849595 ] } },
{ "type": "Feature", "properties": { "track_fid": 0, "track_seg_id": 0, "track_seg_point_id": 2886, "ele": 1491.5999755859375, "time": "2025-08-08T19:09:28Z" }, "geometry": { "type": "Point", "coordinates": [ -121.485720723867416, 43.981832368299365 ] } },
{ "type": "Feature", "properties": { "track_fid": 0, "track_seg_id": 0, "track_seg_point_id": 2887, "ele": 1488.5999755859375, "time": "2025-08-08T19:09:30Z" }, "geometry": { "type": "Point", "coordinates": [ -121.48531336337328, 43.981426181271672 ] } },
{ "type": "Feature", "properties": { "track_fid": 0, "track_seg_id": 0, "track_seg_point_id": 2888, "ele": 1484.800048828125, "time": "2025-08-08T19:09:32Z" }, "geometry": { "type": "Point", "coordinates": [ -121.484875241294503, 43.981047151610255 ] } },
{ "type": "Feature", "properties": { "track_fid": 0, "track_seg_id": 0, "track_seg_point_id": 2889, "ele": 1482.800048828125, "time": "2025-08-08T19:09:33Z" }, "geometry": { "type": "Point", "coordinates": [ -121.484638452529907, 43.98087196983397 ] } },
{ "type": "Feature", "properties": { "track_fid": 0, "track_seg_id": 0, "track_seg_point_id": 2890, "ele": 1479.4000244140625, "time": "2025-08-08T19:09:35Z" }, "geometry": { "type": "Point", "coordinates": [ -121.484127072617412, 43.980556558817625 ] } },
{ "type": "Feature", "properties": { "track_fid": 0, "track_seg_id": 0, "track_seg_point_id": 2891, "ele": 1478.0, "time": "2025-08-08T19:09:36Z" }, "geometry": { "type": "Point", "coordinates": [ -121.483851978555322, 43.980419933795929 ] } },
{ "type": "Feature", "properties": { "track_fid": 0, "track_seg_id": 0, "track_seg_point_id": 2892, "ele": 1475.4000244140625, "time": "2025-08-08T19:09:38Z" }, "geometry": { "type": "Point", "coordinates": [ -121.483276225626469, 43.980183228850365 ] } },
{ "type": "Feature", "properties": { "track_fid": 0, "track_seg_id": 0, "track_seg_point_id": 2893, "ele": 1473.5999755859375, "time": "2025-08-08T19:09:39Z" }, "geometry": { "type": "Point", "coordinates": [ -121.482980260625482, 43.98008574731648 ] } },
{ "type": "Feature", "properties": { "track_fid": 0, "track_seg_id": 0, "track_seg_point_id": 2894, "ele": 1471.0, "time": "2025-08-08T19:09:41Z" }, "geometry": { "type": "Point", "coordinates": [ -121.482360251247883, 43.979928251355886 ] } },
{ "type": "Feature", "properties": { "track_fid": 0, "track_seg_id": 0, "track_seg_point_id": 2895, "ele": 1469.4000244140625, "time": "2025-08-08T19:09:42Z" }, "geometry": { "type": "Point", "coordinates": [ -121.482036374509335, 43.979869829490781 ] } },
{ "type": "Feature", "properties": { "track_fid": 0, "track_seg_id": 0, "track_seg_point_id": 2896, "ele": 1466.0, "time": "2025-08-08T19:09:44Z" }, "geometry": { "type": "Point", "coordinates": [ -121.481375880539417, 43.979793973267078 ] } },
{ "type": "Feature", "properties": { "track_fid": 0, "track_seg_id": 0, "track_seg_point_id": 2897, "ele": 1464.199951171875, "time": "2025-08-08T19:09:45Z" }, "geometry": { "type": "Point", "coordinates": [ -121.48103985004127, 43.979773437604308 ] } },
{ "type": "Feature", "properties": { "track_fid": 0, "track_seg_id": 0, "track_seg_point_id": 2898, "ele": 1460.5999755859375, "time": "2025-08-08T19:09:47Z" }, "geometry": { "type": "Point", "coordinates": [ -121.480359239503741, 43.979769330471754 ] } },
{ "type": "Feature", "properties": { "track_fid": 0, "track_seg_id": 0, "track_seg_point_id": 2899, "ele": 1458.800048828125, "time": "2025-08-08T19:09:48Z" }, "geometry": { "type": "Point", "coordinates": [ -121.480013653635979, 43.979791458696127 ] } },
{ "type": "Feature", "properties": { "track_fid": 0, "track_seg_id": 0, "track_seg_point_id": 2900, "ele": 1453.5999755859375, "time": "2025-08-08T19:09:50Z" }, "geometry": { "type": "Point", "coordinates": [ -121.479329355061054, 43.979882737621665 ] } },
{ "type": "Feature", "properties": { "track_fid": 0, "track_seg_id": 0, "track_seg_point_id": 2901, "ele": 1451.199951171875, "time": "2025-08-08T19:09:51Z" }, "geometry": { "type": "Point", "coordinates": [ -121.478993576020002, 43.97994359023869 ] } },
{ "type": "Feature", "properties": { "track_fid": 0, "track_seg_id": 0, "track_seg_point_id": 2902, "ele": 1447.199951171875, "time": "2025-08-08T19:09:53Z" }, "geometry": { "type": "Point", "coordinates": [ -121.47833869792521, 43.980085663497448 ] } },
{ "type": "Feature", "properties": { "track_fid": 0, "track_seg_id": 0, "track_seg_point_id": 2903, "ele": 1443.199951171875, "time": "2025-08-08T19:09:55Z" }, "geometry": { "type": "Point", "coordinates": [ -121.477692956104875, 43.980238297954202 ] } },
{ "type": "Feature", "properties": { "track_fid": 0, "track_seg_id": 0, "track_seg_point_id": 2904, "ele": 1440.0, "time": "2025-08-08T19:09:57Z" }, "geometry": { "type": "Point", "coordinates": [ -121.477052830159664, 43.980389591306448 ] } },
{ "type": "Feature", "properties": { "track_fid": 0, "track_seg_id": 0, "track_seg_point_id": 2905, "ele": 1436.800048828125, "time": "2025-08-08T19:09:59Z" }, "geometry": { "type": "Point", "coordinates": [ -121.476416392251849, 43.980535436421633 ] } },
{ "type": "Feature", "properties": { "track_fid": 0, "track_seg_id": 0, "track_seg_point_id": 2906, "ele": 1434.199951171875, "time": "2025-08-08T19:10:01Z" }, "geometry": { "type": "Point", "coordinates": [ -121.475789258256555, 43.980673821642995 ] } },
{ "type": "Feature", "properties": { "track_fid": 0, "track_seg_id": 0, "track_seg_point_id": 2907, "ele": 1432.0, "time": "2025-08-08T19:10:03Z" }, "geometry": { "type": "Point", "coordinates": [ -121.475165393203497, 43.980810949578881 ] } },
{ "type": "Feature", "properties": { "track_fid": 0, "track_seg_id": 0, "track_seg_point_id": 2908, "ele": 1430.199951171875, "time": "2025-08-08T19:10:05Z" }, "geometry": { "type": "Point", "coordinates": [ -121.474539851769805, 43.98094573058188 ] } },
{ "type": "Feature", "properties": { "track_fid": 0, "track_seg_id": 0, "track_seg_point_id": 2909, "ele": 1428.199951171875, "time": "2025-08-08T19:10:07Z" }, "geometry": { "type": "Point", "coordinates": [ -121.473911628127098, 43.98108403198421 ] } },
{ "type": "Feature", "properties": { "track_fid": 0, "track_seg_id": 0, "track_seg_point_id": 2910, "ele": 1426.199951171875, "time": "2025-08-08T19:10:09Z" }, "geometry": { "type": "Point", "coordinates": [ -121.473267897963524, 43.981221076101065 ] } },
{ "type": "Feature", "properties": { "track_fid": 0, "track_seg_id": 0, "track_seg_point_id": 2911, "ele": 1423.800048828125, "time": "2025-08-08T19:10:11Z" }, "geometry": { "type": "Point", "coordinates": [ -121.4726129360497, 43.981340853497386 ] } },
{ "type": "Feature", "properties": { "track_fid": 0, "track_seg_id": 0, "track_seg_point_id": 2912, "ele": 1421.800048828125, "time": "2025-08-08T19:10:13Z" }, "geometry": { "type": "Point", "coordinates": [ -121.471940623596311, 43.981419894844294 ] } },
{ "type": "Feature", "properties": { "track_fid": 0, "track_seg_id": 0, "track_seg_point_id": 2913, "ele": 1421.0, "time": "2025-08-08T19:10:14Z" }, "geometry": { "type": "Point", "coordinates": [ -121.471601743251085, 43.981439676135778 ] } },
{ "type": "Feature", "properties": { "track_fid": 0, "track_seg_id": 0, "track_seg_point_id": 2914, "ele": 1418.800048828125, "time": "2025-08-08T19:10:16Z" }, "geometry": { "type": "Point", "coordinates": [ -121.470926497131586, 43.981435066089034 ] } },
{ "type": "Feature", "properties": { "track_fid": 0, "track_seg_id": 0, "track_seg_point_id": 2915, "ele": 1417.800048828125, "time": "2025-08-08T19:10:17Z" }, "geometry": { "type": "Point", "coordinates": [ -121.470589963719249, 43.981410590931773 ] } },
{ "type": "Feature", "properties": { "track_fid": 0, "track_seg_id": 0, "track_seg_point_id": 2916, "ele": 1416.5999755859375, "time": "2025-08-08T19:10:19Z" }, "geometry": { "type": "Point", "coordinates": [ -121.469926368445158, 43.981330376118422 ] } },
{ "type": "Feature", "properties": { "track_fid": 0, "track_seg_id": 0, "track_seg_point_id": 2917, "ele": 1414.800048828125, "time": "2025-08-08T19:10:21Z" }, "geometry": { "type": "Point", "coordinates": [ -121.469278866425157, 43.981222836300731 ] } },
{ "type": "Feature", "properties": { "track_fid": 0, "track_seg_id": 0, "track_seg_point_id": 2918, "ele": 1413.199951171875, "time": "2025-08-08T19:10:23Z" }, "geometry": { "type": "Point", "coordinates": [ -121.468631196767092, 43.981105154380202 ] } },
{ "type": "Feature", "properties": { "track_fid": 0, "track_seg_id": 0, "track_seg_point_id": 2919, "ele": 1411.5999755859375, "time": "2025-08-08T19:10:25Z" }, "geometry": { "type": "Point", "coordinates": [ -121.467985957860947, 43.980991160497069 ] } },
{ "type": "Feature", "properties": { "track_fid": 0, "track_seg_id": 0, "track_seg_point_id": 2920, "ele": 1409.5999755859375, "time": "2025-08-08T19:10:27Z" }, "geometry": { "type": "Point", "coordinates": [ -121.467338791117072, 43.980875741690397 ] } },
{ "type": "Feature", "properties": { "track_fid": 0, "track_seg_id": 0, "track_seg_point_id": 2921, "ele": 1407.800048828125, "time": "2025-08-08T19:10:29Z" }, "geometry": { "type": "Point", "coordinates": [ -121.466688942164183, 43.980759065598249 ] } },
{ "type": "Feature", "properties": { "track_fid": 0, "track_seg_id": 0, "track_seg_point_id": 2922, "ele": 1406.0, "time": "2025-08-08T19:10:31Z" }, "geometry": { "type": "Point", "coordinates": [ -121.46603062748909, 43.980639120563865 ] } },
{ "type": "Feature", "properties": { "track_fid": 0, "track_seg_id": 0, "track_seg_point_id": 2923, "ele": 1403.5999755859375, "time": "2025-08-08T19:10:33Z" }, "geometry": { "type": "Point", "coordinates": [ -121.465368457138538, 43.980524875223637 ] } },
{ "type": "Feature", "properties": { "track_fid": 0, "track_seg_id": 0, "track_seg_point_id": 2924, "ele": 1401.199951171875, "time": "2025-08-08T19:10:35Z" }, "geometry": { "type": "Point", "coordinates": [ -121.464694049209356, 43.980423538014293 ] } },
{ "type": "Feature", "properties": { "track_fid": 0, "track_seg_id": 0, "track_seg_point_id": 2925, "ele": 1399.4000244140625, "time": "2025-08-08T19:10:36Z" }, "geometry": { "type": "Point", "coordinates": [ -121.46435315720737, 43.980385735630989 ] } },
{ "type": "Feature", "properties": { "track_fid": 0, "track_seg_id": 0, "track_seg_point_id": 2926, "ele": 1396.0, "time": "2025-08-08T19:10:38Z" }, "geometry": { "type": "Point", "coordinates": [ -121.463663326576352, 43.980349777266383 ] } },
{ "type": "Feature", "properties": { "track_fid": 0, "track_seg_id": 0, "track_seg_point_id": 2927, "ele": 1393.800048828125, "time": "2025-08-08T19:10:39Z" }, "geometry": { "type": "Point", "coordinates": [ -121.463315980508924, 43.980357153341174 ] } },
{ "type": "Feature", "properties": { "track_fid": 0, "track_seg_id": 0, "track_seg_point_id": 2928, "ele": 1390.0, "time": "2025-08-08T19:10:41Z" }, "geometry": { "type": "Point", "coordinates": [ -121.462636543437839, 43.980425633490086 ] } },
{ "type": "Feature", "properties": { "track_fid": 0, "track_seg_id": 0, "track_seg_point_id": 2929, "ele": 1388.4000244140625, "time": "2025-08-08T19:10:42Z" }, "geometry": { "type": "Point", "coordinates": [ -121.462303195148706, 43.980485983192921 ] } },
{ "type": "Feature", "properties": { "track_fid": 0, "track_seg_id": 0, "track_seg_point_id": 2930, "ele": 1384.800048828125, "time": "2025-08-08T19:10:44Z" }, "geometry": { "type": "Point", "coordinates": [ -121.461662733927369, 43.980651525780559 ] } },
{ "type": "Feature", "properties": { "track_fid": 0, "track_seg_id": 0, "track_seg_point_id": 2931, "ele": 1383.0, "time": "2025-08-08T19:10:45Z" }, "geometry": { "type": "Point", "coordinates": [ -121.4613520167768, 43.980749091133475 ] } },
{ "type": "Feature", "properties": { "track_fid": 0, "track_seg_id": 0, "track_seg_point_id": 2932, "ele": 1379.4000244140625, "time": "2025-08-08T19:10:47Z" }, "geometry": { "type": "Point", "coordinates": [ -121.460753045976162, 43.98096282966435 ] } },
{ "type": "Feature", "properties": { "track_fid": 0, "track_seg_id": 0, "track_seg_point_id": 2933, "ele": 1376.4000244140625, "time": "2025-08-08T19:10:49Z" }, "geometry": { "type": "Point", "coordinates": [ -121.460167737677693, 43.98117539472878 ] } },
{ "type": "Feature", "properties": { "track_fid": 0, "track_seg_id": 0, "track_seg_point_id": 2934, "ele": 1375.0, "time": "2025-08-08T19:10:50Z" }, "geometry": { "type": "Point", "coordinates": [ -121.459877640008926, 43.981281593441963 ] } },
{ "type": "Feature", "properties": { "track_fid": 0, "track_seg_id": 0, "track_seg_point_id": 2935, "ele": 1372.5999755859375, "time": "2025-08-08T19:10:52Z" }, "geometry": { "type": "Point", "coordinates": [ -121.459297779947519, 43.981492817401886 ] } },
{ "type": "Feature", "properties": { "track_fid": 0, "track_seg_id": 0, "track_seg_point_id": 2936, "ele": 1370.199951171875, "time": "2025-08-08T19:10:54Z" }, "geometry": { "type": "Point", "coordinates": [ -121.458717752248049, 43.981701778247952 ] } },
{ "type": "Feature", "properties": { "track_fid": 0, "track_seg_id": 0, "track_seg_point_id": 2937, "ele": 1367.800048828125, "time": "2025-08-08T19:10:56Z" }, "geometry": { "type": "Point", "coordinates": [ -121.458129677921534, 43.981918031349778 ] } },
{ "type": "Feature", "properties": { "track_fid": 0, "track_seg_id": 0, "track_seg_point_id": 2938, "ele": 1366.5999755859375, "time": "2025-08-08T19:10:57Z" }, "geometry": { "type": "Point", "coordinates": [ -121.457829521968961, 43.98202364332974 ] } },
{ "type": "Feature", "properties": { "track_fid": 0, "track_seg_id": 0, "track_seg_point_id": 2939, "ele": 1364.5999755859375, "time": "2025-08-08T19:10:59Z" }, "geometry": { "type": "Point", "coordinates": [ -121.457220073789358, 43.982232352718711 ] } },
{ "type": "Feature", "properties": { "track_fid": 0, "track_seg_id": 0, "track_seg_point_id": 2940, "ele": 1362.5999755859375, "time": "2025-08-08T19:11:01Z" }, "geometry": { "type": "Point", "coordinates": [ -121.45660936832428, 43.982446761801839 ] } },
{ "type": "Feature", "properties": { "track_fid": 0, "track_seg_id": 0, "track_seg_point_id": 2941, "ele": 1361.0, "time": "2025-08-08T19:11:03Z" }, "geometry": { "type": "Point", "coordinates": [ -121.456000255420804, 43.982662763446569 ] } },
{ "type": "Feature", "properties": { "track_fid": 0, "track_seg_id": 0, "track_seg_point_id": 2942, "ele": 1360.199951171875, "time": "2025-08-08T19:11:04Z" }, "geometry": { "type": "Point", "coordinates": [ -121.455695992335677, 43.982770554721355 ] } },
{ "type": "Feature", "properties": { "track_fid": 0, "track_seg_id": 0, "track_seg_point_id": 2943, "ele": 1358.5999755859375, "time": "2025-08-08T19:11:06Z" }, "geometry": { "type": "Point", "coordinates": [ -121.455090148374438, 43.982984963804483 ] } },
{ "type": "Feature", "properties": { "track_fid": 0, "track_seg_id": 0, "track_seg_point_id": 2944, "ele": 1357.0, "time": "2025-08-08T19:11:08Z" }, "geometry": { "type": "Point", "coordinates": [ -121.454488663002849, 43.98319685831666 ] } },
{ "type": "Feature", "properties": { "track_fid": 0, "track_seg_id": 0, "track_seg_point_id": 2945, "ele": 1355.4000244140625, "time": "2025-08-08T19:11:10Z" }, "geometry": { "type": "Point", "coordinates": [ -121.453889440745115, 43.983407747000456 ] } },
{ "type": "Feature", "properties": { "track_fid": 0, "track_seg_id": 0, "track_seg_point_id": 2946, "ele": 1353.800048828125, "time": "2025-08-08T19:11:12Z" }, "geometry": { "type": "Point", "coordinates": [ -121.45329206250608, 43.983619390055537 ] } },
{ "type": "Feature", "properties": { "track_fid": 0, "track_seg_id": 0, "track_seg_point_id": 2947, "ele": 1352.4000244140625, "time": "2025-08-08T19:11:14Z" }, "geometry": { "type": "Point", "coordinates": [ -121.452696360647678, 43.983829692006111 ] } },
{ "type": "Feature", "properties": { "track_fid": 0, "track_seg_id": 0, "track_seg_point_id": 2948, "ele": 1350.800048828125, "time": "2025-08-08T19:11:16Z" }, "geometry": { "type": "Point", "coordinates": [ -121.452100239694118, 43.984038233757019 ] } },
{ "type": "Feature", "properties": { "track_fid": 0, "track_seg_id": 0, "track_seg_point_id": 2949, "ele": 1350.0, "time": "2025-08-08T19:11:17Z" }, "geometry": { "type": "Point", "coordinates": [ -121.451802179217339, 43.984142420813441 ] } },
{ "type": "Feature", "properties": { "track_fid": 0, "track_seg_id": 0, "track_seg_point_id": 2950, "ele": 1348.4000244140625, "time": "2025-08-08T19:11:19Z" }, "geometry": { "type": "Point", "coordinates": [ -121.451206644997001, 43.984351716935635 ] } },
{ "type": "Feature", "properties": { "track_fid": 0, "track_seg_id": 0, "track_seg_point_id": 2951, "ele": 1347.0, "time": "2025-08-08T19:11:21Z" }, "geometry": { "type": "Point", "coordinates": [ -121.450609182938933, 43.984562354162335 ] } },
{ "type": "Feature", "properties": { "track_fid": 0, "track_seg_id": 0, "track_seg_point_id": 2952, "ele": 1345.5999755859375, "time": "2025-08-08T19:11:23Z" }, "geometry": { "type": "Point", "coordinates": [ -121.4500099606812, 43.984773242846131 ] } },
{ "type": "Feature", "properties": { "track_fid": 0, "track_seg_id": 0, "track_seg_point_id": 2953, "ele": 1344.199951171875, "time": "2025-08-08T19:11:25Z" }, "geometry": { "type": "Point", "coordinates": [ -121.449401518329978, 43.9849769230932 ] } },
{ "type": "Feature", "properties": { "track_fid": 0, "track_seg_id": 0, "track_seg_point_id": 2954, "ele": 1343.0, "time": "2025-08-08T19:11:27Z" }, "geometry": { "type": "Point", "coordinates": [ -121.448781173676252, 43.985164929181337 ] } },
{ "type": "Feature", "properties": { "track_fid": 0, "track_seg_id": 0, "track_seg_point_id": 2955, "ele": 1342.199951171875, "time": "2025-08-08T19:11:29Z" }, "geometry": { "type": "Point", "coordinates": [ -121.448155296966434, 43.98533851839602 ] } },
{ "type": "Feature", "properties": { "track_fid": 0, "track_seg_id": 0, "track_seg_point_id": 2956, "ele": 1341.800048828125, "time": "2025-08-08T19:11:31Z" }, "geometry": { "type": "Point", "coordinates": [ -121.447525732219219, 43.985494840890169 ] } },
{ "type": "Feature", "properties": { "track_fid": 0, "track_seg_id": 0, "track_seg_point_id": 2957, "ele": 1342.0, "time": "2025-08-08T19:11:33Z" }, "geometry": { "type": "Point", "coordinates": [ -121.446894574910402, 43.985637333244085 ] } },
{ "type": "Feature", "properties": { "track_fid": 0, "track_seg_id": 0, "track_seg_point_id": 2958, "ele": 1343.0, "time": "2025-08-08T19:11:35Z" }, "geometry": { "type": "Point", "coordinates": [ -121.446262830868363, 43.985772281885147 ] } },
{ "type": "Feature", "properties": { "track_fid": 0, "track_seg_id": 0, "track_seg_point_id": 2959, "ele": 1343.4000244140625, "time": "2025-08-08T19:11:37Z" }, "geometry": { "type": "Point", "coordinates": [ -121.44563284702599, 43.985901279374957 ] } },
{ "type": "Feature", "properties": { "track_fid": 0, "track_seg_id": 0, "track_seg_point_id": 2960, "ele": 1343.5999755859375, "time": "2025-08-08T19:11:39Z" }, "geometry": { "type": "Point", "coordinates": [ -121.444998253136873, 43.986020721495152 ] } },
{ "type": "Feature", "properties": { "track_fid": 0, "track_seg_id": 0, "track_seg_point_id": 2961, "ele": 1343.4000244140625, "time": "2025-08-08T19:11:41Z" }, "geometry": { "type": "Point", "coordinates": [ -121.444354690611362, 43.986134799197316 ] } },
{ "type": "Feature", "properties": { "track_fid": 0, "track_seg_id": 0, "track_seg_point_id": 2962, "ele": 1342.4000244140625, "time": "2025-08-08T19:11:43Z" }, "geometry": { "type": "Point", "coordinates": [ -121.443704422563314, 43.986251894384623 ] } },
{ "type": "Feature", "properties": { "track_fid": 0, "track_seg_id": 0, "track_seg_point_id": 2963, "ele": 1341.199951171875, "time": "2025-08-08T19:11:45Z" }, "geometry": { "type": "Point", "coordinates": [ -121.443052897229791, 43.986368486657739 ] } },
{ "type": "Feature", "properties": { "track_fid": 0, "track_seg_id": 0, "track_seg_point_id": 2964, "ele": 1339.5999755859375, "time": "2025-08-08T19:11:47Z" }, "geometry": { "type": "Point", "coordinates": [ -121.442398438230157, 43.986486168578267 ] } },
{ "type": "Feature", "properties": { "track_fid": 0, "track_seg_id": 0, "track_seg_point_id": 2965, "ele": 1337.800048828125, "time": "2025-08-08T19:11:49Z" }, "geometry": { "type": "Point", "coordinates": [ -121.441744230687618, 43.986607119441032 ] } },
{ "type": "Feature", "properties": { "track_fid": 0, "track_seg_id": 0, "track_seg_point_id": 2966, "ele": 1337.0, "time": "2025-08-08T19:11:50Z" }, "geometry": { "type": "Point", "coordinates": [ -121.441419180482626, 43.986667720600963 ] } },
{ "type": "Feature", "properties": { "track_fid": 0, "track_seg_id": 0, "track_seg_point_id": 2967, "ele": 1335.199951171875, "time": "2025-08-08T19:11:52Z" }, "geometry": { "type": "Point", "coordinates": [ -121.440775534138083, 43.986785989254713 ] } },
{ "type": "Feature", "properties": { "track_fid": 0, "track_seg_id": 0, "track_seg_point_id": 2968, "ele": 1334.0, "time": "2025-08-08T19:11:54Z" }, "geometry": { "type": "Point", "coordinates": [ -121.44013624638319, 43.986900234594941 ] } },
{ "type": "Feature", "properties": { "track_fid": 0, "track_seg_id": 0, "track_seg_point_id": 2969, "ele": 1332.800048828125, "time": "2025-08-08T19:11:56Z" }, "geometry": { "type": "Point", "coordinates": [ -121.439498718827963, 43.98701649159193 ] } },
{ "type": "Feature", "properties": { "track_fid": 0, "track_seg_id": 0, "track_seg_point_id": 2970, "ele": 1331.5999755859375, "time": "2025-08-08T19:11:58Z" }, "geometry": { "type": "Point", "coordinates": [ -121.438858089968562, 43.987134676426649 ] } },
{ "type": "Feature", "properties": { "track_fid": 0, "track_seg_id": 0, "track_seg_point_id": 2971, "ele": 1330.800048828125, "time": "2025-08-08T19:12:00Z" }, "geometry": { "type": "Point", "coordinates": [ -121.438213353976607, 43.987253364175558 ] } },
{ "type": "Feature", "properties": { "track_fid": 0, "track_seg_id": 0, "track_seg_point_id": 2972, "ele": 1330.199951171875, "time": "2025-08-08T19:12:02Z" }, "geometry": { "type": "Point", "coordinates": [ -121.437569791451097, 43.987374398857355 ] } },
{ "type": "Feature", "properties": { "track_fid": 0, "track_seg_id": 0, "track_seg_point_id": 2973, "ele": 1329.4000244140625, "time": "2025-08-08T19:12:04Z" }, "geometry": { "type": "Point", "coordinates": [ -121.436928492039442, 43.987505743280053 ] } },
{ "type": "Feature", "properties": { "track_fid": 0, "track_seg_id": 0, "track_seg_point_id": 2974, "ele": 1328.4000244140625, "time": "2025-08-08T19:12:06Z" }, "geometry": { "type": "Point", "coordinates": [ -121.436291886493564, 43.98765167221427 ] } },
{ "type": "Feature", "properties": { "track_fid": 0, "track_seg_id": 0, "track_seg_point_id": 2975, "ele": 1327.4000244140625, "time": "2025-08-08T19:12:08Z" }, "geometry": { "type": "Point", "coordinates": [ -121.435664668679237, 43.98781294003129 ] } },
{ "type": "Feature", "properties": { "track_fid": 0, "track_seg_id": 0, "track_seg_point_id": 2976, "ele": 1326.4000244140625, "time": "2025-08-08T19:12:10Z" }, "geometry": { "type": "Point", "coordinates": [ -121.435047592967749, 43.987993653863668 ] } },
{ "type": "Feature", "properties": { "track_fid": 0, "track_seg_id": 0, "track_seg_point_id": 2977, "ele": 1325.199951171875, "time": "2025-08-08T19:12:12Z" }, "geometry": { "type": "Point", "coordinates": [ -121.43444275483489, 43.988194735720754 ] } },
{ "type": "Feature", "properties": { "track_fid": 0, "track_seg_id": 0, "track_seg_point_id": 2978, "ele": 1324.5999755859375, "time": "2025-08-08T19:12:13Z" }, "geometry": { "type": "Point", "coordinates": [ -121.434144945815206, 43.988303951919079 ] } },
{ "type": "Feature", "properties": { "track_fid": 0, "track_seg_id": 0, "track_seg_point_id": 2979, "ele": 1323.5999755859375, "time": "2025-08-08T19:12:15Z" }, "geometry": { "type": "Point", "coordinates": [ -121.433559134602547, 43.988535795360804 ] } },
{ "type": "Feature", "properties": { "track_fid": 0, "track_seg_id": 0, "track_seg_point_id": 2980, "ele": 1322.5999755859375, "time": "2025-08-08T19:12:17Z" }, "geometry": { "type": "Point", "coordinates": [ -121.432988494634628, 43.988784737884998 ] } },
{ "type": "Feature", "properties": { "track_fid": 0, "track_seg_id": 0, "track_seg_point_id": 2981, "ele": 1322.0, "time": "2025-08-08T19:12:18Z" }, "geometry": { "type": "Point", "coordinates": [ -121.432710383087397, 43.988916669040918 ] } },
{ "type": "Feature", "properties": { "track_fid": 0, "track_seg_id": 0, "track_seg_point_id": 2982, "ele": 1320.800048828125, "time": "2025-08-08T19:12:20Z" }, "geometry": { "type": "Point", "coordinates": [ -121.432166146114469, 43.989192517474294 ] } },
{ "type": "Feature", "properties": { "track_fid": 0, "track_seg_id": 0, "track_seg_point_id": 2983, "ele": 1319.800048828125, "time": "2025-08-08T19:12:22Z" }, "geometry": { "type": "Point", "coordinates": [ -121.431631464511156, 43.989476663991809 ] } },
{ "type": "Feature", "properties": { "track_fid": 0, "track_seg_id": 0, "track_seg_point_id": 2984, "ele": 1318.199951171875, "time": "2025-08-08T19:12:24Z" }, "geometry": { "type": "Point", "coordinates": [ -121.431096950545907, 43.989763241261244 ] } },
{ "type": "Feature", "properties": { "track_fid": 0, "track_seg_id": 0, "track_seg_point_id": 2985, "ele": 1316.4000244140625, "time": "2025-08-08T19:12:26Z" }, "geometry": { "type": "Point", "coordinates": [ -121.430563861504197, 43.990052249282598 ] } },
{ "type": "Feature", "properties": { "track_fid": 0, "track_seg_id": 0, "track_seg_point_id": 2986, "ele": 1314.199951171875, "time": "2025-08-08T19:12:28Z" }, "geometry": { "type": "Point", "coordinates": [ -121.430025240406394, 43.990341927856207 ] } },
{ "type": "Feature", "properties": { "track_fid": 0, "track_seg_id": 0, "track_seg_point_id": 2987, "ele": 1312.0, "time": "2025-08-08T19:12:30Z" }, "geometry": { "type": "Point", "coordinates": [ -121.429482595995069, 43.990631019696593 ] } },
{ "type": "Feature", "properties": { "track_fid": 0, "track_seg_id": 0, "track_seg_point_id": 2988, "ele": 1309.4000244140625, "time": "2025-08-08T19:12:32Z" }, "geometry": { "type": "Point", "coordinates": [ -121.428936431184411, 43.990920195356011 ] } },
{ "type": "Feature", "properties": { "track_fid": 0, "track_seg_id": 0, "track_seg_point_id": 2989, "ele": 1306.5999755859375, "time": "2025-08-08T19:12:34Z" }, "geometry": { "type": "Point", "coordinates": [ -121.428389176726341, 43.991212053224444 ] } },
{ "type": "Feature", "properties": { "track_fid": 0, "track_seg_id": 0, "track_seg_point_id": 2990, "ele": 1303.5999755859375, "time": "2025-08-08T19:12:36Z" }, "geometry": { "type": "Point", "coordinates": [ -121.427840078249574, 43.991506341844797 ] } },
{ "type": "Feature", "properties": { "track_fid": 0, "track_seg_id": 0, "track_seg_point_id": 2991, "ele": 1300.800048828125, "time": "2025-08-08T19:12:38Z" }, "geometry": { "type": "Point", "coordinates": [ -121.427288632839918, 43.991801971569657 ] } },
{ "type": "Feature", "properties": { "track_fid": 0, "track_seg_id": 0, "track_seg_point_id": 2992, "ele": 1297.800048828125, "time": "2025-08-08T19:12:40Z" }, "geometry": { "type": "Point", "coordinates": [ -121.426734672859311, 43.992097685113549 ] } },
{ "type": "Feature", "properties": { "track_fid": 0, "track_seg_id": 0, "track_seg_point_id": 2993, "ele": 1295.0, "time": "2025-08-08T19:12:42Z" }, "geometry": { "type": "Point", "coordinates": [ -121.42617953941226, 43.992395661771297 ] } },
{ "type": "Feature", "properties": { "track_fid": 0, "track_seg_id": 0, "track_seg_point_id": 2994, "ele": 1292.199951171875, "time": "2025-08-08T19:12:44Z" }, "geometry": { "type": "Point", "coordinates": [ -121.425619041547179, 43.992690872400999 ] } },
{ "type": "Feature", "properties": { "track_fid": 0, "track_seg_id": 0, "track_seg_point_id": 2995, "ele": 1289.199951171875, "time": "2025-08-08T19:12:46Z" }, "geometry": { "type": "Point", "coordinates": [ -121.425063740462065, 43.992985328659415 ] } },
{ "type": "Feature", "properties": { "track_fid": 0, "track_seg_id": 0, "track_seg_point_id": 2996, "ele": 1286.4000244140625, "time": "2025-08-08T19:12:48Z" }, "geometry": { "type": "Point", "coordinates": [ -121.424516318365932, 43.99327676743269 ] } },
{ "type": "Feature", "properties": { "track_fid": 0, "track_seg_id": 0, "track_seg_point_id": 2997, "ele": 1283.800048828125, "time": "2025-08-08T19:12:50Z" }, "geometry": { "type": "Point", "coordinates": [ -121.42397484742105, 43.99356753565371 ] } },
{ "type": "Feature", "properties": { "track_fid": 0, "track_seg_id": 0, "track_seg_point_id": 2998, "ele": 1281.0, "time": "2025-08-08T19:12:52Z" }, "geometry": { "type": "Point", "coordinates": [ -121.423434047028422, 43.993855956941843 ] } },
{ "type": "Feature", "properties": { "track_fid": 0, "track_seg_id": 0, "track_seg_point_id": 2999, "ele": 1278.199951171875, "time": "2025-08-08T19:12:54Z" }, "geometry": { "type": "Point", "coordinates": [ -121.42289592884481, 43.994141779839993 ] } },
{ "type": "Feature", "properties": { "track_fid": 0, "track_seg_id": 0, "track_seg_point_id": 3000, "ele": 1275.5999755859375, "time": "2025-08-08T19:12:56Z" }, "geometry": { "type": "Point", "coordinates": [ -121.422367952764034, 43.994424585253 ] } },
{ "type": "Feature", "properties": { "track_fid": 0, "track_seg_id": 0, "track_seg_point_id": 3001, "ele": 1272.800048828125, "time": "2025-08-08T19:12:58Z" }, "geometry": { "type": "Point", "coordinates": [ -121.421843580901623, 43.99470554664731 ] } },
{ "type": "Feature", "properties": { "track_fid": 0, "track_seg_id": 0, "track_seg_point_id": 3002, "ele": 1270.199951171875, "time": "2025-08-08T19:13:00Z" }, "geometry": { "type": "Point", "coordinates": [ -121.421317281201482, 43.994989022612572 ] } },
{ "type": "Feature", "properties": { "track_fid": 0, "track_seg_id": 0, "track_seg_point_id": 3003, "ele": 1267.5999755859375, "time": "2025-08-08T19:13:02Z" }, "geometry": { "type": "Point", "coordinates": [ -121.42078653909266, 43.995273252949119 ] } },
{ "type": "Feature", "properties": { "track_fid": 0, "track_seg_id": 0, "track_seg_point_id": 3004, "ele": 1265.0, "time": "2025-08-08T19:13:04Z" }, "geometry": { "type": "Point", "coordinates": [ -121.420249091461301, 43.99555966258049 ] } },
{ "type": "Feature", "properties": { "track_fid": 0, "track_seg_id": 0, "track_seg_point_id": 3005, "ele": 1262.199951171875, "time": "2025-08-08T19:13:06Z" }, "geometry": { "type": "Point", "coordinates": [ -121.419704351574183, 43.995850263163447 ] } },
{ "type": "Feature", "properties": { "track_fid": 0, "track_seg_id": 0, "track_seg_point_id": 3006, "ele": 1259.4000244140625, "time": "2025-08-08T19:13:08Z" }, "geometry": { "type": "Point", "coordinates": [ -121.419152151793242, 43.996142540127039 ] } },
{ "type": "Feature", "properties": { "track_fid": 0, "track_seg_id": 0, "track_seg_point_id": 3007, "ele": 1256.5999755859375, "time": "2025-08-08T19:13:10Z" }, "geometry": { "type": "Point", "coordinates": [ -121.418595928698778, 43.996435655280948 ] } },
{ "type": "Feature", "properties": { "track_fid": 0, "track_seg_id": 0, "track_seg_point_id": 3008, "ele": 1254.0, "time": "2025-08-08T19:13:12Z" }, "geometry": { "type": "Point", "coordinates": [ -121.418035430833697, 43.996728770434856 ] } },
{ "type": "Feature", "properties": { "track_fid": 0, "track_seg_id": 0, "track_seg_point_id": 3009, "ele": 1251.800048828125, "time": "2025-08-08T19:13:14Z" }, "geometry": { "type": "Point", "coordinates": [ -121.41746386885643, 43.997009983286262 ] } },
{ "type": "Feature", "properties": { "track_fid": 0, "track_seg_id": 0, "track_seg_point_id": 3010, "ele": 1250.0, "time": "2025-08-08T19:13:16Z" }, "geometry": { "type": "Point", "coordinates": [ -121.416873028501868, 43.997264876961708 ] } },
{ "type": "Feature", "properties": { "track_fid": 0, "track_seg_id": 0, "track_seg_point_id": 3011, "ele": 1249.199951171875, "time": "2025-08-08T19:13:18Z" }, "geometry": { "type": "Point", "coordinates": [ -121.416264083236456, 43.997477861121297 ] } },
{ "type": "Feature", "properties": { "track_fid": 0, "track_seg_id": 0, "track_seg_point_id": 3012, "ele": 1249.0, "time": "2025-08-08T19:13:19Z" }, "geometry": { "type": "Point", "coordinates": [ -121.415954288095236, 43.997567631304264 ] } },
{ "type": "Feature", "properties": { "track_fid": 0, "track_seg_id": 0, "track_seg_point_id": 3013, "ele": 1248.800048828125, "time": "2025-08-08T19:13:21Z" }, "geometry": { "type": "Point", "coordinates": [ -121.415321035310626, 43.997717835009098 ] } },
{ "type": "Feature", "properties": { "track_fid": 0, "track_seg_id": 0, "track_seg_point_id": 3014, "ele": 1248.800048828125, "time": "2025-08-08T19:13:22Z" }, "geometry": { "type": "Point", "coordinates": [ -121.414996571838856, 43.997775670140982 ] } },
{ "type": "Feature", "properties": { "track_fid": 0, "track_seg_id": 0, "track_seg_point_id": 3015, "ele": 1248.5999755859375, "time": "2025-08-08T19:13:24Z" }, "geometry": { "type": "Point", "coordinates": [ -121.414335072040558, 43.99785672314465 ] } },
{ "type": "Feature", "properties": { "track_fid": 0, "track_seg_id": 0, "track_seg_point_id": 3016, "ele": 1248.5999755859375, "time": "2025-08-08T19:13:25Z" }, "geometry": { "type": "Point", "coordinates": [ -121.414000550284982, 43.997880024835467 ] } },
{ "type": "Feature", "properties": { "track_fid": 0, "track_seg_id": 0, "track_seg_point_id": 3017, "ele": 1248.199951171875, "time": "2025-08-08T19:13:27Z" }, "geometry": { "type": "Point", "coordinates": [ -121.413330836221576, 43.997896453365684 ] } },
{ "type": "Feature", "properties": { "track_fid": 0, "track_seg_id": 0, "track_seg_point_id": 3018, "ele": 1248.0, "time": "2025-08-08T19:13:28Z" }, "geometry": { "type": "Point", "coordinates": [ -121.412993129342794, 43.997887149453163 ] } },
{ "type": "Feature", "properties": { "track_fid": 0, "track_seg_id": 0, "track_seg_point_id": 3019, "ele": 1247.5999755859375, "time": "2025-08-08T19:13:30Z" }, "geometry": { "type": "Point", "coordinates": [ -121.412321822717786, 43.997845156118274 ] } },
{ "type": "Feature", "properties": { "track_fid": 0, "track_seg_id": 0, "track_seg_point_id": 3020, "ele": 1246.800048828125, "time": "2025-08-08T19:13:32Z" }, "geometry": { "type": "Point", "coordinates": [ -121.411651773378253, 43.997782124206424 ] } },
{ "type": "Feature", "properties": { "track_fid": 0, "track_seg_id": 0, "track_seg_point_id": 3021, "ele": 1246.199951171875, "time": "2025-08-08T19:13:33Z" }, "geometry": { "type": "Point", "coordinates": [ -121.41131691634655, 43.99774775840342 ] } },
{ "type": "Feature", "properties": { "track_fid": 0, "track_seg_id": 0, "track_seg_point_id": 3022, "ele": 1245.4000244140625, "time": "2025-08-08T19:13:35Z" }, "geometry": { "type": "Point", "coordinates": [ -121.410655248910189, 43.997683553025126 ] } },
{ "type": "Feature", "properties": { "track_fid": 0, "track_seg_id": 0, "track_seg_point_id": 3023, "ele": 1245.199951171875, "time": "2025-08-08T19:13:37Z" }, "geometry": { "type": "Point", "coordinates": [ -121.409991821274161, 43.99762018583715 ] } },
{ "type": "Feature", "properties": { "track_fid": 0, "track_seg_id": 0, "track_seg_point_id": 3024, "ele": 1244.800048828125, "time": "2025-08-08T19:13:39Z" }, "geometry": { "type": "Point", "coordinates": [ -121.409331243485212, 43.997552879154682 ] } },
{ "type": "Feature", "properties": { "track_fid": 0, "track_seg_id": 0, "track_seg_point_id": 3025, "ele": 1244.0, "time": "2025-08-08T19:13:41Z" }, "geometry": { "type": "Point", "coordinates": [ -121.4086704980582, 43.997485153377056 ] } },
{ "type": "Feature", "properties": { "track_fid": 0, "track_seg_id": 0, "track_seg_point_id": 3026, "ele": 1243.199951171875, "time": "2025-08-08T19:13:43Z" }, "geometry": { "type": "Point", "coordinates": [ -121.408014446496964, 43.997422372922301 ] } },
{ "type": "Feature", "properties": { "track_fid": 0, "track_seg_id": 0, "track_seg_point_id": 3027, "ele": 1242.199951171875, "time": "2025-08-08T19:13:45Z" }, "geometry": { "type": "Point", "coordinates": [ -121.407357472926378, 43.997364873066545 ] } },
{ "type": "Feature", "properties": { "track_fid": 0, "track_seg_id": 0, "track_seg_point_id": 3028, "ele": 1241.199951171875, "time": "2025-08-08T19:13:47Z" }, "geometry": { "type": "Point", "coordinates": [ -121.406700499355793, 43.997304691001773 ] } },
{ "type": "Feature", "properties": { "track_fid": 0, "track_seg_id": 0, "track_seg_point_id": 3029, "ele": 1240.800048828125, "time": "2025-08-08T19:13:49Z" }, "geometry": { "type": "Point", "coordinates": [ -121.406041849404573, 43.997247694060206 ] } },
{ "type": "Feature", "properties": { "track_fid": 0, "track_seg_id": 0, "track_seg_point_id": 3030, "ele": 1239.800048828125, "time": "2025-08-08T19:13:51Z" }, "geometry": { "type": "Point", "coordinates": [ -121.405384792014956, 43.997184997424483 ] } },
{ "type": "Feature", "properties": { "track_fid": 0, "track_seg_id": 0, "track_seg_point_id": 3031, "ele": 1238.800048828125, "time": "2025-08-08T19:13:53Z" }, "geometry": { "type": "Point", "coordinates": [ -121.404728656634688, 43.997116852551699 ] } },
{ "type": "Feature", "properties": { "track_fid": 0, "track_seg_id": 0, "track_seg_point_id": 3032, "ele": 1237.800048828125, "time": "2025-08-08T19:13:55Z" }, "geometry": { "type": "Point", "coordinates": [ -121.404069168493152, 43.997055664658546 ] } },
{ "type": "Feature", "properties": { "track_fid": 0, "track_seg_id": 0, "track_seg_point_id": 3033, "ele": 1236.5999755859375, "time": "2025-08-08T19:13:57Z" }, "geometry": { "type": "Point", "coordinates": [ -121.4034035615623, 43.997003696858883 ] } },
{ "type": "Feature", "properties": { "track_fid": 0, "track_seg_id": 0, "track_seg_point_id": 3034, "ele": 1235.199951171875, "time": "2025-08-08T19:13:59Z" }, "geometry": { "type": "Point", "coordinates": [ -121.402740469202399, 43.996953573077917 ] } },
{ "type": "Feature", "properties": { "track_fid": 0, "track_seg_id": 0, "track_seg_point_id": 3035, "ele": 1233.800048828125, "time": "2025-08-08T19:14:01Z" }, "geometry": { "type": "Point", "coordinates": [ -121.402071677148342, 43.996914597228169 ] } },
{ "type": "Feature", "properties": { "track_fid": 0, "track_seg_id": 0, "track_seg_point_id": 3036, "ele": 1233.199951171875, "time": "2025-08-08T19:14:02Z" }, "geometry": { "type": "Point", "coordinates": [ -121.401734221726656, 43.996902862563729 ] } },
{ "type": "Feature", "properties": { "track_fid": 0, "track_seg_id": 0, "track_seg_point_id": 3037, "ele": 1231.199951171875, "time": "2025-08-08T19:14:04Z" }, "geometry": { "type": "Point", "coordinates": [ -121.401060819625854, 43.996904287487268 ] } },
{ "type": "Feature", "properties": { "track_fid": 0, "track_seg_id": 0, "track_seg_point_id": 3038, "ele": 1228.4000244140625, "time": "2025-08-08T19:14:06Z" }, "geometry": { "type": "Point", "coordinates": [ -121.400387082248926, 43.996944185346365 ] } },
{ "type": "Feature", "properties": { "track_fid": 0, "track_seg_id": 0, "track_seg_point_id": 3039, "ele": 1225.5999755859375, "time": "2025-08-08T19:14:08Z" }, "geometry": { "type": "Point", "coordinates": [ -121.399720637127757, 43.997027250006795 ] } },
{ "type": "Feature", "properties": { "track_fid": 0, "track_seg_id": 0, "track_seg_point_id": 3040, "ele": 1224.4000244140625, "time": "2025-08-08T19:14:09Z" }, "geometry": { "type": "Point", "coordinates": [ -121.399390641599894, 43.997081816196442 ] } },
{ "type": "Feature", "properties": { "track_fid": 0, "track_seg_id": 0, "track_seg_point_id": 3041, "ele": 1221.4000244140625, "time": "2025-08-08T19:14:11Z" }, "geometry": { "type": "Point", "coordinates": [ -121.398732746019959, 43.997201761230826 ] } },
{ "type": "Feature", "properties": { "track_fid": 0, "track_seg_id": 0, "track_seg_point_id": 3042, "ele": 1218.199951171875, "time": "2025-08-08T19:14:13Z" }, "geometry": { "type": "Point", "coordinates": [ -121.398071497678757, 43.997328830882907 ] } },
{ "type": "Feature", "properties": { "track_fid": 0, "track_seg_id": 0, "track_seg_point_id": 3043, "ele": 1215.199951171875, "time": "2025-08-08T19:14:15Z" }, "geometry": { "type": "Point", "coordinates": [ -121.397406477481127, 43.99745405651629 ] } },
{ "type": "Feature", "properties": { "track_fid": 0, "track_seg_id": 0, "track_seg_point_id": 3044, "ele": 1212.800048828125, "time": "2025-08-08T19:14:17Z" }, "geometry": { "type": "Point", "coordinates": [ -121.396742630749941, 43.997578527778387 ] } },
{ "type": "Feature", "properties": { "track_fid": 0, "track_seg_id": 0, "track_seg_point_id": 3045, "ele": 1210.800048828125, "time": "2025-08-08T19:14:19Z" }, "geometry": { "type": "Point", "coordinates": [ -121.396082555875182, 43.997705262154341 ] } },
{ "type": "Feature", "properties": { "track_fid": 0, "track_seg_id": 0, "track_seg_point_id": 3046, "ele": 1209.5999755859375, "time": "2025-08-08T19:14:21Z" }, "geometry": { "type": "Point", "coordinates": [ -121.395431198179722, 43.997832834720612 ] } },
{ "type": "Feature", "properties": { "track_fid": 0, "track_seg_id": 0, "track_seg_point_id": 3047, "ele": 1208.5999755859375, "time": "2025-08-08T19:14:23Z" }, "geometry": { "type": "Point", "coordinates": [ -121.394792832434177, 43.9979612454772 ] } },
{ "type": "Feature", "properties": { "track_fid": 0, "track_seg_id": 0, "track_seg_point_id": 3048, "ele": 1207.800048828125, "time": "2025-08-08T19:14:25Z" }, "geometry": { "type": "Point", "coordinates": [ -121.394157148897648, 43.998091835528612 ] } },
{ "type": "Feature", "properties": { "track_fid": 0, "track_seg_id": 0, "track_seg_point_id": 3049, "ele": 1207.199951171875, "time": "2025-08-08T19:14:26Z" }, "geometry": { "type": "Point", "coordinates": [ -121.393837295472622, 43.998158555477858 ] } },
{ "type": "Feature", "properties": { "track_fid": 0, "track_seg_id": 0, "track_seg_point_id": 3050, "ele": 1206.5999755859375, "time": "2025-08-08T19:14:28Z" }, "geometry": { "type": "Point", "coordinates": [ -121.393197923898697, 43.998295851051807 ] } },
{ "type": "Feature", "properties": { "track_fid": 0, "track_seg_id": 0, "track_seg_point_id": 3051, "ele": 1205.800048828125, "time": "2025-08-08T19:14:30Z" }, "geometry": { "type": "Point", "coordinates": [ -121.392565593123436, 43.998453179374337 ] } },
{ "type": "Feature", "properties": { "track_fid": 0, "track_seg_id": 0, "track_seg_point_id": 3052, "ele": 1205.199951171875, "time": "2025-08-08T19:14:31Z" }, "geometry": { "type": "Point", "coordinates": [ -121.392258396372199, 43.998548984527588 ] } },
{ "type": "Feature", "properties": { "track_fid": 0, "track_seg_id": 0, "track_seg_point_id": 3053, "ele": 1204.4000244140625, "time": "2025-08-08T19:14:33Z" }, "geometry": { "type": "Point", "coordinates": [ -121.391681553795934, 43.998794155195355 ] } },
{ "type": "Feature", "properties": { "track_fid": 0, "track_seg_id": 0, "track_seg_point_id": 3054, "ele": 1203.800048828125, "time": "2025-08-08T19:14:34Z" }, "geometry": { "type": "Point", "coordinates": [ -121.391420541331172, 43.998944777995348 ] } },
{ "type": "Feature", "properties": { "track_fid": 0, "track_seg_id": 0, "track_seg_point_id": 3055, "ele": 1202.800048828125, "time": "2025-08-08T19:14:36Z" }, "geometry": { "type": "Point", "coordinates": [ -121.39097479172051, 43.999302349984646 ] } },
{ "type": "Feature", "properties": { "track_fid": 0, "track_seg_id": 0, "track_seg_point_id": 3056, "ele": 1201.0, "time": "2025-08-08T19:14:38Z" }, "geometry": { "type": "Point", "coordinates": [ -121.390633229166269, 43.999715745449066 ] } },
{ "type": "Feature", "properties": { "track_fid": 0, "track_seg_id": 0, "track_seg_point_id": 3057, "ele": 1199.5999755859375, "time": "2025-08-08T19:14:40Z" }, "geometry": { "type": "Point", "coordinates": [ -121.390395853668451, 44.000167865306139 ] } },
{ "type": "Feature", "properties": { "track_fid": 0, "track_seg_id": 0, "track_seg_point_id": 3058, "ele": 1199.0, "time": "2025-08-08T19:14:41Z" }, "geometry": { "type": "Point", "coordinates": [ -121.390309184789658, 44.000405995175242 ] } },
{ "type": "Feature", "properties": { "track_fid": 0, "track_seg_id": 0, "track_seg_point_id": 3059, "ele": 1197.800048828125, "time": "2025-08-08T19:14:43Z" }, "geometry": { "type": "Point", "coordinates": [ -121.390136266127229, 44.000876722857356 ] } },
{ "type": "Feature", "properties": { "track_fid": 0, "track_seg_id": 0, "track_seg_point_id": 3060, "ele": 1197.4000244140625, "time": "2025-08-08T19:14:45Z" }, "geometry": { "type": "Point", "coordinates": [ -121.389965526759624, 44.00134501978755 ] } },
{ "type": "Feature", "properties": { "track_fid": 0, "track_seg_id": 0, "track_seg_point_id": 3061, "ele": 1196.4000244140625, "time": "2025-08-08T19:14:47Z" }, "geometry": { "type": "Point", "coordinates": [ -121.389790596440434, 44.001809041947126 ] } },
{ "type": "Feature", "properties": { "track_fid": 0, "track_seg_id": 0, "track_seg_point_id": 3062, "ele": 1196.199951171875, "time": "2025-08-08T19:14:48Z" }, "geometry": { "type": "Point", "coordinates": [ -121.389707531780005, 44.002043148502707 ] } },
{ "type": "Feature", "properties": { "track_fid": 0, "track_seg_id": 0, "track_seg_point_id": 3063, "ele": 1196.0, "time": "2025-08-08T19:14:50Z" }, "geometry": { "type": "Point", "coordinates": [ -121.389529164880514, 44.002516726031899 ] } },
{ "type": "Feature", "properties": { "track_fid": 0, "track_seg_id": 0, "track_seg_point_id": 3064, "ele": 1195.5999755859375, "time": "2025-08-08T19:14:52Z" }, "geometry": { "type": "Point", "coordinates": [ -121.38934182934463, 44.002988962456584 ] } },
{ "type": "Feature", "properties": { "track_fid": 0, "track_seg_id": 0, "track_seg_point_id": 3065, "ele": 1196.800048828125, "time": "2025-08-08T19:14:54Z" }, "geometry": { "type": "Point", "coordinates": [ -121.389168743044138, 44.003455750644207 ] } },
{ "type": "Feature", "properties": { "track_fid": 0, "track_seg_id": 0, "track_seg_point_id": 3066, "ele": 1196.800048828125, "time": "2025-08-08T19:14:55Z" }, "geometry": { "type": "Point", "coordinates": [ -121.38908039778471, 44.003688097000122 ] } },
{ "type": "Feature", "properties": { "track_fid": 0, "track_seg_id": 0, "track_seg_point_id": 3067, "ele": 1197.4000244140625, "time": "2025-08-08T19:14:57Z" }, "geometry": { "type": "Point", "coordinates": [ -121.38890203088522, 44.004143066704273 ] } },
{ "type": "Feature", "properties": { "track_fid": 0, "track_seg_id": 0, "track_seg_point_id": 3068, "ele": 1197.800048828125, "time": "2025-08-08T19:14:59Z" }, "geometry": { "type": "Point", "coordinates": [ -121.388732548803091, 44.004579596221447 ] } },
{ "type": "Feature", "properties": { "track_fid": 0, "track_seg_id": 0, "track_seg_point_id": 3069, "ele": 1198.5999755859375, "time": "2025-08-08T19:15:02Z" }, "geometry": { "type": "Point", "coordinates": [ -121.388495592400432, 44.005187032744288 ] } },
{ "type": "Feature", "properties": { "track_fid": 0, "track_seg_id": 0, "track_seg_point_id": 3070, "ele": 1200.199951171875, "time": "2025-08-08T19:15:05Z" }, "geometry": { "type": "Point", "coordinates": [ -121.388273974880576, 44.005783572793007 ] } },
{ "type": "Feature", "properties": { "track_fid": 0, "track_seg_id": 0, "track_seg_point_id": 3071, "ele": 1201.4000244140625, "time": "2025-08-08T19:15:07Z" }, "geometry": { "type": "Point", "coordinates": [ -121.388121675699949, 44.006183473393321 ] } },
{ "type": "Feature", "properties": { "track_fid": 0, "track_seg_id": 0, "track_seg_point_id": 3072, "ele": 1203.0, "time": "2025-08-08T19:15:10Z" }, "geometry": { "type": "Point", "coordinates": [ -121.387880695983768, 44.006773978471756 ] } },
{ "type": "Feature", "properties": { "track_fid": 0, "track_seg_id": 0, "track_seg_point_id": 3073, "ele": 1204.199951171875, "time": "2025-08-08T19:15:12Z" }, "geometry": { "type": "Point", "coordinates": [ -121.387722278013825, 44.007175639271736 ] } },
{ "type": "Feature", "properties": { "track_fid": 0, "track_seg_id": 0, "track_seg_point_id": 3074, "ele": 1205.5999755859375, "time": "2025-08-08T19:15:15Z" }, "geometry": { "type": "Point", "coordinates": [ -121.38748892582953, 44.007776118814945 ] } },
{ "type": "Feature", "properties": { "track_fid": 0, "track_seg_id": 0, "track_seg_point_id": 3075, "ele": 1207.0, "time": "2025-08-08T19:15:17Z" }, "geometry": { "type": "Point", "coordinates": [ -121.387333944439888, 44.008178869262338 ] } },
{ "type": "Feature", "properties": { "track_fid": 0, "track_seg_id": 0, "track_seg_point_id": 3076, "ele": 1207.4000244140625, "time": "2025-08-08T19:15:20Z" }, "geometry": { "type": "Point", "coordinates": [ -121.387090533971786, 44.008783958852291 ] } },
{ "type": "Feature", "properties": { "track_fid": 0, "track_seg_id": 0, "track_seg_point_id": 3077, "ele": 1207.4000244140625, "time": "2025-08-08T19:15:23Z" }, "geometry": { "type": "Point", "coordinates": [ -121.386840166524053, 44.009408829733729 ] } },
{ "type": "Feature", "properties": { "track_fid": 0, "track_seg_id": 0, "track_seg_point_id": 3078, "ele": 1206.0, "time": "2025-08-08T19:15:26Z" }, "geometry": { "type": "Point", "coordinates": [ -121.386593319475651, 44.01002548635006 ] } },
{ "type": "Feature", "properties": { "track_fid": 0, "track_seg_id": 0, "track_seg_point_id": 3079, "ele": 1205.800048828125, "time": "2025-08-08T19:15:27Z" }, "geometry": { "type": "Point", "coordinates": [ -121.386514361947775, 44.010228747501969 ] } },
{ "type": "Feature", "properties": { "track_fid": 0, "track_seg_id": 0, "track_seg_point_id": 3080, "ele": 1204.800048828125, "time": "2025-08-08T19:15:30Z" }, "geometry": { "type": "Point", "coordinates": [ -121.386278830468655, 44.010837860405445 ] } },
{ "type": "Feature", "properties": { "track_fid": 0, "track_seg_id": 0, "track_seg_point_id": 3081, "ele": 1203.5999755859375, "time": "2025-08-08T19:15:33Z" }, "geometry": { "type": "Point", "coordinates": [ -121.386034749448299, 44.01144789531827 ] } },
{ "type": "Feature", "properties": { "track_fid": 0, "track_seg_id": 0, "track_seg_point_id": 3082, "ele": 1202.800048828125, "time": "2025-08-08T19:15:36Z" }, "geometry": { "type": "Point", "coordinates": [ -121.385786142200232, 44.012050218880177 ] } },
{ "type": "Feature", "properties": { "track_fid": 0, "track_seg_id": 0, "track_seg_point_id": 3083, "ele": 1202.0, "time": "2025-08-08T19:15:39Z" }, "geometry": { "type": "Point", "coordinates": [ -121.385545078665018, 44.012658661231399 ] } },
{ "type": "Feature", "properties": { "track_fid": 0, "track_seg_id": 0, "track_seg_point_id": 3084, "ele": 1201.4000244140625, "time": "2025-08-08T19:15:42Z" }, "geometry": { "type": "Point", "coordinates": [ -121.38528817333281, 44.013275820761919 ] } },
{ "type": "Feature", "properties": { "track_fid": 0, "track_seg_id": 0, "track_seg_point_id": 3085, "ele": 1201.199951171875, "time": "2025-08-08T19:15:45Z" }, "geometry": { "type": "Point", "coordinates": [ -121.384994219988585, 44.013904044404626 ] } },
{ "type": "Feature", "properties": { "track_fid": 0, "track_seg_id": 0, "track_seg_point_id": 3086, "ele": 1202.0, "time": "2025-08-08T19:15:48Z" }, "geometry": { "type": "Point", "coordinates": [ -121.384632373228669, 44.014525394886732 ] } },
{ "type": "Feature", "properties": { "track_fid": 0, "track_seg_id": 0, "track_seg_point_id": 3087, "ele": 1202.199951171875, "time": "2025-08-08T19:15:49Z" }, "geometry": { "type": "Point", "coordinates": [ -121.384492563083768, 44.014726392924786 ] } },
{ "type": "Feature", "properties": { "track_fid": 0, "track_seg_id": 0, "track_seg_point_id": 3088, "ele": 1202.5999755859375, "time": "2025-08-08T19:15:52Z" }, "geometry": { "type": "Point", "coordinates": [ -121.38402946293354, 44.015311617404222 ] } },
{ "type": "Feature", "properties": { "track_fid": 0, "track_seg_id": 0, "track_seg_point_id": 3089, "ele": 1202.800048828125, "time": "2025-08-08T19:15:53Z" }, "geometry": { "type": "Point", "coordinates": [ -121.383857298642397, 44.01549962349236 ] } },
{ "type": "Feature", "properties": { "track_fid": 0, "track_seg_id": 0, "track_seg_point_id": 3090, "ele": 1202.5999755859375, "time": "2025-08-08T19:15:55Z" }, "geometry": { "type": "Point", "coordinates": [ -121.383489081636071, 44.015866499394178 ] } },
{ "type": "Feature", "properties": { "track_fid": 0, "track_seg_id": 0, "track_seg_point_id": 3091, "ele": 1202.0, "time": "2025-08-08T19:15:57Z" }, "geometry": { "type": "Point", "coordinates": [ -121.383094377815723, 44.016213761642575 ] } },
{ "type": "Feature", "properties": { "track_fid": 0, "track_seg_id": 0, "track_seg_point_id": 3092, "ele": 1201.199951171875, "time": "2025-08-08T19:16:00Z" }, "geometry": { "type": "Point", "coordinates": [ -121.382457856088877, 44.016699828207493 ] } },
{ "type": "Feature", "properties": { "track_fid": 0, "track_seg_id": 0, "track_seg_point_id": 3093, "ele": 1201.0, "time": "2025-08-08T19:16:01Z" }, "geometry": { "type": "Point", "coordinates": [ -121.382235568016768, 44.016850451007485 ] } },
{ "type": "Feature", "properties": { "track_fid": 0, "track_seg_id": 0, "track_seg_point_id": 3094, "ele": 1200.0, "time": "2025-08-08T19:16:04Z" }, "geometry": { "type": "Point", "coordinates": [ -121.381543893367052, 44.017263846471906 ] } },
{ "type": "Feature", "properties": { "track_fid": 0, "track_seg_id": 0, "track_seg_point_id": 3095, "ele": 1199.5999755859375, "time": "2025-08-08T19:16:05Z" }, "geometry": { "type": "Point", "coordinates": [ -121.381307439878583, 44.017390329390764 ] } },
{ "type": "Feature", "properties": { "track_fid": 0, "track_seg_id": 0, "track_seg_point_id": 3096, "ele": 1198.199951171875, "time": "2025-08-08T19:16:08Z" }, "geometry": { "type": "Point", "coordinates": [ -121.380579052492976, 44.0177355799824 ] } },
{ "type": "Feature", "properties": { "track_fid": 0, "track_seg_id": 0, "track_seg_point_id": 3097, "ele": 1197.800048828125, "time": "2025-08-08T19:16:09Z" }, "geometry": { "type": "Point", "coordinates": [ -121.380331786349416, 44.017840269953012 ] } },
{ "type": "Feature", "properties": { "track_fid": 0, "track_seg_id": 0, "track_seg_point_id": 3098, "ele": 1196.199951171875, "time": "2025-08-08T19:16:12Z" }, "geometry": { "type": "Point", "coordinates": [ -121.379578420892358, 44.018115950748324 ] } },
{ "type": "Feature", "properties": { "track_fid": 0, "track_seg_id": 0, "track_seg_point_id": 3099, "ele": 1195.800048828125, "time": "2025-08-08T19:16:13Z" }, "geometry": { "type": "Point", "coordinates": [ -121.37932495214045, 44.018199685961008 ] } },
{ "type": "Feature", "properties": { "track_fid": 0, "track_seg_id": 0, "track_seg_point_id": 3100, "ele": 1194.199951171875, "time": "2025-08-08T19:16:16Z" }, "geometry": { "type": "Point", "coordinates": [ -121.378540489822626, 44.018418453633785 ] } },
{ "type": "Feature", "properties": { "track_fid": 0, "track_seg_id": 0, "track_seg_point_id": 3101, "ele": 1193.800048828125, "time": "2025-08-08T19:16:17Z" }, "geometry": { "type": "Point", "coordinates": [ -121.378269586712122, 44.018483748659492 ] } },
{ "type": "Feature", "properties": { "track_fid": 0, "track_seg_id": 0, "track_seg_point_id": 3102, "ele": 1192.0, "time": "2025-08-08T19:16:20Z" }, "geometry": { "type": "Point", "coordinates": [ -121.377440532669425, 44.018684076145291 ] } },
{ "type": "Feature", "properties": { "track_fid": 0, "track_seg_id": 0, "track_seg_point_id": 3103, "ele": 1190.199951171875, "time": "2025-08-08T19:16:23Z" }, "geometry": { "type": "Point", "coordinates": [ -121.376583650708199, 44.018895048648119 ] } },
{ "type": "Feature", "properties": { "track_fid": 0, "track_seg_id": 0, "track_seg_point_id": 3104, "ele": 1189.5999755859375, "time": "2025-08-08T19:16:25Z" }, "geometry": { "type": "Point", "coordinates": [ -121.375998761504889, 44.019035194069147 ] } },
{ "type": "Feature", "properties": { "track_fid": 0, "track_seg_id": 0, "track_seg_point_id": 3105, "ele": 1189.0, "time": "2025-08-08T19:16:28Z" }, "geometry": { "type": "Point", "coordinates": [ -121.375122098252177, 44.019251279532909 ] } },
{ "type": "Feature", "properties": { "track_fid": 0, "track_seg_id": 0, "track_seg_point_id": 3106, "ele": 1188.4000244140625, "time": "2025-08-08T19:16:31Z" }, "geometry": { "type": "Point", "coordinates": [ -121.374254738911986, 44.019471053034067 ] } },
{ "type": "Feature", "properties": { "track_fid": 0, "track_seg_id": 0, "track_seg_point_id": 3107, "ele": 1187.800048828125, "time": "2025-08-08T19:16:34Z" }, "geometry": { "type": "Point", "coordinates": [ -121.373389642685652, 44.019689233973622 ] } },
{ "type": "Feature", "properties": { "track_fid": 0, "track_seg_id": 0, "track_seg_point_id": 3108, "ele": 1187.199951171875, "time": "2025-08-08T19:16:37Z" }, "geometry": { "type": "Point", "coordinates": [ -121.372514739632607, 44.019909678027034 ] } },
{ "type": "Feature", "properties": { "track_fid": 0, "track_seg_id": 0, "track_seg_point_id": 3109, "ele": 1186.4000244140625, "time": "2025-08-08T19:16:40Z" }, "geometry": { "type": "Point", "coordinates": [ -121.371646039187908, 44.020127691328526 ] } },
{ "type": "Feature", "properties": { "track_fid": 0, "track_seg_id": 0, "track_seg_point_id": 3110, "ele": 1185.4000244140625, "time": "2025-08-08T19:16:43Z" }, "geometry": { "type": "Point", "coordinates": [ -121.370776081457734, 44.020346626639366 ] } },
{ "type": "Feature", "properties": { "track_fid": 0, "track_seg_id": 0, "track_seg_point_id": 3111, "ele": 1184.199951171875, "time": "2025-08-08T19:16:46Z" }, "geometry": { "type": "Point", "coordinates": [ -121.369893383234739, 44.020571680739522 ] } },
{ "type": "Feature", "properties": { "track_fid": 0, "track_seg_id": 0, "track_seg_point_id": 3112, "ele": 1183.4000244140625, "time": "2025-08-08T19:16:48Z" }, "geometry": { "type": "Point", "coordinates": [ -121.369300447404385, 44.020721968263388 ] } },
{ "type": "Feature", "properties": { "track_fid": 0, "track_seg_id": 0, "track_seg_point_id": 3113, "ele": 1182.5999755859375, "time": "2025-08-08T19:16:50Z" }, "geometry": { "type": "Point", "coordinates": [ -121.368706421926618, 44.020871417596936 ] } },
{ "type": "Feature", "properties": { "track_fid": 0, "track_seg_id": 0, "track_seg_point_id": 3114, "ele": 1181.5999755859375, "time": "2025-08-08T19:16:52Z" }, "geometry": { "type": "Point", "coordinates": [ -121.36811189353466, 44.021019861102104 ] } },
{ "type": "Feature", "properties": { "track_fid": 0, "track_seg_id": 0, "track_seg_point_id": 3115, "ele": 1180.5999755859375, "time": "2025-08-08T19:16:54Z" }, "geometry": { "type": "Point", "coordinates": [ -121.367514347657561, 44.021171070635319 ] } },
{ "type": "Feature", "properties": { "track_fid": 0, "track_seg_id": 0, "track_seg_point_id": 3116, "ele": 1179.4000244140625, "time": "2025-08-08T19:16:56Z" }, "geometry": { "type": "Point", "coordinates": [ -121.366916717961431, 44.021323537454009 ] } },
{ "type": "Feature", "properties": { "track_fid": 0, "track_seg_id": 0, "track_seg_point_id": 3117, "ele": 1178.199951171875, "time": "2025-08-08T19:16:58Z" }, "geometry": { "type": "Point", "coordinates": [ -121.366321854293346, 44.021475166082382 ] } },
{ "type": "Feature", "properties": { "track_fid": 0, "track_seg_id": 0, "track_seg_point_id": 3118, "ele": 1177.0, "time": "2025-08-08T19:17:00Z" }, "geometry": { "type": "Point", "coordinates": [ -121.365731433033943, 44.021626375615597 ] } },
{ "type": "Feature", "properties": { "track_fid": 0, "track_seg_id": 0, "track_seg_point_id": 3119, "ele": 1175.5999755859375, "time": "2025-08-08T19:17:03Z" }, "geometry": { "type": "Point", "coordinates": [ -121.364880921319127, 44.021840365603566 ] } },
{ "type": "Feature", "properties": { "track_fid": 0, "track_seg_id": 0, "track_seg_point_id": 3120, "ele": 1175.0, "time": "2025-08-08T19:17:06Z" }, "geometry": { "type": "Point", "coordinates": [ -121.364132920280099, 44.022027030587196 ] } },
{ "type": "Feature", "properties": { "track_fid": 0, "track_seg_id": 0, "track_seg_point_id": 3121, "ele": 1174.800048828125, "time": "2025-08-08T19:17:07Z" }, "geometry": { "type": "Point", "coordinates": [ -121.36389747262001, 44.022085452452302 ] } },
{ "type": "Feature", "properties": { "track_fid": 0, "track_seg_id": 0, "track_seg_point_id": 3122, "ele": 1174.800048828125, "time": "2025-08-08T19:17:10Z" }, "geometry": { "type": "Point", "coordinates": [ -121.363205127418041, 44.022257616743445 ] } },
{ "type": "Feature", "properties": { "track_fid": 0, "track_seg_id": 0, "track_seg_point_id": 3123, "ele": 1174.5999755859375, "time": "2025-08-08T19:17:12Z" }, "geometry": { "type": "Point", "coordinates": [ -121.362748648971319, 44.022370772436261 ] } },
{ "type": "Feature", "properties": { "track_fid": 0, "track_seg_id": 0, "track_seg_point_id": 3124, "ele": 1173.800048828125, "time": "2025-08-08T19:17:15Z" }, "geometry": { "type": "Point", "coordinates": [ -121.362064350396395, 44.022536231204867 ] } },
{ "type": "Feature", "properties": { "track_fid": 0, "track_seg_id": 0, "track_seg_point_id": 3125, "ele": 1172.800048828125, "time": "2025-08-08T19:17:18Z" }, "geometry": { "type": "Point", "coordinates": [ -121.3613888528198, 44.022702276706696 ] } },
{ "type": "Feature", "properties": { "track_fid": 0, "track_seg_id": 0, "track_seg_point_id": 3126, "ele": 1172.4000244140625, "time": "2025-08-08T19:17:19Z" }, "geometry": { "type": "Point", "coordinates": [ -121.361164469271898, 44.022756759077311 ] } },
{ "type": "Feature", "properties": { "track_fid": 0, "track_seg_id": 0, "track_seg_point_id": 3127, "ele": 1170.800048828125, "time": "2025-08-08T19:17:22Z" }, "geometry": { "type": "Point", "coordinates": [ -121.360491486266255, 44.022920457646251 ] } },
{ "type": "Feature", "properties": { "track_fid": 0, "track_seg_id": 0, "track_seg_point_id": 3128, "ele": 1168.800048828125, "time": "2025-08-08T19:17:25Z" }, "geometry": { "type": "Point", "coordinates": [ -121.359794279560447, 44.023096896708012 ] } },
{ "type": "Feature", "properties": { "track_fid": 0, "track_seg_id": 0, "track_seg_point_id": 3129, "ele": 1166.5999755859375, "time": "2025-08-08T19:17:28Z" }, "geometry": { "type": "Point", "coordinates": [ -121.359082069247961, 44.023277694359422 ] } },
{ "type": "Feature", "properties": { "track_fid": 0, "track_seg_id": 0, "track_seg_point_id": 3130, "ele": 1165.800048828125, "time": "2025-08-08T19:17:29Z" }, "geometry": { "type": "Point", "coordinates": [ -121.358843352645636, 44.023337792605162 ] } },
{ "type": "Feature", "properties": { "track_fid": 0, "track_seg_id": 0, "track_seg_point_id": 3131, "ele": 1164.5999755859375, "time": "2025-08-08T19:17:32Z" }, "geometry": { "type": "Point", "coordinates": [ -121.358126699924469, 44.023520518094301 ] } },
{ "type": "Feature", "properties": { "track_fid": 0, "track_seg_id": 0, "track_seg_point_id": 3132, "ele": 1163.800048828125, "time": "2025-08-08T19:17:35Z" }, "geometry": { "type": "Point", "coordinates": [ -121.357415998354554, 44.02370274066925 ] } },
{ "type": "Feature", "properties": { "track_fid": 0, "track_seg_id": 0, "track_seg_point_id": 3133, "ele": 1163.199951171875, "time": "2025-08-08T19:17:38Z" }, "geometry": { "type": "Point", "coordinates": [ -121.356715690344572, 44.023887477815151 ] } },
{ "type": "Feature", "properties": { "track_fid": 0, "track_seg_id": 0, "track_seg_point_id": 3134, "ele": 1162.4000244140625, "time": "2025-08-08T19:17:41Z" }, "geometry": { "type": "Point", "coordinates": [ -121.356009598821402, 44.024072969332337 ] } },
{ "type": "Feature", "properties": { "track_fid": 0, "track_seg_id": 0, "track_seg_point_id": 3135, "ele": 1161.4000244140625, "time": "2025-08-08T19:17:44Z" }, "geometry": { "type": "Point", "coordinates": [ -121.355296550318599, 44.024265082553029 ] } },
{ "type": "Feature", "properties": { "track_fid": 0, "track_seg_id": 0, "track_seg_point_id": 3136, "ele": 1160.5999755859375, "time": "2025-08-08T19:17:47Z" }, "geometry": { "type": "Point", "coordinates": [ -121.354597583413124, 44.024476055055857 ] } },
{ "type": "Feature", "properties": { "track_fid": 0, "track_seg_id": 0, "track_seg_point_id": 3137, "ele": 1160.199951171875, "time": "2025-08-08T19:17:50Z" }, "geometry": { "type": "Point", "coordinates": [ -121.353916386142373, 44.024701276794076 ] } },
{ "type": "Feature", "properties": { "track_fid": 0, "track_seg_id": 0, "track_seg_point_id": 3138, "ele": 1160.0, "time": "2025-08-08T19:17:53Z" }, "geometry": { "type": "Point", "coordinates": [ -121.353264693170786, 44.024951392784715 ] } },
{ "type": "Feature", "properties": { "track_fid": 0, "track_seg_id": 0, "track_seg_point_id": 3139, "ele": 1160.4000244140625, "time": "2025-08-08T19:17:56Z" }, "geometry": { "type": "Point", "coordinates": [ -121.352635128423572, 44.025218524038792 ] } },
{ "type": "Feature", "properties": { "track_fid": 0, "track_seg_id": 0, "track_seg_point_id": 3140, "ele": 1160.4000244140625, "time": "2025-08-08T19:17:59Z" }, "geometry": { "type": "Point", "coordinates": [ -121.351992068812251, 44.025492025539279 ] } },
{ "type": "Feature", "properties": { "track_fid": 0, "track_seg_id": 0, "track_seg_point_id": 3141, "ele": 1160.0, "time": "2025-08-08T19:18:01Z" }, "geometry": { "type": "Point", "coordinates": [ -121.35157079435885, 44.025689167901874 ] } },
{ "type": "Feature", "properties": { "track_fid": 0, "track_seg_id": 0, "track_seg_point_id": 3142, "ele": 1159.800048828125, "time": "2025-08-08T19:18:04Z" }, "geometry": { "type": "Point", "coordinates": [ -121.350942738354206, 44.025986893102527 ] } },
{ "type": "Feature", "properties": { "track_fid": 0, "track_seg_id": 0, "track_seg_point_id": 3143, "ele": 1159.4000244140625, "time": "2025-08-08T19:18:07Z" }, "geometry": { "type": "Point", "coordinates": [ -121.350325830280781, 44.026280427351594 ] } },
{ "type": "Feature", "properties": { "track_fid": 0, "track_seg_id": 0, "track_seg_point_id": 3144, "ele": 1158.800048828125, "time": "2025-08-08T19:18:10Z" }, "geometry": { "type": "Point", "coordinates": [ -121.349705820903182, 44.026579074561596 ] } },
{ "type": "Feature", "properties": { "track_fid": 0, "track_seg_id": 0, "track_seg_point_id": 3145, "ele": 1158.199951171875, "time": "2025-08-08T19:18:13Z" }, "geometry": { "type": "Point", "coordinates": [ -121.349058486521244, 44.026886774227023 ] } },
{ "type": "Feature", "properties": { "track_fid": 0, "track_seg_id": 0, "track_seg_point_id": 3146, "ele": 1157.800048828125, "time": "2025-08-08T19:18:16Z" }, "geometry": { "type": "Point", "coordinates": [ -121.348405033349991, 44.027194557711482 ] } },
{ "type": "Feature", "properties": { "track_fid": 0, "track_seg_id": 0, "track_seg_point_id": 3147, "ele": 1157.5999755859375, "time": "2025-08-08T19:18:19Z" }, "geometry": { "type": "Point", "coordinates": [ -121.347743282094598, 44.027500664815307 ] } },
{ "type": "Feature", "properties": { "track_fid": 0, "track_seg_id": 0, "track_seg_point_id": 3148, "ele": 1157.199951171875, "time": "2025-08-08T19:18:22Z" }, "geometry": { "type": "Point", "coordinates": [ -121.347086476162076, 44.02780819684267 ] } },
{ "type": "Feature", "properties": { "track_fid": 0, "track_seg_id": 0, "track_seg_point_id": 3149, "ele": 1156.199951171875, "time": "2025-08-08T19:18:25Z" }, "geometry": { "type": "Point", "coordinates": [ -121.346425395458937, 44.028121093288064 ] } },
{ "type": "Feature", "properties": { "track_fid": 0, "track_seg_id": 0, "track_seg_point_id": 3150, "ele": 1155.800048828125, "time": "2025-08-08T19:18:28Z" }, "geometry": { "type": "Point", "coordinates": [ -121.345758866518736, 44.028438180685043 ] } },
{ "type": "Feature", "properties": { "track_fid": 0, "track_seg_id": 0, "track_seg_point_id": 3151, "ele": 1155.5999755859375, "time": "2025-08-08T19:18:30Z" }, "geometry": { "type": "Point", "coordinates": [ -121.3453134521842, 44.028644962236285 ] } },
{ "type": "Feature", "properties": { "track_fid": 0, "track_seg_id": 0, "track_seg_point_id": 3152, "ele": 1155.0, "time": "2025-08-08T19:18:33Z" }, "geometry": { "type": "Point", "coordinates": [ -121.344656897708774, 44.028950734063983 ] } },
{ "type": "Feature", "properties": { "track_fid": 0, "track_seg_id": 0, "track_seg_point_id": 3153, "ele": 1155.800048828125, "time": "2025-08-08T19:18:36Z" }, "geometry": { "type": "Point", "coordinates": [ -121.34401174262166, 44.029247453436255 ] } },
{ "type": "Feature", "properties": { "track_fid": 0, "track_seg_id": 0, "track_seg_point_id": 3154, "ele": 1156.0, "time": "2025-08-08T19:18:38Z" }, "geometry": { "type": "Point", "coordinates": [ -121.34358468465507, 44.029439147561789 ] } },
{ "type": "Feature", "properties": { "track_fid": 0, "track_seg_id": 0, "track_seg_point_id": 3155, "ele": 1155.800048828125, "time": "2025-08-08T19:18:41Z" }, "geometry": { "type": "Point", "coordinates": [ -121.342940032482147, 44.029736621305346 ] } },
{ "type": "Feature", "properties": { "track_fid": 0, "track_seg_id": 0, "track_seg_point_id": 3156, "ele": 1155.0, "time": "2025-08-08T19:18:44Z" }, "geometry": { "type": "Point", "coordinates": [ -121.342286076396704, 44.030047925189137 ] } },
{ "type": "Feature", "properties": { "track_fid": 0, "track_seg_id": 0, "track_seg_point_id": 3157, "ele": 1154.5999755859375, "time": "2025-08-08T19:18:46Z" }, "geometry": { "type": "Point", "coordinates": [ -121.341847199946642, 44.030260322615504 ] } },
{ "type": "Feature", "properties": { "track_fid": 0, "track_seg_id": 0, "track_seg_point_id": 3158, "ele": 1153.5999755859375, "time": "2025-08-08T19:18:49Z" }, "geometry": { "type": "Point", "coordinates": [ -121.34119818918407, 44.030566262081265 ] } },
{ "type": "Feature", "properties": { "track_fid": 0, "track_seg_id": 0, "track_seg_point_id": 3159, "ele": 1152.5999755859375, "time": "2025-08-08T19:18:52Z" }, "geometry": { "type": "Point", "coordinates": [ -121.340590082108974, 44.030890977010131 ] } },
{ "type": "Feature", "properties": { "track_fid": 0, "track_seg_id": 0, "track_seg_point_id": 3160, "ele": 1152.4000244140625, "time": "2025-08-08T19:18:53Z" }, "geometry": { "type": "Point", "coordinates": [ -121.340398052707314, 44.031008658930659 ] } },
{ "type": "Feature", "properties": { "track_fid": 0, "track_seg_id": 0, "track_seg_point_id": 3161, "ele": 1152.800048828125, "time": "2025-08-08T19:18:56Z" }, "geometry": { "type": "Point", "coordinates": [ -121.339863454923034, 44.031391125172377 ] } },
{ "type": "Feature", "properties": { "track_fid": 0, "track_seg_id": 0, "track_seg_point_id": 3162, "ele": 1153.0, "time": "2025-08-08T19:18:57Z" }, "geometry": { "type": "Point", "coordinates": [ -121.339701265096664, 44.03152666054666 ] } },
{ "type": "Feature", "properties": { "track_fid": 0, "track_seg_id": 0, "track_seg_point_id": 3163, "ele": 1153.4000244140625, "time": "2025-08-08T19:19:00Z" }, "geometry": { "type": "Point", "coordinates": [ -121.339262388646603, 44.031946929171681 ] } },
{ "type": "Feature", "properties": { "track_fid": 0, "track_seg_id": 0, "track_seg_point_id": 3164, "ele": 1153.199951171875, "time": "2025-08-08T19:19:01Z" }, "geometry": { "type": "Point", "coordinates": [ -121.339132050052285, 44.032090175896883 ] } },
{ "type": "Feature", "properties": { "track_fid": 0, "track_seg_id": 0, "track_seg_point_id": 3165, "ele": 1152.4000244140625, "time": "2025-08-08T19:19:04Z" }, "geometry": { "type": "Point", "coordinates": [ -121.33877607062459, 44.032540787011385 ] } },
{ "type": "Feature", "properties": { "track_fid": 0, "track_seg_id": 0, "track_seg_point_id": 3166, "ele": 1151.5999755859375, "time": "2025-08-08T19:19:06Z" }, "geometry": { "type": "Point", "coordinates": [ -121.338571887463331, 44.032851755619049 ] } },
{ "type": "Feature", "properties": { "track_fid": 0, "track_seg_id": 0, "track_seg_point_id": 3167, "ele": 1150.4000244140625, "time": "2025-08-08T19:19:09Z" }, "geometry": { "type": "Point", "coordinates": [ -121.338322777301073, 44.033331451937556 ] } },
{ "type": "Feature", "properties": { "track_fid": 0, "track_seg_id": 0, "track_seg_point_id": 3168, "ele": 1150.199951171875, "time": "2025-08-08T19:19:11Z" }, "geometry": { "type": "Point", "coordinates": [ -121.338190594688058, 44.03365365229547 ] } },
{ "type": "Feature", "properties": { "track_fid": 0, "track_seg_id": 0, "track_seg_point_id": 3169, "ele": 1150.199951171875, "time": "2025-08-08T19:19:14Z" }, "geometry": { "type": "Point", "coordinates": [ -121.338061848655343, 44.034135947003961 ] } },
{ "type": "Feature", "properties": { "track_fid": 0, "track_seg_id": 0, "track_seg_point_id": 3170, "ele": 1150.4000244140625, "time": "2025-08-08T19:19:15Z" }, "geometry": { "type": "Point", "coordinates": [ -121.338033769279718, 44.03429763391614 ] } },
{ "type": "Feature", "properties": { "track_fid": 0, "track_seg_id": 0, "track_seg_point_id": 3171, "ele": 1150.199951171875, "time": "2025-08-08T19:19:18Z" }, "geometry": { "type": "Point", "coordinates": [ -121.337972078472376, 44.034775653854012 ] } },
{ "type": "Feature", "properties": { "track_fid": 0, "track_seg_id": 0, "track_seg_point_id": 3172, "ele": 1149.199951171875, "time": "2025-08-08T19:19:22Z" }, "geometry": { "type": "Point", "coordinates": [ -121.337906867265701, 44.035356184467673 ] } },
{ "type": "Feature", "properties": { "track_fid": 0, "track_seg_id": 0, "track_seg_point_id": 3173, "ele": 1148.199951171875, "time": "2025-08-08T19:19:25Z" }, "geometry": { "type": "Point", "coordinates": [ -121.33786965161562, 44.035682072862983 ] } },
{ "type": "Feature", "properties": { "track_fid": 0, "track_seg_id": 0, "track_seg_point_id": 3174, "ele": 1146.5999755859375, "time": "2025-08-08T19:19:29Z" }, "geometry": { "type": "Point", "coordinates": [ -121.337836375460029, 44.035985916852951 ] } },
{ "type": "Feature", "properties": { "track_fid": 0, "track_seg_id": 0, "track_seg_point_id": 3175, "ele": 1145.199951171875, "time": "2025-08-08T19:19:33Z" }, "geometry": { "type": "Point", "coordinates": [ -121.337809637188911, 44.036178281530738 ] } },
{ "type": "Feature", "properties": { "track_fid": 0, "track_seg_id": 0, "track_seg_point_id": 3176, "ele": 1144.800048828125, "time": "2025-08-08T19:19:36Z" }, "geometry": { "type": "Point", "coordinates": [ -121.337801590561867, 44.03623846359551 ] } },
{ "type": "Feature", "properties": { "track_fid": 0, "track_seg_id": 0, "track_seg_point_id": 3177, "ele": 1144.4000244140625, "time": "2025-08-08T19:19:41Z" }, "geometry": { "type": "Point", "coordinates": [ -121.337778037413955, 44.03633619658649 ] } },
{ "type": "Feature", "properties": { "track_fid": 0, "track_seg_id": 0, "track_seg_point_id": 3178, "ele": 1143.4000244140625, "time": "2025-08-08T19:19:51Z" }, "geometry": { "type": "Point", "coordinates": [ -121.337739648297429, 44.036521185189486 ] } },
{ "type": "Feature", "properties": { "track_fid": 0, "track_seg_id": 0, "track_seg_point_id": 3179, "ele": 1141.800048828125, "time": "2025-08-08T19:20:04Z" }, "geometry": { "type": "Point", "coordinates": [ -121.33765465579927, 44.036859981715679 ] } },
{ "type": "Feature", "properties": { "track_fid": 0, "track_seg_id": 0, "track_seg_point_id": 3180, "ele": 1141.0, "time": "2025-08-08T19:20:11Z" }, "geometry": { "type": "Point", "coordinates": [ -121.337523981928825, 44.037160640582442 ] } },
{ "type": "Feature", "properties": { "track_fid": 0, "track_seg_id": 0, "track_seg_point_id": 3181, "ele": 1140.199951171875, "time": "2025-08-08T19:20:18Z" }, "geometry": { "type": "Point", "coordinates": [ -121.337270680814981, 44.03752164915204 ] } },
{ "type": "Feature", "properties": { "track_fid": 0, "track_seg_id": 0, "track_seg_point_id": 3182, "ele": 1139.5999755859375, "time": "2025-08-08T19:20:27Z" }, "geometry": { "type": "Point", "coordinates": [ -121.336862482130527, 44.037923477590084 ] } },
{ "type": "Feature", "properties": { "track_fid": 0, "track_seg_id": 0, "track_seg_point_id": 3183, "ele": 1138.800048828125, "time": "2025-08-08T19:20:35Z" }, "geometry": { "type": "Point", "coordinates": [ -121.336415475234389, 44.03824626468122 ] } },
{ "type": "Feature", "properties": { "track_fid": 0, "track_seg_id": 0, "track_seg_point_id": 3184, "ele": 1138.5999755859375, "time": "2025-08-08T19:20:38Z" }, "geometry": { "type": "Point", "coordinates": [ -121.336309276521206, 44.038318516686559 ] } },
{ "type": "Feature", "properties": { "track_fid": 0, "track_seg_id": 0, "track_seg_point_id": 3185, "ele": 1138.4000244140625, "time": "2025-08-08T19:20:42Z" }, "geometry": { "type": "Point", "coordinates": [ -121.336270552128553, 44.038339219987392 ] } },
{ "type": "Feature", "properties": { "track_fid": 0, "track_seg_id": 0, "track_seg_point_id": 3186, "ele": 1138.199951171875, "time": "2025-08-08T19:20:47Z" }, "geometry": { "type": "Point", "coordinates": [ -121.336226128041744, 44.038358246907592 ] } },
{ "type": "Feature", "properties": { "track_fid": 0, "track_seg_id": 0, "track_seg_point_id": 3187, "ele": 1138.4000244140625, "time": "2025-08-08T19:20:52Z" }, "geometry": { "type": "Point", "coordinates": [ -121.336153540760279, 44.03837526217103 ] } },
{ "type": "Feature", "properties": { "track_fid": 0, "track_seg_id": 0, "track_seg_point_id": 3188, "ele": 1138.199951171875, "time": "2025-08-08T19:20:53Z" }, "geometry": { "type": "Point", "coordinates": [ -121.336088832467794, 44.038382554426789 ] } },
{ "type": "Feature", "properties": { "track_fid": 0, "track_seg_id": 0, "track_seg_point_id": 3189, "ele": 1138.199951171875, "time": "2025-08-08T19:20:55Z" }, "geometry": { "type": "Point", "coordinates": [ -121.335934270173311, 44.03840652666986 ] } },
{ "type": "Feature", "properties": { "track_fid": 0, "track_seg_id": 0, "track_seg_point_id": 3190, "ele": 1138.0, "time": "2025-08-08T19:20:56Z" }, "geometry": { "type": "Point", "coordinates": [ -121.335857827216387, 44.038438629359007 ] } },
{ "type": "Feature", "properties": { "track_fid": 0, "track_seg_id": 0, "track_seg_point_id": 3191, "ele": 1138.0, "time": "2025-08-08T19:20:57Z" }, "geometry": { "type": "Point", "coordinates": [ -121.335794627666473, 44.038486992940307 ] } },
{ "type": "Feature", "properties": { "track_fid": 0, "track_seg_id": 0, "track_seg_point_id": 3192, "ele": 1137.800048828125, "time": "2025-08-08T19:20:59Z" }, "geometry": { "type": "Point", "coordinates": [ -121.33573092520237, 44.038617247715592 ] } },
{ "type": "Feature", "properties": { "track_fid": 0, "track_seg_id": 0, "track_seg_point_id": 3193, "ele": 1137.800048828125, "time": "2025-08-08T19:21:01Z" }, "geometry": { "type": "Point", "coordinates": [ -121.335683399811387, 44.038764182478189 ] } },
{ "type": "Feature", "properties": { "track_fid": 0, "track_seg_id": 0, "track_seg_point_id": 3194, "ele": 1137.199951171875, "time": "2025-08-08T19:21:03Z" }, "geometry": { "type": "Point", "coordinates": [ -121.3355428352952, 44.038918158039451 ] } },
{ "type": "Feature", "properties": { "track_fid": 0, "track_seg_id": 0, "track_seg_point_id": 3195, "ele": 1136.5999755859375, "time": "2025-08-08T19:21:05Z" }, "geometry": { "type": "Point", "coordinates": [ -121.335338484495878, 44.039091663435102 ] } },
{ "type": "Feature", "properties": { "track_fid": 0, "track_seg_id": 0, "track_seg_point_id": 3196, "ele": 1135.0, "time": "2025-08-08T19:21:09Z" }, "geometry": { "type": "Point", "coordinates": [ -121.334824925288558, 44.03947077691555 ] } },
{ "type": "Feature", "properties": { "track_fid": 0, "track_seg_id": 0, "track_seg_point_id": 3197, "ele": 1131.5999755859375, "time": "2025-08-08T19:21:13Z" }, "geometry": { "type": "Point", "coordinates": [ -121.334248753264546, 44.039895152673125 ] } },
{ "type": "Feature", "properties": { "track_fid": 0, "track_seg_id": 0, "track_seg_point_id": 3198, "ele": 1130.800048828125, "time": "2025-08-08T19:21:14Z" }, "geometry": { "type": "Point", "coordinates": [ -121.334098884835839, 44.04000629670918 ] } },
{ "type": "Feature", "properties": { "track_fid": 0, "track_seg_id": 0, "track_seg_point_id": 3199, "ele": 1128.800048828125, "time": "2025-08-08T19:21:17Z" }, "geometry": { "type": "Point", "coordinates": [ -121.333651291206479, 44.040339980274439 ] } },
{ "type": "Feature", "properties": { "track_fid": 0, "track_seg_id": 0, "track_seg_point_id": 3200, "ele": 1127.199951171875, "time": "2025-08-08T19:21:20Z" }, "geometry": { "type": "Point", "coordinates": [ -121.33321794681251, 44.040667545050383 ] } },
{ "type": "Feature", "properties": { "track_fid": 0, "track_seg_id": 0, "track_seg_point_id": 3201, "ele": 1125.800048828125, "time": "2025-08-08T19:21:24Z" }, "geometry": { "type": "Point", "coordinates": [ -121.332703297957778, 44.041060321033001 ] } },
{ "type": "Feature", "properties": { "track_fid": 0, "track_seg_id": 0, "track_seg_point_id": 3202, "ele": 1124.800048828125, "time": "2025-08-08T19:21:26Z" }, "geometry": { "type": "Point", "coordinates": [ -121.332488972693682, 44.041237765923142 ] } },
{ "type": "Feature", "properties": { "track_fid": 0, "track_seg_id": 0, "track_seg_point_id": 3203, "ele": 1123.800048828125, "time": "2025-08-08T19:21:29Z" }, "geometry": { "type": "Point", "coordinates": [ -121.332275988534093, 44.041451336815953 ] } },
{ "type": "Feature", "properties": { "track_fid": 0, "track_seg_id": 0, "track_seg_point_id": 3204, "ele": 1123.199951171875, "time": "2025-08-08T19:21:31Z" }, "geometry": { "type": "Point", "coordinates": [ -121.33216492831707, 44.041519649326801 ] } },
{ "type": "Feature", "properties": { "track_fid": 0, "track_seg_id": 0, "track_seg_point_id": 3205, "ele": 1123.199951171875, "time": "2025-08-08T19:21:32Z" }, "geometry": { "type": "Point", "coordinates": [ -121.332091754302382, 44.041544795036316 ] } },
{ "type": "Feature", "properties": { "track_fid": 0, "track_seg_id": 0, "track_seg_point_id": 3206, "ele": 1122.800048828125, "time": "2025-08-08T19:21:34Z" }, "geometry": { "type": "Point", "coordinates": [ -121.331924870610237, 44.04160656966269 ] } },
{ "type": "Feature", "properties": { "track_fid": 0, "track_seg_id": 0, "track_seg_point_id": 3207, "ele": 1122.199951171875, "time": "2025-08-08T19:21:36Z" }, "geometry": { "type": "Point", "coordinates": [ -121.331745246425271, 44.041679659858346 ] } },
{ "type": "Feature", "properties": { "track_fid": 0, "track_seg_id": 0, "track_seg_point_id": 3208, "ele": 1122.199951171875, "time": "2025-08-08T19:21:39Z" }, "geometry": { "type": "Point", "coordinates": [ -121.331358589231968, 44.041741685941815 ] } },
{ "type": "Feature", "properties": { "track_fid": 0, "track_seg_id": 0, "track_seg_point_id": 3209, "ele": 1122.5999755859375, "time": "2025-08-08T19:21:43Z" }, "geometry": { "type": "Point", "coordinates": [ -121.330727934837341, 44.041869258508086 ] } },
{ "type": "Feature", "properties": { "track_fid": 0, "track_seg_id": 0, "track_seg_point_id": 3210, "ele": 1122.800048828125, "time": "2025-08-08T19:21:47Z" }, "geometry": { "type": "Point", "coordinates": [ -121.33002569898963, 44.042028682306409 ] } },
{ "type": "Feature", "properties": { "track_fid": 0, "track_seg_id": 0, "track_seg_point_id": 3211, "ele": 1123.0, "time": "2025-08-08T19:21:51Z" }, "geometry": { "type": "Point", "coordinates": [ -121.3292829785496, 44.04220218770206 ] } },
{ "type": "Feature", "properties": { "track_fid": 0, "track_seg_id": 0, "track_seg_point_id": 3212, "ele": 1123.0, "time": "2025-08-08T19:21:52Z" }, "geometry": { "type": "Point", "coordinates": [ -121.329097487032413, 44.042247198522091 ] } },
{ "type": "Feature", "properties": { "track_fid": 0, "track_seg_id": 0, "track_seg_point_id": 3213, "ele": 1122.4000244140625, "time": "2025-08-08T19:21:56Z" }, "geometry": { "type": "Point", "coordinates": [ -121.328399861231446, 44.042465630918741 ] } },
{ "type": "Feature", "properties": { "track_fid": 0, "track_seg_id": 0, "track_seg_point_id": 3214, "ele": 1122.199951171875, "time": "2025-08-08T19:21:57Z" }, "geometry": { "type": "Point", "coordinates": [ -121.32824077270925, 44.042531847953796 ] } },
{ "type": "Feature", "properties": { "track_fid": 0, "track_seg_id": 0, "track_seg_point_id": 3215, "ele": 1122.199951171875, "time": "2025-08-08T19:22:01Z" }, "geometry": { "type": "Point", "coordinates": [ -121.327683040872216, 44.042837955057621 ] } },
{ "type": "Feature", "properties": { "track_fid": 0, "track_seg_id": 0, "track_seg_point_id": 3216, "ele": 1121.800048828125, "time": "2025-08-08T19:22:05Z" }, "geometry": { "type": "Point", "coordinates": [ -121.327235447242856, 44.043174823746085 ] } },
{ "type": "Feature", "properties": { "track_fid": 0, "track_seg_id": 0, "track_seg_point_id": 3217, "ele": 1121.5999755859375, "time": "2025-08-08T19:22:06Z" }, "geometry": { "type": "Point", "coordinates": [ -121.327134780585766, 44.043258056044579 ] } },
{ "type": "Feature", "properties": { "track_fid": 0, "track_seg_id": 0, "track_seg_point_id": 3218, "ele": 1121.0, "time": "2025-08-08T19:22:11Z" }, "geometry": { "type": "Point", "coordinates": [ -121.326632620766759, 44.043619818985462 ] } },
{ "type": "Feature", "properties": { "track_fid": 0, "track_seg_id": 0, "track_seg_point_id": 3219, "ele": 1120.5999755859375, "time": "2025-08-08T19:22:15Z" }, "geometry": { "type": "Point", "coordinates": [ -121.32621243596077, 44.043818973004818 ] } },
{ "type": "Feature", "properties": { "track_fid": 0, "track_seg_id": 0, "track_seg_point_id": 3220, "ele": 1119.5999755859375, "time": "2025-08-08T19:22:20Z" }, "geometry": { "type": "Point", "coordinates": [ -121.325752269476652, 44.043944617733359 ] } },
{ "type": "Feature", "properties": { "track_fid": 0, "track_seg_id": 0, "track_seg_point_id": 3221, "ele": 1118.800048828125, "time": "2025-08-08T19:22:24Z" }, "geometry": { "type": "Point", "coordinates": [ -121.325543057173491, 44.043979067355394 ] } },
{ "type": "Feature", "properties": { "track_fid": 0, "track_seg_id": 0, "track_seg_point_id": 3222, "ele": 1118.800048828125, "time": "2025-08-08T19:22:27Z" }, "geometry": { "type": "Point", "coordinates": [ -121.325408527627587, 44.043944953009486 ] } },
{ "type": "Feature", "properties": { "track_fid": 0, "track_seg_id": 0, "track_seg_point_id": 3223, "ele": 1118.5999755859375, "time": "2025-08-08T19:22:28Z" }, "geometry": { "type": "Point", "coordinates": [ -121.325353877618909, 44.043908072635531 ] } },
{ "type": "Feature", "properties": { "track_fid": 0, "track_seg_id": 0, "track_seg_point_id": 3224, "ele": 1118.4000244140625, "time": "2025-08-08T19:22:29Z" }, "geometry": { "type": "Point", "coordinates": [ -121.32530752569437, 44.043855685740709 ] } },
{ "type": "Feature", "properties": { "track_fid": 0, "track_seg_id": 0, "track_seg_point_id": 3225, "ele": 1118.0, "time": "2025-08-08T19:22:31Z" }, "geometry": { "type": "Point", "coordinates": [ -121.325233932584524, 44.043716881424189 ] } },
{ "type": "Feature", "properties": { "track_fid": 0, "track_seg_id": 0, "track_seg_point_id": 3226, "ele": 1116.800048828125, "time": "2025-08-08T19:22:33Z" }, "geometry": { "type": "Point", "coordinates": [ -121.325154639780521, 44.043559553101659 ] } },
{ "type": "Feature", "properties": { "track_fid": 0, "track_seg_id": 0, "track_seg_point_id": 3227, "ele": 1116.199951171875, "time": "2025-08-08T19:22:34Z" }, "geometry": { "type": "Point", "coordinates": [ -121.325097559019923, 44.043487384915352 ] } },
{ "type": "Feature", "properties": { "track_fid": 0, "track_seg_id": 0, "track_seg_point_id": 3228, "ele": 1115.5999755859375, "time": "2025-08-08T19:22:35Z" }, "geometry": { "type": "Point", "coordinates": [ -121.325030671432614, 44.04342477209866 ] } },
{ "type": "Feature", "properties": { "track_fid": 0, "track_seg_id": 0, "track_seg_point_id": 3229, "ele": 1115.0, "time": "2025-08-08T19:22:37Z" }, "geometry": { "type": "Point", "coordinates": [ -121.324867056682706, 44.043347574770451 ] } },
{ "type": "Feature", "properties": { "track_fid": 0, "track_seg_id": 0, "track_seg_point_id": 3230, "ele": 1114.5999755859375, "time": "2025-08-08T19:22:39Z" }, "geometry": { "type": "Point", "coordinates": [ -121.324685253202915, 44.043327625840902 ] } },
{ "type": "Feature", "properties": { "track_fid": 0, "track_seg_id": 0, "track_seg_point_id": 3231, "ele": 1114.4000244140625, "time": "2025-08-08T19:22:40Z" }, "geometry": { "type": "Point", "coordinates": [ -121.324587939307094, 44.043336845934391 ] } },
{ "type": "Feature", "properties": { "track_fid": 0, "track_seg_id": 0, "track_seg_point_id": 3232, "ele": 1114.0, "time": "2025-08-08T19:22:41Z" }, "geometry": { "type": "Point", "coordinates": [ -121.324489032849669, 44.043358638882637 ] } },
{ "type": "Feature", "properties": { "track_fid": 0, "track_seg_id": 0, "track_seg_point_id": 3233, "ele": 1113.199951171875, "time": "2025-08-08T19:22:44Z" }, "geometry": { "type": "Point", "coordinates": [ -121.324160797521472, 44.04347506351769 ] } },
{ "type": "Feature", "properties": { "track_fid": 0, "track_seg_id": 0, "track_seg_point_id": 3234, "ele": 1110.800048828125, "time": "2025-08-08T19:22:49Z" }, "geometry": { "type": "Point", "coordinates": [ -121.323567442595959, 44.043761556968093 ] } },
{ "type": "Feature", "properties": { "track_fid": 0, "track_seg_id": 0, "track_seg_point_id": 3235, "ele": 1109.0, "time": "2025-08-08T19:22:54Z" }, "geometry": { "type": "Point", "coordinates": [ -121.323026390746236, 44.04402231797576 ] } },
{ "type": "Feature", "properties": { "track_fid": 0, "track_seg_id": 0, "track_seg_point_id": 3236, "ele": 1108.4000244140625, "time": "2025-08-08T19:22:55Z" }, "geometry": { "type": "Point", "coordinates": [ -121.322912983596325, 44.044051319360733 ] } },
{ "type": "Feature", "properties": { "track_fid": 0, "track_seg_id": 0, "track_seg_point_id": 3237, "ele": 1107.5999755859375, "time": "2025-08-08T19:22:56Z" }, "geometry": { "type": "Point", "coordinates": [ -121.322793122380972, 44.044067244976759 ] } },
{ "type": "Feature", "properties": { "track_fid": 0, "track_seg_id": 0, "track_seg_point_id": 3238, "ele": 1106.4000244140625, "time": "2025-08-08T19:22:58Z" }, "geometry": { "type": "Point", "coordinates": [ -121.322541581466794, 44.04406531713903 ] } },
{ "type": "Feature", "properties": { "track_fid": 0, "track_seg_id": 0, "track_seg_point_id": 3239, "ele": 1104.4000244140625, "time": "2025-08-08T19:23:04Z" }, "geometry": { "type": "Point", "coordinates": [ -121.321973456069827, 44.044013433158398 ] } },
{ "type": "Feature", "properties": { "track_fid": 0, "track_seg_id": 0, "track_seg_point_id": 3240, "ele": 1104.199951171875, "time": "2025-08-08T19:23:08Z" }, "geometry": { "type": "Point", "coordinates": [ -121.321764243766665, 44.043990466743708 ] } },
{ "type": "Feature", "properties": { "track_fid": 0, "track_seg_id": 0, "track_seg_point_id": 3241, "ele": 1104.199951171875, "time": "2025-08-08T19:23:12Z" }, "geometry": { "type": "Point", "coordinates": [ -121.321638347581029, 44.043974289670587 ] } },
{ "type": "Feature", "properties": { "track_fid": 0, "track_seg_id": 0, "track_seg_point_id": 3242, "ele": 1104.5999755859375, "time": "2025-08-08T19:23:17Z" }, "geometry": { "type": "Point", "coordinates": [ -121.321542542427778, 44.043963477015495 ] } },
{ "type": "Feature", "properties": { "track_fid": 0, "track_seg_id": 0, "track_seg_point_id": 3243, "ele": 1104.800048828125, "time": "2025-08-08T19:23:24Z" }, "geometry": { "type": "Point", "coordinates": [ -121.321478588506579, 44.043947719037533 ] } },
{ "type": "Feature", "properties": { "track_fid": 0, "track_seg_id": 0, "track_seg_point_id": 3244, "ele": 1104.0, "time": "2025-08-08T19:23:35Z" }, "geometry": { "type": "Point", "coordinates": [ -121.321226544678211, 44.043900026008487 ] } },
{ "type": "Feature", "properties": { "track_fid": 0, "track_seg_id": 0, "track_seg_point_id": 3245, "ele": 1103.800048828125, "time": "2025-08-08T19:23:49Z" }, "geometry": { "type": "Point", "coordinates": [ -121.320790853351355, 44.0438078250736 ] } },
{ "type": "Feature", "properties": { "track_fid": 0, "track_seg_id": 0, "track_seg_point_id": 3246, "ele": 1104.0, "time": "2025-08-08T19:23:57Z" }, "geometry": { "type": "Point", "coordinates": [ -121.320573091506958, 44.043753929436207 ] } },
{ "type": "Feature", "properties": { "track_fid": 0, "track_seg_id": 0, "track_seg_point_id": 3247, "ele": 1104.4000244140625, "time": "2025-08-08T19:24:01Z" }, "geometry": { "type": "Point", "coordinates": [ -121.320194229483604, 44.043675642460585 ] } },
{ "type": "Feature", "properties": { "track_fid": 0, "track_seg_id": 0, "track_seg_point_id": 3248, "ele": 1105.0, "time": "2025-08-08T19:24:06Z" }, "geometry": { "type": "Point", "coordinates": [ -121.319536920636892, 44.043607665225863 ] } },
{ "type": "Feature", "properties": { "track_fid": 0, "track_seg_id": 0, "track_seg_point_id": 3249, "ele": 1104.800048828125, "time": "2025-08-08T19:24:10Z" }, "geometry": { "type": "Point", "coordinates": [ -121.318974327296019, 44.04356399551034 ] } },
{ "type": "Feature", "properties": { "track_fid": 0, "track_seg_id": 0, "track_seg_point_id": 3250, "ele": 1104.5999755859375, "time": "2025-08-08T19:24:15Z" }, "geometry": { "type": "Point", "coordinates": [ -121.318238228559494, 44.043544381856918 ] } },
{ "type": "Feature", "properties": { "track_fid": 0, "track_seg_id": 0, "track_seg_point_id": 3251, "ele": 1104.5999755859375, "time": "2025-08-08T19:24:16Z" }, "geometry": { "type": "Point", "coordinates": [ -121.318092299625278, 44.043546644970775 ] } },
{ "type": "Feature", "properties": { "track_fid": 0, "track_seg_id": 0, "track_seg_point_id": 3252, "ele": 1105.199951171875, "time": "2025-08-08T19:24:21Z" }, "geometry": { "type": "Point", "coordinates": [ -121.317377239465714, 44.04352493584156 ] } },
{ "type": "Feature", "properties": { "track_fid": 0, "track_seg_id": 0, "track_seg_point_id": 3253, "ele": 1105.199951171875, "time": "2025-08-08T19:24:22Z" }, "geometry": { "type": "Point", "coordinates": [ -121.317235417664051, 44.043503478169441 ] } },
{ "type": "Feature", "properties": { "track_fid": 0, "track_seg_id": 0, "track_seg_point_id": 3254, "ele": 1104.800048828125, "time": "2025-08-08T19:24:27Z" }, "geometry": { "type": "Point", "coordinates": [ -121.316545754671097, 44.043334163725376 ] } },
{ "type": "Feature", "properties": { "track_fid": 0, "track_seg_id": 0, "track_seg_point_id": 3255, "ele": 1104.0, "time": "2025-08-08T19:24:32Z" }, "geometry": { "type": "Point", "coordinates": [ -121.3159170281142, 44.043157221749425 ] } },
{ "type": "Feature", "properties": { "track_fid": 0, "track_seg_id": 0, "track_seg_point_id": 3256, "ele": 1103.5999755859375, "time": "2025-08-08T19:24:34Z" }, "geometry": { "type": "Point", "coordinates": [ -121.315687699243426, 44.043062925338745 ] } },
{ "type": "Feature", "properties": { "track_fid": 0, "track_seg_id": 0, "track_seg_point_id": 3257, "ele": 1103.199951171875, "time": "2025-08-08T19:24:35Z" }, "geometry": { "type": "Point", "coordinates": [ -121.315583093091846, 44.043006179854274 ] } },
{ "type": "Feature", "properties": { "track_fid": 0, "track_seg_id": 0, "track_seg_point_id": 3258, "ele": 1102.5999755859375, "time": "2025-08-08T19:24:38Z" }, "geometry": { "type": "Point", "coordinates": [ -121.315299365669489, 44.042804846540093 ] } },
{ "type": "Feature", "properties": { "track_fid": 0, "track_seg_id": 0, "track_seg_point_id": 3259, "ele": 1102.800048828125, "time": "2025-08-08T19:24:43Z" }, "geometry": { "type": "Point", "coordinates": [ -121.314833499491215, 44.042456075549126 ] } },
{ "type": "Feature", "properties": { "track_fid": 0, "track_seg_id": 0, "track_seg_point_id": 3260, "ele": 1103.0, "time": "2025-08-08T19:24:44Z" }, "geometry": { "type": "Point", "coordinates": [ -121.314741717651486, 44.042403856292367 ] } },
{ "type": "Feature", "properties": { "track_fid": 0, "track_seg_id": 0, "track_seg_point_id": 3261, "ele": 1103.0, "time": "2025-08-08T19:24:45Z" }, "geometry": { "type": "Point", "coordinates": [ -121.314653623849154, 44.042363874614239 ] } },
{ "type": "Feature", "properties": { "track_fid": 0, "track_seg_id": 0, "track_seg_point_id": 3262, "ele": 1103.199951171875, "time": "2025-08-08T19:24:46Z" }, "geometry": { "type": "Point", "coordinates": [ -121.314573157578707, 44.042335459962487 ] } },
{ "type": "Feature", "properties": { "track_fid": 0, "track_seg_id": 0, "track_seg_point_id": 3263, "ele": 1103.199951171875, "time": "2025-08-08T19:24:48Z" }, "geometry": { "type": "Point", "coordinates": [ -121.314454050734639, 44.042295981198549 ] } },
{ "type": "Feature", "properties": { "track_fid": 0, "track_seg_id": 0, "track_seg_point_id": 3264, "ele": 1103.0, "time": "2025-08-08T19:24:52Z" }, "geometry": { "type": "Point", "coordinates": [ -121.314363274723291, 44.042222471907735 ] } },
{ "type": "Feature", "properties": { "track_fid": 0, "track_seg_id": 0, "track_seg_point_id": 3265, "ele": 1102.800048828125, "time": "2025-08-08T19:24:56Z" }, "geometry": { "type": "Point", "coordinates": [ -121.314362436532974, 44.042098168283701 ] } },
{ "type": "Feature", "properties": { "track_fid": 0, "track_seg_id": 0, "track_seg_point_id": 3266, "ele": 1103.199951171875, "time": "2025-08-08T19:25:06Z" }, "geometry": { "type": "Point", "coordinates": [ -121.314502162858844, 44.041845118626952 ] } },
{ "type": "Feature", "properties": { "track_fid": 0, "track_seg_id": 0, "track_seg_point_id": 3267, "ele": 1103.4000244140625, "time": "2025-08-08T19:25:17Z" }, "geometry": { "type": "Point", "coordinates": [ -121.314683463424444, 44.041659794747829 ] } },
{ "type": "Feature", "properties": { "track_fid": 0, "track_seg_id": 0, "track_seg_point_id": 3268, "ele": 1103.5999755859375, "time": "2025-08-08T19:25:28Z" }, "geometry": { "type": "Point", "coordinates": [ -121.314953863620758, 44.041483355686069 ] } },
{ "type": "Feature", "properties": { "track_fid": 0, "track_seg_id": 0, "track_seg_point_id": 3269, "ele": 1103.800048828125, "time": "2025-08-08T19:25:37Z" }, "geometry": { "type": "Point", "coordinates": [ -121.315101720392704, 44.041407834738493 ] } },
{ "type": "Feature", "properties": { "track_fid": 0, "track_seg_id": 0, "track_seg_point_id": 3270, "ele": 1104.199951171875, "time": "2025-08-08T19:25:46Z" }, "geometry": { "type": "Point", "coordinates": [ -121.31521537899971, 44.041369277983904 ] } },
{ "type": "Feature", "properties": { "track_fid": 0, "track_seg_id": 0, "track_seg_point_id": 3271, "ele": 1105.0, "time": "2025-08-08T19:25:55Z" }, "geometry": { "type": "Point", "coordinates": [ -121.315477062016726, 44.041306748986244 ] } },
{ "type": "Feature", "properties": { "track_fid": 0, "track_seg_id": 0, "track_seg_point_id": 3272, "ele": 1105.800048828125, "time": "2025-08-08T19:26:05Z" }, "geometry": { "type": "Point", "coordinates": [ -121.31584913469851, 44.041195185855031 ] } },
{ "type": "Feature", "properties": { "track_fid": 0, "track_seg_id": 0, "track_seg_point_id": 3273, "ele": 1107.0, "time": "2025-08-08T19:26:13Z" }, "geometry": { "type": "Point", "coordinates": [ -121.316060777753592, 44.041082533076406 ] } },
{ "type": "Feature", "properties": { "track_fid": 0, "track_seg_id": 0, "track_seg_point_id": 3274, "ele": 1108.199951171875, "time": "2025-08-08T19:26:24Z" }, "geometry": { "type": "Point", "coordinates": [ -121.316259261220694, 44.040936771780252 ] } },
{ "type": "Feature", "properties": { "track_fid": 0, "track_seg_id": 0, "track_seg_point_id": 3275, "ele": 1108.199951171875, "time": "2025-08-08T19:26:38Z" }, "geometry": { "type": "Point", "coordinates": [ -121.316448776051402, 44.040779527276754 ] } },
{ "type": "Feature", "properties": { "track_fid": 0, "track_seg_id": 0, "track_seg_point_id": 3276, "ele": 1109.4000244140625, "time": "2025-08-08T19:26:45Z" }, "geometry": { "type": "Point", "coordinates": [ -121.316729066893458, 44.040672825649381 ] } },
{ "type": "Feature", "properties": { "track_fid": 0, "track_seg_id": 0, "track_seg_point_id": 3277, "ele": 1109.4000244140625, "time": "2025-08-08T19:26:48Z" }, "geometry": { "type": "Point", "coordinates": [ -121.316942637786269, 44.040603758767247 ] } },
{ "type": "Feature", "properties": { "track_fid": 0, "track_seg_id": 0, "track_seg_point_id": 3278, "ele": 1109.199951171875, "time": "2025-08-08T19:26:49Z" }, "geometry": { "type": "Point", "coordinates": [ -121.31698957644403, 44.04055941849947 ] } },
{ "type": "Feature", "properties": { "track_fid": 0, "track_seg_id": 0, "track_seg_point_id": 3279, "ele": 1109.4000244140625, "time": "2025-08-08T19:26:50Z" }, "geometry": { "type": "Point", "coordinates": [ -121.31701547652483, 44.040506780147552 ] } },
{ "type": "Feature", "properties": { "track_fid": 0, "track_seg_id": 0, "track_seg_point_id": 3280, "ele": 1109.5999755859375, "time": "2025-08-08T19:26:52Z" }, "geometry": { "type": "Point", "coordinates": [ -121.317000640556216, 44.040405191481113 ] } },
{ "type": "Feature", "properties": { "track_fid": 0, "track_seg_id": 0, "track_seg_point_id": 3281, "ele": 1109.800048828125, "time": "2025-08-08T19:26:54Z" }, "geometry": { "type": "Point", "coordinates": [ -121.316923778504133, 44.040335034951568 ] } },
{ "type": "Feature", "properties": { "track_fid": 0, "track_seg_id": 0, "track_seg_point_id": 3282, "ele": 1110.0, "time": "2025-08-08T19:26:55Z" }, "geometry": { "type": "Point", "coordinates": [ -121.316867368295789, 44.040309386327863 ] } },
{ "type": "Feature", "properties": { "track_fid": 0, "track_seg_id": 0, "track_seg_point_id": 3283, "ele": 1110.199951171875, "time": "2025-08-08T19:26:56Z" }, "geometry": { "type": "Point", "coordinates": [ -121.316800732165575, 44.040291868150234 ] } },
{ "type": "Feature", "properties": { "track_fid": 0, "track_seg_id": 0, "track_seg_point_id": 3284, "ele": 1109.800048828125, "time": "2025-08-08T19:26:58Z" }, "geometry": { "type": "Point", "coordinates": [ -121.316638290882111, 44.040289772674441 ] } },
{ "type": "Feature", "properties": { "track_fid": 0, "track_seg_id": 0, "track_seg_point_id": 3285, "ele": 1110.0, "time": "2025-08-08T19:27:00Z" }, "geometry": { "type": "Point", "coordinates": [ -121.31643989123404, 44.040274266153574 ] } },
{ "type": "Feature", "properties": { "track_fid": 0, "track_seg_id": 0, "track_seg_point_id": 3286, "ele": 1110.800048828125, "time": "2025-08-08T19:27:02Z" }, "geometry": { "type": "Point", "coordinates": [ -121.316223638132215, 44.040217772126198 ] } },
{ "type": "Feature", "properties": { "track_fid": 0, "track_seg_id": 0, "track_seg_point_id": 3287, "ele": 1112.0, "time": "2025-08-08T19:27:06Z" }, "geometry": { "type": "Point", "coordinates": [ -121.315662721171975, 44.040061617270112 ] } },
{ "type": "Feature", "properties": { "track_fid": 0, "track_seg_id": 0, "track_seg_point_id": 3288, "ele": 1115.0, "time": "2025-08-08T19:27:10Z" }, "geometry": { "type": "Point", "coordinates": [ -121.314991833642125, 44.039961788803339 ] } },
{ "type": "Feature", "properties": { "track_fid": 0, "track_seg_id": 0, "track_seg_point_id": 3289, "ele": 1119.5999755859375, "time": "2025-08-08T19:27:14Z" }, "geometry": { "type": "Point", "coordinates": [ -121.314349360764027, 44.039864642545581 ] } },
{ "type": "Feature", "properties": { "track_fid": 0, "track_seg_id": 0, "track_seg_point_id": 3290, "ele": 1120.199951171875, "time": "2025-08-08T19:27:15Z" }, "geometry": { "type": "Point", "coordinates": [ -121.314184153452516, 44.039832623675466 ] } },
{ "type": "Feature", "properties": { "track_fid": 0, "track_seg_id": 0, "track_seg_point_id": 3291, "ele": 1122.4000244140625, "time": "2025-08-08T19:27:19Z" }, "geometry": { "type": "Point", "coordinates": [ -121.313506057485938, 44.039706476032734 ] } },
{ "type": "Feature", "properties": { "track_fid": 0, "track_seg_id": 0, "track_seg_point_id": 3292, "ele": 1120.199951171875, "time": "2025-08-08T19:27:22Z" }, "geometry": { "type": "Point", "coordinates": [ -121.312979171052575, 44.039611341431737 ] } },
{ "type": "Feature", "properties": { "track_fid": 0, "track_seg_id": 0, "track_seg_point_id": 3293, "ele": 1120.4000244140625, "time": "2025-08-08T19:27:26Z" }, "geometry": { "type": "Point", "coordinates": [ -121.31227383390069, 44.039464490488172 ] } },
{ "type": "Feature", "properties": { "track_fid": 0, "track_seg_id": 0, "track_seg_point_id": 3294, "ele": 1121.0, "time": "2025-08-08T19:27:29Z" }, "geometry": { "type": "Point", "coordinates": [ -121.311807967722416, 44.03934714384377 ] } },
{ "type": "Feature", "properties": { "track_fid": 0, "track_seg_id": 0, "track_seg_point_id": 3295, "ele": 1123.199951171875, "time": "2025-08-08T19:27:34Z" }, "geometry": { "type": "Point", "coordinates": [ -121.311157448217273, 44.039205070585012 ] } },
{ "type": "Feature", "properties": { "track_fid": 0, "track_seg_id": 0, "track_seg_point_id": 3296, "ele": 1123.4000244140625, "time": "2025-08-08T19:27:35Z" }, "geometry": { "type": "Point", "coordinates": [ -121.31106155924499, 44.039183864369988 ] } },
{ "type": "Feature", "properties": { "track_fid": 0, "track_seg_id": 0, "track_seg_point_id": 3297, "ele": 1123.4000244140625, "time": "2025-08-08T19:27:37Z" }, "geometry": { "type": "Point", "coordinates": [ -121.310932226479053, 44.03915704227984 ] } },
{ "type": "Feature", "properties": { "track_fid": 0, "track_seg_id": 0, "track_seg_point_id": 3298, "ele": 1125.199951171875, "time": "2025-08-08T19:27:41Z" }, "geometry": { "type": "Point", "coordinates": [ -121.310780262574553, 44.039130974560976 ] } },
{ "type": "Feature", "properties": { "track_fid": 0, "track_seg_id": 0, "track_seg_point_id": 3299, "ele": 1127.800048828125, "time": "2025-08-08T19:27:44Z" }, "geometry": { "type": "Point", "coordinates": [ -121.310559399425983, 44.039091244339943 ] } },
{ "type": "Feature", "properties": { "track_fid": 0, "track_seg_id": 0, "track_seg_point_id": 3300, "ele": 1131.800048828125, "time": "2025-08-08T19:27:48Z" }, "geometry": { "type": "Point", "coordinates": [ -121.310093952342868, 44.03900608420372 ] } },
{ "type": "Feature", "properties": { "track_fid": 0, "track_seg_id": 0, "track_seg_point_id": 3301, "ele": 1134.800048828125, "time": "2025-08-08T19:27:53Z" }, "geometry": { "type": "Point", "coordinates": [ -121.309460196644068, 44.03889468871057 ] } },
{ "type": "Feature", "properties": { "track_fid": 0, "track_seg_id": 0, "track_seg_point_id": 3302, "ele": 1136.199951171875, "time": "2025-08-08T19:27:55Z" }, "geometry": { "type": "Point", "coordinates": [ -121.309194322675467, 44.038847247138619 ] } },
{ "type": "Feature", "properties": { "track_fid": 0, "track_seg_id": 0, "track_seg_point_id": 3303, "ele": 1137.5999755859375, "time": "2025-08-08T19:28:00Z" }, "geometry": { "type": "Point", "coordinates": [ -121.308439364656806, 44.038699977099895 ] } },
{ "type": "Feature", "properties": { "track_fid": 0, "track_seg_id": 0, "track_seg_point_id": 3304, "ele": 1137.5999755859375, "time": "2025-08-08T19:28:01Z" }, "geometry": { "type": "Point", "coordinates": [ -121.308282539248466, 44.038668628782034 ] } },
{ "type": "Feature", "properties": { "track_fid": 0, "track_seg_id": 0, "track_seg_point_id": 3305, "ele": 1136.800048828125, "time": "2025-08-08T19:28:06Z" }, "geometry": { "type": "Point", "coordinates": [ -121.307536885142326, 44.038548935204744 ] } },
{ "type": "Feature", "properties": { "track_fid": 0, "track_seg_id": 0, "track_seg_point_id": 3306, "ele": 1136.4000244140625, "time": "2025-08-08T19:28:07Z" }, "geometry": { "type": "Point", "coordinates": [ -121.307391878217459, 44.038535440340638 ] } },
{ "type": "Feature", "properties": { "track_fid": 0, "track_seg_id": 0, "track_seg_point_id": 3307, "ele": 1134.0, "time": "2025-08-08T19:28:12Z" }, "geometry": { "type": "Point", "coordinates": [ -121.306669525802135, 44.038515156134963 ] } },
{ "type": "Feature", "properties": { "track_fid": 0, "track_seg_id": 0, "track_seg_point_id": 3308, "ele": 1133.199951171875, "time": "2025-08-08T19:28:13Z" }, "geometry": { "type": "Point", "coordinates": [ -121.306529128924012, 44.038515072315931 ] } },
{ "type": "Feature", "properties": { "track_fid": 0, "track_seg_id": 0, "track_seg_point_id": 3309, "ele": 1131.4000244140625, "time": "2025-08-08T19:28:18Z" }, "geometry": { "type": "Point", "coordinates": [ -121.306027891114354, 44.038512893021107 ] } },
{ "type": "Feature", "properties": { "track_fid": 0, "track_seg_id": 0, "track_seg_point_id": 3310, "ele": 1131.4000244140625, "time": "2025-08-08T19:28:20Z" }, "geometry": { "type": "Point", "coordinates": [ -121.305939126759768, 44.038450699299574 ] } },
{ "type": "Feature", "properties": { "track_fid": 0, "track_seg_id": 0, "track_seg_point_id": 3311, "ele": 1131.5999755859375, "time": "2025-08-08T19:28:21Z" }, "geometry": { "type": "Point", "coordinates": [ -121.305928230285645, 44.038405939936638 ] } },
{ "type": "Feature", "properties": { "track_fid": 0, "track_seg_id": 0, "track_seg_point_id": 3312, "ele": 1131.800048828125, "time": "2025-08-08T19:28:22Z" }, "geometry": { "type": "Point", "coordinates": [ -121.305927895009518, 44.038358498364687 ] } },
{ "type": "Feature", "properties": { "track_fid": 0, "track_seg_id": 0, "track_seg_point_id": 3313, "ele": 1132.5999755859375, "time": "2025-08-08T19:28:26Z" }, "geometry": { "type": "Point", "coordinates": [ -121.305925296619534, 44.038128750398755 ] } },
{ "type": "Feature", "properties": { "track_fid": 0, "track_seg_id": 0, "track_seg_point_id": 3314, "ele": 1134.0, "time": "2025-08-08T19:28:32Z" }, "geometry": { "type": "Point", "coordinates": [ -121.305917166173458, 44.037829348817468 ] } },
{ "type": "Feature", "properties": { "track_fid": 0, "track_seg_id": 0, "track_seg_point_id": 3315, "ele": 1134.4000244140625, "time": "2025-08-08T19:28:37Z" }, "geometry": { "type": "Point", "coordinates": [ -121.305913645774126, 44.037751397117972 ] } },
{ "type": "Feature", "properties": { "track_fid": 0, "track_seg_id": 0, "track_seg_point_id": 3316, "ele": 1134.4000244140625, "time": "2025-08-08T19:28:39Z" }, "geometry": { "type": "Point", "coordinates": [ -121.305916830897331, 44.037750978022814 ] } },
{ "type": "Feature", "properties": { "track_fid": 0, "track_seg_id": 0, "track_seg_point_id": 3317, "ele": 1134.199951171875, "time": "2025-08-08T19:28:40Z" }, "geometry": { "type": "Point", "coordinates": [ -121.305917669087648, 44.037752319127321 ] } },
{ "type": "Feature", "properties": { "track_fid": 0, "track_seg_id": 0, "track_seg_point_id": 3318, "ele": 1134.4000244140625, "time": "2025-08-08T19:28:43Z" }, "geometry": { "type": "Point", "coordinates": [ -121.305918591096997, 44.037754246965051 ] } },
{ "type": "Feature", "properties": { "track_fid": 0, "track_seg_id": 0, "track_seg_point_id": 3319, "ele": 1134.4000244140625, "time": "2025-08-08T19:28:48Z" }, "geometry": { "type": "Point", "coordinates": [ -121.305918926373124, 44.037755085155368 ] } },
{ "type": "Feature", "properties": { "track_fid": 0, "track_seg_id": 0, "track_seg_point_id": 3320, "ele": 1135.0, "time": "2025-08-08T19:29:02Z" }, "geometry": { "type": "Point", "coordinates": [ -121.305901324376464, 44.037593565881252 ] } },
{ "type": "Feature", "properties": { "track_fid": 0, "track_seg_id": 0, "track_seg_point_id": 3321, "ele": 1135.5999755859375, "time": "2025-08-08T19:29:06Z" }, "geometry": { "type": "Point", "coordinates": [ -121.305830664932728, 44.037362979725003 ] } },
{ "type": "Feature", "properties": { "track_fid": 0, "track_seg_id": 0, "track_seg_point_id": 3322, "ele": 1136.0, "time": "2025-08-08T19:29:08Z" }, "geometry": { "type": "Point", "coordinates": [ -121.305729830637574, 44.037200538441539 ] } },
{ "type": "Feature", "properties": { "track_fid": 0, "track_seg_id": 0, "track_seg_point_id": 3323, "ele": 1136.4000244140625, "time": "2025-08-08T19:29:10Z" }, "geometry": { "type": "Point", "coordinates": [ -121.305584656074643, 44.037036672234535 ] } },
{ "type": "Feature", "properties": { "track_fid": 0, "track_seg_id": 0, "track_seg_point_id": 3324, "ele": 1136.800048828125, "time": "2025-08-08T19:29:12Z" }, "geometry": { "type": "Point", "coordinates": [ -121.305404445156455, 44.03688789345324 ] } },
{ "type": "Feature", "properties": { "track_fid": 0, "track_seg_id": 0, "track_seg_point_id": 3325, "ele": 1137.800048828125, "time": "2025-08-08T19:29:17Z" }, "geometry": { "type": "Point", "coordinates": [ -121.304979482665658, 44.036575248464942 ] } },
{ "type": "Feature", "properties": { "track_fid": 0, "track_seg_id": 0, "track_seg_point_id": 3326, "ele": 1137.800048828125, "time": "2025-08-08T19:29:19Z" }, "geometry": { "type": "Point", "coordinates": [ -121.304941261187196, 44.036447927355766 ] } },
{ "type": "Feature", "properties": { "track_fid": 0, "track_seg_id": 0, "track_seg_point_id": 3327, "ele": 1137.5999755859375, "time": "2025-08-08T19:29:21Z" }, "geometry": { "type": "Point", "coordinates": [ -121.30502306856215, 44.036306692287326 ] } },
{ "type": "Feature", "properties": { "track_fid": 0, "track_seg_id": 0, "track_seg_point_id": 3328, "ele": 1137.4000244140625, "time": "2025-08-08T19:29:22Z" }, "geometry": { "type": "Point", "coordinates": [ -121.305087357759476, 44.03622773475945 ] } },
{ "type": "Feature", "properties": { "track_fid": 0, "track_seg_id": 0, "track_seg_point_id": 3329, "ele": 1137.5999755859375, "time": "2025-08-08T19:29:25Z" }, "geometry": { "type": "Point", "coordinates": [ -121.305338982492685, 44.035954484716058 ] } },
{ "type": "Feature", "properties": { "track_fid": 0, "track_seg_id": 0, "track_seg_point_id": 3330, "ele": 1138.199951171875, "time": "2025-08-08T19:29:29Z" }, "geometry": { "type": "Point", "coordinates": [ -121.305735865607858, 44.035560032352805 ] } },
{ "type": "Feature", "properties": { "track_fid": 0, "track_seg_id": 0, "track_seg_point_id": 3331, "ele": 1138.4000244140625, "time": "2025-08-08T19:29:30Z" }, "geometry": { "type": "Point", "coordinates": [ -121.305831922218204, 44.035466657951474 ] } },
{ "type": "Feature", "properties": { "track_fid": 0, "track_seg_id": 0, "track_seg_point_id": 3332, "ele": 1139.199951171875, "time": "2025-08-08T19:29:35Z" }, "geometry": { "type": "Point", "coordinates": [ -121.30627297796309, 44.035022919997573 ] } },
{ "type": "Feature", "properties": { "track_fid": 0, "track_seg_id": 0, "track_seg_point_id": 3333, "ele": 1139.4000244140625, "time": "2025-08-08T19:29:36Z" }, "geometry": { "type": "Point", "coordinates": [ -121.306359395384789, 44.034936167299747 ] } },
{ "type": "Feature", "properties": { "track_fid": 0, "track_seg_id": 0, "track_seg_point_id": 3334, "ele": 1140.4000244140625, "time": "2025-08-08T19:29:41Z" }, "geometry": { "type": "Point", "coordinates": [ -121.306805396452546, 44.034495027735829 ] } },
{ "type": "Feature", "properties": { "track_fid": 0, "track_seg_id": 0, "track_seg_point_id": 3335, "ele": 1141.199951171875, "time": "2025-08-08T19:29:45Z" }, "geometry": { "type": "Point", "coordinates": [ -121.307185348123312, 44.034120440483093 ] } },
{ "type": "Feature", "properties": { "track_fid": 0, "track_seg_id": 0, "track_seg_point_id": 3336, "ele": 1141.4000244140625, "time": "2025-08-08T19:29:46Z" }, "geometry": { "type": "Point", "coordinates": [ -121.307285260409117, 44.034023629501462 ] } },
{ "type": "Feature", "properties": { "track_fid": 0, "track_seg_id": 0, "track_seg_point_id": 3337, "ele": 1142.0, "time": "2025-08-08T19:29:50Z" }, "geometry": { "type": "Point", "coordinates": [ -121.307666720822453, 44.033653819933534 ] } },
{ "type": "Feature", "properties": { "track_fid": 0, "track_seg_id": 0, "track_seg_point_id": 3338, "ele": 1142.800048828125, "time": "2025-08-08T19:29:54Z" }, "geometry": { "type": "Point", "coordinates": [ -121.308031585067511, 44.033350059762597 ] } },
{ "type": "Feature", "properties": { "track_fid": 0, "track_seg_id": 0, "track_seg_point_id": 3339, "ele": 1143.0, "time": "2025-08-08T19:29:56Z" }, "geometry": { "type": "Point", "coordinates": [ -121.308169383555651, 44.033236652612686 ] } },
{ "type": "Feature", "properties": { "track_fid": 0, "track_seg_id": 0, "track_seg_point_id": 3340, "ele": 1142.800048828125, "time": "2025-08-08T19:29:57Z" }, "geometry": { "type": "Point", "coordinates": [ -121.308233588933945, 44.03321142308414 ] } },
{ "type": "Feature", "properties": { "track_fid": 0, "track_seg_id": 0, "track_seg_point_id": 3341, "ele": 1142.4000244140625, "time": "2025-08-08T19:29:58Z" }, "geometry": { "type": "Point", "coordinates": [ -121.308300057426095, 44.033208824694157 ] } },
{ "type": "Feature", "properties": { "track_fid": 0, "track_seg_id": 0, "track_seg_point_id": 3342, "ele": 1141.5999755859375, "time": "2025-08-08T19:30:00Z" }, "geometry": { "type": "Point", "coordinates": [ -121.308425450697541, 44.033240675926208 ] } },
{ "type": "Feature", "properties": { "track_fid": 0, "track_seg_id": 0, "track_seg_point_id": 3343, "ele": 1140.800048828125, "time": "2025-08-08T19:30:05Z" }, "geometry": { "type": "Point", "coordinates": [ -121.308732395991683, 44.033370595425367 ] } },
{ "type": "Feature", "properties": { "track_fid": 0, "track_seg_id": 0, "track_seg_point_id": 3344, "ele": 1140.800048828125, "time": "2025-08-08T19:30:10Z" }, "geometry": { "type": "Point", "coordinates": [ -121.3089853618294, 44.033498922362924 ] } },
{ "type": "Feature", "properties": { "track_fid": 0, "track_seg_id": 0, "track_seg_point_id": 3345, "ele": 1140.800048828125, "time": "2025-08-08T19:30:14Z" }, "geometry": { "type": "Point", "coordinates": [ -121.309120142832398, 44.033513758331537 ] } },
{ "type": "Feature", "properties": { "track_fid": 0, "track_seg_id": 0, "track_seg_point_id": 3346, "ele": 1140.800048828125, "time": "2025-08-08T19:30:16Z" }, "geometry": { "type": "Point", "coordinates": [ -121.309235394001007, 44.033456426113844 ] } },
{ "type": "Feature", "properties": { "track_fid": 0, "track_seg_id": 0, "track_seg_point_id": 3347, "ele": 1140.800048828125, "time": "2025-08-08T19:30:17Z" }, "geometry": { "type": "Point", "coordinates": [ -121.309280823916197, 44.03341175056994 ] } },
{ "type": "Feature", "properties": { "track_fid": 0, "track_seg_id": 0, "track_seg_point_id": 3348, "ele": 1141.0, "time": "2025-08-08T19:30:21Z" }, "geometry": { "type": "Point", "coordinates": [ -121.309379730373621, 44.033286273479462 ] } },
{ "type": "Feature", "properties": { "track_fid": 0, "track_seg_id": 0, "track_seg_point_id": 3349, "ele": 1140.800048828125, "time": "2025-08-08T19:30:28Z" }, "geometry": { "type": "Point", "coordinates": [ -121.309372438117862, 44.033284345641732 ] } },
{ "type": "Feature", "properties": { "track_fid": 0, "track_seg_id": 0, "track_seg_point_id": 3350, "ele": 1141.0, "time": "2025-08-08T19:30:51Z" }, "geometry": { "type": "Point", "coordinates": [ -121.30946421995759, 44.033182170242071 ] } },
{ "type": "Feature", "properties": { "track_fid": 0, "track_seg_id": 0, "track_seg_point_id": 3351, "ele": 1141.199951171875, "time": "2025-08-08T19:30:54Z" }, "geometry": { "type": "Point", "coordinates": [ -121.309479558840394, 44.033167837187648 ] } },
{ "type": "Feature", "properties": { "track_fid": 0, "track_seg_id": 0, "track_seg_point_id": 3352, "ele": 1141.199951171875, "time": "2025-08-08T19:30:56Z" }, "geometry": { "type": "Point", "coordinates": [ -121.309479558840394, 44.033169848844409 ] } },
{ "type": "Feature", "properties": { "track_fid": 0, "track_seg_id": 0, "track_seg_point_id": 3353, "ele": 1141.800048828125, "time": "2025-08-08T19:31:05Z" }, "geometry": { "type": "Point", "coordinates": [ -121.309643676504493, 44.032994583249092 ] } },
{ "type": "Feature", "properties": { "track_fid": 0, "track_seg_id": 0, "track_seg_point_id": 3354, "ele": 1142.4000244140625, "time": "2025-08-08T19:31:11Z" }, "geometry": { "type": "Point", "coordinates": [ -121.309888930991292, 44.032761817798018 ] } },
{ "type": "Feature", "properties": { "track_fid": 0, "track_seg_id": 0, "track_seg_point_id": 3355, "ele": 1142.5999755859375, "time": "2025-08-08T19:31:12Z" }, "geometry": { "type": "Point", "coordinates": [ -121.309924554079771, 44.032760141417384 ] } },
{ "type": "Feature", "properties": { "track_fid": 0, "track_seg_id": 0, "track_seg_point_id": 3356, "ele": 1143.0, "time": "2025-08-08T19:31:14Z" }, "geometry": { "type": "Point", "coordinates": [ -121.309987083077431, 44.032789394259453 ] } },
{ "type": "Feature", "properties": { "track_fid": 0, "track_seg_id": 0, "track_seg_point_id": 3357, "ele": 1142.800048828125, "time": "2025-08-08T19:31:20Z" }, "geometry": { "type": "Point", "coordinates": [ -121.31024306640029, 44.032986871898174 ] } },
{ "type": "Feature", "properties": { "track_fid": 0, "track_seg_id": 0, "track_seg_point_id": 3358, "ele": 1142.800048828125, "time": "2025-08-08T19:31:23Z" }, "geometry": { "type": "Point", "coordinates": [ -121.310385055840015, 44.033074043691158 ] } },
{ "type": "Feature", "properties": { "track_fid": 0, "track_seg_id": 0, "track_seg_point_id": 3359, "ele": 1142.800048828125, "time": "2025-08-08T19:31:26Z" }, "geometry": { "type": "Point", "coordinates": [ -121.310484129935503, 44.033155767247081 ] } },
{ "type": "Feature", "properties": { "track_fid": 0, "track_seg_id": 0, "track_seg_point_id": 3360, "ele": 1142.0, "time": "2025-08-08T19:31:31Z" }, "geometry": { "type": "Point", "coordinates": [ -121.310689151287079, 44.033252997323871 ] } },
{ "type": "Feature", "properties": { "track_fid": 0, "track_seg_id": 0, "track_seg_point_id": 3361, "ele": 1142.4000244140625, "time": "2025-08-08T19:31:35Z" }, "geometry": { "type": "Point", "coordinates": [ -121.310872044414282, 44.033233635127544 ] } },
{ "type": "Feature", "properties": { "track_fid": 0, "track_seg_id": 0, "track_seg_point_id": 3362, "ele": 1142.199951171875, "time": "2025-08-08T19:31:39Z" }, "geometry": { "type": "Point", "coordinates": [ -121.310930633917451, 44.033130621537566 ] } },
{ "type": "Feature", "properties": { "track_fid": 0, "track_seg_id": 0, "track_seg_point_id": 3363, "ele": 1142.199951171875, "time": "2025-08-08T19:31:46Z" }, "geometry": { "type": "Point", "coordinates": [ -121.310907751321793, 44.03300522826612 ] } },
{ "type": "Feature", "properties": { "track_fid": 0, "track_seg_id": 0, "track_seg_point_id": 3364, "ele": 1142.199951171875, "time": "2025-08-08T19:31:53Z" }, "geometry": { "type": "Point", "coordinates": [ -121.310896184295416, 44.032985782250762 ] } },
{ "type": "Feature", "properties": { "track_fid": 0, "track_seg_id": 0, "track_seg_point_id": 3365, "ele": 1141.800048828125, "time": "2025-08-08T19:31:59Z" }, "geometry": { "type": "Point", "coordinates": [ -121.310892831534147, 44.032990979030728 ] } },
{ "type": "Feature", "properties": { "track_fid": 0, "track_seg_id": 0, "track_seg_point_id": 3366, "ele": 1141.800048828125, "time": "2025-08-08T19:32:07Z" }, "geometry": { "type": "Point", "coordinates": [ -121.310888892039657, 44.032996175810695 ] } },
{ "type": "Feature", "properties": { "track_fid": 0, "track_seg_id": 0, "track_seg_point_id": 3367, "ele": 1141.4000244140625, "time": "2025-08-08T19:32:18Z" }, "geometry": { "type": "Point", "coordinates": [ -121.310888892039657, 44.033003468066454 ] } },
{ "type": "Feature", "properties": { "track_fid": 0, "track_seg_id": 0, "track_seg_point_id": 3368, "ele": 1141.4000244140625, "time": "2025-08-08T19:32:27Z" }, "geometry": { "type": "Point", "coordinates": [ -121.310885790735483, 44.033002881333232 ] } },
{ "type": "Feature", "properties": { "track_fid": 0, "track_seg_id": 0, "track_seg_point_id": 3369, "ele": 1141.0, "time": "2025-08-08T19:32:39Z" }, "geometry": { "type": "Point", "coordinates": [ -121.310884281992912, 44.032989889383316 ] } },
{ "type": "Feature", "properties": { "track_fid": 0, "track_seg_id": 0, "track_seg_point_id": 3370, "ele": 1143.199951171875, "time": "2025-08-08T19:32:47Z" }, "geometry": { "type": "Point", "coordinates": [ -121.311001544818282, 44.032818730920553 ] } },
{ "type": "Feature", "properties": { "track_fid": 0, "track_seg_id": 0, "track_seg_point_id": 3371, "ele": 1143.5999755859375, "time": "2025-08-08T19:32:51Z" }, "geometry": { "type": "Point", "coordinates": [ -121.310959635302424, 44.032728457823396 ] } },
{ "type": "Feature", "properties": { "track_fid": 0, "track_seg_id": 0, "track_seg_point_id": 3372, "ele": 1143.5999755859375, "time": "2025-08-08T19:32:52Z" }, "geometry": { "type": "Point", "coordinates": [ -121.310931388288736, 44.032719321548939 ] } },
{ "type": "Feature", "properties": { "track_fid": 0, "track_seg_id": 0, "track_seg_point_id": 3373, "ele": 1144.5999755859375, "time": "2025-08-08T19:32:57Z" }, "geometry": { "type": "Point", "coordinates": [ -121.310855951160192, 44.032712196931243 ] } },
{ "type": "Feature", "properties": { "track_fid": 0, "track_seg_id": 0, "track_seg_point_id": 3374, "ele": 1144.5999755859375, "time": "2025-08-08T19:33:04Z" }, "geometry": { "type": "Point", "coordinates": [ -121.310815131291747, 44.03271496295929 ] } },
{ "type": "Feature", "properties": { "track_fid": 0, "track_seg_id": 0, "track_seg_point_id": 3375, "ele": 1142.5999755859375, "time": "2025-08-08T19:33:12Z" }, "geometry": { "type": "Point", "coordinates": [ -121.310799960047007, 44.032709430903196 ] } },
{ "type": "Feature", "properties": { "track_fid": 0, "track_seg_id": 0, "track_seg_point_id": 3376, "ele": 1142.4000244140625, "time": "2025-08-08T19:33:23Z" }, "geometry": { "type": "Point", "coordinates": [ -121.310801720246673, 44.032713286578655 ] } },
{ "type": "Feature", "properties": { "track_fid": 0, "track_seg_id": 0, "track_seg_point_id": 3377, "ele": 1142.4000244140625, "time": "2025-08-08T19:33:32Z" }, "geometry": { "type": "Point", "coordinates": [ -121.310803983360529, 44.032702390104532 ] } },
{ "type": "Feature", "properties": { "track_fid": 0, "track_seg_id": 0, "track_seg_point_id": 3378, "ele": 1142.0, "time": "2025-08-08T19:33:46Z" }, "geometry": { "type": "Point", "coordinates": [ -121.310787135735154, 44.032697277143598 ] } },
{ "type": "Feature", "properties": { "track_fid": 0, "track_seg_id": 0, "track_seg_point_id": 3379, "ele": 1142.800048828125, "time": "2025-08-08T19:33:58Z" }, "geometry": { "type": "Point", "coordinates": [ -121.310729552060366, 44.032688727602363 ] } },
{ "type": "Feature", "properties": { "track_fid": 0, "track_seg_id": 0, "track_seg_point_id": 3380, "ele": 1143.5999755859375, "time": "2025-08-08T19:34:08Z" }, "geometry": { "type": "Point", "coordinates": [ -121.31068336777389, 44.032662995159626 ] } },
{ "type": "Feature", "properties": { "track_fid": 0, "track_seg_id": 0, "track_seg_point_id": 3381, "ele": 1143.800048828125, "time": "2025-08-08T19:34:16Z" }, "geometry": { "type": "Point", "coordinates": [ -121.31065403111279, 44.03267246671021 ] } },
{ "type": "Feature", "properties": { "track_fid": 0, "track_seg_id": 0, "track_seg_point_id": 3382, "ele": 1144.4000244140625, "time": "2025-08-08T19:34:27Z" }, "geometry": { "type": "Point", "coordinates": [ -121.310607846826315, 44.032674729824066 ] } },
{ "type": "Feature", "properties": { "track_fid": 0, "track_seg_id": 0, "track_seg_point_id": 3383, "ele": 1145.199951171875, "time": "2025-08-08T19:34:38Z" }, "geometry": { "type": "Point", "coordinates": [ -121.310564428567886, 44.03267489746213 ] } },
{ "type": "Feature", "properties": { "track_fid": 0, "track_seg_id": 0, "track_seg_point_id": 3384, "ele": 1145.4000244140625, "time": "2025-08-08T19:34:47Z" }, "geometry": { "type": "Point", "coordinates": [ -121.310535091906786, 44.03267196379602 ] } },
{ "type": "Feature", "properties": { "track_fid": 0, "track_seg_id": 0, "track_seg_point_id": 3385, "ele": 1145.800048828125, "time": "2025-08-08T19:34:59Z" }, "geometry": { "type": "Point", "coordinates": [ -121.310500223189592, 44.032668024301529 ] } },
{ "type": "Feature", "properties": { "track_fid": 0, "track_seg_id": 0, "track_seg_point_id": 3386, "ele": 1146.4000244140625, "time": "2025-08-08T19:35:10Z" }, "geometry": { "type": "Point", "coordinates": [ -121.310455966740847, 44.032674981281161 ] } },
{ "type": "Feature", "properties": { "track_fid": 0, "track_seg_id": 0, "track_seg_point_id": 3387, "ele": 1146.5999755859375, "time": "2025-08-08T19:35:21Z" }, "geometry": { "type": "Point", "coordinates": [ -121.310414476320148, 44.032667018473148 ] } },
{ "type": "Feature", "properties": { "track_fid": 0, "track_seg_id": 0, "track_seg_point_id": 3388, "ele": 1147.0, "time": "2025-08-08T19:35:28Z" }, "geometry": { "type": "Point", "coordinates": [ -121.310407016426325, 44.032679088413715 ] } },
{ "type": "Feature", "properties": { "track_fid": 0, "track_seg_id": 0, "track_seg_point_id": 3389, "ele": 1146.5999755859375, "time": "2025-08-08T19:35:37Z" }, "geometry": { "type": "Point", "coordinates": [ -121.310390336439013, 44.032717645168304 ] } },
{ "type": "Feature", "properties": { "track_fid": 0, "track_seg_id": 0, "track_seg_point_id": 3390, "ele": 1145.5999755859375, "time": "2025-08-08T19:35:46Z" }, "geometry": { "type": "Point", "coordinates": [ -121.310304841026664, 44.032769026234746 ] } },
{ "type": "Feature", "properties": { "track_fid": 0, "track_seg_id": 0, "track_seg_point_id": 3391, "ele": 1144.4000244140625, "time": "2025-08-08T19:35:53Z" }, "geometry": { "type": "Point", "coordinates": [ -121.310269888490438, 44.032759722322226 ] } },
{ "type": "Feature", "properties": { "track_fid": 0, "track_seg_id": 0, "track_seg_point_id": 3392, "ele": 1144.199951171875, "time": "2025-08-08T19:36:01Z" }, "geometry": { "type": "Point", "coordinates": [ -121.310145081952214, 44.03276726603508 ] } },
{ "type": "Feature", "properties": { "track_fid": 0, "track_seg_id": 0, "track_seg_point_id": 3393, "ele": 1144.4000244140625, "time": "2025-08-08T19:36:02Z" }, "geometry": { "type": "Point", "coordinates": [ -121.31013217382133, 44.032779922708869 ] } },
{ "type": "Feature", "properties": { "track_fid": 0, "track_seg_id": 0, "track_seg_point_id": 3394, "ele": 1145.800048828125, "time": "2025-08-08T19:36:07Z" }, "geometry": { "type": "Point", "coordinates": [ -121.310072662308812, 44.032818060368299 ] } },
{ "type": "Feature", "properties": { "track_fid": 0, "track_seg_id": 0, "track_seg_point_id": 3395, "ele": 1146.4000244140625, "time": "2025-08-08T19:36:09Z" }, "geometry": { "type": "Point", "coordinates": [ -121.310021281242371, 44.032814456149936 ] } },
{ "type": "Feature", "properties": { "track_fid": 0, "track_seg_id": 0, "track_seg_point_id": 3396, "ele": 1147.4000244140625, "time": "2025-08-08T19:36:16Z" }, "geometry": { "type": "Point", "coordinates": [ -121.309923799708486, 44.032767685130239 ] } },
{ "type": "Feature", "properties": { "track_fid": 0, "track_seg_id": 0, "track_seg_point_id": 3397, "ele": 1147.4000244140625, "time": "2025-08-08T19:36:17Z" }, "geometry": { "type": "Point", "coordinates": [ -121.309921033680439, 44.032767685130239 ] } },
{ "type": "Feature", "properties": { "track_fid": 0, "track_seg_id": 0, "track_seg_point_id": 3398, "ele": 1146.800048828125, "time": "2025-08-08T19:36:20Z" }, "geometry": { "type": "Point", "coordinates": [ -121.309905275702477, 44.03276382945478 ] } },
{ "type": "Feature", "properties": { "track_fid": 0, "track_seg_id": 0, "track_seg_point_id": 3399, "ele": 1145.4000244140625, "time": "2025-08-08T19:36:26Z" }, "geometry": { "type": "Point", "coordinates": [ -121.309674438089132, 44.032802134752274 ] } },
{ "type": "Feature", "properties": { "track_fid": 0, "track_seg_id": 0, "track_seg_point_id": 3400, "ele": 1145.5999755859375, "time": "2025-08-08T19:36:33Z" }, "geometry": { "type": "Point", "coordinates": [ -121.30958735011518, 44.032867765054107 ] } },
{ "type": "Feature", "properties": { "track_fid": 0, "track_seg_id": 0, "track_seg_point_id": 3401, "ele": 1145.800048828125, "time": "2025-08-08T19:36:34Z" }, "geometry": { "type": "Point", "coordinates": [ -121.309589361771941, 44.032868770882487 ] } },
{ "type": "Feature", "properties": { "track_fid": 0, "track_seg_id": 0, "track_seg_point_id": 3402, "ele": 1146.0, "time": "2025-08-08T19:36:36Z" }, "geometry": { "type": "Point", "coordinates": [ -121.30959372036159, 44.03287036344409 ] } },
{ "type": "Feature", "properties": { "track_fid": 0, "track_seg_id": 0, "track_seg_point_id": 3403, "ele": 1146.4000244140625, "time": "2025-08-08T19:36:40Z" }, "geometry": { "type": "Point", "coordinates": [ -121.30952431820333, 44.032877488061786 ] } },
{ "type": "Feature", "properties": { "track_fid": 0, "track_seg_id": 0, "track_seg_point_id": 3404, "ele": 1146.800048828125, "time": "2025-08-08T19:36:41Z" }, "geometry": { "type": "Point", "coordinates": [ -121.309469249099493, 44.032865082845092 ] } },
{ "type": "Feature", "properties": { "track_fid": 0, "track_seg_id": 0, "track_seg_point_id": 3405, "ele": 1147.0, "time": "2025-08-08T19:36:42Z" }, "geometry": { "type": "Point", "coordinates": [ -121.309405127540231, 44.032839266583323 ] } },
{ "type": "Feature", "properties": { "track_fid": 0, "track_seg_id": 0, "track_seg_point_id": 3406, "ele": 1147.800048828125, "time": "2025-08-08T19:36:45Z" }, "geometry": { "type": "Point", "coordinates": [ -121.309176469221711, 44.032731894403696 ] } },
{ "type": "Feature", "properties": { "track_fid": 0, "track_seg_id": 0, "track_seg_point_id": 3407, "ele": 1148.800048828125, "time": "2025-08-08T19:36:49Z" }, "geometry": { "type": "Point", "coordinates": [ -121.308738850057125, 44.032548330724239 ] } },
{ "type": "Feature", "properties": { "track_fid": 0, "track_seg_id": 0, "track_seg_point_id": 3408, "ele": 1149.4000244140625, "time": "2025-08-08T19:36:52Z" }, "geometry": { "type": "Point", "coordinates": [ -121.30838337354362, 44.032437186688185 ] } },
{ "type": "Feature", "properties": { "track_fid": 0, "track_seg_id": 0, "track_seg_point_id": 3409, "ele": 1149.5999755859375, "time": "2025-08-08T19:36:54Z" }, "geometry": { "type": "Point", "coordinates": [ -121.308154547587037, 44.032408520579338 ] } },
{ "type": "Feature", "properties": { "track_fid": 0, "track_seg_id": 0, "track_seg_point_id": 3410, "ele": 1149.0, "time": "2025-08-08T19:36:56Z" }, "geometry": { "type": "Point", "coordinates": [ -121.307979952543974, 44.032423691824079 ] } },
{ "type": "Feature", "properties": { "track_fid": 0, "track_seg_id": 0, "track_seg_point_id": 3411, "ele": 1149.0, "time": "2025-08-08T19:36:58Z" }, "geometry": { "type": "Point", "coordinates": [ -121.307861432433128, 44.032471133396029 ] } },
{ "type": "Feature", "properties": { "track_fid": 0, "track_seg_id": 0, "track_seg_point_id": 3412, "ele": 1149.0, "time": "2025-08-08T19:36:59Z" }, "geometry": { "type": "Point", "coordinates": [ -121.307801082730293, 44.032495189458132 ] } },
{ "type": "Feature", "properties": { "track_fid": 0, "track_seg_id": 0, "track_seg_point_id": 3413, "ele": 1148.5999755859375, "time": "2025-08-08T19:37:02Z" }, "geometry": { "type": "Point", "coordinates": [ -121.307591618970037, 44.032589988783002 ] } },
{ "type": "Feature", "properties": { "track_fid": 0, "track_seg_id": 0, "track_seg_point_id": 3414, "ele": 1148.4000244140625, "time": "2025-08-08T19:37:04Z" }, "geometry": { "type": "Point", "coordinates": [ -121.307421717792749, 44.032641118392348 ] } },
{ "type": "Feature", "properties": { "track_fid": 0, "track_seg_id": 0, "track_seg_point_id": 3415, "ele": 1148.199951171875, "time": "2025-08-08T19:37:06Z" }, "geometry": { "type": "Point", "coordinates": [ -121.307238573208451, 44.032670790329576 ] } },
{ "type": "Feature", "properties": { "track_fid": 0, "track_seg_id": 0, "track_seg_point_id": 3416, "ele": 1146.800048828125, "time": "2025-08-08T19:37:09Z" }, "geometry": { "type": "Point", "coordinates": [ -121.306974375620484, 44.032676657661796 ] } },
{ "type": "Feature", "properties": { "track_fid": 0, "track_seg_id": 0, "track_seg_point_id": 3417, "ele": 1145.0, "time": "2025-08-08T19:37:12Z" }, "geometry": { "type": "Point", "coordinates": [ -121.306736832484603, 44.032677998766303 ] } },
{ "type": "Feature", "properties": { "track_fid": 0, "track_seg_id": 0, "track_seg_point_id": 3418, "ele": 1143.800048828125, "time": "2025-08-08T19:37:14Z" }, "geometry": { "type": "Point", "coordinates": [ -121.306643625721335, 44.032656541094184 ] } },
{ "type": "Feature", "properties": { "track_fid": 0, "track_seg_id": 0, "track_seg_point_id": 3419, "ele": 1142.800048828125, "time": "2025-08-08T19:37:16Z" }, "geometry": { "type": "Point", "coordinates": [ -121.306605488061905, 44.032644554972649 ] } },
{ "type": "Feature", "properties": { "track_fid": 0, "track_seg_id": 0, "track_seg_point_id": 3420, "ele": 1142.0, "time": "2025-08-08T19:37:22Z" }, "geometry": { "type": "Point", "coordinates": [ -121.306534996256232, 44.032618571072817 ] } },
{ "type": "Feature", "properties": { "track_fid": 0, "track_seg_id": 0, "track_seg_point_id": 3421, "ele": 1142.0, "time": "2025-08-08T19:37:23Z" }, "geometry": { "type": "Point", "coordinates": [ -121.306483447551727, 44.032624941319227 ] } },
{ "type": "Feature", "properties": { "track_fid": 0, "track_seg_id": 0, "track_seg_point_id": 3422, "ele": 1141.800048828125, "time": "2025-08-08T19:37:25Z" }, "geometry": { "type": "Point", "coordinates": [ -121.306353695690632, 44.032684536650777 ] } },
{ "type": "Feature", "properties": { "track_fid": 0, "track_seg_id": 0, "track_seg_point_id": 3423, "ele": 1142.800048828125, "time": "2025-08-08T19:37:28Z" }, "geometry": { "type": "Point", "coordinates": [ -121.306157559156418, 44.032888635993004 ] } },
{ "type": "Feature", "properties": { "track_fid": 0, "track_seg_id": 0, "track_seg_point_id": 3424, "ele": 1142.0, "time": "2025-08-08T19:37:32Z" }, "geometry": { "type": "Point", "coordinates": [ -121.30581364966929, 44.03328669257462 ] } },
{ "type": "Feature", "properties": { "track_fid": 0, "track_seg_id": 0, "track_seg_point_id": 3425, "ele": 1141.800048828125, "time": "2025-08-08T19:37:36Z" }, "geometry": { "type": "Point", "coordinates": [ -121.305432021617889, 44.033725652843714 ] } },
{ "type": "Feature", "properties": { "track_fid": 0, "track_seg_id": 0, "track_seg_point_id": 3426, "ele": 1143.800048828125, "time": "2025-08-08T19:37:40Z" }, "geometry": { "type": "Point", "coordinates": [ -121.305048381909728, 44.034162266179919 ] } },
{ "type": "Feature", "properties": { "track_fid": 0, "track_seg_id": 0, "track_seg_point_id": 3427, "ele": 1143.5999755859375, "time": "2025-08-08T19:37:42Z" }, "geometry": { "type": "Point", "coordinates": [ -121.304856017231941, 44.034381369128823 ] } },
{ "type": "Feature", "properties": { "track_fid": 0, "track_seg_id": 0, "track_seg_point_id": 3428, "ele": 1142.5999755859375, "time": "2025-08-08T19:37:46Z" }, "geometry": { "type": "Point", "coordinates": [ -121.304461732506752, 44.034810774028301 ] } },
{ "type": "Feature", "properties": { "track_fid": 0, "track_seg_id": 0, "track_seg_point_id": 3429, "ele": 1142.5999755859375, "time": "2025-08-08T19:37:50Z" }, "geometry": { "type": "Point", "coordinates": [ -121.304118158295751, 44.035209165886045 ] } },
{ "type": "Feature", "properties": { "track_fid": 0, "track_seg_id": 0, "track_seg_point_id": 3430, "ele": 1141.800048828125, "time": "2025-08-08T19:37:54Z" }, "geometry": { "type": "Point", "coordinates": [ -121.303924955427647, 44.035551650449634 ] } },
{ "type": "Feature", "properties": { "track_fid": 0, "track_seg_id": 0, "track_seg_point_id": 3431, "ele": 1141.199951171875, "time": "2025-08-08T19:37:56Z" }, "geometry": { "type": "Point", "coordinates": [ -121.303854044526815, 44.035647120326757 ] } },
{ "type": "Feature", "properties": { "track_fid": 0, "track_seg_id": 0, "track_seg_point_id": 3432, "ele": 1141.199951171875, "time": "2025-08-08T19:37:57Z" }, "geometry": { "type": "Point", "coordinates": [ -121.303820097818971, 44.035674361512065 ] } },
{ "type": "Feature", "properties": { "track_fid": 0, "track_seg_id": 0, "track_seg_point_id": 3433, "ele": 1141.0, "time": "2025-08-08T19:38:00Z" }, "geometry": { "type": "Point", "coordinates": [ -121.303677773103118, 44.035686096176505 ] } },
{ "type": "Feature", "properties": { "track_fid": 0, "track_seg_id": 0, "track_seg_point_id": 3434, "ele": 1141.199951171875, "time": "2025-08-08T19:38:02Z" }, "geometry": { "type": "Point", "coordinates": [ -121.303547685965896, 44.035620968788862 ] } },
{ "type": "Feature", "properties": { "track_fid": 0, "track_seg_id": 0, "track_seg_point_id": 3435, "ele": 1141.199951171875, "time": "2025-08-08T19:38:03Z" }, "geometry": { "type": "Point", "coordinates": [ -121.303475266322494, 44.035572689026594 ] } },
{ "type": "Feature", "properties": { "track_fid": 0, "track_seg_id": 0, "track_seg_point_id": 3436, "ele": 1140.800048828125, "time": "2025-08-08T19:38:07Z" }, "geometry": { "type": "Point", "coordinates": [ -121.303084334358573, 44.035282675176859 ] } },
{ "type": "Feature", "properties": { "track_fid": 0, "track_seg_id": 0, "track_seg_point_id": 3437, "ele": 1143.0, "time": "2025-08-08T19:38:11Z" }, "geometry": { "type": "Point", "coordinates": [ -121.302548227831721, 44.034892162308097 ] } },
{ "type": "Feature", "properties": { "track_fid": 0, "track_seg_id": 0, "track_seg_point_id": 3438, "ele": 1145.800048828125, "time": "2025-08-08T19:38:15Z" }, "geometry": { "type": "Point", "coordinates": [ -121.302101388573647, 44.034507684409618 ] } },
{ "type": "Feature", "properties": { "track_fid": 0, "track_seg_id": 0, "track_seg_point_id": 3439, "ele": 1145.0, "time": "2025-08-08T19:38:19Z" }, "geometry": { "type": "Point", "coordinates": [ -121.301822857931256, 44.034030921757221 ] } },
{ "type": "Feature", "properties": { "track_fid": 0, "track_seg_id": 0, "track_seg_point_id": 3440, "ele": 1142.4000244140625, "time": "2025-08-08T19:38:23Z" }, "geometry": { "type": "Point", "coordinates": [ -121.301687657833099, 44.033493055030704 ] } },
{ "type": "Feature", "properties": { "track_fid": 0, "track_seg_id": 0, "track_seg_point_id": 3441, "ele": 1141.199951171875, "time": "2025-08-08T19:38:27Z" }, "geometry": { "type": "Point", "coordinates": [ -121.301704840734601, 44.032898359000683 ] } },
{ "type": "Feature", "properties": { "track_fid": 0, "track_seg_id": 0, "track_seg_point_id": 3442, "ele": 1142.0, "time": "2025-08-08T19:38:30Z" }, "geometry": { "type": "Point", "coordinates": [ -121.301699560135603, 44.032430481165648 ] } },
{ "type": "Feature", "properties": { "track_fid": 0, "track_seg_id": 0, "track_seg_point_id": 3443, "ele": 1141.5999755859375, "time": "2025-08-08T19:38:33Z" }, "geometry": { "type": "Point", "coordinates": [ -121.301701320335269, 44.031967129558325 ] } },
{ "type": "Feature", "properties": { "track_fid": 0, "track_seg_id": 0, "track_seg_point_id": 3444, "ele": 1140.800048828125, "time": "2025-08-08T19:38:36Z" }, "geometry": { "type": "Point", "coordinates": [ -121.301713138818741, 44.031491037458181 ] } },
{ "type": "Feature", "properties": { "track_fid": 0, "track_seg_id": 0, "track_seg_point_id": 3445, "ele": 1140.4000244140625, "time": "2025-08-08T19:38:39Z" }, "geometry": { "type": "Point", "coordinates": [ -121.30172235891223, 44.031013939529657 ] } },
{ "type": "Feature", "properties": { "track_fid": 0, "track_seg_id": 0, "track_seg_point_id": 3446, "ele": 1140.0, "time": "2025-08-08T19:38:41Z" }, "geometry": { "type": "Point", "coordinates": [ -121.301731746643782, 44.030709592625499 ] } },
{ "type": "Feature", "properties": { "track_fid": 0, "track_seg_id": 0, "track_seg_point_id": 3447, "ele": 1139.5999755859375, "time": "2025-08-08T19:38:45Z" }, "geometry": { "type": "Point", "coordinates": [ -121.301755383610725, 44.030145993456244 ] } },
{ "type": "Feature", "properties": { "track_fid": 0, "track_seg_id": 0, "track_seg_point_id": 3448, "ele": 1141.199951171875, "time": "2025-08-08T19:38:48Z" }, "geometry": { "type": "Point", "coordinates": [ -121.301700817421079, 44.02981641702354 ] } },
{ "type": "Feature", "properties": { "track_fid": 0, "track_seg_id": 0, "track_seg_point_id": 3449, "ele": 1141.5999755859375, "time": "2025-08-08T19:38:50Z" }, "geometry": { "type": "Point", "coordinates": [ -121.30152597092092, 44.029683228582144 ] } },
{ "type": "Feature", "properties": { "track_fid": 0, "track_seg_id": 0, "track_seg_point_id": 3450, "ele": 1141.4000244140625, "time": "2025-08-08T19:38:51Z" }, "geometry": { "type": "Point", "coordinates": [ -121.30140133202076, 44.029660681262612 ] } },
{ "type": "Feature", "properties": { "track_fid": 0, "track_seg_id": 0, "track_seg_point_id": 3451, "ele": 1141.199951171875, "time": "2025-08-08T19:38:52Z" }, "geometry": { "type": "Point", "coordinates": [ -121.301262527704239, 44.029656322672963 ] } },
{ "type": "Feature", "properties": { "track_fid": 0, "track_seg_id": 0, "track_seg_point_id": 3452, "ele": 1141.0, "time": "2025-08-08T19:38:54Z" }, "geometry": { "type": "Point", "coordinates": [ -121.300966143608093, 44.029663866385818 ] } },
{ "type": "Feature", "properties": { "track_fid": 0, "track_seg_id": 0, "track_seg_point_id": 3453, "ele": 1141.800048828125, "time": "2025-08-08T19:38:58Z" }, "geometry": { "type": "Point", "coordinates": [ -121.30029458552599, 44.029681216925383 ] } },
{ "type": "Feature", "properties": { "track_fid": 0, "track_seg_id": 0, "track_seg_point_id": 3454, "ele": 1142.5999755859375, "time": "2025-08-08T19:39:02Z" }, "geometry": { "type": "Point", "coordinates": [ -121.299520181491971, 44.029684569686651 ] } },
{ "type": "Feature", "properties": { "track_fid": 0, "track_seg_id": 0, "track_seg_point_id": 3455, "ele": 1142.5999755859375, "time": "2025-08-08T19:39:03Z" }, "geometry": { "type": "Point", "coordinates": [ -121.299316165968776, 44.029681887477636 ] } },
{ "type": "Feature", "properties": { "track_fid": 0, "track_seg_id": 0, "track_seg_point_id": 3456, "ele": 1142.800048828125, "time": "2025-08-08T19:39:06Z" }, "geometry": { "type": "Point", "coordinates": [ -121.298690875992179, 44.029676271602511 ] } },
{ "type": "Feature", "properties": { "track_fid": 0, "track_seg_id": 0, "track_seg_point_id": 3457, "ele": 1142.4000244140625, "time": "2025-08-08T19:39:08Z" }, "geometry": { "type": "Point", "coordinates": [ -121.29826876334846, 44.029673421755433 ] } },
{ "type": "Feature", "properties": { "track_fid": 0, "track_seg_id": 0, "track_seg_point_id": 3458, "ele": 1142.0, "time": "2025-08-08T19:39:11Z" }, "geometry": { "type": "Point", "coordinates": [ -121.297625536099076, 44.029676523059607 ] } },
{ "type": "Feature", "properties": { "track_fid": 0, "track_seg_id": 0, "track_seg_point_id": 3459, "ele": 1141.800048828125, "time": "2025-08-08T19:39:14Z" }, "geometry": { "type": "Point", "coordinates": [ -121.296978117898107, 44.029681049287319 ] } },
{ "type": "Feature", "properties": { "track_fid": 0, "track_seg_id": 0, "track_seg_point_id": 3460, "ele": 1141.5999755859375, "time": "2025-08-08T19:39:16Z" }, "geometry": { "type": "Point", "coordinates": [ -121.296544522047043, 44.029685826972127 ] } },
{ "type": "Feature", "properties": { "track_fid": 0, "track_seg_id": 0, "track_seg_point_id": 3461, "ele": 1142.0, "time": "2025-08-08T19:39:19Z" }, "geometry": { "type": "Point", "coordinates": [ -121.295906072482467, 44.029685575515032 ] } },
{ "type": "Feature", "properties": { "track_fid": 0, "track_seg_id": 0, "track_seg_point_id": 3462, "ele": 1140.800048828125, "time": "2025-08-08T19:39:23Z" }, "geometry": { "type": "Point", "coordinates": [ -121.295083975419402, 44.029680630192161 ] } },
{ "type": "Feature", "properties": { "track_fid": 0, "track_seg_id": 0, "track_seg_point_id": 3463, "ele": 1140.4000244140625, "time": "2025-08-08T19:39:25Z" }, "geometry": { "type": "Point", "coordinates": [ -121.294676028192043, 44.029677361249924 ] } },
{ "type": "Feature", "properties": { "track_fid": 0, "track_seg_id": 0, "track_seg_point_id": 3464, "ele": 1140.800048828125, "time": "2025-08-08T19:39:29Z" }, "geometry": { "type": "Point", "coordinates": [ -121.293927188962698, 44.029634948819876 ] } },
{ "type": "Feature", "properties": { "track_fid": 0, "track_seg_id": 0, "track_seg_point_id": 3465, "ele": 1140.800048828125, "time": "2025-08-08T19:39:30Z" }, "geometry": { "type": "Point", "coordinates": [ -121.293764999136329, 44.029612652957439 ] } },
{ "type": "Feature", "properties": { "track_fid": 0, "track_seg_id": 0, "track_seg_point_id": 3466, "ele": 1140.4000244140625, "time": "2025-08-08T19:39:34Z" }, "geometry": { "type": "Point", "coordinates": [ -121.293232161551714, 44.029509890824556 ] } },
{ "type": "Feature", "properties": { "track_fid": 0, "track_seg_id": 0, "track_seg_point_id": 3467, "ele": 1140.5999755859375, "time": "2025-08-08T19:39:36Z" }, "geometry": { "type": "Point", "coordinates": [ -121.293083550408483, 44.029463622719049 ] } },
{ "type": "Feature", "properties": { "track_fid": 0, "track_seg_id": 0, "track_seg_point_id": 3468, "ele": 1140.5999755859375, "time": "2025-08-08T19:39:37Z" }, "geometry": { "type": "Point", "coordinates": [ -121.293045831844211, 44.02944652363658 ] } },
{ "type": "Feature", "properties": { "track_fid": 0, "track_seg_id": 0, "track_seg_point_id": 3469, "ele": 1141.0, "time": "2025-08-08T19:39:39Z" }, "geometry": { "type": "Point", "coordinates": [ -121.29301942884922, 44.029411068186164 ] } },
{ "type": "Feature", "properties": { "track_fid": 0, "track_seg_id": 0, "track_seg_point_id": 3470, "ele": 1141.0, "time": "2025-08-08T19:39:40Z" }, "geometry": { "type": "Point", "coordinates": [ -121.293024122714996, 44.029378043487668 ] } },
{ "type": "Feature", "properties": { "track_fid": 0, "track_seg_id": 0, "track_seg_point_id": 3471, "ele": 1141.0, "time": "2025-08-08T19:39:41Z" }, "geometry": { "type": "Point", "coordinates": [ -121.293050022795796, 44.029331523925066 ] } },
{ "type": "Feature", "properties": { "track_fid": 0, "track_seg_id": 0, "track_seg_point_id": 3472, "ele": 1141.0, "time": "2025-08-08T19:39:43Z" }, "geometry": { "type": "Point", "coordinates": [ -121.293175499886274, 44.029217697679996 ] } },
{ "type": "Feature", "properties": { "track_fid": 0, "track_seg_id": 0, "track_seg_point_id": 3473, "ele": 1140.800048828125, "time": "2025-08-08T19:39:46Z" }, "geometry": { "type": "Point", "coordinates": [ -121.293453024700284, 44.028972862288356 ] } },
{ "type": "Feature", "properties": { "track_fid": 0, "track_seg_id": 0, "track_seg_point_id": 3474, "ele": 1140.4000244140625, "time": "2025-08-08T19:39:49Z" }, "geometry": { "type": "Point", "coordinates": [ -121.293723592534661, 44.028607495129108 ] } },
{ "type": "Feature", "properties": { "track_fid": 0, "track_seg_id": 0, "track_seg_point_id": 3475, "ele": 1139.4000244140625, "time": "2025-08-08T19:39:52Z" }, "geometry": { "type": "Point", "coordinates": [ -121.29389014095068, 44.028177252039313 ] } },
{ "type": "Feature", "properties": { "track_fid": 0, "track_seg_id": 0, "track_seg_point_id": 3476, "ele": 1138.800048828125, "time": "2025-08-08T19:39:53Z" }, "geometry": { "type": "Point", "coordinates": [ -121.293910089880228, 44.02802461758256 ] } },
{ "type": "Feature", "properties": { "track_fid": 0, "track_seg_id": 0, "track_seg_point_id": 3477, "ele": 1137.5999755859375, "time": "2025-08-08T19:39:55Z" }, "geometry": { "type": "Point", "coordinates": [ -121.293912269175053, 44.027718342840672 ] } },
{ "type": "Feature", "properties": { "track_fid": 0, "track_seg_id": 0, "track_seg_point_id": 3478, "ele": 1136.199951171875, "time": "2025-08-08T19:39:58Z" }, "geometry": { "type": "Point", "coordinates": [ -121.293907156214118, 44.027261696755886 ] } },
{ "type": "Feature", "properties": { "track_fid": 0, "track_seg_id": 0, "track_seg_point_id": 3479, "ele": 1135.4000244140625, "time": "2025-08-08T19:40:01Z" }, "geometry": { "type": "Point", "coordinates": [ -121.293908497318625, 44.026799099519849 ] } },
{ "type": "Feature", "properties": { "track_fid": 0, "track_seg_id": 0, "track_seg_point_id": 3480, "ele": 1135.199951171875, "time": "2025-08-08T19:40:02Z" }, "geometry": { "type": "Point", "coordinates": [ -121.293913191184402, 44.026645878329873 ] } },
{ "type": "Feature", "properties": { "track_fid": 0, "track_seg_id": 0, "track_seg_point_id": 3481, "ele": 1136.0, "time": "2025-08-08T19:40:06Z" }, "geometry": { "type": "Point", "coordinates": [ -121.293917298316956, 44.02605302631855 ] } },
{ "type": "Feature", "properties": { "track_fid": 0, "track_seg_id": 0, "track_seg_point_id": 3482, "ele": 1136.199951171875, "time": "2025-08-08T19:40:10Z" }, "geometry": { "type": "Point", "coordinates": [ -121.293930541723967, 44.025475094094872 ] } },
{ "type": "Feature", "properties": { "track_fid": 0, "track_seg_id": 0, "track_seg_point_id": 3483, "ele": 1137.0, "time": "2025-08-08T19:40:13Z" }, "geometry": { "type": "Point", "coordinates": [ -121.293931966647506, 44.025040157139301 ] } },
{ "type": "Feature", "properties": { "track_fid": 0, "track_seg_id": 0, "track_seg_point_id": 3484, "ele": 1137.800048828125, "time": "2025-08-08T19:40:17Z" }, "geometry": { "type": "Point", "coordinates": [ -121.293932888656855, 44.02447571977973 ] } },
{ "type": "Feature", "properties": { "track_fid": 0, "track_seg_id": 0, "track_seg_point_id": 3485, "ele": 1138.0, "time": "2025-08-08T19:40:21Z" }, "geometry": { "type": "Point", "coordinates": [ -121.293934062123299, 44.023911785334349 ] } },
{ "type": "Feature", "properties": { "track_fid": 0, "track_seg_id": 0, "track_seg_point_id": 3486, "ele": 1138.199951171875, "time": "2025-08-08T19:40:25Z" }, "geometry": { "type": "Point", "coordinates": [ -121.293933559209108, 44.023328153416514 ] } },
{ "type": "Feature", "properties": { "track_fid": 0, "track_seg_id": 0, "track_seg_point_id": 3487, "ele": 1138.199951171875, "time": "2025-08-08T19:40:26Z" }, "geometry": { "type": "Point", "coordinates": [ -121.293932721018791, 44.023177865892649 ] } },
{ "type": "Feature", "properties": { "track_fid": 0, "track_seg_id": 0, "track_seg_point_id": 3488, "ele": 1137.5999755859375, "time": "2025-08-08T19:40:29Z" }, "geometry": { "type": "Point", "coordinates": [ -121.293930457904935, 44.02272155508399 ] } },
{ "type": "Feature", "properties": { "track_fid": 0, "track_seg_id": 0, "track_seg_point_id": 3489, "ele": 1137.0, "time": "2025-08-08T19:40:32Z" }, "geometry": { "type": "Point", "coordinates": [ -121.29391947761178, 44.0222651604563 ] } },
{ "type": "Feature", "properties": { "track_fid": 0, "track_seg_id": 0, "track_seg_point_id": 3490, "ele": 1137.199951171875, "time": "2025-08-08T19:40:34Z" }, "geometry": { "type": "Point", "coordinates": [ -121.293919142335653, 44.021956790238619 ] } },
{ "type": "Feature", "properties": { "track_fid": 0, "track_seg_id": 0, "track_seg_point_id": 3491, "ele": 1138.5999755859375, "time": "2025-08-08T19:40:37Z" }, "geometry": { "type": "Point", "coordinates": [ -121.293923081830144, 44.021495953202248 ] } },
{ "type": "Feature", "properties": { "track_fid": 0, "track_seg_id": 0, "track_seg_point_id": 3492, "ele": 1139.4000244140625, "time": "2025-08-08T19:40:41Z" }, "geometry": { "type": "Point", "coordinates": [ -121.293923081830144, 44.020901676267385 ] } },
{ "type": "Feature", "properties": { "track_fid": 0, "track_seg_id": 0, "track_seg_point_id": 3493, "ele": 1139.4000244140625, "time": "2025-08-08T19:40:45Z" }, "geometry": { "type": "Point", "coordinates": [ -121.293924087658525, 44.020343525335193 ] } },
{ "type": "Feature", "properties": { "track_fid": 0, "track_seg_id": 0, "track_seg_point_id": 3494, "ele": 1139.199951171875, "time": "2025-08-08T19:40:48Z" }, "geometry": { "type": "Point", "coordinates": [ -121.293915370479226, 44.019947564229369 ] } },
{ "type": "Feature", "properties": { "track_fid": 0, "track_seg_id": 0, "track_seg_point_id": 3495, "ele": 1140.4000244140625, "time": "2025-08-08T19:40:52Z" }, "geometry": { "type": "Point", "coordinates": [ -121.293908664956689, 44.019481698051095 ] } },
{ "type": "Feature", "properties": { "track_fid": 0, "track_seg_id": 0, "track_seg_point_id": 3496, "ele": 1140.4000244140625, "time": "2025-08-08T19:40:53Z" }, "geometry": { "type": "Point", "coordinates": [ -121.293905898928642, 44.019389497116208 ] } },
{ "type": "Feature", "properties": { "track_fid": 0, "track_seg_id": 0, "track_seg_point_id": 3497, "ele": 1141.5999755859375, "time": "2025-08-08T19:40:56Z" }, "geometry": { "type": "Point", "coordinates": [ -121.293883435428143, 44.019209118559957 ] } },
{ "type": "Feature", "properties": { "track_fid": 0, "track_seg_id": 0, "track_seg_point_id": 3498, "ele": 1143.0, "time": "2025-08-08T19:40:59Z" }, "geometry": { "type": "Point", "coordinates": [ -121.293892152607441, 44.019187660887837 ] } },
{ "type": "Feature", "properties": { "track_fid": 0, "track_seg_id": 0, "track_seg_point_id": 3499, "ele": 1142.4000244140625, "time": "2025-08-08T19:41:05Z" }, "geometry": { "type": "Point", "coordinates": [ -121.293892655521631, 44.019185397773981 ] } },
{ "type": "Feature", "properties": { "track_fid": 0, "track_seg_id": 0, "track_seg_point_id": 3500, "ele": 1141.5999755859375, "time": "2025-08-08T19:41:11Z" }, "geometry": { "type": "Point", "coordinates": [ -121.294018970802426, 44.018968725576997 ] } },
{ "type": "Feature", "properties": { "track_fid": 0, "track_seg_id": 0, "track_seg_point_id": 3501, "ele": 1141.4000244140625, "time": "2025-08-08T19:41:14Z" }, "geometry": { "type": "Point", "coordinates": [ -121.294000949710608, 44.018819527700543 ] } },
{ "type": "Feature", "properties": { "track_fid": 0, "track_seg_id": 0, "track_seg_point_id": 3502, "ele": 1141.199951171875, "time": "2025-08-08T19:41:16Z" }, "geometry": { "type": "Point", "coordinates": [ -121.293895253911614, 44.018763955682516 ] } },
{ "type": "Feature", "properties": { "track_fid": 0, "track_seg_id": 0, "track_seg_point_id": 3503, "ele": 1140.800048828125, "time": "2025-08-08T19:41:17Z" }, "geometry": { "type": "Point", "coordinates": [ -121.293823923915625, 44.018761944025755 ] } },
{ "type": "Feature", "properties": { "track_fid": 0, "track_seg_id": 0, "track_seg_point_id": 3504, "ele": 1140.5999755859375, "time": "2025-08-08T19:41:18Z" }, "geometry": { "type": "Point", "coordinates": [ -121.293745469301939, 44.018781641498208 ] } },
{ "type": "Feature", "properties": { "track_fid": 0, "track_seg_id": 0, "track_seg_point_id": 3505, "ele": 1139.5999755859375, "time": "2025-08-08T19:41:20Z" }, "geometry": { "type": "Point", "coordinates": [ -121.293566264212132, 44.01885699480772 ] } },
{ "type": "Feature", "properties": { "track_fid": 0, "track_seg_id": 0, "track_seg_point_id": 3506, "ele": 1139.5999755859375, "time": "2025-08-08T19:41:21Z" }, "geometry": { "type": "Point", "coordinates": [ -121.293457467108965, 44.018895467743278 ] } },
{ "type": "Feature", "properties": { "track_fid": 0, "track_seg_id": 0, "track_seg_point_id": 3507, "ele": 1139.4000244140625, "time": "2025-08-08T19:41:22Z" }, "geometry": { "type": "Point", "coordinates": [ -121.293331990018487, 44.018924972042441 ] } },
{ "type": "Feature", "properties": { "track_fid": 0, "track_seg_id": 0, "track_seg_point_id": 3508, "ele": 1140.0, "time": "2025-08-08T19:41:25Z" }, "geometry": { "type": "Point", "coordinates": [ -121.292871069163084, 44.018975850194693 ] } },
{ "type": "Feature", "properties": { "track_fid": 0, "track_seg_id": 0, "track_seg_point_id": 3509, "ele": 1141.199951171875, "time": "2025-08-08T19:41:29Z" }, "geometry": { "type": "Point", "coordinates": [ -121.292148381471634, 44.019005354493856 ] } },
{ "type": "Feature", "properties": { "track_fid": 0, "track_seg_id": 0, "track_seg_point_id": 3510, "ele": 1141.4000244140625, "time": "2025-08-08T19:41:30Z" }, "geometry": { "type": "Point", "coordinates": [ -121.291953418403864, 44.019011640921235 ] } },
{ "type": "Feature", "properties": { "track_fid": 0, "track_seg_id": 0, "track_seg_point_id": 3511, "ele": 1142.0, "time": "2025-08-08T19:41:33Z" }, "geometry": { "type": "Point", "coordinates": [ -121.291341539472342, 44.019029662013054 ] } },
{ "type": "Feature", "properties": { "track_fid": 0, "track_seg_id": 0, "track_seg_point_id": 3512, "ele": 1143.199951171875, "time": "2025-08-08T19:41:36Z" }, "geometry": { "type": "Point", "coordinates": [ -121.290709963068366, 44.019049862399697 ] } },
{ "type": "Feature", "properties": { "track_fid": 0, "track_seg_id": 0, "track_seg_point_id": 3513, "ele": 1145.800048828125, "time": "2025-08-08T19:41:39Z" }, "geometry": { "type": "Point", "coordinates": [ -121.290063047781587, 44.019075678661466 ] } },
{ "type": "Feature", "properties": { "track_fid": 0, "track_seg_id": 0, "track_seg_point_id": 3514, "ele": 1147.800048828125, "time": "2025-08-08T19:41:42Z" }, "geometry": { "type": "Point", "coordinates": [ -121.28942652605474, 44.019102416932583 ] } },
{ "type": "Feature", "properties": { "track_fid": 0, "track_seg_id": 0, "track_seg_point_id": 3515, "ele": 1147.4000244140625, "time": "2025-08-08T19:41:46Z" }, "geometry": { "type": "Point", "coordinates": [ -121.288605686277151, 44.019137034192681 ] } },
{ "type": "Feature", "properties": { "track_fid": 0, "track_seg_id": 0, "track_seg_point_id": 3516, "ele": 1146.800048828125, "time": "2025-08-08T19:41:47Z" }, "geometry": { "type": "Point", "coordinates": [ -121.288408376276493, 44.01915748603642 ] } },
{ "type": "Feature", "properties": { "track_fid": 0, "track_seg_id": 0, "track_seg_point_id": 3517, "ele": 1146.0, "time": "2025-08-08T19:41:48Z" }, "geometry": { "type": "Point", "coordinates": [ -121.288213832303882, 44.01919168420136 ] } },
{ "type": "Feature", "properties": { "track_fid": 0, "track_seg_id": 0, "track_seg_point_id": 3518, "ele": 1144.0, "time": "2025-08-08T19:41:50Z" }, "geometry": { "type": "Point", "coordinates": [ -121.287840753793716, 44.019299978390336 ] } },
{ "type": "Feature", "properties": { "track_fid": 0, "track_seg_id": 0, "track_seg_point_id": 3519, "ele": 1141.800048828125, "time": "2025-08-08T19:41:52Z" }, "geometry": { "type": "Point", "coordinates": [ -121.28749986179173, 44.019462168216705 ] } },
{ "type": "Feature", "properties": { "track_fid": 0, "track_seg_id": 0, "track_seg_point_id": 3520, "ele": 1140.800048828125, "time": "2025-08-08T19:41:53Z" }, "geometry": { "type": "Point", "coordinates": [ -121.287347646430135, 44.019565097987652 ] } },
{ "type": "Feature", "properties": { "track_fid": 0, "track_seg_id": 0, "track_seg_point_id": 3521, "ele": 1139.800048828125, "time": "2025-08-08T19:41:54Z" }, "geometry": { "type": "Point", "coordinates": [ -121.287207584828138, 44.019679678604007 ] } },
{ "type": "Feature", "properties": { "track_fid": 0, "track_seg_id": 0, "track_seg_point_id": 3522, "ele": 1137.0, "time": "2025-08-08T19:41:57Z" }, "geometry": { "type": "Point", "coordinates": [ -121.286810953170061, 44.020050745457411 ] } },
{ "type": "Feature", "properties": { "track_fid": 0, "track_seg_id": 0, "track_seg_point_id": 3523, "ele": 1135.199951171875, "time": "2025-08-08T19:41:59Z" }, "geometry": { "type": "Point", "coordinates": [ -121.28652605228126, 44.02027839794755 ] } },
{ "type": "Feature", "properties": { "track_fid": 0, "track_seg_id": 0, "track_seg_point_id": 3524, "ele": 1134.5999755859375, "time": "2025-08-08T19:42:00Z" }, "geometry": { "type": "Point", "coordinates": [ -121.286366377025843, 44.020372442901134 ] } },
{ "type": "Feature", "properties": { "track_fid": 0, "track_seg_id": 0, "track_seg_point_id": 3525, "ele": 1134.199951171875, "time": "2025-08-08T19:42:01Z" }, "geometry": { "type": "Point", "coordinates": [ -121.286197565495968, 44.020453747361898 ] } },
{ "type": "Feature", "properties": { "track_fid": 0, "track_seg_id": 0, "track_seg_point_id": 3526, "ele": 1133.5999755859375, "time": "2025-08-08T19:42:03Z" }, "geometry": { "type": "Point", "coordinates": [ -121.285849548876286, 44.020573357120156 ] } },
{ "type": "Feature", "properties": { "track_fid": 0, "track_seg_id": 0, "track_seg_point_id": 3527, "ele": 1133.5999755859375, "time": "2025-08-08T19:42:06Z" }, "geometry": { "type": "Point", "coordinates": [ -121.285366667434573, 44.020651057362556 ] } },
{ "type": "Feature", "properties": { "track_fid": 0, "track_seg_id": 0, "track_seg_point_id": 3528, "ele": 1134.0, "time": "2025-08-08T19:42:08Z" }, "geometry": { "type": "Point", "coordinates": [ -121.285123759880662, 44.02065709233284 ] } },
{ "type": "Feature", "properties": { "track_fid": 0, "track_seg_id": 0, "track_seg_point_id": 3529, "ele": 1134.199951171875, "time": "2025-08-08T19:42:09Z" }, "geometry": { "type": "Point", "coordinates": [ -121.285021249204874, 44.020644268020988 ] } },
{ "type": "Feature", "properties": { "track_fid": 0, "track_seg_id": 0, "track_seg_point_id": 3530, "ele": 1134.199951171875, "time": "2025-08-08T19:42:10Z" }, "geometry": { "type": "Point", "coordinates": [ -121.284929048269987, 44.020616859197617 ] } },
{ "type": "Feature", "properties": { "track_fid": 0, "track_seg_id": 0, "track_seg_point_id": 3531, "ele": 1134.4000244140625, "time": "2025-08-08T19:42:12Z" }, "geometry": { "type": "Point", "coordinates": [ -121.284762164577842, 44.020565645769238 ] } },
{ "type": "Feature", "properties": { "track_fid": 0, "track_seg_id": 0, "track_seg_point_id": 3532, "ele": 1134.199951171875, "time": "2025-08-08T19:42:14Z" }, "geometry": { "type": "Point", "coordinates": [ -121.28460475243628, 44.020578721538186 ] } },
{ "type": "Feature", "properties": { "track_fid": 0, "track_seg_id": 0, "track_seg_point_id": 3533, "ele": 1134.0, "time": "2025-08-08T19:42:15Z" }, "geometry": { "type": "Point", "coordinates": [ -121.284531494602561, 44.02060772292316 ] } },
{ "type": "Feature", "properties": { "track_fid": 0, "track_seg_id": 0, "track_seg_point_id": 3534, "ele": 1133.5999755859375, "time": "2025-08-08T19:42:16Z" }, "geometry": { "type": "Point", "coordinates": [ -121.284449687227607, 44.020638065412641 ] } },
{ "type": "Feature", "properties": { "track_fid": 0, "track_seg_id": 0, "track_seg_point_id": 3535, "ele": 1133.0, "time": "2025-08-08T19:42:18Z" }, "geometry": { "type": "Point", "coordinates": [ -121.284247683361173, 44.020661199465394 ] } },
{ "type": "Feature", "properties": { "track_fid": 0, "track_seg_id": 0, "track_seg_point_id": 3536, "ele": 1132.800048828125, "time": "2025-08-08T19:42:20Z" }, "geometry": { "type": "Point", "coordinates": [ -121.284037297591567, 44.020618451759219 ] } },
{ "type": "Feature", "properties": { "track_fid": 0, "track_seg_id": 0, "track_seg_point_id": 3537, "ele": 1133.0, "time": "2025-08-08T19:42:21Z" }, "geometry": { "type": "Point", "coordinates": [ -121.283948365598917, 44.02058182284236 ] } },
{ "type": "Feature", "properties": { "track_fid": 0, "track_seg_id": 0, "track_seg_point_id": 3538, "ele": 1132.800048828125, "time": "2025-08-08T19:42:22Z" }, "geometry": { "type": "Point", "coordinates": [ -121.283878460526466, 44.020543349906802 ] } },
{ "type": "Feature", "properties": { "track_fid": 0, "track_seg_id": 0, "track_seg_point_id": 3539, "ele": 1133.0, "time": "2025-08-08T19:42:24Z" }, "geometry": { "type": "Point", "coordinates": [ -121.283801849931479, 44.020479898899794 ] } },
{ "type": "Feature", "properties": { "track_fid": 0, "track_seg_id": 0, "track_seg_point_id": 3540, "ele": 1134.5999755859375, "time": "2025-08-08T19:42:29Z" }, "geometry": { "type": "Point", "coordinates": [ -121.283614598214626, 44.020308740437031 ] } },
{ "type": "Feature", "properties": { "track_fid": 0, "track_seg_id": 0, "track_seg_point_id": 3541, "ele": 1135.5999755859375, "time": "2025-08-08T19:42:30Z" }, "geometry": { "type": "Point", "coordinates": [ -121.283544776961207, 44.020270854234695 ] } },
{ "type": "Feature", "properties": { "track_fid": 0, "track_seg_id": 0, "track_seg_point_id": 3542, "ele": 1136.4000244140625, "time": "2025-08-08T19:42:32Z" }, "geometry": { "type": "Point", "coordinates": [ -121.283362722024322, 44.020202625542879 ] } },
{ "type": "Feature", "properties": { "track_fid": 0, "track_seg_id": 0, "track_seg_point_id": 3543, "ele": 1137.0, "time": "2025-08-08T19:42:34Z" }, "geometry": { "type": "Point", "coordinates": [ -121.283147390931845, 44.020171696320176 ] } },
{ "type": "Feature", "properties": { "track_fid": 0, "track_seg_id": 0, "track_seg_point_id": 3544, "ele": 1137.0, "time": "2025-08-08T19:42:35Z" }, "geometry": { "type": "Point", "coordinates": [ -121.283038342371583, 44.020168427377939 ] } },
{ "type": "Feature", "properties": { "track_fid": 0, "track_seg_id": 0, "track_seg_point_id": 3545, "ele": 1136.0, "time": "2025-08-08T19:42:41Z" }, "geometry": { "type": "Point", "coordinates": [ -121.282386984676123, 44.020169349387288 ] } },
{ "type": "Feature", "properties": { "track_fid": 0, "track_seg_id": 0, "track_seg_point_id": 3546, "ele": 1134.5999755859375, "time": "2025-08-08T19:42:48Z" }, "geometry": { "type": "Point", "coordinates": [ -121.281801341101527, 44.020166583359241 ] } },
{ "type": "Feature", "properties": { "track_fid": 0, "track_seg_id": 0, "track_seg_point_id": 3547, "ele": 1134.5999755859375, "time": "2025-08-08T19:42:52Z" }, "geometry": { "type": "Point", "coordinates": [ -121.281681563705206, 44.020124422386289 ] } },
{ "type": "Feature", "properties": { "track_fid": 0, "track_seg_id": 0, "track_seg_point_id": 3548, "ele": 1134.5999755859375, "time": "2025-08-08T19:42:53Z" }, "geometry": { "type": "Point", "coordinates": [ -121.281665889546275, 44.020091062411666 ] } },
{ "type": "Feature", "properties": { "track_fid": 0, "track_seg_id": 0, "track_seg_point_id": 3549, "ele": 1134.5999755859375, "time": "2025-08-08T19:42:55Z" }, "geometry": { "type": "Point", "coordinates": [ -121.281663039699197, 44.020006656646729 ] } },
{ "type": "Feature", "properties": { "track_fid": 0, "track_seg_id": 0, "track_seg_point_id": 3550, "ele": 1134.5999755859375, "time": "2025-08-08T19:43:01Z" }, "geometry": { "type": "Point", "coordinates": [ -121.281621968373656, 44.019812028855085 ] } },
{ "type": "Feature", "properties": { "track_fid": 0, "track_seg_id": 0, "track_seg_point_id": 3551, "ele": 1135.4000244140625, "time": "2025-08-08T19:43:05Z" }, "geometry": { "type": "Point", "coordinates": [ -121.281537059694529, 44.01979073882103 ] } },
{ "type": "Feature", "properties": { "track_fid": 0, "track_seg_id": 0, "track_seg_point_id": 3552, "ele": 1136.4000244140625, "time": "2025-08-08T19:43:08Z" }, "geometry": { "type": "Point", "coordinates": [ -121.281499592587352, 44.01978638023138 ] } },
{ "type": "Feature", "properties": { "track_fid": 0, "track_seg_id": 0, "track_seg_point_id": 3553, "ele": 1136.800048828125, "time": "2025-08-08T19:43:10Z" }, "geometry": { "type": "Point", "coordinates": [ -121.281487857922912, 44.019783949479461 ] } },
{ "type": "Feature", "properties": { "track_fid": 0, "track_seg_id": 0, "track_seg_point_id": 3554, "ele": 1137.4000244140625, "time": "2025-08-08T19:43:16Z" }, "geometry": { "type": "Point", "coordinates": [ -121.281481152400374, 44.019797444343567 ] } },
{ "type": "Feature", "properties": { "track_fid": 0, "track_seg_id": 0, "track_seg_point_id": 3555, "ele": 1137.5999755859375, "time": "2025-08-08T19:43:24Z" }, "geometry": { "type": "Point", "coordinates": [ -121.281463131308556, 44.019804988056421 ] } },
{ "type": "Feature", "properties": { "track_fid": 0, "track_seg_id": 0, "track_seg_point_id": 3556, "ele": 1137.800048828125, "time": "2025-08-08T19:43:37Z" }, "geometry": { "type": "Point", "coordinates": [ -121.281457180157304, 44.019805323332548 ] } },
{ "type": "Feature", "properties": { "track_fid": 0, "track_seg_id": 0, "track_seg_point_id": 3557, "ele": 1137.4000244140625, "time": "2025-08-08T19:43:45Z" }, "geometry": { "type": "Point", "coordinates": [ -121.281468831002712, 44.019820997491479 ] } },
{ "type": "Feature", "properties": { "track_fid": 0, "track_seg_id": 0, "track_seg_point_id": 3558, "ele": 1137.4000244140625, "time": "2025-08-08T19:43:51Z" }, "geometry": { "type": "Point", "coordinates": [ -121.281507471576333, 44.019827283918858 ] } },
{ "type": "Feature", "properties": { "track_fid": 0, "track_seg_id": 0, "track_seg_point_id": 3559, "ele": 1137.800048828125, "time": "2025-08-08T19:44:04Z" }, "geometry": { "type": "Point", "coordinates": [ -121.281565222889185, 44.019821416586637 ] } },
{ "type": "Feature", "properties": { "track_fid": 0, "track_seg_id": 0, "track_seg_point_id": 3560, "ele": 1137.5999755859375, "time": "2025-08-08T19:44:11Z" }, "geometry": { "type": "Point", "coordinates": [ -121.281569832935929, 44.019808089360595 ] } },
{ "type": "Feature", "properties": { "track_fid": 0, "track_seg_id": 0, "track_seg_point_id": 3561, "ele": 1137.800048828125, "time": "2025-08-08T19:44:22Z" }, "geometry": { "type": "Point", "coordinates": [ -121.281569832935929, 44.019802138209343 ] } },
{ "type": "Feature", "properties": { "track_fid": 0, "track_seg_id": 0, "track_seg_point_id": 3562, "ele": 1138.0, "time": "2025-08-08T19:44:35Z" }, "geometry": { "type": "Point", "coordinates": [ -121.281600426882505, 44.019787134602666 ] } },
{ "type": "Feature", "properties": { "track_fid": 0, "track_seg_id": 0, "track_seg_point_id": 3563, "ele": 1138.4000244140625, "time": "2025-08-08T19:44:43Z" }, "geometry": { "type": "Point", "coordinates": [ -121.281614089384675, 44.019806245341897 ] } },
{ "type": "Feature", "properties": { "track_fid": 0, "track_seg_id": 0, "track_seg_point_id": 3564, "ele": 1138.5999755859375, "time": "2025-08-08T19:44:52Z" }, "geometry": { "type": "Point", "coordinates": [ -121.281610485166311, 44.019804820418358 ] } },
{ "type": "Feature", "properties": { "track_fid": 0, "track_seg_id": 0, "track_seg_point_id": 3565, "ele": 1139.800048828125, "time": "2025-08-08T19:45:00Z" }, "geometry": { "type": "Point", "coordinates": [ -121.281563378870487, 44.01978487148881 ] } },
{ "type": "Feature", "properties": { "track_fid": 0, "track_seg_id": 0, "track_seg_point_id": 3566, "ele": 1140.199951171875, "time": "2025-08-08T19:45:07Z" }, "geometry": { "type": "Point", "coordinates": [ -121.28150193952024, 44.019773136824369 ] } },
{ "type": "Feature", "properties": { "track_fid": 0, "track_seg_id": 0, "track_seg_point_id": 3567, "ele": 1140.5999755859375, "time": "2025-08-08T19:45:13Z" }, "geometry": { "type": "Point", "coordinates": [ -121.281490623950958, 44.019775232300162 ] } },
{ "type": "Feature", "properties": { "track_fid": 0, "track_seg_id": 0, "track_seg_point_id": 3568, "ele": 1140.0, "time": "2025-08-08T19:45:21Z" }, "geometry": { "type": "Point", "coordinates": [ -121.281426837667823, 44.019830971956253 ] } },
{ "type": "Feature", "properties": { "track_fid": 0, "track_seg_id": 0, "track_seg_point_id": 3569, "ele": 1139.4000244140625, "time": "2025-08-08T19:45:29Z" }, "geometry": { "type": "Point", "coordinates": [ -121.281387358903885, 44.019831055775285 ] } },
{ "type": "Feature", "properties": { "track_fid": 0, "track_seg_id": 0, "track_seg_point_id": 3570, "ele": 1139.0, "time": "2025-08-08T19:45:39Z" }, "geometry": { "type": "Point", "coordinates": [ -121.281337151303887, 44.019818147644401 ] } },
{ "type": "Feature", "properties": { "track_fid": 0, "track_seg_id": 0, "track_seg_point_id": 3571, "ele": 1139.0, "time": "2025-08-08T19:45:47Z" }, "geometry": { "type": "Point", "coordinates": [ -121.281326757743955, 44.019801635295153 ] } },
{ "type": "Feature", "properties": { "track_fid": 0, "track_seg_id": 0, "track_seg_point_id": 3572, "ele": 1139.0, "time": "2025-08-08T19:45:56Z" }, "geometry": { "type": "Point", "coordinates": [ -121.281348550692201, 44.019807586446404 ] } }
]
}
