{
"type": "FeatureCollection",
"name": "LuckyLake-tracks-",
"crs": { "type": "name", "properties": { "name": "urn:ogc:def:crs:OGC:1.3:CRS84" } },
"features": [
{ "type": "Feature", "properties": { "name": "Bend Track Me", "cmt": null, "desc": null, "src": null, "link1_href": null, "link1_text": null, "link1_type": null, "link2_href": null, "link2_text": null, "link2_type": null, "number": null, "type": "other" }, "geometry": { "type": "MultiLineString", "coordinates": [ [ [ -121.281378390267491, 44.019816471263766 ], [ -121.281393645331264, 44.019803395494819 ], [ -121.28140814602375, 44.019816219806671 ], [ -121.281420551240444, 44.019821248948574 ], [ -121.28143647685647, 44.019826278090477 ], [ -121.281446870416403, 44.019826529547572 ], [ -121.281447121873498, 44.019826361909509 ], [ -121.281452067196369, 44.019826781004667 ], [ -121.281448882073164, 44.019833235070109 ], [ -121.281443685293198, 44.019830720499158 ], [ -121.281464137136936, 44.019827451556921 ], [ -121.281468663364649, 44.019836587831378 ], [ -121.281475285068154, 44.019835246726871 ], [ -121.281482074409723, 44.019849495962262 ], [ -121.281491462141275, 44.019850920885801 ], [ -121.281527169048786, 44.019858632236719 ], [ -121.28151903860271, 44.019843880087137 ], [ -121.281514093279839, 44.019838264212012 ], [ -121.281507471576333, 44.019829295575619 ], [ -121.281592631712556, 44.01982787065208 ], [ -121.281664967536926, 44.019853686913848 ], [ -121.281638480722904, 44.020044291391969 ], [ -121.281686592847109, 44.020165242254734 ], [ -121.281939642503858, 44.020216120406985 ], [ -121.282461835071445, 44.020215282216668 ], [ -121.283050244674087, 44.020207738503814 ], [ -121.283277729526162, 44.020213522017002 ], [ -121.283479062840343, 44.020254341885448 ], [ -121.28370906226337, 44.020383339375257 ], [ -121.28370906226337, 44.020383339375257 ], [ -121.283966219052672, 44.020589282736182 ], [ -121.284109968692064, 44.020644519478083 ], [ -121.284281630069017, 44.020681483671069 ], [ -121.284520346671343, 44.020723393186927 ], [ -121.284632999449968, 44.020778797566891 ], [ -121.284755626693368, 44.020838476717472 ], [ -121.284907087683678, 44.020853983238339 ], [ -121.285064248368144, 44.020805452018976 ], [ -121.285149659961462, 44.020771589130163 ], [ -121.285248063504696, 44.02074015699327 ], [ -121.285621142014861, 44.020673939958215 ], [ -121.286164373159409, 44.020552737638354 ], [ -121.286411974579096, 44.020473947748542 ], [ -121.286479029804468, 44.020433966070414 ], [ -121.286497972905636, 44.02040982618928 ], [ -121.286528566852212, 44.020382249727845 ], [ -121.286635268479586, 44.020306393504143 ], [ -121.286967946216464, 44.020048649981618 ], [ -121.287255780771375, 44.019788056612015 ], [ -121.287468848749995, 44.019605917856097 ], [ -121.287717455998063, 44.019439788535237 ], [ -121.28785852342844, 44.019367787986994 ], [ -121.288009397685528, 44.019304923713207 ], [ -121.288339896127582, 44.019210375845432 ], [ -121.288878852501512, 44.01914675720036 ], [ -121.289856936782598, 44.01911792345345 ], [ -121.29005734808743, 44.019111637026072 ], [ -121.291061751544476, 44.019077438861132 ], [ -121.291837496683002, 44.019047850742936 ], [ -121.292527578771114, 44.019021783024073 ], [ -121.292972071096301, 44.019007533788681 ], [ -121.293586464598775, 44.018975263461471 ], [ -121.293755192309618, 44.019002756103873 ], [ -121.293831132352352, 44.019021950662136 ], [ -121.293981419876218, 44.019025135785341 ], [ -121.293981419876218, 44.019025135785341 ], [ -121.294045457616448, 44.018999151885509 ], [ -121.294087870046496, 44.018958667293191 ], [ -121.294100359082222, 44.018910136073828 ], [ -121.294086696580052, 44.01886185631156 ], [ -121.294054258614779, 44.018815839663148 ], [ -121.293912520632148, 44.018657673150301 ], [ -121.293835155665874, 44.01850663125515 ], [ -121.29378167912364, 44.018327677622437 ], [ -121.293681347742677, 44.017811771482229 ], [ -121.293682856485248, 44.017365351319313 ], [ -121.293856780976057, 44.016902334988117 ], [ -121.294037830084562, 44.016557168215513 ], [ -121.29419943317771, 44.016202446073294 ], [ -121.294239247217774, 44.016079064458609 ], [ -121.294315354898572, 44.015559135004878 ], [ -121.294315354898572, 44.015559135004878 ], [ -121.294270427897573, 44.015161329880357 ], [ -121.294235726818442, 44.015032919123769 ], [ -121.293927524238825, 44.014408132061362 ], [ -121.293559055775404, 44.013929525390267 ], [ -121.293387478217483, 44.01368385180831 ], [ -121.293130069971085, 44.013162916526198 ], [ -121.292830836027861, 44.01269244030118 ], [ -121.292460272088647, 44.012417094781995 ], [ -121.291664075106382, 44.012065138667822 ], [ -121.290853964164853, 44.011710584163666 ], [ -121.290553389117122, 44.011577563360333 ], [ -121.290118955075741, 44.011384025216103 ], [ -121.289986940100789, 44.011311018839478 ], [ -121.289873784407973, 44.011224685236812 ], [ -121.289776973426342, 44.0111268684268 ], [ -121.289643533527851, 44.010899383574724 ], [ -121.289559630677104, 44.01050727814436 ], [ -121.289537753909826, 44.010370569303632 ], [ -121.28945242613554, 44.009812083095312 ], [ -121.289406577125192, 44.009535564109683 ], [ -121.289312867447734, 44.009012617170811 ], [ -121.289232904091477, 44.008529484272003 ], [ -121.289169620722532, 44.008179288357496 ], [ -121.289165178313851, 44.008132349699736 ], [ -121.289170878008008, 44.008084237575531 ], [ -121.289204489439726, 44.008052470162511 ], [ -121.289257127791643, 44.008030593395233 ], [ -121.289342623203993, 44.008023720234632 ], [ -121.289454521611333, 44.008027827367187 ], [ -121.290069920942187, 44.008023217320442 ], [ -121.290676183998585, 44.007977368310094 ], [ -121.29089386202395, 44.007945936173201 ], [ -121.291553182527423, 44.007778717204928 ], [ -121.291975546628237, 44.007608983665705 ], [ -121.292175790295005, 44.007510244846344 ], [ -121.292720530182123, 44.007175639271736 ], [ -121.292884396389127, 44.007056532427669 ], [ -121.293376330286264, 44.00668865069747 ], [ -121.293904138728976, 44.006309872493148 ], [ -121.294438736513257, 44.005920616909862 ], [ -121.295147845521569, 44.005406219512224 ], [ -121.295665092766285, 44.005031380802393 ], [ -121.29600003361702, 44.004788221791387 ], [ -121.296840235590935, 44.004172319546342 ], [ -121.297345831990242, 44.003807622939348 ], [ -121.297517828643322, 44.003694886341691 ], [ -121.298221154138446, 44.003302194178104 ], [ -121.298401867970824, 44.003208735957742 ], [ -121.298761703073978, 44.00302148424089 ], [ -121.299657393246889, 44.00256659835577 ], [ -121.300019575282931, 44.002382950857282 ], [ -121.300567332655191, 44.002111377194524 ], [ -121.301111737266183, 44.001828823238611 ], [ -121.301642395555973, 44.001548867672682 ], [ -121.301985969766974, 44.001366645097733 ], [ -121.302630873396993, 44.001014772802591 ], [ -121.303293546661735, 44.000654267147183 ], [ -121.303965775296092, 44.000325193628669 ], [ -121.304329046979547, 44.000179599970579 ], [ -121.305122980847955, 43.999936273321509 ], [ -121.305332779884338, 43.999888831749558 ], [ -121.305978856980801, 43.999784225597978 ], [ -121.30641127936542, 43.999741980805993 ], [ -121.307062637060881, 43.999715577811003 ], [ -121.307500591501594, 43.999726222828031 ], [ -121.307956567034125, 43.999756732955575 ], [ -121.308915037661791, 43.999822782352567 ], [ -121.309662368148565, 43.999828482046723 ], [ -121.310159163549542, 43.999811634421349 ], [ -121.310851173475385, 43.999765198677778 ], [ -121.311272280290723, 43.999716667458415 ], [ -121.311854152008891, 43.999576857313514 ], [ -121.312538031488657, 43.999253232032061 ], [ -121.31317145191133, 43.998877890408039 ], [ -121.313673024997115, 43.998598856851459 ], [ -121.314231427386403, 43.998330468311906 ], [ -121.31463929079473, 43.998164841905236 ], [ -121.315526263788342, 43.997884970158339 ], [ -121.315990034490824, 43.997762594372034 ], [ -121.316690845414996, 43.997578360140324 ], [ -121.316923275589943, 43.997510634362698 ], [ -121.317834472283721, 43.997212992981076 ], [ -121.31826488301158, 43.9970494620502 ], [ -121.319114388898015, 43.99666397832334 ], [ -121.319538177922368, 43.996440852060914 ], [ -121.320175370201468, 43.996079424396157 ], [ -121.320825219154358, 43.99569938890636 ], [ -121.321719819679856, 43.995177447795868 ], [ -121.322402525693178, 43.994779391214252 ], [ -121.323075257241726, 43.994371946901083 ], [ -121.323717646300793, 43.993941452354193 ], [ -121.324117965996265, 43.993634758517146 ], [ -121.324496744200587, 43.993313983082771 ], [ -121.325019188225269, 43.992811823263764 ], [ -121.325358571484685, 43.992480067536235 ], [ -121.325528221204877, 43.992316536605358 ], [ -121.325875148177147, 43.991993833333254 ], [ -121.326260799542069, 43.991696862503886 ], [ -121.326925652101636, 43.991324454545975 ], [ -121.327421860769391, 43.991137286648154 ], [ -121.327680945396423, 43.991063861176372 ], [ -121.32848309352994, 43.990907538682222 ], [ -121.329289432615042, 43.990856492891908 ], [ -121.329812044277787, 43.990861186757684 ], [ -121.330812340602279, 43.990873759612441 ], [ -121.331290695816278, 43.990900162607431 ], [ -121.331745833158493, 43.990962691605091 ], [ -121.332411943003535, 43.991113565862179 ], [ -121.332625849172473, 43.991176849231124 ], [ -121.333221970126033, 43.991386061534286 ], [ -121.333567723631859, 43.991520842537284 ], [ -121.334177171811461, 43.991761989891529 ], [ -121.334327878430486, 43.991822674870491 ], [ -121.334939422085881, 43.992064744234085 ], [ -121.335374275222421, 43.992238836362958 ], [ -121.335987998172641, 43.992524826899171 ], [ -121.335987998172641, 43.992524826899171 ], [ -121.336068296805024, 43.992580231279135 ], [ -121.336161335930228, 43.992704534903169 ], [ -121.336153876036406, 43.992846440523863 ], [ -121.336067374795675, 43.993010139092803 ], [ -121.336003169417381, 43.993103932589293 ], [ -121.335861096158624, 43.993313228711486 ], [ -121.335538057610393, 43.993744058534503 ], [ -121.33543387055397, 43.993832152336836 ], [ -121.335316440090537, 43.993905242532492 ], [ -121.335049895569682, 43.993992581963539 ], [ -121.334776896983385, 43.993981517851353 ], [ -121.334536587819457, 43.993875151500106 ], [ -121.33438915014267, 43.993690246716142 ], [ -121.334362244233489, 43.993581449612975 ], [ -121.334375068545341, 43.993466952815652 ], [ -121.334479674696922, 43.993237037211657 ], [ -121.334736160933971, 43.992853984236717 ], [ -121.334830960258842, 43.992711324244738 ], [ -121.335262292996049, 43.992065917700529 ], [ -121.335643753409386, 43.991513969376683 ], [ -121.335912477225065, 43.991119517013431 ], [ -121.336200647056103, 43.990704445168376 ], [ -121.336506754159927, 43.990264227613807 ], [ -121.336826188489795, 43.989797858521342 ], [ -121.337154842913151, 43.989324783906341 ], [ -121.337487017735839, 43.988852296024561 ], [ -121.337985321879387, 43.988147377967834 ], [ -121.338150780647993, 43.987913187593222 ], [ -121.338642630726099, 43.98721095174551 ], [ -121.338970195502043, 43.986742654815316 ], [ -121.339133558794856, 43.986509386450052 ], [ -121.339626498520374, 43.985811593011022 ], [ -121.339955488219857, 43.98534681648016 ], [ -121.340611791238189, 43.984418688341975 ], [ -121.340938350185752, 43.983954750001431 ], [ -121.34142835624516, 43.983261398971081 ], [ -121.341758267953992, 43.982800645753741 ], [ -121.342089688405395, 43.982340395450592 ], [ -121.342586819082499, 43.981648972257972 ], [ -121.342913378030062, 43.981189141049981 ], [ -121.343073388561606, 43.980959141626954 ], [ -121.343555599451065, 43.980276267975569 ], [ -121.344025488942862, 43.979589873924851 ], [ -121.344025488942862, 43.979589873924851 ], [ -121.344324974343181, 43.979118894785643 ], [ -121.344611551612616, 43.978636432439089 ], [ -121.344878096133471, 43.978145839646459 ], [ -121.344878096133471, 43.978145839646459 ], [ -121.345229046419263, 43.977403035387397 ], [ -121.345433481037617, 43.976903222501278 ], [ -121.345616625621915, 43.976399386301637 ], [ -121.34569943882525, 43.97614499554038 ], [ -121.34584603831172, 43.975633531808853 ], [ -121.345966486260295, 43.975119385868311 ], [ -121.346104452386498, 43.97434338927269 ], [ -121.346180057153106, 43.973824549466372 ], [ -121.346255075186491, 43.973305961117148 ], [ -121.346370074898005, 43.972527449950576 ], [ -121.346443751826882, 43.972007352858782 ], [ -121.346513656899333, 43.971488596871495 ], [ -121.346582639962435, 43.970969589427114 ], [ -121.346650952473283, 43.970451336354017 ], [ -121.346719767898321, 43.969935094937682 ], [ -121.346789253875613, 43.96942337974906 ], [ -121.346896877512336, 43.968666158616543 ], [ -121.3469332549721, 43.968416294082999 ], [ -121.347005339339375, 43.967919666320086 ], [ -121.347075160592794, 43.967418763786554 ], [ -121.347186220809817, 43.966654250398278 ], [ -121.347259394824505, 43.966136332601309 ], [ -121.347296945750713, 43.965875739231706 ], [ -121.347335418686271, 43.965614140033722 ], [ -121.347415465861559, 43.965090019628406 ], [ -121.34749811142683, 43.964568916708231 ], [ -121.347537338733673, 43.964309832081199 ], [ -121.347695756703615, 43.963279528543353 ], [ -121.347695756703615, 43.963279528543353 ], [ -121.347735822200775, 43.96302136592567 ], [ -121.347855683416128, 43.962245369330049 ], [ -121.347935562953353, 43.961724936962128 ], [ -121.348011419177055, 43.961205342784524 ], [ -121.348089873790741, 43.960685916244984 ], [ -121.348209483548999, 43.959908075630665 ], [ -121.348209483548999, 43.959908075630665 ], [ -121.348292464390397, 43.959391079843044 ], [ -121.348374942317605, 43.958876766264439 ], [ -121.348454318940639, 43.958364883437753 ], [ -121.348492624238133, 43.958109570667148 ], [ -121.348606618121266, 43.95734254270792 ], [ -121.348683480173349, 43.956829654052854 ], [ -121.348763024434447, 43.956314669921994 ], [ -121.34884424507618, 43.955798344686627 ], [ -121.348926052451134, 43.955279588699341 ], [ -121.349041135981679, 43.954502418637276 ], [ -121.349118165671825, 43.953985841944814 ], [ -121.349195279181004, 43.953467756509781 ], [ -121.349274488165975, 43.952950090169907 ], [ -121.349315643310547, 43.952691173180938 ], [ -121.349439527839422, 43.951913835480809 ], [ -121.349561652168632, 43.951139347627759 ], [ -121.349643627181649, 43.950621597468853 ], [ -121.349684363231063, 43.950361926108599 ], [ -121.349765751510859, 43.949845433235168 ], [ -121.349880751222372, 43.949073376134038 ], [ -121.349960630759597, 43.94855503924191 ], [ -121.349960630759597, 43.94855503924191 ], [ -121.350074959918857, 43.94777862355113 ], [ -121.350153079256415, 43.947265483438969 ], [ -121.35022759437561, 43.946750834584236 ], [ -121.350333793088794, 43.945984141901135 ], [ -121.350409146398306, 43.945473432540894 ], [ -121.350487852469087, 43.944963645190001 ], [ -121.350569492205977, 43.944453187286854 ], [ -121.350654484704137, 43.943940633907914 ], [ -121.350740985944867, 43.943424057215452 ], [ -121.350823547691107, 43.942901277914643 ], [ -121.350943325087428, 43.942115223035216 ], [ -121.350983893498778, 43.941853037104011 ], [ -121.351102581247687, 43.941070251166821 ], [ -121.351180365309119, 43.940549651160836 ], [ -121.351257394999266, 43.94003089517355 ], [ -121.351295616477728, 43.939772145822644 ], [ -121.351412627846003, 43.93899598158896 ], [ -121.351491920650005, 43.938479069620371 ], [ -121.351570375263691, 43.937963498756289 ], [ -121.351608764380217, 43.937706341966987 ], [ -121.35168663226068, 43.937193034216762 ], [ -121.351804817095399, 43.936422653496265 ], [ -121.351881260052323, 43.935908591374755 ], [ -121.351955020800233, 43.935392769053578 ], [ -121.352025931701064, 43.934876024723053 ], [ -121.352101620286703, 43.934361124411225 ], [ -121.352140847593546, 43.934103464707732 ], [ -121.352181835100055, 43.933846140280366 ], [ -121.35226221755147, 43.933333586901426 ], [ -121.35234042070806, 43.932823380455375 ], [ -121.35245525278151, 43.932063058018684 ], [ -121.352529684081674, 43.931553857401013 ], [ -121.352566983550787, 43.931296952068806 ], [ -121.352678546682, 43.930519782006741 ], [ -121.352678546682, 43.930519782006741 ], [ -121.352766640484333, 43.929737247526646 ], [ -121.352793546393514, 43.929212540388107 ], [ -121.352793546393514, 43.929212540388107 ], [ -121.352767394855618, 43.928166059777141 ], [ -121.352720037102699, 43.927648141980171 ], [ -121.352688940241933, 43.927389057353139 ], [ -121.352561535313725, 43.92661708407104 ], [ -121.352445697411895, 43.926106039434671 ], [ -121.3523780554533, 43.925851816311479 ], [ -121.352223996073008, 43.925348818302155 ], [ -121.352138668298721, 43.925097193568945 ], [ -121.351954769343138, 43.924593860283494 ], [ -121.351766427978873, 43.924091616645455 ], [ -121.351669952273369, 43.923840830102563 ], [ -121.351391170173883, 43.923097522929311 ], [ -121.351203080266714, 43.922607852146029 ], [ -121.350919520482421, 43.921864964067936 ], [ -121.350824637338519, 43.921614848077297 ], [ -121.350634871050715, 43.9211121853441 ], [ -121.350446194410324, 43.920610025525093 ], [ -121.35025642812252, 43.920105937868357 ], [ -121.3500692602247, 43.919600928202271 ], [ -121.349977143108845, 43.919347962364554 ], [ -121.349807074293494, 43.918838175013661 ], [ -121.349632479250431, 43.918065698817372 ], [ -121.349569195881486, 43.917544092983007 ], [ -121.34954497218132, 43.917022151872516 ], [ -121.349547486752272, 43.916761223226786 ], [ -121.349558550864458, 43.916499875485897 ], [ -121.349656619131565, 43.915718095377088 ], [ -121.34977363049984, 43.915201099589467 ], [ -121.350015783682466, 43.914438849315047 ], [ -121.350115444511175, 43.914188398048282 ], [ -121.35034142062068, 43.913693865761161 ], [ -121.350609557703137, 43.913210732862353 ], [ -121.351081794127822, 43.912505228072405 ], [ -121.351433666422963, 43.912048581987619 ], [ -121.351815545931458, 43.911606436595321 ], [ -121.352443685755134, 43.910969076678157 ], [ -121.352669578045607, 43.910765228793025 ], [ -121.353388158604503, 43.910178830847144 ], [ -121.354140350595117, 43.909614644944668 ], [ -121.354647120460868, 43.909244081005454 ], [ -121.355407945811749, 43.908694228157401 ], [ -121.355659738183022, 43.908510832116008 ], [ -121.356159970164299, 43.908141776919365 ], [ -121.356915179640055, 43.90758647583425 ], [ -121.357168145477772, 43.907401151955128 ], [ -121.357930060476065, 43.906842581927776 ], [ -121.358439847826958, 43.906470173969865 ], [ -121.358696082606912, 43.906284347176552 ], [ -121.359208803623915, 43.905913196504116 ], [ -121.359718339517713, 43.905539950355887 ], [ -121.360479248687625, 43.904978865757585 ], [ -121.36124124750495, 43.904418116435409 ], [ -121.361745083704591, 43.904045289382339 ], [ -121.362245148047805, 43.903676234185696 ], [ -121.362743536010385, 43.903309274464846 ], [ -121.363241169601679, 43.902945499867201 ], [ -121.363736959174275, 43.902580551803112 ], [ -121.364234341308475, 43.902212167158723 ], [ -121.364738177508116, 43.901841938495636 ], [ -121.364990053698421, 43.901656866073608 ], [ -121.365746185183525, 43.901104582473636 ], [ -121.366250272840261, 43.900737455114722 ], [ -121.366752432659268, 43.900369489565492 ], [ -121.367504457011819, 43.899816116318107 ], [ -121.36825405061245, 43.899260144680738 ], [ -121.368755539879203, 43.89888983219862 ], [ -121.369260549545288, 43.898521699011326 ], [ -121.369762038812041, 43.898152224719524 ], [ -121.370264366269112, 43.897784762084484 ], [ -121.370770297944546, 43.897415539249778 ], [ -121.371275559067726, 43.897041957825422 ], [ -121.37152835726738, 43.896854789927602 ], [ -121.372033534571528, 43.896479029208422 ], [ -121.372287338599563, 43.896291358396411 ], [ -121.373049840331078, 43.895730022341013 ], [ -121.373305236920714, 43.895543944090605 ], [ -121.373814940452576, 43.895169692113996 ], [ -121.374577358365059, 43.89460751786828 ], [ -121.37508312240243, 43.89423418790102 ], [ -121.375586288049817, 43.893861696124077 ], [ -121.37583858333528, 43.893675869330764 ], [ -121.376847764477134, 43.892934322357178 ], [ -121.377350343391299, 43.89256258495152 ], [ -121.378106893971562, 43.892004434019327 ], [ -121.378864534199238, 43.891443684697151 ], [ -121.379370298236609, 43.89106834307313 ], [ -121.379874972626567, 43.890694342553616 ], [ -121.379874972626567, 43.890694342553616 ], [ -121.380379144102335, 43.890323443338275 ], [ -121.380882645025849, 43.889953885227442 ], [ -121.381384888663888, 43.889587260782719 ], [ -121.382136158645153, 43.889035228639841 ], [ -121.382637731730938, 43.888665335252881 ], [ -121.382888937368989, 43.88848059810698 ], [ -121.383140059188008, 43.888296447694302 ], [ -121.383893843740225, 43.887740476056933 ], [ -121.384396171197295, 43.887367732822895 ], [ -121.38490260578692, 43.886997252702713 ], [ -121.385407950729132, 43.886625682935119 ], [ -121.385913295671344, 43.886255370453 ], [ -121.386419227346778, 43.885884722694755 ], [ -121.386925326660275, 43.88551558367908 ], [ -121.387429246678948, 43.885145355015993 ], [ -121.387933250516653, 43.884774623438716 ], [ -121.388692231848836, 43.884220998734236 ], [ -121.389195146039128, 43.883847668766975 ], [ -121.389952450990677, 43.88328842818737 ], [ -121.39020374044776, 43.88310226611793 ], [ -121.390455281361938, 43.882916774600744 ], [ -121.391209568828344, 43.882362060248852 ], [ -121.391707789152861, 43.881993172690272 ], [ -121.392455035820603, 43.881444577127695 ], [ -121.392952250316739, 43.881079629063606 ], [ -121.393448626622558, 43.880712334066629 ], [ -121.393950199708343, 43.880344452336431 ], [ -121.394450766965747, 43.879973888397217 ], [ -121.39494689181447, 43.879599384963512 ], [ -121.395434383302927, 43.879219265654683 ], [ -121.395674189552665, 43.87902706861496 ], [ -121.396146761253476, 43.878636052832007 ], [ -121.39683642424643, 43.878038758412004 ], [ -121.397276725620031, 43.877627458423376 ], [ -121.397699592635036, 43.877205848693848 ], [ -121.398109970614314, 43.876777365803719 ], [ -121.398506350815296, 43.876341925933957 ], [ -121.398884374648333, 43.875899529084563 ], [ -121.399249657988548, 43.875450259074569 ], [ -121.399598764255643, 43.874994367361069 ], [ -121.399937057867646, 43.874532356858253 ], [ -121.400271076709032, 43.87406799942255 ], [ -121.400602078065276, 43.873603222891688 ], [ -121.400931654497981, 43.873160658404231 ], [ -121.400931654497981, 43.873160658404231 ], [ -121.401248322799802, 43.872768385335803 ], [ -121.401248322799802, 43.872768385335803 ], [ -121.401685355231166, 43.872259017080069 ], [ -121.401685355231166, 43.872259017080069 ], [ -121.402164129540324, 43.871830450370908 ], [ -121.402341742068529, 43.871705727651715 ], [ -121.402895282953978, 43.871389729902148 ], [ -121.402895282953978, 43.871389729902148 ], [ -121.403642278164625, 43.871048418805003 ], [ -121.403979565948248, 43.870882373303175 ], [ -121.404262538999319, 43.870706772431731 ], [ -121.404528161510825, 43.870537960901856 ], [ -121.404528161510825, 43.870537960901856 ], [ -121.40482597053051, 43.870402844622731 ], [ -121.405177172273397, 43.870309134945273 ], [ -121.40537423081696, 43.87028113938868 ], [ -121.405586544424295, 43.870267644524574 ], [ -121.405811263248324, 43.870268650352955 ], [ -121.406821450218558, 43.870339225977659 ], [ -121.407101238146424, 43.870358923450112 ], [ -121.407986953854561, 43.870406951755285 ], [ -121.408289121463895, 43.870421620085835 ], [ -121.409212220460176, 43.870463781058788 ], [ -121.409523775801063, 43.870476940646768 ], [ -121.410150993615389, 43.870488423854113 ], [ -121.411083480343223, 43.870403096079826 ], [ -121.411675158888102, 43.870258256793022 ], [ -121.411675158888102, 43.870258256793022 ], [ -121.41250966116786, 43.869948461651802 ], [ -121.412785928696394, 43.86984234675765 ], [ -121.413639541715384, 43.869577227160335 ], [ -121.414235243573785, 43.869475470855832 ], [ -121.414537997916341, 43.869450995698571 ], [ -121.415442489087582, 43.869444541633129 ], [ -121.41573996283114, 43.869446385651827 ], [ -121.416624169796705, 43.869455521926284 ], [ -121.417527487501502, 43.869460970163345 ], [ -121.41844212077558, 43.869456024840474 ], [ -121.419362286105752, 43.869456192478538 ], [ -121.4202871453017, 43.869458623230457 ], [ -121.421215943992138, 43.869456695392728 ], [ -121.422139964997768, 43.869450744241476 ], [ -121.42305476590991, 43.869443787261844 ], [ -121.423950958997011, 43.869444960728288 ], [ -121.424545655027032, 43.869443451985717 ], [ -121.425748458132148, 43.869447391480207 ], [ -121.426365533843637, 43.869446385651827 ], [ -121.427291734144092, 43.869446637108922 ], [ -121.428202847018838, 43.869445128366351 ], [ -121.429091580212116, 43.869447056204081 ], [ -121.429688287898898, 43.869446469470859 ], [ -121.430576937273145, 43.869444373995066 ], [ -121.43135997466743, 43.869436997920275 ], [ -121.431600032374263, 43.869433561339974 ], [ -121.432248875498772, 43.869425766170025 ], [ -121.432435289025307, 43.869425095617771 ], [ -121.432907357811928, 43.869411936029792 ], [ -121.433258559554815, 43.869393998757005 ], [ -121.433258559554815, 43.869393998757005 ], [ -121.433427538722754, 43.869448145851493 ], [ -121.433494761586189, 43.869490558281541 ], [ -121.433560727164149, 43.869530372321606 ], [ -121.433714954182506, 43.869573790580034 ], [ -121.433876138180494, 43.86954084970057 ], [ -121.433876138180494, 43.86954084970057 ], [ -121.434003794565797, 43.869438590481877 ], [ -121.434067664667964, 43.869376145303249 ], [ -121.434244522824883, 43.86926282197237 ], [ -121.434484496712685, 43.869161736220121 ], [ -121.434904262423515, 43.868969120085239 ], [ -121.435194946825504, 43.868788322433829 ], [ -121.435638936236501, 43.868463942781091 ], [ -121.43604788929224, 43.86808667331934 ], [ -121.436274787411094, 43.867797581478953 ], [ -121.436446281149983, 43.86748418211937 ], [ -121.436708299443126, 43.866880852729082 ], [ -121.436759596690536, 43.866754285991192 ], [ -121.436874847859144, 43.866457734256983 ], [ -121.436973586678505, 43.866188256070018 ], [ -121.437085652723908, 43.865895560011268 ], [ -121.437284220010042, 43.865365153178573 ], [ -121.437469040974975, 43.864904064685106 ], [ -121.43760709092021, 43.864584546536207 ], [ -121.437891656532884, 43.864133432507515 ], [ -121.43802635371685, 43.864002171903849 ], [ -121.438348386436701, 43.863780051469803 ], [ -121.438348386436701, 43.863780051469803 ], [ -121.438954649493098, 43.863562373444438 ], [ -121.439617071300745, 43.863483583554626 ], [ -121.440261723473668, 43.863453743979335 ], [ -121.441018022596836, 43.863416444510221 ], [ -121.441688491031528, 43.863386185839772 ], [ -121.44185864366591, 43.863383084535599 ], [ -121.442564986646175, 43.863375121727586 ], [ -121.443265797570348, 43.863369589671493 ], [ -121.443764017894864, 43.86337042786181 ], [ -121.444681333377957, 43.86336799710989 ], [ -121.445405362173915, 43.863353580236435 ], [ -121.445819260552526, 43.863348048180342 ], [ -121.446505654603243, 43.863331619650126 ], [ -121.447078976780176, 43.863322986289859 ], [ -121.447827396914363, 43.863306390121579 ], [ -121.448291167616844, 43.863292895257473 ], [ -121.448915535584092, 43.863276299089193 ], [ -121.449540071189404, 43.863259116187692 ], [ -121.450153458863497, 43.8632448669523 ], [ -121.450902549549937, 43.863231036812067 ], [ -121.451642336323857, 43.86321016587317 ], [ -121.452249437570572, 43.863191055133939 ], [ -121.452955193817616, 43.863172782585025 ], [ -121.4533756300807, 43.863163059577346 ], [ -121.454097395762801, 43.863146044313908 ], [ -121.454356983304024, 43.86313883587718 ], [ -121.455166675150394, 43.863117294386029 ], [ -121.455166675150394, 43.863117294386029 ], [ -121.455998830497265, 43.86309483088553 ], [ -121.456547593697906, 43.863081838935614 ], [ -121.457364661619067, 43.863065745681524 ], [ -121.458168653771281, 43.863049484789371 ], [ -121.458978345617652, 43.863035570830107 ], [ -121.459787283092737, 43.86302643455565 ], [ -121.460589347407222, 43.863022327423096 ], [ -121.461120927706361, 43.863020148128271 ], [ -121.462187357246876, 43.863022578880191 ], [ -121.462730169296265, 43.863017382100224 ], [ -121.463555535301566, 43.863014196977019 ], [ -121.46439322270453, 43.863010173663497 ], [ -121.464946931228042, 43.863010760396719 ], [ -121.465487899258733, 43.86301034130156 ], [ -121.46629205904901, 43.863006737083197 ], [ -121.466834116727114, 43.863004222512245 ], [ -121.46795435808599, 43.862992068752646 ], [ -121.46852508187294, 43.862990476191044 ], [ -121.469387244433165, 43.862985698506236 ], [ -121.470253933221102, 43.862978992983699 ], [ -121.470836894586682, 43.862975891679525 ], [ -121.472010863944888, 43.862969856709242 ], [ -121.472895154729486, 43.862967258319259 ], [ -121.473483899608254, 43.862962145358324 ], [ -121.474366765469313, 43.862956361845136 ], [ -121.475254660472274, 43.862938340753317 ], [ -121.475857151672244, 43.862929539754987 ], [ -121.476763654500246, 43.862919062376022 ], [ -121.477685244753957, 43.862902717664838 ], [ -121.478592921048403, 43.862885450944304 ], [ -121.479480732232332, 43.862866926938295 ], [ -121.479771416634321, 43.862860472872853 ], [ -121.480627125129104, 43.86283683590591 ], [ -121.481194328516722, 43.862829292193055 ], [ -121.482024472206831, 43.862809594720602 ], [ -121.482861656695604, 43.862779336050153 ], [ -121.483148653060198, 43.862768523395061 ], [ -121.484036464244127, 43.862749245017767 ], [ -121.484958222135901, 43.862731223925948 ], [ -121.485577477142215, 43.862717226147652 ], [ -121.486500827595592, 43.862667270004749 ], [ -121.486804252490401, 43.862633826211095 ], [ -121.487405318766832, 43.862525699660182 ], [ -121.487405318766832, 43.862525699660182 ], [ -121.487983921542764, 43.862360073253512 ], [ -121.488261865451932, 43.862257394939661 ], [ -121.488797971978784, 43.862028568983078 ], [ -121.489326450973749, 43.861793037503958 ], [ -121.489860042929649, 43.861556584015489 ], [ -121.490392880514264, 43.861316526308656 ], [ -121.490928987041116, 43.861076133325696 ], [ -121.491461070254445, 43.860835991799831 ], [ -121.492007570341229, 43.860606160014868 ], [ -121.492586173117161, 43.860409520566463 ], [ -121.492886831983924, 43.860324276611209 ], [ -121.493506086990237, 43.860169881954789 ], [ -121.494135735556483, 43.86002185754478 ], [ -121.494771922007203, 43.859874084591866 ], [ -121.495411796495318, 43.859722875058651 ], [ -121.496048821136355, 43.859572587534785 ], [ -121.496685761958361, 43.859424060210586 ], [ -121.497320774942636, 43.859275281429291 ], [ -121.497637359425426, 43.859201185405254 ], [ -121.498272456228733, 43.859058357775211 ], [ -121.498912833631039, 43.858931288123131 ], [ -121.499236961826682, 43.858876973390579 ], [ -121.499894019216299, 43.858785023912787 ], [ -121.500559542328119, 43.858702797442675 ], [ -121.500896494835615, 43.858662564307451 ], [ -121.50157643482089, 43.858582517132163 ], [ -121.502261236310005, 43.858501883223653 ], [ -121.502947797998786, 43.858419740572572 ], [ -121.503626564517617, 43.858338939025998 ], [ -121.504296865314245, 43.858258640393615 ], [ -121.504961466416717, 43.858179682865739 ], [ -121.505621960386634, 43.858103323727846 ], [ -121.506284382194281, 43.858029060065746 ], [ -121.506949570029974, 43.857951359823346 ], [ -121.507616937160492, 43.85787139646709 ], [ -121.508284136652946, 43.857790762558579 ], [ -121.508954018354416, 43.857709122821689 ], [ -121.509622726589441, 43.85762756690383 ], [ -121.510289590805769, 43.857549447566271 ], [ -121.51095712557435, 43.857494043186307 ], [ -121.511628935113549, 43.857486918568611 ], [ -121.511964797973633, 43.85750007815659 ], [ -121.512635769322515, 43.857541484758258 ], [ -121.513300538063049, 43.857587333768606 ], [ -121.513958685100079, 43.857631254941225 ], [ -121.514285495504737, 43.857652880251408 ], [ -121.514936685562134, 43.857681043446064 ], [ -121.51558586396277, 43.857662016525865 ], [ -121.516226241365075, 43.857588591054082 ], [ -121.5165392216295, 43.857534443959594 ], [ -121.517151016741991, 43.857402848079801 ], [ -121.517747640609741, 43.85725473985076 ], [ -121.518597230315208, 43.857042929157615 ], [ -121.51909377425909, 43.856925331056118 ], [ -121.519713364541531, 43.85679641738534 ], [ -121.520161796361208, 43.85674562305212 ], [ -121.520273275673389, 43.856725255027413 ], [ -121.52041987515986, 43.856640430167317 ], [ -121.520495731383562, 43.856509421020746 ], [ -121.520597236230969, 43.856347063556314 ], [ -121.520682228729129, 43.856267519295216 ], [ -121.520791277289391, 43.856195351108909 ], [ -121.521071568131447, 43.856066688895226 ], [ -121.521751089021564, 43.855794193223119 ], [ -121.522532366216183, 43.855478530749679 ], [ -121.522745098918676, 43.855393119156361 ], [ -121.523428978398442, 43.855130765587091 ], [ -121.523670125752687, 43.855045437812805 ], [ -121.524438578635454, 43.854819545522332 ], [ -121.524709230288863, 43.854751316830516 ], [ -121.525544486939907, 43.854547720402479 ], [ -121.526401452720165, 43.85433666408062 ], [ -121.527279037982225, 43.854120327159762 ], [ -121.527867866680026, 43.853971967473626 ], [ -121.528461975976825, 43.853824781253934 ], [ -121.529060946777463, 43.853675499558449 ], [ -121.529666120186448, 43.853526385501027 ], [ -121.530277244746685, 43.853375930339098 ], [ -121.530890883877873, 43.853223631158471 ], [ -121.531197829172015, 43.853146936744452 ], [ -121.531811049208045, 43.852993464097381 ], [ -121.53242502361536, 43.852838985621929 ], [ -121.533044194802642, 43.852685764431953 ], [ -121.533664790913463, 43.852532291784883 ], [ -121.534289494156837, 43.852376723662019 ], [ -121.534604569897056, 43.852298939600587 ], [ -121.535236733034253, 43.852140018716455 ], [ -121.535878451541066, 43.851979672908783 ], [ -121.53652804903686, 43.851818069815636 ], [ -121.537187453359365, 43.851654455065727 ], [ -121.537839649245143, 43.851491175591946 ], [ -121.538482960313559, 43.851332673802972 ], [ -121.539117135107517, 43.851175177842379 ], [ -121.539743430912495, 43.85101743042469 ], [ -121.540361596271396, 43.850860437378287 ], [ -121.540974816307425, 43.850703779608011 ], [ -121.541587617248297, 43.850551396608353 ], [ -121.542199747636914, 43.850402785465121 ], [ -121.542813051491976, 43.850254258140922 ], [ -121.543116727843881, 43.850179994478822 ], [ -121.543715531006455, 43.850031550973654 ], [ -121.544591775164008, 43.849809681996703 ], [ -121.545441783964634, 43.849590830504894 ], [ -121.545722326263785, 43.849519668146968 ], [ -121.546562276780605, 43.849309366196394 ], [ -121.547400299459696, 43.849098058417439 ], [ -121.548243351280689, 43.848890690132976 ], [ -121.549088330939412, 43.848685417324305 ], [ -121.549925850704312, 43.848477881401777 ], [ -121.550761861726642, 43.848266741260886 ], [ -121.551039973273873, 43.848196668550372 ], [ -121.551872463896871, 43.84798888117075 ], [ -121.552706882357597, 43.847783524543047 ], [ -121.553548593074083, 43.847579089924693 ], [ -121.554392734542489, 43.847365435212851 ], [ -121.555220950394869, 43.847119677811861 ], [ -121.555485567077994, 43.847018675878644 ], [ -121.556251421570778, 43.846665630117059 ], [ -121.556503465399146, 43.846536967903376 ], [ -121.557015096768737, 43.846279475837946 ], [ -121.557536199688911, 43.84602265432477 ], [ -121.558060739189386, 43.845764743164182 ], [ -121.55858913436532, 43.845504652708769 ], [ -121.558855595067143, 43.84537423029542 ], [ -121.559389606118202, 43.845112547278404 ], [ -121.55992554500699, 43.844848684966564 ], [ -121.560459556058049, 43.844584319740534 ], [ -121.560990633442998, 43.844322971999645 ], [ -121.56151257455349, 43.844065396115184 ], [ -121.562029235064983, 43.84380916133523 ], [ -121.562798777595162, 43.843428874388337 ], [ -121.563574187457561, 43.843052191659808 ], [ -121.563833774998784, 43.842926546931267 ], [ -121.564351357519627, 43.842674754559994 ], [ -121.565125258639455, 43.84229882620275 ], [ -121.565642589703202, 43.842048374935985 ], [ -121.566162938252091, 43.8417989294976 ], [ -121.56668278388679, 43.841550070792437 ], [ -121.567198438569903, 43.841297859326005 ], [ -121.567713925614953, 43.841044139117002 ], [ -121.568230418488383, 43.840791927650571 ], [ -121.568992082029581, 43.840409461408854 ], [ -121.569475382566452, 43.840134032070637 ], [ -121.570156160742044, 43.839685348793864 ], [ -121.570600485429168, 43.839375553652644 ], [ -121.571256536990404, 43.838913459330797 ], [ -121.571900267153978, 43.838453376665711 ], [ -121.572533519938588, 43.838002094998956 ], [ -121.572740720584989, 43.837852729484439 ], [ -121.573361735790968, 43.837409159168601 ], [ -121.573982080444694, 43.8369722943753 ], [ -121.574598485603929, 43.836537776514888 ], [ -121.575212879106402, 43.8361054379493 ], [ -121.575831966474652, 43.835670752450824 ], [ -121.576456669718027, 43.835231540724635 ], [ -121.576874926686287, 43.834932893514633 ], [ -121.577505832538009, 43.834482533857226 ], [ -121.578147551044822, 43.834031838923693 ], [ -121.578803937882185, 43.833577455952764 ], [ -121.579023124650121, 43.833424150943756 ], [ -121.579684624448419, 43.832960966974497 ], [ -121.580341849476099, 43.832492083311081 ], [ -121.581001756712794, 43.832025630399585 ], [ -121.581221697852015, 43.831870397552848 ], [ -121.581885628402233, 43.831404028460383 ], [ -121.582553666085005, 43.830938832834363 ], [ -121.583220278844237, 43.830472799018025 ], [ -121.583664519712329, 43.830163087695837 ], [ -121.584324343129992, 43.8297004904598 ], [ -121.584972934797406, 43.829243257641792 ], [ -121.585611887276173, 43.828796418383718 ], [ -121.586028886958957, 43.828500788658857 ], [ -121.586661888286471, 43.828054368495941 ], [ -121.587300840765238, 43.827604679390788 ], [ -121.587945744395256, 43.827149290591478 ], [ -121.588598359376192, 43.8266939856112 ], [ -121.589242843911052, 43.826242033392191 ], [ -121.589875090867281, 43.825798546895385 ], [ -121.590519575402141, 43.825378865003586 ], [ -121.590754184871912, 43.825262188911438 ], [ -121.591264642775059, 43.825092371553183 ], [ -121.591804018244147, 43.824998326599598 ], [ -121.592081962153316, 43.824983574450016 ], [ -121.592361917719245, 43.824988352134824 ], [ -121.592911435291171, 43.825043588876724 ], [ -121.593719534575939, 43.825172921642661 ], [ -121.594519419595599, 43.825306026265025 ], [ -121.595050748437643, 43.825390432029963 ], [ -121.595854321494699, 43.825518926605582 ], [ -121.596666947007179, 43.825647588819265 ], [ -121.597481416538358, 43.825771221891046 ], [ -121.598015762865543, 43.825846575200558 ], [ -121.598781617358327, 43.825963418930769 ], [ -121.599029554054141, 43.825996862724423 ], [ -121.59978493116796, 43.826058553531766 ], [ -121.600038064643741, 43.826062241569161 ], [ -121.600805595517159, 43.826044471934438 ], [ -121.601566085591912, 43.826022762805223 ], [ -121.60229112021625, 43.826012369245291 ], [ -121.60278707742691, 43.826052183285356 ], [ -121.6035370901227, 43.826175564900041 ], [ -121.604040423408151, 43.826249493286014 ], [ -121.604828573763371, 43.826305149123073 ], [ -121.605094196274877, 43.826316045597196 ], [ -121.605925094336271, 43.826372623443604 ], [ -121.606764039024711, 43.826474463567138 ], [ -121.60702153109014, 43.826537746936083 ], [ -121.607482032850385, 43.826713599264622 ], [ -121.60805644467473, 43.827055245637894 ], [ -121.608612835407257, 43.827388929203153 ], [ -121.6089784540236, 43.827604092657566 ], [ -121.609532330185175, 43.827902991324663 ], [ -121.60993323661387, 43.828072054311633 ], [ -121.610574033111334, 43.828278416767716 ], [ -121.611255230382085, 43.828460974618793 ], [ -121.611498221755028, 43.828513277694583 ], [ -121.612251419574022, 43.828652920201421 ], [ -121.613035127520561, 43.82880094461143 ], [ -121.613859571516514, 43.828964726999402 ], [ -121.61442618817091, 43.829077798873186 ], [ -121.61528374068439, 43.829238647595048 ], [ -121.616130564361811, 43.829393964260817 ], [ -121.616967665031552, 43.829514076933265 ], [ -121.617530677467585, 43.829577025026083 ], [ -121.61838655360043, 43.829678446054459 ], [ -121.619258355349302, 43.829795373603702 ], [ -121.61984265781939, 43.829885898157954 ], [ -121.620683195069432, 43.830105839297175 ], [ -121.621477883309126, 43.83041244931519 ], [ -121.621738979592919, 43.830522838979959 ], [ -121.622522938996553, 43.830857779830694 ], [ -121.623290637508035, 43.831183332949877 ], [ -121.623796569183469, 43.831387180835009 ], [ -121.624587485566735, 43.831627825275064 ], [ -121.625432129949331, 43.831774173304439 ], [ -121.626291526481509, 43.831870816648006 ], [ -121.627137679606676, 43.831948097795248 ], [ -121.627418724820018, 43.831973662599921 ], [ -121.628274684771895, 43.832049518823624 ], [ -121.629152186214924, 43.832128560170531 ], [ -121.629752246662974, 43.832188490778208 ], [ -121.63066285662353, 43.832275662571192 ], [ -121.631578160449862, 43.832367360591888 ], [ -121.631884938105941, 43.832398960366845 ], [ -121.632798817008734, 43.832494681701064 ], [ -121.633705571293831, 43.832613034173846 ], [ -121.633996339514852, 43.832671539857984 ], [ -121.63483863696456, 43.832902377471328 ], [ -121.635116497054696, 43.832983430474997 ], [ -121.635945718735456, 43.833228684961796 ], [ -121.636775694787502, 43.833454828709364 ], [ -121.637052968144417, 43.833515178412199 ], [ -121.63761992007494, 43.833594219759107 ], [ -121.63790624588728, 43.833600590005517 ], [ -121.638188632205129, 43.833580724895 ], [ -121.638467665761709, 43.833541246131063 ], [ -121.639286829158664, 43.833361873403192 ], [ -121.639561587944627, 43.833298170939088 ], [ -121.640407741069794, 43.833101699128747 ], [ -121.641266886144876, 43.832892654463649 ], [ -121.641841046512127, 43.832756532356143 ], [ -121.642698934301734, 43.832558551803231 ], [ -121.643520779907703, 43.832373395562172 ], [ -121.64431219920516, 43.832173738628626 ], [ -121.645052572712302, 43.83190275169909 ], [ -121.645759250968695, 43.831558590754867 ], [ -121.646223440766335, 43.831319371238351 ], [ -121.646914947777987, 43.830967331305146 ], [ -121.647584745660424, 43.830631636083126 ], [ -121.648212885484099, 43.830316057428718 ], [ -121.648418325930834, 43.830222431570292 ], [ -121.649079490453005, 43.830000059679151 ], [ -121.64981659501791, 43.829894782975316 ], [ -121.650578007102013, 43.829907020553946 ], [ -121.651325086131692, 43.830034341663122 ], [ -121.652058167383075, 43.830199129879475 ], [ -121.65254658088088, 43.830291498452425 ], [ -121.653309585526586, 43.830367689952254 ], [ -121.653572022914886, 43.830378754064441 ], [ -121.654373668134212, 43.830409096553922 ], [ -121.655224766582251, 43.830457124859095 ], [ -121.65551595389843, 43.83048084564507 ], [ -121.656383397057652, 43.83059467189014 ], [ -121.656680451706052, 43.83063867688179 ], [ -121.657594498246908, 43.830767925828695 ], [ -121.6582234762609, 43.830853588879108 ], [ -121.6585429944098, 43.830897929146886 ], [ -121.659194687381387, 43.830986022949219 ], [ -121.659847721457481, 43.831072440370917 ], [ -121.660484997555614, 43.831164473667741 ], [ -121.661097044125199, 43.83128416724503 ], [ -121.661687968298793, 43.831439232453704 ], [ -121.662270091474056, 43.831612318754196 ], [ -121.662849448621273, 43.831794122233987 ], [ -121.663138791918755, 43.831888334825635 ], [ -121.663718232885003, 43.832070054486394 ], [ -121.664302116259933, 43.832256216555834 ], [ -121.664593135938048, 43.832348668947816 ], [ -121.665171235799789, 43.83253407664597 ], [ -121.665741372853518, 43.832716383039951 ], [ -121.666311426088214, 43.832895252853632 ], [ -121.667144251987338, 43.833158947527409 ], [ -121.667965846136212, 43.833417193964124 ], [ -121.668757516890764, 43.833686169236898 ], [ -121.669266382232308, 43.833874929696321 ], [ -121.670024776831269, 43.834151783958077 ], [ -121.670278329402208, 43.834231663495302 ], [ -121.670796163380146, 43.834360493347049 ], [ -121.671064049005508, 43.834400475025177 ], [ -121.671335874125361, 43.834419334307313 ], [ -121.671877428889275, 43.834388321265578 ], [ -121.672138860449195, 43.834343645721674 ], [ -121.672646552324295, 43.834211798384786 ], [ -121.673412155359983, 43.833973836153746 ], [ -121.673943065106869, 43.833812484517694 ], [ -121.67475862428546, 43.833555160090327 ], [ -121.675037741661072, 43.833472598344088 ], [ -121.675872746855021, 43.833216950297356 ], [ -121.676440872251987, 43.833055850118399 ], [ -121.677024755626917, 43.832895755767822 ], [ -121.677624564617872, 43.832738930359483 ], [ -121.677924301475286, 43.832654943689704 ], [ -121.67852402664721, 43.832478756085038 ], [ -121.679134564474225, 43.832314219325781 ], [ -121.679752646014094, 43.832167871296406 ], [ -121.680364860221744, 43.832012554630637 ], [ -121.680968692526221, 43.831858830526471 ], [ -121.681558694690466, 43.831712231040001 ], [ -121.682132268324494, 43.83156219497323 ], [ -121.682969117537141, 43.831319790333509 ], [ -121.683510672301054, 43.831123234704137 ], [ -121.684055663645267, 43.830904047936201 ], [ -121.684607192873955, 43.830679580569267 ], [ -121.685160147026181, 43.830459555611014 ], [ -121.685706982389092, 43.830243553966284 ], [ -121.686503095552325, 43.829932417720556 ], [ -121.687267860397696, 43.829628825187683 ], [ -121.687984261661768, 43.829347360879183 ], [ -121.688418863341212, 43.829170083627105 ], [ -121.689010793343186, 43.828877890482545 ], [ -121.689178179949522, 43.82875258103013 ], [ -121.689580595120788, 43.828302891924977 ], [ -121.689960798248649, 43.827818417921662 ], [ -121.690098932012916, 43.827656144276261 ], [ -121.690601427108049, 43.827201593667269 ], [ -121.690803179517388, 43.827068740502 ], [ -121.691273488104343, 43.826878387480974 ], [ -121.692065661773086, 43.826723573729396 ], [ -121.692881053313613, 43.826649729162455 ], [ -121.693437276408076, 43.826620560139418 ], [ -121.694283848628402, 43.826584853231907 ], [ -121.694856332615018, 43.826550235971808 ], [ -121.695736767724156, 43.826493993401527 ], [ -121.696621561422944, 43.826447054743767 ], [ -121.696908222511411, 43.826431548222899 ], [ -121.697745993733406, 43.826397769153118 ], [ -121.698016477748752, 43.826413443312049 ], [ -121.698769424110651, 43.826513355597854 ], [ -121.699499655514956, 43.826609831303358 ], [ -121.699742563068867, 43.826626259833574 ], [ -121.699991505593061, 43.826627684757113 ], [ -121.700749229639769, 43.826571861281991 ], [ -121.701004123315215, 43.826545625925064 ], [ -121.701774504035711, 43.82650145329535 ], [ -121.702037192881107, 43.826512433588505 ], [ -121.702810255810618, 43.826638581231236 ], [ -121.70327209867537, 43.826817199587822 ], [ -121.703486759215593, 43.826929265633225 ], [ -121.70406804420054, 43.827300751581788 ], [ -121.704250350594521, 43.827423043549061 ], [ -121.704820487648249, 43.827736023813486 ], [ -121.705023329705, 43.827825458720326 ], [ -121.705695725977421, 43.828040035441518 ], [ -121.705940142273903, 43.82810608483851 ], [ -121.70672376640141, 43.82831278257072 ], [ -121.707267332822084, 43.828455861657858 ], [ -121.708094039931893, 43.828687956556678 ], [ -121.708643557503819, 43.828829443082213 ], [ -121.709465989843011, 43.82902717217803 ], [ -121.709978878498077, 43.829190954566002 ], [ -121.710437620058656, 43.829433023929596 ], [ -121.711014630272985, 43.829888161271811 ], [ -121.711597256362438, 43.830341622233391 ], [ -121.711839744821191, 43.830453939735889 ], [ -121.712104277685285, 43.83054094389081 ], [ -121.712647592648864, 43.830679999664426 ], [ -121.713481172919273, 43.830862389877439 ], [ -121.71431316062808, 43.831028686836362 ], [ -121.714588087052107, 43.831084175035357 ], [ -121.715398281812668, 43.831244437023997 ], [ -121.71566516160965, 43.831282993778586 ], [ -121.715934723615646, 43.83129145950079 ], [ -121.716196741908789, 43.831275282427669 ], [ -121.716442666947842, 43.831230439245701 ], [ -121.716673923656344, 43.831156846135855 ], [ -121.716891350224614, 43.831060621887445 ], [ -121.717552347108722, 43.830761220306158 ], [ -121.717792572453618, 43.830683436244726 ], [ -121.718304371461272, 43.830601628869772 ], [ -121.718842992559075, 43.830631216987967 ], [ -121.719110459089279, 43.830678155645728 ], [ -121.719368873164058, 43.83074764162302 ], [ -121.719613457098603, 43.830838417634368 ], [ -121.719843121245503, 43.830955764278769 ], [ -121.720059290528297, 43.831092976033688 ], [ -121.720477547496557, 43.831396652385592 ], [ -121.721126139163971, 43.83187735453248 ], [ -121.721340967342257, 43.83204004727304 ], [ -121.721998527646065, 43.832514462992549 ], [ -121.722429441288114, 43.832825347781181 ], [ -121.723062777891755, 43.833283586427569 ], [ -121.723683038726449, 43.833694634959102 ], [ -121.723903398960829, 43.833812149241567 ], [ -121.724141277372837, 43.833912396803498 ], [ -121.724865389987826, 43.834198135882616 ], [ -121.725085247308016, 43.83431757800281 ], [ -121.725457403808832, 43.834613375365734 ], [ -121.725912122055888, 43.835121570155025 ], [ -121.726323338225484, 43.835628088563681 ], [ -121.726478487253189, 43.835782986134291 ], [ -121.726658530533314, 43.835921119898558 ], [ -121.726864892989397, 43.836035449057817 ], [ -121.727099418640137, 43.836118681356311 ], [ -121.727352049201727, 43.836169224232435 ], [ -121.727608283981681, 43.836200069636106 ], [ -121.7281339969486, 43.836214235052466 ], [ -121.728406492620707, 43.836196968331933 ], [ -121.729240575805306, 43.836091859266162 ], [ -121.72978556714952, 43.836019188165665 ], [ -121.730297114700079, 43.835928663611412 ], [ -121.730536669492722, 43.835857333615422 ], [ -121.730757365003228, 43.835762785747647 ], [ -121.730956770479679, 43.835643930360675 ], [ -121.731134131550789, 43.835508981719613 ], [ -121.731421630829573, 43.835207736119628 ], [ -121.731590190902352, 43.834858126938343 ], [ -121.731936279684305, 43.834383124485612 ], [ -121.732303155586123, 43.834160584956408 ], [ -121.732523934915662, 43.834070395678282 ], [ -121.733218627050519, 43.833823297172785 ], [ -121.733939638361335, 43.833561362698674 ], [ -121.734654782339931, 43.83329875767231 ], [ -121.735346373170614, 43.833041181787848 ], [ -121.735579641535878, 43.832951076328754 ], [ -121.736316997557878, 43.832672126591206 ], [ -121.737114368006587, 43.832376496866345 ], [ -121.737667238339782, 43.832171056419611 ], [ -121.738232262432575, 43.831961844116449 ], [ -121.738803572952747, 43.831746848300099 ], [ -121.73909149132669, 43.831638973206282 ], [ -121.739669423550367, 43.831423558294773 ], [ -121.740244757384062, 43.83120839484036 ], [ -121.740818917751312, 43.830992141738534 ], [ -121.741395760327578, 43.830774044618011 ], [ -121.741973776370287, 43.830555947497487 ], [ -121.742555061355233, 43.830336425453424 ], [ -121.743141040205956, 43.830118244513869 ], [ -121.743729868903756, 43.829897968098521 ], [ -121.744319954887033, 43.829680625349283 ], [ -121.744616841897368, 43.829577947035432 ], [ -121.745214220136404, 43.829392455518246 ], [ -121.745825428515673, 43.829246442764997 ], [ -121.746448623016477, 43.829148877412081 ], [ -121.746761770918965, 43.829114176332951 ], [ -121.747393850237131, 43.829069249331951 ], [ -121.748030288144946, 43.829047875478864 ], [ -121.748670833185315, 43.829027591273189 ], [ -121.749310959130526, 43.829004289582372 ], [ -121.749949660152197, 43.828977299854159 ], [ -121.750587439164519, 43.828951567411423 ], [ -121.751224799081683, 43.828924242407084 ], [ -121.751541718840599, 43.828910328447819 ], [ -121.752172540873289, 43.828881997615099 ], [ -121.752797327935696, 43.828853499144316 ], [ -121.753727048635483, 43.828807566314936 ], [ -121.754350326955318, 43.828779319301248 ], [ -121.754978969693184, 43.828751323744655 ], [ -121.75560912117362, 43.828717796131968 ], [ -121.756238099187613, 43.828684352338314 ], [ -121.756870932877064, 43.82865384221077 ], [ -121.757511142641306, 43.828625092282891 ], [ -121.758158393204212, 43.828595085069537 ], [ -121.75881402567029, 43.82856641896069 ], [ -121.759476447477937, 43.8285365793854 ], [ -121.760140797123313, 43.828504476696253 ], [ -121.760805733501911, 43.82847111672163 ], [ -121.76147167570889, 43.828437421470881 ], [ -121.76180393435061, 43.828420238569379 ], [ -121.762469122186303, 43.828385872766376 ], [ -121.763137495145202, 43.828354189172387 ], [ -121.763811064884067, 43.828322170302272 ], [ -121.764487233012915, 43.828289145603776 ], [ -121.765160048380494, 43.828255953267217 ], [ -121.765828337520361, 43.828224772587419 ], [ -121.766492184251547, 43.828191831707954 ], [ -121.767152594402432, 43.828161153942347 ], [ -121.767812753096223, 43.828129721805453 ], [ -121.768471319228411, 43.828095775097609 ], [ -121.769122760742903, 43.828061576932669 ], [ -121.769443619996309, 43.828045148402452 ], [ -121.770070753991604, 43.828014219179749 ], [ -121.770970299839973, 43.827953953295946 ], [ -121.771826175972819, 43.827912881970406 ], [ -121.772376028820872, 43.827891927212477 ], [ -121.773183876648545, 43.8278544601053 ], [ -121.773956520482898, 43.827811796218157 ], [ -121.774650542065501, 43.827773490920663 ], [ -121.775071062147617, 43.82774792611599 ], [ -121.775821493938565, 43.827705094590783 ], [ -121.775990054011345, 43.827695455402136 ], [ -121.776749454438686, 43.827651618048549 ], [ -121.777423275634646, 43.827609792351723 ], [ -121.777835665270686, 43.827589591965079 ], [ -121.778533039614558, 43.827554890885949 ], [ -121.778783658519387, 43.827541982755065 ], [ -121.779581531882286, 43.827502084895968 ], [ -121.780148483812809, 43.827472329139709 ], [ -121.781036546453834, 43.827423630282283 ], [ -121.781648425385356, 43.827389683574438 ], [ -121.782579990103841, 43.827338051050901 ], [ -121.783206285908818, 43.827304942533374 ], [ -121.783520691096783, 43.827287340536714 ], [ -121.784151596948504, 43.827251382172108 ], [ -121.784783927723765, 43.827216681092978 ], [ -121.785416342318058, 43.827185165137053 ], [ -121.78605018183589, 43.827151972800493 ], [ -121.786683350801468, 43.82712003774941 ], [ -121.787309143692255, 43.827088186517358 ], [ -121.788213970139623, 43.827041583135724 ], [ -121.789079988375306, 43.826995566487312 ], [ -121.789628751575947, 43.826965726912022 ], [ -121.790373232215643, 43.826929517090321 ], [ -121.790815629065037, 43.826905377209187 ], [ -121.791599337011576, 43.826829353347421 ], [ -121.791769070550799, 43.826791970059276 ], [ -121.792084900662303, 43.826705552637577 ], [ -121.792235020548105, 43.82667395286262 ], [ -121.79249519482255, 43.826663726940751 ], [ -121.792665934190154, 43.826712761074305 ], [ -121.792710945010185, 43.826745534315705 ], [ -121.792724188417196, 43.826777469366789 ], [ -121.792695941403508, 43.826840417459607 ], [ -121.792524447664618, 43.826983161270618 ], [ -121.792250527068973, 43.827217519283295 ], [ -121.791880968958139, 43.827539049088955 ], [ -121.791432537138462, 43.827933669090271 ], [ -121.791270263493061, 43.82807825691998 ], [ -121.790925683453679, 43.828386040404439 ], [ -121.790371388196945, 43.828880740329623 ], [ -121.790176928043365, 43.829054078087211 ], [ -121.789779374375939, 43.829414248466492 ], [ -121.789369583129883, 43.82978749461472 ], [ -121.78894822485745, 43.83016568608582 ], [ -121.788517981767654, 43.830550499260426 ], [ -121.788302566856146, 43.830746971070766 ], [ -121.787865869700909, 43.831144524738193 ], [ -121.787423975765705, 43.831541826948524 ], [ -121.786981830373406, 43.831942649558187 ], [ -121.786537421867251, 43.832343053072691 ], [ -121.78609368391335, 43.832742953673005 ], [ -121.785655226558447, 43.833140674978495 ], [ -121.785227581858635, 43.833531271666288 ], [ -121.784809241071343, 43.833916168659925 ], [ -121.784603549167514, 43.834108281880617 ], [ -121.784202391281724, 43.83449686691165 ], [ -121.783816237002611, 43.834890061989427 ], [ -121.783632421866059, 43.83509055711329 ], [ -121.783277448266745, 43.835490373894572 ], [ -121.782942842692137, 43.835890693590045 ], [ -121.782630197703838, 43.836296377703547 ], [ -121.782334316521883, 43.83670792914927 ], [ -121.782056540250778, 43.837124677374959 ], [ -121.781925866380334, 43.837334979325533 ], [ -121.781676420941949, 43.837764216586947 ], [ -121.781440135091543, 43.838203176856041 ], [ -121.781217847019434, 43.838651524856687 ], [ -121.781014753505588, 43.839111439883709 ], [ -121.780827166512609, 43.83957764133811 ], [ -121.780746029689908, 43.839814262464643 ], [ -121.780596664175391, 43.840279458090663 ], [ -121.780464230105281, 43.84073325432837 ], [ -121.780343865975738, 43.841179087758064 ], [ -121.78017346188426, 43.841828433796763 ], [ -121.780077153816819, 43.842253983020782 ], [ -121.779960226267576, 43.842901065945625 ], [ -121.77991496399045, 43.843343043699861 ], [ -121.779853524640203, 43.844006136059761 ], [ -121.77980843000114, 43.844675598666072 ], [ -121.779804155230522, 43.84490224532783 ], [ -121.779809771105647, 43.845355035737157 ], [ -121.779824355617166, 43.84602558799088 ], [ -121.779835755005479, 43.846250558272004 ], [ -121.779872719198465, 43.846708880737424 ], [ -121.779924351722002, 43.847163934260607 ], [ -121.779985371977091, 43.847615635022521 ], [ -121.780063072219491, 43.848069766536355 ], [ -121.780162062495947, 43.848534543067217 ], [ -121.780269853770733, 43.848990183323622 ], [ -121.780398935079575, 43.849449176341295 ], [ -121.780527178198099, 43.849916970357299 ], [ -121.78065718151629, 43.850385183468461 ], [ -121.780788358300924, 43.850855743512511 ], [ -121.780851641669869, 43.85109169408679 ], [ -121.780975693836808, 43.851561164483428 ], [ -121.781105529516935, 43.852023761719465 ], [ -121.781230922788382, 43.852471187710762 ], [ -121.781343827024102, 43.85291576385498 ], [ -121.781495790928602, 43.853555973619223 ], [ -121.781606180593371, 43.853974649682641 ], [ -121.781846741214395, 43.854611590504646 ], [ -121.78196576423943, 43.854836644604802 ], [ -121.78236298263073, 43.855431759729981 ], [ -121.782510839402676, 43.855629237368703 ], [ -121.782824238762259, 43.856021091341972 ], [ -121.783153396099806, 43.856408419087529 ], [ -121.783503340557218, 43.856791891157627 ], [ -121.783849596977234, 43.857183996587992 ], [ -121.784188477322459, 43.857578868046403 ], [ -121.78448754362762, 43.857986563816667 ], [ -121.784610841423273, 43.858204158023 ], [ -121.784797087311745, 43.858649237081409 ], [ -121.784856263548136, 43.858882840722799 ], [ -121.784922732040286, 43.859353233128786 ], [ -121.784927928820252, 43.85958893224597 ], [ -121.784868920221925, 43.860062258318067 ], [ -121.784815276041627, 43.86029502376914 ], [ -121.784655516967177, 43.860747730359435 ], [ -121.784547474235296, 43.860961385071278 ], [ -121.784193674102426, 43.861560858786106 ], [ -121.783960573375225, 43.86197542771697 ], [ -121.783592943102121, 43.862590827047825 ], [ -121.783236125484109, 43.863212428987026 ], [ -121.783115845173597, 43.863421054556966 ], [ -121.782874530181289, 43.863838892430067 ], [ -121.782636735588312, 43.864260083064437 ], [ -121.782404389232397, 43.864681525155902 ], [ -121.782167935743928, 43.86510506272316 ], [ -121.782051594927907, 43.865314275026321 ], [ -121.781695783138275, 43.865938223898411 ], [ -121.781457653269172, 43.866355139762163 ], [ -121.781210135668516, 43.866769624873996 ], [ -121.780805960297585, 43.867376977577806 ], [ -121.780417039990425, 43.867981480434537 ], [ -121.780034992843866, 43.868582881987095 ], [ -121.779776243492961, 43.868982279673219 ], [ -121.779380030930042, 43.869588039815426 ], [ -121.778997397050261, 43.870189776644111 ], [ -121.778625575825572, 43.870775755494833 ], [ -121.778503116220236, 43.870974238961935 ], [ -121.778127355501056, 43.871579747647047 ], [ -121.77773374132812, 43.872187519446015 ], [ -121.777476165443659, 43.872598651796579 ], [ -121.777234934270382, 43.873007353395224 ], [ -121.776847438886762, 43.873604983091354 ], [ -121.776444353163242, 43.874201355502009 ], [ -121.776313679292798, 43.87440025806427 ], [ -121.775938924401999, 43.874998725950718 ], [ -121.775562576949596, 43.875599456951022 ], [ -121.775433495640755, 43.875800622627139 ], [ -121.775040216743946, 43.876414764672518 ], [ -121.774774678051472, 43.876836625859141 ], [ -121.774503355845809, 43.877267036587 ], [ -121.774221891537309, 43.877701135352254 ], [ -121.773941935971379, 43.878138922154903 ], [ -121.77366591989994, 43.878579139709473 ], [ -121.773384623229504, 43.879018938168883 ], [ -121.773242130875587, 43.87923963367939 ], [ -121.772957229986787, 43.879682198166847 ], [ -121.772670652717352, 43.880121326074004 ], [ -121.772387595847249, 43.880559448152781 ], [ -121.772113759070635, 43.880999498069286 ], [ -121.771831288933754, 43.881438625976443 ], [ -121.771550830453634, 43.881874149665236 ], [ -121.771276742219925, 43.882302045822144 ], [ -121.77100089378655, 43.882734635844827 ], [ -121.770722279325128, 43.883168650791049 ], [ -121.770439054816961, 43.883598139509559 ], [ -121.770163457840681, 43.884024946019053 ], [ -121.769894482567906, 43.884445549920201 ], [ -121.769623495638371, 43.884872021153569 ], [ -121.769354688003659, 43.885314837098122 ], [ -121.769073978066444, 43.885757988318801 ], [ -121.768792262300849, 43.886203151196241 ], [ -121.768514653667808, 43.886645883321762 ], [ -121.768378699198365, 43.886865992099047 ], [ -121.768104946240783, 43.887299671769142 ], [ -121.767829181626439, 43.887730250135064 ], [ -121.767557272687554, 43.888160828500986 ], [ -121.767311682924628, 43.888594675809145 ], [ -121.767106493934989, 43.889037491753697 ], [ -121.766949165612459, 43.889487767592072 ], [ -121.766842631623149, 43.889946928247809 ], [ -121.766791082918644, 43.890417823567986 ], [ -121.766787646338344, 43.890887126326561 ], [ -121.766832154244184, 43.891350561752915 ], [ -121.766921589151025, 43.891810057684779 ], [ -121.767059220001101, 43.892266117036343 ], [ -121.767242532223463, 43.892710944637656 ], [ -121.767470017075539, 43.893144959583879 ], [ -121.76773295737803, 43.893561037257314 ], [ -121.768035963177681, 43.89396395534277 ], [ -121.768366126343608, 43.894362179562449 ], [ -121.768711628392339, 43.894760655239224 ], [ -121.769057298079133, 43.895155945792794 ], [ -121.769397016614676, 43.895552158355713 ], [ -121.769737489521503, 43.895946526899934 ], [ -121.770078968256712, 43.89634215272963 ], [ -121.770415585488081, 43.896735263988376 ], [ -121.770748849958181, 43.897125190123916 ], [ -121.771078677847981, 43.897515786811709 ], [ -121.771410182118416, 43.89790671877563 ], [ -121.771740177646279, 43.898299997672439 ], [ -121.772065730765462, 43.898685816675425 ], [ -121.77252933382988, 43.899240531027317 ], [ -121.772961253300309, 43.899758281186223 ], [ -121.773358471691608, 43.900226997211576 ], [ -121.773609174415469, 43.900521621108055 ], [ -121.773982923477888, 43.900963766500354 ], [ -121.774382069706917, 43.901435332372785 ], [ -121.774797393009067, 43.901921398937702 ], [ -121.775195952504873, 43.902393635362387 ], [ -121.775570791214705, 43.902840642258525 ], [ -121.775901457294822, 43.90323325060308 ], [ -121.775992484763265, 43.903342299163342 ], [ -121.77619063295424, 43.903585039079189 ], [ -121.776246121153235, 43.903629966080189 ], [ -121.776306051760912, 43.903648490086198 ], [ -121.776371346786618, 43.903645472601056 ], [ -121.776475366204977, 43.903583949431777 ], [ -121.776653733104467, 43.90347414650023 ], [ -121.776947854086757, 43.903322266414762 ], [ -121.777000240981579, 43.903315477073193 ], [ -121.777050280943513, 43.903323942795396 ], [ -121.777125298976898, 43.9033720549196 ], [ -121.777158575132489, 43.903442127630115 ], [ -121.777159161865711, 43.90348345041275 ], [ -121.777065116912127, 43.903689896687865 ], [ -121.776983644813299, 43.903932720422745 ], [ -121.777038546279073, 43.904065825045109 ], [ -121.777173494920135, 43.904146375134587 ], [ -121.777224456891418, 43.904143357649446 ], [ -121.777297798544168, 43.904126929119229 ], [ -121.777376672253013, 43.904005475342274 ], [ -121.777411960065365, 43.903973037377 ], [ -121.777416234835982, 43.903972618281841 ], [ -121.777415899559855, 43.903974797576666 ], [ -121.777406679466367, 43.903983598574996 ], [ -121.777405254542828, 43.904005223885179 ], [ -121.777493683621287, 43.903980329632759 ], [ -121.777495946735144, 43.903990974649787 ], [ -121.77749527618289, 43.903992483392358 ], [ -121.777476249262691, 43.903983850032091 ], [ -121.777450684458017, 43.903996171429753 ], [ -121.777441380545497, 43.90398963354528 ], [ -121.777446744963527, 43.903988124802709 ], [ -121.77744104526937, 43.903987873345613 ], [ -121.777450852096081, 43.904000949114561 ], [ -121.777453869581223, 43.903999775648117 ], [ -121.777451019734144, 43.903997847810388 ], [ -121.777454875409603, 43.903998099267483 ], [ -121.777452696114779, 43.904008828103542 ], [ -121.777417827397585, 43.904006732627749 ], [ -121.77740047685802, 43.904004218056798 ], [ -121.777407266199589, 43.904011929407716 ], [ -121.777399554848671, 43.904012935236096 ], [ -121.777397627010942, 43.904020478948951 ], [ -121.777396537363529, 43.904038248583674 ], [ -121.777398465201259, 43.904029028490186 ], [ -121.777385473251343, 43.904018551111221 ], [ -121.77738337777555, 43.904015868902206 ], [ -121.777386981993914, 43.904010923579335 ], [ -121.777422269806266, 43.904020478948951 ], [ -121.777456467971206, 43.904085690155625 ], [ -121.777556128799915, 43.904040595516562 ], [ -121.777673559263349, 43.904052162542939 ], [ -121.777880843728781, 43.904059957712889 ], [ -121.778073040768504, 43.904008576646447 ], [ -121.778188040480018, 43.903980329632759 ], [ -121.77834059111774, 43.903836999088526 ], [ -121.77841829136014, 43.903690483421087 ], [ -121.778448885306716, 43.903624098747969 ], [ -121.778495153412223, 43.903533490374684 ], [ -121.778545193374157, 43.903474397957325 ], [ -121.778604118153453, 43.903372557833791 ], [ -121.778770163655281, 43.903184635564685 ], [ -121.77881458774209, 43.903033928945661 ], [ -121.778872087597847, 43.902915827929974 ], [ -121.778905866667628, 43.902839049696922 ], [ -121.779013657942414, 43.902756487950683 ], [ -121.779110720381141, 43.902697395533323 ], [ -121.779186660423875, 43.902665879577398 ], [ -121.779306186363101, 43.902614749968052 ], [ -121.779421688988805, 43.902518022805452 ], [ -121.779478183016181, 43.902481142431498 ], [ -121.779511794447899, 43.902472089976072 ], [ -121.779603827744722, 43.902472592890263 ], [ -121.779653029516339, 43.902510982006788 ], [ -121.779687562957406, 43.902528332546353 ], [ -121.779742548242211, 43.902613995596766 ], [ -121.779815386980772, 43.902660934254527 ], [ -121.779900882393122, 43.902757745236158 ], [ -121.779948240146041, 43.902860842645168 ], [ -121.780049074441195, 43.90289319679141 ], [ -121.780225429683924, 43.902987660840154 ], [ -121.780292065814137, 43.903010124340653 ], [ -121.780347134917974, 43.903041137382388 ], [ -121.780506726354361, 43.903104923665524 ], [ -121.780575374141335, 43.903122860938311 ], [ -121.780688362196088, 43.90315119177103 ], [ -121.780866980552673, 43.903226545080543 ], [ -121.78091274574399, 43.903248589485884 ], [ -121.781012993305922, 43.903283961117268 ], [ -121.781116174533963, 43.903349675238132 ], [ -121.781218852847815, 43.903436679393053 ], [ -121.781242238357663, 43.903500717133284 ], [ -121.781273083761334, 43.90356014482677 ], [ -121.781224636361003, 43.903660895302892 ], [ -121.78122597746551, 43.903828533366323 ], [ -121.78127677179873, 43.903957447037101 ], [ -121.781347766518593, 43.904095245525241 ], [ -121.781470477581024, 43.904238743707538 ], [ -121.781519176438451, 43.904329016804695 ], [ -121.781625458970666, 43.904405878856778 ], [ -121.781755965203047, 43.904500678181648 ], [ -121.781863085925579, 43.904560189694166 ], [ -121.781962495297194, 43.904618360102177 ], [ -121.782054863870144, 43.904695473611355 ], [ -121.782066347077489, 43.904713578522205 ], [ -121.782106077298522, 43.904748279601336 ], [ -121.782177658751607, 43.904854981228709 ], [ -121.782349152490497, 43.904967466369271 ], [ -121.782509498298168, 43.905075676739216 ], [ -121.782524166628718, 43.905087076127529 ], [ -121.782559789717197, 43.905099062249064 ], [ -121.782666658982635, 43.905189586803317 ], [ -121.782840918749571, 43.905271897092462 ], [ -121.783013250678778, 43.905338030308485 ], [ -121.783154150471091, 43.905397625640035 ], [ -121.78322346881032, 43.905420256778598 ], [ -121.783339139074087, 43.90551027841866 ], [ -121.783566875383258, 43.905570544302464 ], [ -121.783731076866388, 43.905627625063062 ], [ -121.783917574211955, 43.905716054141521 ], [ -121.784052271395922, 43.905776822939515 ], [ -121.784234661608934, 43.905821247026324 ], [ -121.7844557762146, 43.905861144885421 ], [ -121.784641016274691, 43.905895175412297 ], [ -121.784754758700728, 43.905901629477739 ], [ -121.78491024300456, 43.905910681933165 ], [ -121.785021470859647, 43.905898947268724 ], [ -121.78515943698585, 43.905925517901778 ], [ -121.785228587687016, 43.905928283929825 ], [ -121.785298995673656, 43.905927781015635 ], [ -121.785342497751117, 43.905932391062379 ], [ -121.785361273214221, 43.905933564528823 ], [ -121.785375941544771, 43.905930882319808 ], [ -121.785406786948442, 43.905929792672396 ], [ -121.785442242398858, 43.905922919511795 ], [ -121.785505525767803, 43.905913364142179 ], [ -121.78564709611237, 43.905934654176235 ], [ -121.785727981477976, 43.905964158475399 ], [ -121.78584448993206, 43.906005397439003 ], [ -121.785953287035227, 43.906034650281072 ], [ -121.786134419962764, 43.9061264321208 ], [ -121.786222932860255, 43.90615476295352 ], [ -121.786329969763756, 43.906213520094752 ], [ -121.786376237869263, 43.906256938353181 ], [ -121.786399120464921, 43.906296584755182 ], [ -121.786427199840546, 43.906323323026299 ], [ -121.786528872326016, 43.90639666467905 ], [ -121.786641189828515, 43.90647972933948 ], [ -121.786754429340363, 43.90659405849874 ], [ -121.786878146231174, 43.906682236120105 ], [ -121.786979651078582, 43.906735461205244 ], [ -121.787104038521647, 43.906829338520765 ], [ -121.787227923050523, 43.906892035156488 ], [ -121.787393968552351, 43.906968981027603 ], [ -121.787482397630811, 43.907029666006565 ], [ -121.787617597728968, 43.907078532502055 ], [ -121.787722036242485, 43.907102253288031 ], [ -121.787831839174032, 43.907170481979847 ], [ -121.787930494174361, 43.907239381223917 ], [ -121.788091594353318, 43.907349016517401 ], [ -121.788174323737621, 43.907382627949119 ], [ -121.78825587965548, 43.907437361776829 ], [ -121.788322599604726, 43.907509949058294 ], [ -121.788405664265156, 43.907579686492682 ], [ -121.788539187982678, 43.907694350928068 ], [ -121.788679752498865, 43.90780683606863 ], [ -121.788836577907205, 43.90788696706295 ], [ -121.788915870711207, 43.907937426120043 ], [ -121.788998851552606, 43.907999871298671 ], [ -121.789141930639744, 43.908075392246246 ], [ -121.78925852291286, 43.908107494935393 ], [ -121.789397075772285, 43.908130377531052 ], [ -121.789428675547242, 43.908131886273623 ], [ -121.789473854005337, 43.908131886273623 ], [ -121.789515763521194, 43.908131886273623 ], [ -121.789632020518184, 43.908137250691652 ], [ -121.789705781266093, 43.908172873780131 ], [ -121.789729250594974, 43.908165916800499 ], [ -121.789770321920514, 43.908183434978127 ], [ -121.789805525913835, 43.908212771639228 ], [ -121.789897056296468, 43.908327016979456 ], [ -121.789989760145545, 43.908403376117349 ], [ -121.790063353255391, 43.908499097451568 ], [ -121.790086654946208, 43.908557184040546 ], [ -121.790195284411311, 43.908650055527687 ], [ -121.790244989097118, 43.90872742049396 ], [ -121.790277175605297, 43.908796571195126 ], [ -121.790332747623324, 43.908884916454554 ], [ -121.790383625775576, 43.908984158188105 ], [ -121.790441460907459, 43.909064121544361 ], [ -121.790458140894771, 43.909156657755375 ], [ -121.790556963533163, 43.909260341897607 ], [ -121.790697779506445, 43.909240644425154 ], [ -121.790799284353852, 43.909142492339015 ], [ -121.790818059816957, 43.909093542024493 ], [ -121.790813449770212, 43.909031264483929 ], [ -121.790796685963869, 43.908922132104635 ], [ -121.790805654600263, 43.908854154869914 ], [ -121.790807666257024, 43.908846527338028 ], [ -121.790798781439662, 43.90875332057476 ], [ -121.790779167786241, 43.908648043870926 ], [ -121.7908123601228, 43.908581072464585 ], [ -121.790809258818626, 43.908492727205157 ], [ -121.790788723155856, 43.908416954800487 ], [ -121.790799787268043, 43.908377727493644 ], [ -121.790753938257694, 43.908285945653915 ], [ -121.790696522220969, 43.90818553045392 ], [ -121.790669867768884, 43.908099699765444 ], [ -121.790680848062038, 43.90802669338882 ], [ -121.79070683196187, 43.907964080572128 ], [ -121.790731390938163, 43.907938683405519 ], [ -121.790775060653687, 43.907871963456273 ], [ -121.790844295173883, 43.907804321497679 ], [ -121.790951499715447, 43.907786719501019 ], [ -121.791017549112439, 43.907665768638253 ], [ -121.791047556325793, 43.907617321237922 ], [ -121.79112852551043, 43.907489329576492 ], [ -121.791192479431629, 43.907412635162473 ], [ -121.791249392554164, 43.907341891899705 ], [ -121.791338827461004, 43.907261174172163 ], [ -121.791438572108746, 43.907178193330765 ], [ -121.791531778872013, 43.907094374299049 ], [ -121.79160394705832, 43.907034695148468 ], [ -121.791664967313409, 43.907015165314078 ], [ -121.791770998388529, 43.90687988139689 ], [ -121.791815422475338, 43.906819447875023 ], [ -121.791850291192532, 43.906779466196895 ], [ -121.79193964228034, 43.906679973006248 ], [ -121.79201683960855, 43.906572349369526 ], [ -121.792110465466976, 43.9065011870116 ], [ -121.792156398296356, 43.906448883935809 ], [ -121.792217250913382, 43.906370596960187 ], [ -121.79231439717114, 43.906300188973546 ], [ -121.792350187897682, 43.906269259750843 ], [ -121.79243803024292, 43.906174376606941 ], [ -121.792453033849597, 43.906159289181232 ], [ -121.792550934478641, 43.906055018305779 ], [ -121.792631987482309, 43.906016293913126 ], [ -121.792730558663607, 43.905993746593595 ], [ -121.79284555837512, 43.905955022200942 ], [ -121.792978662997484, 43.905886458232999 ], [ -121.793091399595141, 43.90585913322866 ], [ -121.793246129527688, 43.905824348330498 ], [ -121.793361380696297, 43.905814038589597 ], [ -121.79340354166925, 43.905809260904789 ], [ -121.793577549979091, 43.905796520411968 ], [ -121.793752983212471, 43.905743546783924 ], [ -121.793881393969059, 43.905706498771906 ], [ -121.79401583969593, 43.905696021392941 ], [ -121.794136539101601, 43.905662074685097 ], [ -121.794251371175051, 43.90568126924336 ], [ -121.794390259310603, 43.905701972544193 ], [ -121.794411297887564, 43.905704151839018 ], [ -121.794433761388063, 43.905690489336848 ], [ -121.794449770823121, 43.905680431053042 ], [ -121.794456476345658, 43.905673893168569 ], [ -121.794459577649832, 43.905657380819321 ], [ -121.794469635933638, 43.905648831278086 ], [ -121.794474078342319, 43.905649334192276 ], [ -121.794482292607427, 43.905642544850707 ], [ -121.794478436931968, 43.905639443546534 ], [ -121.794478353112936, 43.905629720538855 ], [ -121.794500146061182, 43.905610190704465 ], [ -121.794546749442816, 43.905586469918489 ], [ -121.794560328125954, 43.90560407191515 ], [ -121.794570721685886, 43.905633576214314 ], [ -121.794569464400411, 43.905642377212644 ], [ -121.794567117467523, 43.905644388869405 ], [ -121.794566279277205, 43.905629049986601 ], [ -121.794558484107256, 43.905628630891442 ], [ -121.794565944001079, 43.905623685568571 ], [ -121.794586647301912, 43.905616560950875 ], [ -121.794596537947655, 43.905615219846368 ], [ -121.794580025598407, 43.905608933418989 ], [ -121.794569632038474, 43.905598372220993 ], [ -121.794562255963683, 43.905598372220993 ], [ -121.794560579583049, 43.905601724982262 ], [ -121.794550269842148, 43.905609268695116 ], [ -121.794557394459844, 43.90560113824904 ], [ -121.794578097760677, 43.905573980882764 ], [ -121.794572398066521, 43.90556937083602 ], [ -121.794565776363015, 43.905572555959225 ], [ -121.794557478278875, 43.90560407191515 ], [ -121.794551778584719, 43.90561236999929 ], [ -121.794553035870194, 43.90559527091682 ], [ -121.794559825211763, 43.90559233725071 ], [ -121.794567452743649, 43.905585547909141 ], [ -121.794583545997739, 43.905549254268408 ], [ -121.794591676443815, 43.905550092458725 ], [ -121.794592346996069, 43.905557719990611 ], [ -121.794597040861845, 43.905546739697456 ], [ -121.794605925679207, 43.905546320602298 ], [ -121.794607182964683, 43.905545817688107 ], [ -121.794611876830459, 43.905563922598958 ], [ -121.794602489098907, 43.905584290623665 ], [ -121.794597040861845, 43.905589655041695 ], [ -121.794584048911929, 43.905583033338189 ], [ -121.794577175751328, 43.905582195147872 ], [ -121.794579271227121, 43.905586721375585 ], [ -121.794575080275536, 43.905588481575251 ], [ -121.794552197679877, 43.905578926205635 ], [ -121.79453912191093, 43.905577333644032 ], [ -121.794537277892232, 43.905571550130844 ], [ -121.794534930959344, 43.905586218461394 ], [ -121.794529566541314, 43.905595857650042 ], [ -121.79453618824482, 43.905594181269407 ], [ -121.794543731957674, 43.905591331422329 ], [ -121.794543731957674, 43.905591750517488 ], [ -121.794525040313601, 43.90554984100163 ], [ -121.794497882947326, 43.905533831566572 ], [ -121.794526549056172, 43.905471134930849 ], [ -121.794574744999409, 43.905383376404643 ], [ -121.794643057510257, 43.905305592343211 ], [ -121.794694270938635, 43.905225796625018 ], [ -121.794748585671186, 43.905170978978276 ], [ -121.794810527935624, 43.905120268464088 ], [ -121.794885881245136, 43.905104259029031 ], [ -121.794912870973349, 43.905112724751234 ], [ -121.794981686398387, 43.905141726136208 ], [ -121.79517874494195, 43.905184473842382 ], [ -121.795214954763651, 43.905179696157575 ], [ -121.795241190120578, 43.905187156051397 ], [ -121.795297851786017, 43.90522344969213 ], [ -121.795472530648112, 43.905248763039708 ], [ -121.795481666922569, 43.905203249305487 ], [ -121.795471860095859, 43.905181875452399 ], [ -121.795466160401702, 43.905188832432032 ], [ -121.795473536476493, 43.905189670622349 ], [ -121.795475380495191, 43.905184641480446 ], [ -121.795484516769648, 43.905168464407325 ], [ -121.795488623902202, 43.905156897380948 ], [ -121.795484684407711, 43.905155891552567 ], [ -121.79549977183342, 43.905175337567925 ], [ -121.79551494307816, 43.90519117936492 ], [ -121.795498598366976, 43.905220432206988 ], [ -121.795525588095188, 43.905186569318175 ], [ -121.795488456264138, 43.905169721692801 ], [ -121.795486444607377, 43.905176930129528 ], [ -121.79548367857933, 43.905172739177942 ], [ -121.795471524819732, 43.905176762491465 ], [ -121.795502118766308, 43.905170727521181 ], [ -121.795524833723903, 43.905169721692801 ], [ -121.795530365779996, 43.905176175758243 ], [ -121.795523827895522, 43.905181540176272 ], [ -121.795531874522567, 43.905178690329194 ], [ -121.795533634722233, 43.905175924301147 ], [ -121.795531287789345, 43.905172990635037 ], [ -121.7955266777426, 43.905172655358911 ], [ -121.795523576438427, 43.905175337567925 ], [ -121.79550027474761, 43.905170224606991 ], [ -121.795504884794354, 43.90516678802669 ], [ -121.795579651370645, 43.905175756663084 ], [ -121.795596918091178, 43.905175924301147 ], [ -121.795602031052113, 43.905164441093802 ], [ -121.795603288337588, 43.905162932351232 ], [ -121.795601947233081, 43.905141390860081 ], [ -121.795606892555952, 43.905139295384288 ], [ -121.795611334964633, 43.905137870460749 ], [ -121.795593565329909, 43.905138876289129 ], [ -121.795584261417389, 43.905155556276441 ], [ -121.795575125142932, 43.90516041778028 ], [ -121.795574119314551, 43.905164944007993 ], [ -121.795606389641762, 43.905181288719177 ], [ -121.795634217560291, 43.905187742784619 ], [ -121.795650562271476, 43.905202746391296 ], [ -121.795648466795683, 43.905207691714168 ], [ -121.795661961659789, 43.905197968706489 ], [ -121.795669253915548, 43.905186988413334 ], [ -121.795688699930906, 43.905181623995304 ], [ -121.795706134289503, 43.905171817168593 ], [ -121.795769752934575, 43.905177684500813 ], [ -121.795772854238749, 43.905178522691131 ], [ -121.79578073322773, 43.905177265405655 ], [ -121.795783247798681, 43.905177935957909 ], [ -121.795822391286492, 43.905185060575604 ], [ -121.795829180628061, 43.905192352831364 ], [ -121.795808477327228, 43.905176343396306 ], [ -121.795782158151269, 43.905137535184622 ], [ -121.795744355767965, 43.905116748064756 ], [ -121.79568593390286, 43.905111886560917 ], [ -121.795617956668139, 43.90512228012085 ], [ -121.795550985261798, 43.905126722529531 ], [ -121.795437997207046, 43.905120939016342 ], [ -121.795473033562303, 43.905124794691801 ], [ -121.795520726591349, 43.905163770541549 ], [ -121.795517122372985, 43.90515698119998 ], [ -121.795502537861466, 43.905156143009663 ], [ -121.795492563396692, 43.905156478285789 ], [ -121.795478397980332, 43.905152790248394 ], [ -121.795468088239431, 43.905134685337543 ], [ -121.795457694679499, 43.90515698119998 ], [ -121.79547194391489, 43.905177935957909 ], [ -121.79543623700738, 43.905170056968927 ], [ -121.795449145138264, 43.905173996463418 ], [ -121.795444535091519, 43.905173828825355 ], [ -121.795438332483172, 43.905176343396306 ], [ -121.795437075197697, 43.905175337567925 ], [ -121.795444199815392, 43.905179696157575 ], [ -121.795454090461135, 43.905184641480446 ], [ -121.795449564233422, 43.905184557661414 ], [ -121.795428274199367, 43.905165446922183 ], [ -121.795435650274158, 43.905168464407325 ], [ -121.79543673992157, 43.905170643702149 ], [ -121.795446882024407, 43.905169386416674 ], [ -121.795551991090178, 43.905144827440381 ], [ -121.795669086277485, 43.905144492164254 ], [ -121.795759275555611, 43.905146839097142 ], [ -121.795809734612703, 43.905150359496474 ], [ -121.795803280547261, 43.905198723077774 ], [ -121.795820631086826, 43.905214983969927 ], [ -121.795805878937244, 43.905208529904485 ], [ -121.79583353921771, 43.905202746391296 ], [ -121.795824319124222, 43.905165698379278 ], [ -121.795801352709532, 43.905147090554237 ], [ -121.795794228091836, 43.90513795427978 ], [ -121.795726921409369, 43.905154718086123 ], [ -121.795687861740589, 43.905177684500813 ], [ -121.795687526464462, 43.905182043090463 ], [ -121.795687694102526, 43.905188329517841 ], [ -121.795674366876483, 43.905210876837373 ], [ -121.795666823163629, 43.905230155214667 ], [ -121.79572164081037, 43.905216492712498 ], [ -121.795689789578319, 43.90510031953454 ], [ -121.795631032437086, 43.90512814745307 ], [ -121.795613765716553, 43.905136026442051 ], [ -121.795638157054782, 43.905115658417344 ], [ -121.795636983588338, 43.905120436102152 ], [ -121.795632792636752, 43.905121944844723 ], [ -121.795646538957953, 43.905119094997644 ], [ -121.795638995245099, 43.905106438323855 ], [ -121.795601863414049, 43.905073665082455 ], [ -121.795558193698525, 43.90504851937294 ], [ -121.795531958341599, 43.905060840770602 ], [ -121.795512093231082, 43.905084393918514 ], [ -121.79550563916564, 43.9050920214504 ], [ -121.795491138473153, 43.90509738586843 ], [ -121.795469094067812, 43.905087830498815 ], [ -121.795424669981003, 43.905059667304158 ], [ -121.795349065214396, 43.905048687011003 ], [ -121.795282429084182, 43.905003173276782 ], [ -121.795210596174002, 43.904966544359922 ], [ -121.795126441866159, 43.904921198263764 ], [ -121.794922929257154, 43.904929244890809 ], [ -121.794841960072517, 43.904955731704831 ], [ -121.794792087748647, 43.905011219903827 ], [ -121.794641381129622, 43.905096799135208 ], [ -121.794617241248488, 43.905113227665424 ], [ -121.794564519077539, 43.905153460800648 ], [ -121.794542726129293, 43.90518237836659 ], [ -121.794508779421449, 43.9052180852741 ], [ -121.794492434710264, 43.905237447470427 ], [ -121.79448732174933, 43.905256055295467 ], [ -121.79447608999908, 43.905275082215667 ], [ -121.794458571821451, 43.905290672555566 ], [ -121.794423619285226, 43.905326882377267 ], [ -121.794416243210435, 43.905344065278769 ], [ -121.794400988146663, 43.905385723337531 ], [ -121.794391684234142, 43.905403157696128 ], [ -121.794377267360687, 43.905431320890784 ], [ -121.79436125792563, 43.905442217364907 ], [ -121.794318426400423, 43.905448587611318 ], [ -121.794272158294916, 43.905435176566243 ], [ -121.794247180223465, 43.905428387224674 ], [ -121.794220693409443, 43.905423441901803 ], [ -121.794145088642836, 43.905436517670751 ], [ -121.794055486097932, 43.905463675037026 ], [ -121.793945683166385, 43.905492089688778 ], [ -121.793805956840515, 43.905540620908141 ], [ -121.793648041784763, 43.905539363622665 ], [ -121.793627757579088, 43.905533663928509 ], [ -121.793584423139691, 43.905518744140863 ], [ -121.793440841138363, 43.905540285632014 ], [ -121.79320715367794, 43.905581776052713 ], [ -121.792968353256583, 43.905668193474412 ], [ -121.792913619428873, 43.905694596469402 ], [ -121.792869865894318, 43.905719071626663 ], [ -121.792858717963099, 43.905721670016646 ], [ -121.792740952223539, 43.905768357217312 ], [ -121.792641542851925, 43.905804567039013 ], [ -121.792507516220212, 43.90585033223033 ], [ -121.792435683310032, 43.905887044966221 ], [ -121.792385475710034, 43.905916633084416 ], [ -121.792371142655611, 43.905930127948523 ], [ -121.792317163199186, 43.905980419367552 ], [ -121.792248263955116, 43.906034398823977 ], [ -121.792184142395854, 43.906069938093424 ], [ -121.792096048593521, 43.906120229512453 ], [ -121.79208624176681, 43.906127354130149 ], [ -121.792027484625578, 43.906196169555187 ], [ -121.791967637836933, 43.906240928918123 ], [ -121.791899660602212, 43.906336398795247 ], [ -121.791840316727757, 43.906386690214276 ], [ -121.791742751374841, 43.906457936391234 ], [ -121.791683323681355, 43.906537145376205 ], [ -121.791674187406898, 43.906543683260679 ], [ -121.791594894602895, 43.906665472313762 ], [ -121.791545525193214, 43.906724480912089 ], [ -121.791489366441965, 43.906765384599566 ], [ -121.791402194648981, 43.906850544735789 ], [ -121.791364727541804, 43.906881473958492 ], [ -121.791280321776867, 43.906955234706402 ], [ -121.791254421696067, 43.906983816996217 ], [ -121.791238076984882, 43.90700401738286 ], [ -121.791223157197237, 43.907027067616582 ], [ -121.791213350370526, 43.907032683491707 ], [ -121.791185438632965, 43.907060595229268 ], [ -121.79117345251143, 43.907069563865662 ], [ -121.791085191071033, 43.907152377068996 ], [ -121.7910420242697, 43.907210966572165 ], [ -121.790978154167533, 43.907294450327754 ], [ -121.790871452540159, 43.90741347335279 ], [ -121.790819149464369, 43.907496286556125 ], [ -121.79075812920928, 43.90752193517983 ], [ -121.79064673371613, 43.907613549381495 ], [ -121.790602393448353, 43.907679850235581 ], [ -121.790594263002276, 43.907697116956115 ], [ -121.790521172806621, 43.907786468043923 ], [ -121.790486723184586, 43.907893169671297 ], [ -121.790484543889761, 43.908025436103344 ], [ -121.790497535839677, 43.908062148839235 ], [ -121.790509689599276, 43.90810489654541 ], [ -121.790506253018975, 43.908123169094324 ], [ -121.790541624650359, 43.908197851851583 ], [ -121.790566267445683, 43.908237665891647 ], [ -121.790596693754196, 43.908289968967438 ], [ -121.790605327114463, 43.908314276486635 ], [ -121.790617145597935, 43.90833942219615 ], [ -121.790624270215631, 43.908385187387466 ], [ -121.790627371519804, 43.908421983942389 ], [ -121.790618821978569, 43.908441932871938 ], [ -121.790626868605614, 43.908540084958076 ], [ -121.790635669603944, 43.908682325854897 ], [ -121.790622426196933, 43.908766899257898 ], [ -121.790621671825647, 43.908847952261567 ], [ -121.790635250508785, 43.90892674215138 ], [ -121.790640782564878, 43.908936129882932 ], [ -121.790669616311789, 43.909028917551041 ], [ -121.790675735101104, 43.909086585044861 ], [ -121.7906828597188, 43.909124974161386 ], [ -121.790678082033992, 43.909167889505625 ], [ -121.790697025135159, 43.90915154479444 ], [ -121.790675232186913, 43.909082394093275 ], [ -121.790602896362543, 43.908987259492278 ], [ -121.790603650733829, 43.908944595605135 ], [ -121.790579259395599, 43.908917857334018 ], [ -121.790510779246688, 43.908772096037865 ], [ -121.790428385138512, 43.908713590353727 ], [ -121.790350433439016, 43.908643266186118 ], [ -121.790255969390273, 43.90851141884923 ], [ -121.790175754576921, 43.90839071944356 ], [ -121.790135353803635, 43.908298183232546 ], [ -121.790101993829012, 43.908223584294319 ], [ -121.789997890591621, 43.908061981201172 ], [ -121.789863780140877, 43.908004481345415 ], [ -121.789655741304159, 43.908006828278303 ], [ -121.789542334154248, 43.907982185482979 ], [ -121.789435464888811, 43.907948657870293 ], [ -121.789426580071449, 43.907946143299341 ], [ -121.789382994174957, 43.907933654263616 ], [ -121.78927319124341, 43.907857546582818 ], [ -121.789184343069792, 43.907789317891002 ], [ -121.789058865979314, 43.907721675932407 ], [ -121.788986194878817, 43.907698793336749 ], [ -121.788883181288838, 43.907595695927739 ], [ -121.788871362805367, 43.907587481662631 ], [ -121.788806151598692, 43.907520426437259 ], [ -121.788805983960629, 43.907508440315723 ], [ -121.788775473833084, 43.907501231878996 ], [ -121.788745885714889, 43.907495532184839 ], [ -121.788714034482837, 43.90747457742691 ], [ -121.788676986470819, 43.907445156946778 ], [ -121.788583276793361, 43.907372150570154 ], [ -121.788563746958971, 43.907360080629587 ], [ -121.788499541580677, 43.907293528318405 ], [ -121.788380518555641, 43.907240638509393 ], [ -121.788279181346297, 43.907160758972168 ], [ -121.788195446133614, 43.907105019316077 ], [ -121.788029735907912, 43.906988678500056 ], [ -121.787904845550656, 43.906942578032613 ], [ -121.787793952971697, 43.906881138682365 ], [ -121.78767534904182, 43.906810060143471 ], [ -121.78755272179842, 43.906713165342808 ], [ -121.787448450922966, 43.906666142866015 ], [ -121.787298666313291, 43.906618868932128 ], [ -121.787185678258538, 43.906524237245321 ], [ -121.787169249728322, 43.906515939161181 ], [ -121.787134129554033, 43.906507892534137 ], [ -121.78709926083684, 43.906491464003921 ], [ -121.786984261125326, 43.906409153714776 ], [ -121.786886863410473, 43.906331453472376 ], [ -121.786777228116989, 43.906294489279389 ], [ -121.786705730482936, 43.906212262809277 ], [ -121.786610260605812, 43.906108746305108 ], [ -121.786600286141038, 43.906101956963539 ], [ -121.786506157368422, 43.906028363853693 ], [ -121.786345979198813, 43.90594027005136 ], [ -121.786183789372444, 43.905891152098775 ], [ -121.786144142970443, 43.905875477939844 ], [ -121.786045068874955, 43.905835747718811 ], [ -121.785982120782137, 43.905815798789263 ], [ -121.785923866555095, 43.905800795182586 ], [ -121.785799730569124, 43.905755616724491 ], [ -121.78566369228065, 43.905732734128833 ], [ -121.78552882745862, 43.905729297548532 ], [ -121.785451378673315, 43.905729968100786 ], [ -121.785351969301701, 43.905729716643691 ], [ -121.785191874951124, 43.905711527913809 ], [ -121.785043682903051, 43.905701888725162 ], [ -121.784874452278018, 43.905663164332509 ], [ -121.784724919125438, 43.905667858198285 ], [ -121.78458577953279, 43.905689567327499 ], [ -121.784485196694732, 43.905681017786264 ], [ -121.7843883857131, 43.905648831278086 ], [ -121.784203816205263, 43.905589990317822 ], [ -121.78408638574183, 43.905530227348208 ], [ -121.783948251977563, 43.90549904666841 ], [ -121.783820847049356, 43.905456466600299 ], [ -121.78368179127574, 43.90540324151516 ], [ -121.783586740493774, 43.905339622870088 ], [ -121.783443493768573, 43.905240884050727 ], [ -121.783281723037362, 43.905192520469427 ], [ -121.783234197646379, 43.90518631786108 ], [ -121.783148199319839, 43.905155472457409 ], [ -121.783027332276106, 43.905115574598312 ], [ -121.782995397225022, 43.905096966773272 ], [ -121.782956337556243, 43.905079951509833 ], [ -121.782884420827031, 43.905037455260754 ], [ -121.782766068354249, 43.904952127486467 ], [ -121.782759195193648, 43.904945170506835 ], [ -121.782613852992654, 43.904873253777623 ], [ -121.782553168013692, 43.904837463051081 ], [ -121.78253497928381, 43.904821537435055 ], [ -121.782420231029391, 43.904743166640401 ], [ -121.78232878446579, 43.904635459184647 ], [ -121.782308919355273, 43.90460629016161 ], [ -121.7822540178895, 43.904556669294834 ], [ -121.782150752842426, 43.90448709949851 ], [ -121.782141197472811, 43.904478549957275 ], [ -121.782087218016386, 43.90444602817297 ], [ -121.782020749524236, 43.904386516660452 ], [ -121.782003734260798, 43.904379727318883 ], [ -121.78199308924377, 43.904371093958616 ], [ -121.781925279647112, 43.904341086745262 ], [ -121.781915724277496, 43.904331950470805 ], [ -121.781838443130255, 43.904269589111209 ], [ -121.781701650470495, 43.904145453125238 ], [ -121.781614562496543, 43.90408493578434 ], [ -121.781564019620419, 43.904025424271822 ], [ -121.78153426386416, 43.90395644120872 ], [ -121.781519595533609, 43.903933139517903 ], [ -121.781463352963328, 43.903830042108893 ], [ -121.781412055715919, 43.903752844780684 ], [ -121.781417839229107, 43.903733734041452 ], [ -121.781441392377019, 43.903637928888202 ], [ -121.78144533187151, 43.903490575030446 ], [ -121.781439045444131, 43.903454281389713 ], [ -121.781419850885868, 43.903405498713255 ], [ -121.781409038230777, 43.903387561440468 ], [ -121.78138087503612, 43.903346825391054 ], [ -121.781299486756325, 43.90325671993196 ], [ -121.78123033605516, 43.903162758797407 ], [ -121.781084574759007, 43.903070390224457 ], [ -121.780942752957344, 43.903023032471538 ], [ -121.780775366351008, 43.902979865670204 ], [ -121.78067235276103, 43.902933932840824 ], [ -121.780595825985074, 43.902901159599423 ], [ -121.780453165993094, 43.902852879837155 ], [ -121.780337579548359, 43.902835780754685 ], [ -121.780226770788431, 43.902779286727309 ], [ -121.780148735269904, 43.90270116738975 ], [ -121.780057456344366, 43.902601925656199 ], [ -121.780007248744369, 43.902513664215803 ], [ -121.779919657856226, 43.902406878769398 ], [ -121.779912784695625, 43.902406459674239 ], [ -121.779837599024177, 43.902345523238182 ], [ -121.77978303283453, 43.902330854907632 ], [ -121.779724694788456, 43.902319287881255 ], [ -121.779634673148394, 43.902296237647533 ], [ -121.779494527727365, 43.902317443862557 ], [ -121.779308533295989, 43.902390617877245 ], [ -121.779207363724709, 43.902465384453535 ], [ -121.779138296842575, 43.902500253170729 ], [ -121.779049532487988, 43.902523387223482 ], [ -121.778906956315041, 43.902583317831159 ], [ -121.778853060677648, 43.902628077194095 ], [ -121.778813162818551, 43.902663197368383 ], [ -121.778792794793844, 43.902686582878232 ], [ -121.778772175312042, 43.902731090784073 ], [ -121.778767481446266, 43.902758248150349 ], [ -121.778745269402862, 43.902825638651848 ], [ -121.778738396242261, 43.902838965877891 ], [ -121.778706964105368, 43.902910463511944 ], [ -121.778699336573482, 43.902948349714279 ], [ -121.778682572767138, 43.90299285762012 ], [ -121.778630269691348, 43.903044741600752 ], [ -121.778526837006211, 43.903137696906924 ], [ -121.77845349535346, 43.90325085259974 ], [ -121.778362216427922, 43.903336180374026 ], [ -121.778322737663984, 43.903435170650482 ], [ -121.778297256678343, 43.903513373807073 ], [ -121.77827169187367, 43.903543129563332 ], [ -121.778243528679013, 43.903602389618754 ], [ -121.778233386576176, 43.903619153425097 ], [ -121.77820379845798, 43.903711521998048 ], [ -121.778090475127101, 43.903814032673836 ], [ -121.778002716600895, 43.903840770944953 ], [ -121.777906157076359, 43.903859127312899 ], [ -121.777791241183877, 43.903861977159977 ], [ -121.777592925354838, 43.903883183375001 ], [ -121.777487983927131, 43.903906485065818 ], [ -121.777410199865699, 43.90394814312458 ], [ -121.777404835447669, 43.903975132852793 ], [ -121.777403661981225, 43.903982928022742 ], [ -121.777412882074714, 43.903980497270823 ], [ -121.777429645881057, 43.903988962993026 ], [ -121.777455545961857, 43.903980664908886 ], [ -121.777466526255012, 43.903975216671824 ], [ -121.77746987901628, 43.903971947729588 ], [ -121.777487397193909, 43.903932636603713 ], [ -121.777505837380886, 43.903948562219739 ], [ -121.777499886229634, 43.903951663523912 ], [ -121.777381198480725, 43.90398963354528 ], [ -121.777367452159524, 43.903982173651457 ], [ -121.777252536267042, 43.903884692117572 ], [ -121.777152791619301, 43.903755526989698 ], [ -121.777175841853023, 43.90358897857368 ], [ -121.777183637022972, 43.903390495106578 ], [ -121.777052460238338, 43.903282452374697 ], [ -121.776864873245358, 43.903306927531958 ], [ -121.776482574641705, 43.903477331623435 ], [ -121.776298675686121, 43.903540866449475 ], [ -121.77629766985774, 43.903541537001729 ], [ -121.776298843324184, 43.903542123734951 ], [ -121.776301525533199, 43.903543883934617 ], [ -121.776270177215338, 43.903600964695215 ], [ -121.776279816403985, 43.903643293306231 ], [ -121.776308482512832, 43.903692830353975 ], [ -121.776405042037368, 43.903814954683185 ], [ -121.776702767238021, 43.904160540550947 ], [ -121.776989763602614, 43.904491625726223 ], [ -121.777420761063695, 43.904993450269103 ], [ -121.777763497084379, 43.905399637296796 ], [ -121.777996765449643, 43.905675485730171 ], [ -121.778348637744784, 43.906106650829315 ], [ -121.778695480898023, 43.906555837020278 ], [ -121.779026398435235, 43.907019272446632 ], [ -121.77933937869966, 43.90750776976347 ], [ -121.779635176062584, 43.908017557114363 ], [ -121.779912868514657, 43.908540336415172 ], [ -121.779999872669578, 43.90871811658144 ], [ -121.780242696404457, 43.909248858690262 ], [ -121.780457524582744, 43.909784546121955 ], [ -121.780524579808116, 43.90996903181076 ], [ -121.780710322782397, 43.910546042025089 ], [ -121.780879972502589, 43.911150544881821 ], [ -121.780931018292904, 43.911358080804348 ], [ -121.781062362715602, 43.911995273083448 ], [ -121.781193623319268, 43.912648558616638 ], [ -121.781318765133619, 43.913303771987557 ], [ -121.781443320214748, 43.913950435817242 ], [ -121.781483553349972, 43.914164341986179 ], [ -121.781600648537278, 43.914796840399504 ], [ -121.781725874170661, 43.915440319105983 ], [ -121.781856464222074, 43.916103830561042 ], [ -121.781951431185007, 43.916548741981387 ], [ -121.782083949074149, 43.917209319770336 ], [ -121.782209426164627, 43.917864365503192 ], [ -121.782251335680485, 43.918080870062113 ], [ -121.782374130561948, 43.918725019320846 ], [ -121.782502038404346, 43.919359529390931 ], [ -121.782583259046078, 43.919785916805267 ], [ -121.782704964280128, 43.920439537614584 ], [ -121.782849384471774, 43.921097097918391 ], [ -121.782907554879785, 43.921314524486661 ], [ -121.783102266490459, 43.921965127810836 ], [ -121.78333779796958, 43.922613132745028 ], [ -121.783611550927162, 43.923255857080221 ], [ -121.783915646374226, 43.923876034095883 ], [ -121.784261064603925, 43.924474334344268 ], [ -121.784629449248314, 43.925064085051417 ], [ -121.784998336806893, 43.925650231540203 ], [ -121.785374516621232, 43.926243670284748 ], [ -121.785759581252933, 43.926845323294401 ], [ -121.786017324775457, 43.927248073741794 ], [ -121.786396941170096, 43.927854672074318 ], [ -121.786774294450879, 43.928461018949747 ], [ -121.787002282217145, 43.928868882358074 ], [ -121.787259271368384, 43.929496686905622 ], [ -121.787312580272555, 43.929710844531655 ], [ -121.787386173382401, 43.930356586351991 ], [ -121.78733479231596, 43.930998891592026 ], [ -121.787167657166719, 43.931625857949257 ], [ -121.787100350484252, 43.931833896785975 ], [ -121.786893149837852, 43.932472933083773 ], [ -121.78667513653636, 43.933127978816628 ], [ -121.786457039415836, 43.93378185108304 ], [ -121.7863863799721, 43.93399927765131 ], [ -121.786188650876284, 43.934651641175151 ], [ -121.78604238666594, 43.935309369117022 ], [ -121.785985557362437, 43.935963325202465 ], [ -121.785991759970784, 43.936179243028164 ], [ -121.78606535308063, 43.936818027868867 ], [ -121.786108436062932, 43.937027156352997 ], [ -121.786304824054241, 43.937647752463818 ], [ -121.786390654742718, 43.937855958938599 ], [ -121.786706484854221, 43.938478231430054 ], [ -121.786831123754382, 43.938682330772281 ], [ -121.787269832566381, 43.939269986003637 ], [ -121.787433698773384, 43.939456148073077 ], [ -121.787951197475195, 43.940001893788576 ], [ -121.788474228233099, 43.940542191267014 ], [ -121.788648655638099, 43.940721899271011 ], [ -121.78916766308248, 43.941261442378163 ], [ -121.789692454040051, 43.941797716543078 ], [ -121.790211377665401, 43.942336672917008 ], [ -121.790384128689766, 43.942516380921006 ], [ -121.790904141962528, 43.943055421113968 ], [ -121.791421724483371, 43.943596221506596 ], [ -121.791941989213228, 43.944139536470175 ], [ -121.792459823191166, 43.944685282185674 ], [ -121.792805744335055, 43.94504863768816 ], [ -121.793152838945389, 43.945411741733551 ], [ -121.793671846389771, 43.94595698453486 ], [ -121.794192027300596, 43.946498958393931 ], [ -121.794707849621773, 43.947041099891067 ], [ -121.795217553153634, 43.947585336863995 ], [ -121.795561462640762, 43.947946429252625 ], [ -121.796079631894827, 43.948488151654601 ], [ -121.796597298234701, 43.949031550437212 ], [ -121.797115635126829, 43.949576038867235 ], [ -121.79763313382864, 43.950118096545339 ], [ -121.798150045797229, 43.950659483671188 ], [ -121.798666371032596, 43.951200870797038 ], [ -121.799182444810867, 43.95174234174192 ], [ -121.799700362607837, 43.952284147962928 ], [ -121.800215933471918, 43.952826457098126 ], [ -121.800389857962728, 43.953006165102124 ], [ -121.800909116864204, 43.953546546399593 ], [ -121.801429213955998, 43.954090951010585 ], [ -121.801952244713902, 43.954636948183179 ], [ -121.802470330148935, 43.95518722012639 ], [ -121.802804935723543, 43.955556526780128 ], [ -121.80328463204205, 43.956115934997797 ], [ -121.803719820454717, 43.956690263003111 ], [ -121.804091054946184, 43.957286886870861 ], [ -121.804311079904437, 43.957692990079522 ], [ -121.804590532556176, 43.958308221772313 ], [ -121.804743921384215, 43.958729496225715 ], [ -121.804938465356827, 43.959376579150558 ], [ -121.805098643526435, 43.960030786693096 ], [ -121.805267874151468, 43.960686419159174 ], [ -121.805444648489356, 43.961334759369493 ], [ -121.805602898821235, 43.961756536737084 ], [ -121.805841447785497, 43.962155934423208 ], [ -121.805998189374804, 43.962342599406838 ], [ -121.806177562102675, 43.962517529726028 ], [ -121.806588694453239, 43.962836461141706 ], [ -121.807234268635511, 43.963300567120314 ], [ -121.807860732078552, 43.96378118544817 ], [ -121.808041529729962, 43.963956786319613 ], [ -121.808494990691543, 43.96452927030623 ], [ -121.808817777782679, 43.965147435665131 ], [ -121.808984158560634, 43.965799547731876 ], [ -121.808989522978663, 43.966461047530174 ], [ -121.80890922434628, 43.967119865119457 ], [ -121.808865386992693, 43.967780862003565 ], [ -121.808907631784678, 43.968438170850277 ], [ -121.80894291959703, 43.9686562679708 ], [ -121.80909194983542, 43.969307793304324 ], [ -121.809231843799353, 43.969737282022834 ], [ -121.809495119377971, 43.970371875911951 ], [ -121.809786139056087, 43.971000099554658 ], [ -121.810005828738213, 43.971636453643441 ], [ -121.810029968619347, 43.971853628754616 ], [ -121.810018736869097, 43.972069881856441 ], [ -121.80997003801167, 43.972283452749252 ], [ -121.809885129332542, 43.972488474100828 ], [ -121.809524623677135, 43.973046876490116 ], [ -121.809154897928238, 43.973542330786586 ], [ -121.808925652876496, 43.973860759288073 ], [ -121.808623820543289, 43.974383538588881 ], [ -121.808550730347633, 43.974577328190207 ], [ -121.808501528576016, 43.9747797511518 ], [ -121.808497756719589, 43.975196667015553 ], [ -121.808708477765322, 43.975817682221532 ], [ -121.809028498828411, 43.97642838768661 ], [ -121.809252966195345, 43.976836334913969 ], [ -121.809589918702841, 43.977451482787728 ], [ -121.809872724115849, 43.978090770542622 ], [ -121.809985795989633, 43.978754365816712 ], [ -121.809884374961257, 43.979413099586964 ], [ -121.809650184586644, 43.980045095086098 ], [ -121.809566197916865, 43.980253050103784 ], [ -121.809331923723221, 43.980877334252 ], [ -121.809091698378325, 43.98150572553277 ], [ -121.808682326227427, 43.982093799859285 ], [ -121.808085199445486, 43.982608867809176 ], [ -121.807623691856861, 43.982914471998811 ], [ -121.807145839557052, 43.983200043439865 ], [ -121.806449219584465, 43.983617378398776 ], [ -121.805813787505031, 43.984061870723963 ], [ -121.805278519168496, 43.984559588134289 ], [ -121.805122448131442, 43.984736865386367 ], [ -121.804708298295736, 43.985311444848776 ], [ -121.804590867832303, 43.985515544191003 ], [ -121.804318875074387, 43.986152149736881 ], [ -121.804117374122143, 43.9868004899472 ], [ -121.803929870948195, 43.987438771873713 ], [ -121.803866252303123, 43.98764924146235 ], [ -121.803676653653383, 43.988283080980182 ], [ -121.803491497412324, 43.98892312310636 ], [ -121.803259570151567, 43.989560399204493 ], [ -121.802929658442736, 43.990175295621157 ], [ -121.802800493314862, 43.990374784916639 ], [ -121.802351726219058, 43.990946346893907 ], [ -121.802182579413056, 43.991127060726285 ], [ -121.801651837304235, 43.991654869168997 ], [ -121.801104666665196, 43.992175385355949 ], [ -121.800553975626826, 43.992701265960932 ], [ -121.80000345222652, 43.993231924250722 ], [ -121.799452258273959, 43.993766019120812 ], [ -121.798901231959462, 43.994300281628966 ], [ -121.798716494813561, 43.994478229433298 ], [ -121.798166139051318, 43.995007462799549 ], [ -121.797615867108107, 43.995535355061293 ], [ -121.797070624306798, 43.996063247323036 ], [ -121.796527979895473, 43.996590888127685 ], [ -121.79598743095994, 43.997119534760714 ], [ -121.795807974413037, 43.997295722365379 ], [ -121.795268598943949, 43.99782495573163 ], [ -121.794725535437465, 43.998351423069835 ], [ -121.794189931824803, 43.998870179057121 ], [ -121.793663380667567, 43.999379128217697 ], [ -121.793135991320014, 43.999885730445385 ], [ -121.792597118765116, 44.000406246632338 ], [ -121.792036620900035, 44.00094729848206 ], [ -121.791663039475679, 44.001315180212259 ], [ -121.791288536041975, 44.001681050285697 ], [ -121.790735330432653, 44.002218581736088 ], [ -121.790188997983932, 44.00274739600718 ], [ -121.78964601829648, 44.003275875002146 ], [ -121.789102535694838, 44.003802593797445 ], [ -121.788560478016734, 44.004328558221459 ], [ -121.788030155003071, 44.00484848767519 ], [ -121.787545932456851, 44.005373194813728 ], [ -121.787115354090929, 44.00592589750886 ], [ -121.78685056976974, 44.0063158236444 ], [ -121.78649484179914, 44.006933066993952 ], [ -121.786281438544393, 44.007357023656368 ], [ -121.785969799384475, 44.007991952821612 ], [ -121.785659166052938, 44.0086211822927 ], [ -121.785353729501367, 44.009244879707694 ], [ -121.785152480006218, 44.00965609587729 ], [ -121.784852324053645, 44.010269148275256 ], [ -121.784557951614261, 44.010873483493924 ], [ -121.784263830631971, 44.011471532285213 ], [ -121.784064089879394, 44.011873863637447 ], [ -121.783761586993933, 44.012492699548602 ], [ -121.783452546223998, 44.013120085000992 ], [ -121.783141996711493, 44.01375325396657 ], [ -121.783038480207324, 44.013964645564556 ], [ -121.782727260142565, 44.014594126492739 ], [ -121.782402545213699, 44.015209190547466 ], [ -121.782052349299192, 44.01580698788166 ], [ -121.781664099544287, 44.016391793265939 ], [ -121.781241651624441, 44.016965283080935 ], [ -121.780783496797085, 44.017528044059873 ], [ -121.780305225402117, 44.018092984333634 ], [ -121.779985958710313, 44.018472097814083 ], [ -121.779509196057916, 44.019039468839765 ], [ -121.779033690690994, 44.019603738561273 ], [ -121.778560364618897, 44.020165745168924 ], [ -121.77808946929872, 44.020728757604957 ], [ -121.777931554242969, 44.020916596055031 ], [ -121.777459485456347, 44.021479189395905 ], [ -121.776983896270394, 44.022041196003556 ], [ -121.776507552713156, 44.022605465725064 ], [ -121.776032131165266, 44.023173255845904 ], [ -121.775559643283486, 44.023738782852888 ], [ -121.775242974981666, 44.024113789200783 ], [ -121.774771325290203, 44.024672526866198 ], [ -121.774318367242813, 44.02521064504981 ], [ -121.773879071697593, 44.025734178721905 ], [ -121.773733980953693, 44.025905840098858 ], [ -121.773296445608139, 44.026416968554258 ], [ -121.772865699604154, 44.026929521933198 ], [ -121.77258113399148, 44.027270581573248 ], [ -121.77215164527297, 44.027777770534158 ], [ -121.771725174039602, 44.028285462409258 ], [ -121.771295685321093, 44.028791394084692 ], [ -121.770863849669695, 44.029298080131412 ], [ -121.770433774217963, 44.02980619110167 ], [ -121.770290862768888, 44.029975924640894 ], [ -121.769860871136189, 44.030488142743707 ], [ -121.769424928352237, 44.03100086376071 ], [ -121.768987141549587, 44.031516350805759 ], [ -121.768553797155619, 44.03203384950757 ], [ -121.768133193254471, 44.032538356259465 ], [ -121.767750727012753, 44.033023416996002 ], [ -121.767530618235469, 44.033347126096487 ], [ -121.767244124785066, 44.033831348642707 ], [ -121.76708503626287, 44.034152878448367 ], [ -121.766886636614799, 44.034633077681065 ], [ -121.766772894188762, 44.034952847287059 ], [ -121.7666154820472, 44.035439332947135 ], [ -121.766457483172417, 44.035926824435592 ], [ -121.766392439603806, 44.036086332052946 ], [ -121.766219940036535, 44.036396378651261 ], [ -121.766103180125356, 44.036542726680636 ], [ -121.765961945056915, 44.036679770797491 ], [ -121.765617532655597, 44.036918990314007 ], [ -121.765205394476652, 44.037101045250893 ], [ -121.764989476650953, 44.037166088819504 ], [ -121.764777498319745, 44.03721084818244 ], [ -121.764365192502737, 44.037246135994792 ], [ -121.763962022960186, 44.037222918123007 ], [ -121.763768484815955, 44.037192575633526 ], [ -121.763582155108452, 44.037149157375097 ], [ -121.76323807798326, 44.037030972540379 ], [ -121.762809846550226, 44.0367950219661 ], [ -121.762364851310849, 44.036405766382813 ], [ -121.761961430311203, 44.035983486101031 ], [ -121.761732185259461, 44.0357830747962 ], [ -121.761161293834448, 44.035415276885033 ], [ -121.760441791266203, 44.035109672695398 ], [ -121.760256886482239, 44.035036498680711 ], [ -121.759704854339361, 44.034816473722458 ], [ -121.75912725739181, 44.034608770161867 ], [ -121.758926929906011, 44.03454246930778 ], [ -121.758295772597194, 44.034349098801613 ], [ -121.757676349952817, 44.034112645313144 ], [ -121.757491864264011, 44.034012397751212 ], [ -121.757167568430305, 44.033778794109821 ], [ -121.75672709941864, 44.033378893509507 ], [ -121.756432559341192, 44.033105140551925 ], [ -121.755943726748228, 44.032717728987336 ], [ -121.755762593820691, 44.032592084258795 ], [ -121.755184242501855, 44.032206768169999 ], [ -121.75459717400372, 44.031816087663174 ], [ -121.754391985014081, 44.0316869225353 ], [ -121.753734424710274, 44.031326416879892 ], [ -121.753498138859868, 44.031219631433487 ], [ -121.752717364579439, 44.030945627018809 ], [ -121.751874983310699, 44.030759548768401 ], [ -121.750991782173514, 44.030679417774081 ], [ -121.750082178041339, 44.030702384188771 ], [ -121.749193361029029, 44.030831130221486 ], [ -121.748363384976983, 44.031056687235832 ], [ -121.747595435008407, 44.031368661671877 ], [ -121.746866041794419, 44.031733274459839 ], [ -121.746146371588111, 44.032095456495881 ], [ -121.74544514156878, 44.032444478943944 ], [ -121.744745587930083, 44.032755363732576 ], [ -121.744500333443284, 44.032832644879818 ], [ -121.743993647396564, 44.032932138070464 ], [ -121.743734395131469, 44.032951919361949 ], [ -121.743472628295422, 44.032949656248093 ], [ -121.743210945278406, 44.032927360385656 ], [ -121.74269805662334, 44.03283373452723 ], [ -121.742228670045733, 44.032666264101863 ], [ -121.742019541561604, 44.032554784789681 ], [ -121.741828769445419, 44.032429391518235 ], [ -121.741503216326237, 44.032141389325261 ], [ -121.741077918559313, 44.031651047989726 ], [ -121.740787988528609, 44.031308898702264 ], [ -121.740279793739319, 44.03083766810596 ], [ -121.739859692752361, 44.030587887391448 ], [ -121.739629777148366, 44.030485125258565 ], [ -121.738904239609838, 44.030246576294303 ], [ -121.738163782283664, 44.030028898268938 ], [ -121.737398682162166, 44.029798228293657 ], [ -121.736871879547834, 44.02963318862021 ], [ -121.736073335632682, 44.029392627999187 ], [ -121.73527336679399, 44.0291518997401 ], [ -121.734733739867806, 44.028988871723413 ], [ -121.733908541500568, 44.02874244377017 ], [ -121.733082421123981, 44.028497356921434 ], [ -121.732259653508663, 44.028251683339477 ], [ -121.731716673821211, 44.028089325875044 ], [ -121.730899773538113, 44.027843233197927 ], [ -121.730085639283061, 44.027595380321145 ], [ -121.729296986013651, 44.027357082813978 ], [ -121.728558875620365, 44.027128424495459 ], [ -121.728325523436069, 44.027056591585279 ], [ -121.727650361135602, 44.026852156966925 ], [ -121.727212071418762, 44.026716118678451 ], [ -121.726606227457523, 44.026505397632718 ], [ -121.726265167817473, 44.026362486183643 ], [ -121.725990828126669, 44.02622988447547 ], [ -121.725701987743378, 44.026069119572639 ], [ -121.725487159565091, 44.025904750451446 ], [ -121.725463271141052, 44.02580919675529 ], [ -121.725386073812842, 44.025762425735593 ], [ -121.725237295031548, 44.025725293904543 ], [ -121.725178118795156, 44.0256860665977 ], [ -121.72496136277914, 44.025503760203719 ], [ -121.724600940942764, 44.025142248719931 ], [ -121.724318470805883, 44.024795237928629 ], [ -121.723945392295718, 44.024270195513964 ], [ -121.723653618246317, 44.02384783141315 ], [ -121.723456894978881, 44.023554297164083 ], [ -121.72317199409008, 44.02306747622788 ], [ -121.723103262484074, 44.022890366613865 ], [ -121.722956746816635, 44.022315284237266 ], [ -121.722917184233665, 44.022112525999546 ], [ -121.722788941115141, 44.021707847714424 ], [ -121.72267846763134, 44.021508442237973 ], [ -121.7222367413342, 44.020945094525814 ], [ -121.721744975075126, 44.020393230021 ], [ -121.721474323421717, 44.020000454038382 ], [ -121.721124546602368, 44.019397627562284 ], [ -121.720994962379336, 44.019209034740925 ], [ -121.720610484480858, 44.018863029778004 ], [ -121.720127183943987, 44.018588522449136 ], [ -121.719565847888589, 44.018402779474854 ], [ -121.718954723328352, 44.018302699550986 ], [ -121.718642078340054, 44.018289288505912 ], [ -121.717715626582503, 44.018319295719266 ], [ -121.717125121504068, 44.018309572711587 ], [ -121.71683494001627, 44.018268585205078 ], [ -121.71599498949945, 44.018064653500915 ], [ -121.715125534683466, 44.01790464296937 ], [ -121.714208470657468, 44.017917970195413 ], [ -121.713332226499915, 44.018108826130629 ], [ -121.712474171072245, 44.018336981534958 ], [ -121.711633298546076, 44.018590282648802 ], [ -121.711120828986168, 44.018817096948624 ], [ -121.71088689006865, 44.018959840759635 ], [ -121.710255984216928, 44.01944138109684 ], [ -121.709640752524137, 44.019925352185965 ], [ -121.709414273500443, 44.020068347454071 ], [ -121.709170695394278, 44.020195081830025 ], [ -121.708635427057743, 44.020388452336192 ], [ -121.707759099081159, 44.020525328814983 ], [ -121.706853518262506, 44.020579475909472 ], [ -121.705940729007125, 44.020623061805964 ], [ -121.705029280856252, 44.020677879452705 ], [ -121.704114144667983, 44.020732780918479 ], [ -121.703202864155173, 44.020788352936506 ], [ -121.702294936403632, 44.020843589678407 ], [ -121.701390696689487, 44.020841578021646 ], [ -121.701094480231404, 44.020808050408959 ], [ -121.700527528300881, 44.020678633823991 ], [ -121.699730660766363, 44.020398762077093 ], [ -121.699468139559031, 44.020300945267081 ], [ -121.698655849322677, 44.020029790699482 ], [ -121.698371786624193, 44.01995544321835 ], [ -121.697491183876991, 44.019779926165938 ], [ -121.697190022096038, 44.019742039963603 ], [ -121.696273880079389, 44.019703734666109 ], [ -121.695360336452723, 44.019716223701835 ], [ -121.694451989606023, 44.01973164640367 ], [ -121.693533752113581, 44.019751427695155 ], [ -121.692606545984745, 44.019733658060431 ], [ -121.692299768328667, 44.019703986123204 ], [ -121.69140768237412, 44.019532157108188 ], [ -121.690591871738434, 44.019222529605031 ], [ -121.689872536808252, 44.018810642883182 ], [ -121.689216233789921, 44.018357936292887 ], [ -121.688786493614316, 44.018058199435472 ], [ -121.688144356012344, 44.017618652433157 ], [ -121.687505571171641, 44.01718195527792 ], [ -121.686849854886532, 44.016736876219511 ], [ -121.68662647716701, 44.016586421057582 ], [ -121.68595558963716, 44.016130780801177 ], [ -121.685284785926342, 44.015678577125072 ], [ -121.684621190652251, 44.015231654047966 ], [ -121.684399154037237, 44.015082372352481 ], [ -121.68373522348702, 44.014635449275374 ], [ -121.683074478060007, 44.014184838160872 ], [ -121.682408787310123, 44.013739675283432 ], [ -121.681743431836367, 44.013293255120516 ], [ -121.681523323059082, 44.013142799958587 ], [ -121.680871546268463, 44.012677017599344 ], [ -121.680251117795706, 44.012180222198367 ], [ -121.679665977135301, 44.011672949418426 ], [ -121.679110256955028, 44.011167688295245 ], [ -121.67874488979578, 44.010835848748684 ], [ -121.678193276748061, 44.010337963700294 ], [ -121.67757268063724, 44.009864721447229 ], [ -121.67682115919888, 44.009465239942074 ], [ -121.676263678818941, 44.009258039295673 ], [ -121.675970982760191, 44.009175058454275 ], [ -121.67536798864603, 44.009046228602529 ], [ -121.67506255209446, 44.008993087336421 ], [ -121.67445226572454, 44.008897785097361 ], [ -121.673554396256804, 44.008757555857301 ], [ -121.672683265060186, 44.008597880601883 ], [ -121.671849936246872, 44.008367294445634 ], [ -121.671083830296993, 44.008007626980543 ], [ -121.670639086514711, 44.007692048326135 ], [ -121.670439764857292, 44.007516028359532 ], [ -121.670078840106726, 44.007138423621655 ], [ -121.669919416308403, 44.00694228708744 ], [ -121.669468050822616, 44.006358571350574 ], [ -121.669024145230651, 44.005788518115878 ], [ -121.668573366478086, 44.005221566185355 ], [ -121.668123928830028, 44.004650674760342 ], [ -121.667663427069783, 44.004081124439836 ], [ -121.667208541184664, 44.003514926880598 ], [ -121.666909893974662, 44.003136651590466 ], [ -121.666450146585703, 44.002561317756772 ], [ -121.665989896282554, 44.0019865706563 ], [ -121.665536686778069, 44.001418696716428 ], [ -121.665233932435513, 44.001036398112774 ], [ -121.664916761219501, 44.000641023740172 ], [ -121.664607468992472, 44.000236429274082 ], [ -121.66429566219449, 43.99982345290482 ], [ -121.664136489853263, 43.999617258086801 ], [ -121.663805488497019, 43.999204952269793 ], [ -121.663464428856969, 43.998789042234421 ], [ -121.663120519369841, 43.998371120542288 ], [ -121.66295045055449, 43.998160483315587 ], [ -121.662618778645992, 43.997737448662519 ], [ -121.6622902918607, 43.997320365160704 ], [ -121.661960799247026, 43.996907472610474 ], [ -121.661629630252719, 43.9964968431741 ], [ -121.661294689401984, 43.996088560670614 ], [ -121.660946169868112, 43.995682960376143 ], [ -121.660582227632403, 43.995283646509051 ], [ -121.660196157172322, 43.994890619069338 ], [ -121.659784354269505, 43.994508152827621 ], [ -121.65935218334198, 43.994135828688741 ], [ -121.659131236374378, 43.993952348828316 ], [ -121.658682134002447, 43.993588238954544 ], [ -121.658230936154723, 43.993226224556565 ], [ -121.657779570668936, 43.992864964529872 ], [ -121.657330552116036, 43.992508398368955 ], [ -121.657105078920722, 43.992331875488162 ], [ -121.656652120873332, 43.991982769221067 ], [ -121.656195977702737, 43.991635255515575 ], [ -121.655716532841325, 43.9913041703403 ], [ -121.655463567003608, 43.991148853674531 ], [ -121.654930477961898, 43.990860432386398 ], [ -121.654365537688136, 43.990601263940334 ], [ -121.653779558837414, 43.990366738289595 ], [ -121.653180839493871, 43.990148892626166 ], [ -121.652581030502915, 43.989932639524341 ], [ -121.651990190148354, 43.989706244319677 ], [ -121.651422651484609, 43.989454535767436 ], [ -121.650892160832882, 43.989166868850589 ], [ -121.650642631575465, 43.989009959623218 ], [ -121.650160839781165, 43.988681472837925 ], [ -121.649687346071005, 43.988343263044953 ], [ -121.6492092423141, 43.988002957776189 ], [ -121.648725187405944, 43.987662736326456 ], [ -121.648225793614984, 43.987333327531815 ], [ -121.647688765078783, 43.987032920122147 ], [ -121.647105133160949, 43.986775176599622 ], [ -121.646796762943268, 43.98666663095355 ], [ -121.646152278408408, 43.986489437520504 ], [ -121.645824043080211, 43.98641592822969 ], [ -121.645167488604784, 43.986286679282784 ], [ -121.644518561661243, 43.986157346516848 ], [ -121.643880950286984, 43.986013345420361 ], [ -121.643272927030921, 43.985827937722206 ], [ -121.642982577905059, 43.985719727352262 ], [ -121.64242316968739, 43.985478244721889 ], [ -121.641876250505447, 43.985221339389682 ], [ -121.641323631629348, 43.984969966113567 ], [ -121.640738323330879, 43.98474826477468 ], [ -121.64011194370687, 43.984566293656826 ], [ -121.639783121645451, 43.98449563421309 ], [ -121.639108965173364, 43.98439253680408 ], [ -121.638765726238489, 43.984361439943314 ], [ -121.63807924836874, 43.984338389709592 ], [ -121.637403331696987, 43.984331097453833 ], [ -121.63673403672874, 43.984316596761346 ], [ -121.636071698740125, 43.984284996986389 ], [ -121.635745894163847, 43.98425817489624 ], [ -121.635102331638336, 43.984184246510267 ], [ -121.634462121874094, 43.984082154929638 ], [ -121.633828366175294, 43.983952654525638 ], [ -121.633203327655792, 43.983797756955028 ], [ -121.632579127326608, 43.9836385846138 ], [ -121.631947131827474, 43.983480921015143 ], [ -121.631302982568741, 43.983324347063899 ], [ -121.630648523569107, 43.983175987377763 ], [ -121.630319450050592, 43.983107088133693 ], [ -121.629656357690692, 43.982981778681278 ], [ -121.628992594778538, 43.982872143387794 ], [ -121.628659162670374, 43.982822522521019 ], [ -121.627990119159222, 43.982735266909003 ], [ -121.627317387610674, 43.982662679627538 ], [ -121.626978171989322, 43.982631834223866 ], [ -121.626296723261476, 43.982582716271281 ], [ -121.625610496848822, 43.982549859210849 ], [ -121.625267844647169, 43.982538040727377 ], [ -121.624586982652545, 43.982521779835224 ], [ -121.623913580551744, 43.982509961351752 ], [ -121.62324445322156, 43.982496969401836 ], [ -121.622584294527769, 43.98248104378581 ], [ -121.621934780851007, 43.982464279979467 ], [ -121.621294990181923, 43.982447851449251 ], [ -121.620655786246061, 43.982432931661606 ], [ -121.620003674179316, 43.982410384342074 ], [ -121.619344102218747, 43.982368977740407 ], [ -121.618682853877544, 43.982311729341745 ], [ -121.618352271616459, 43.982278872281313 ], [ -121.617692364379764, 43.982208296656609 ], [ -121.617031786590815, 43.982138726860285 ], [ -121.616369783878326, 43.982073683291674 ], [ -121.61570786498487, 43.982020961120725 ], [ -121.61504334770143, 43.98198994807899 ], [ -121.614376483485103, 43.981991456821561 ], [ -121.613712050020695, 43.982021883130074 ], [ -121.613052561879158, 43.982081897556782 ], [ -121.612401539459825, 43.982171919196844 ], [ -121.611760072410107, 43.982290858402848 ], [ -121.611130759119987, 43.982438379898667 ], [ -121.610509492456913, 43.982607275247574 ], [ -121.609891746193171, 43.982783379033208 ], [ -121.609271485358477, 43.982961075380445 ], [ -121.608646027743816, 43.983135083690286 ], [ -121.608010176569223, 43.983292076736689 ], [ -121.607687724754214, 43.983362317085266 ], [ -121.607032092288136, 43.983483184129 ], [ -121.606368748471141, 43.983583683148026 ], [ -121.60570414736867, 43.983678063377738 ], [ -121.605035858228803, 43.983770348131657 ], [ -121.604360193014145, 43.983850227668881 ], [ -121.604019552469254, 43.983880821615458 ], [ -121.603339780122042, 43.983915941789746 ], [ -121.602668724954128, 43.983917534351349 ], [ -121.602002279832959, 43.983889287337661 ], [ -121.601336086168885, 43.983836062252522 ], [ -121.600676598027349, 43.983751824125648 ], [ -121.600027922540903, 43.983634561300278 ], [ -121.599392239004374, 43.98348905146122 ], [ -121.598764769732952, 43.983325436711311 ], [ -121.59814266487956, 43.983152434229851 ], [ -121.597522487863898, 43.982977252453566 ], [ -121.596896862611175, 43.982815565541387 ], [ -121.596577344462276, 43.982749935239553 ], [ -121.595918778330088, 43.982668044045568 ], [ -121.595585681498051, 43.982654046267271 ], [ -121.594917979091406, 43.982673157006502 ], [ -121.59458446316421, 43.982696961611509 ], [ -121.593917682766914, 43.982744989916682 ], [ -121.593252243474126, 43.982765022665262 ], [ -121.592920739203691, 43.982754545286298 ], [ -121.592269381508231, 43.982678689062595 ], [ -121.59195707179606, 43.982609119266272 ], [ -121.591656245291233, 43.982516750693321 ], [ -121.591369165107608, 43.982404684647918 ], [ -121.590840686112642, 43.982129255309701 ], [ -121.590599874034524, 43.981972262263298 ], [ -121.590145071968436, 43.981635728850961 ], [ -121.589698316529393, 43.981291735544801 ], [ -121.589231779798865, 43.980959225445986 ], [ -121.588722160086036, 43.980663595721126 ], [ -121.58815654926002, 43.980423957109451 ], [ -121.587854465469718, 43.980328487232327 ], [ -121.587221464142203, 43.980187168344855 ], [ -121.586892642080784, 43.980142660439014 ], [ -121.586217060685158, 43.980111898854375 ], [ -121.585875749588013, 43.980124136433005 ], [ -121.585201090201735, 43.980204351246357 ], [ -121.584872687235475, 43.980272663757205 ], [ -121.584245720878243, 43.980465698987246 ], [ -121.583952689543366, 43.98058757185936 ], [ -121.583414655178785, 43.980873562395573 ], [ -121.583168059587479, 43.981033824384212 ], [ -121.582709737122059, 43.981377063319087 ], [ -121.582270441576838, 43.981733545660973 ], [ -121.581829553470016, 43.982091452926397 ], [ -121.581385228782892, 43.98245363496244 ], [ -121.580934282392263, 43.982816739007831 ], [ -121.58047528937459, 43.983178585767746 ], [ -121.580016631633043, 43.983542276546359 ], [ -121.579787638038397, 43.983724666759372 ], [ -121.579329399392009, 43.984088189899921 ], [ -121.578865796327591, 43.984452718868852 ], [ -121.578384675085545, 43.984808195382357 ], [ -121.577870445325971, 43.985143220052123 ], [ -121.57731045037508, 43.985436838120222 ], [ -121.577016497030854, 43.985565835610032 ], [ -121.576413167640567, 43.985791560262442 ], [ -121.576104378327727, 43.985889125615358 ], [ -121.575479758903384, 43.986058859154582 ], [ -121.574860252439976, 43.986216774210334 ], [ -121.574551295489073, 43.986295228824019 ], [ -121.573927765712142, 43.986450964584947 ], [ -121.573300547897816, 43.986609382554889 ], [ -121.572671737521887, 43.986776350066066 ], [ -121.572039574384689, 43.986940551549196 ], [ -121.57140389084816, 43.987104585394263 ], [ -121.570766698569059, 43.987271217629313 ], [ -121.570126740261912, 43.987432988360524 ], [ -121.569491643458605, 43.987593082711101 ], [ -121.568863419815898, 43.98775334469974 ], [ -121.568238381296396, 43.987914361059666 ], [ -121.567606972530484, 43.988075964152813 ], [ -121.566965756937861, 43.988231783732772 ], [ -121.566311633214355, 43.988363966345787 ], [ -121.565645774826407, 43.988456418737769 ], [ -121.564970780164003, 43.988505788147449 ], [ -121.564288241788745, 43.988505871966481 ], [ -121.563945673406124, 43.988487599417567 ], [ -121.563605116680264, 43.988459017127752 ], [ -121.56260272487998, 43.988331025466323 ], [ -121.561945248395205, 43.988230023533106 ], [ -121.561291376128793, 43.988123154267669 ], [ -121.560645634308457, 43.988018883392215 ], [ -121.560010621324182, 43.987918216735125 ], [ -121.55938072130084, 43.987818472087383 ], [ -121.558743864297867, 43.987719481810927 ], [ -121.55809317715466, 43.987622167915106 ], [ -121.557434778660536, 43.987522423267365 ], [ -121.556770596653223, 43.987420247867703 ], [ -121.556105492636561, 43.987317653372884 ], [ -121.555442819371819, 43.987214639782906 ], [ -121.55478123575449, 43.987113386392593 ], [ -121.554122418165207, 43.987009953707457 ], [ -121.553458655253053, 43.986903252080083 ], [ -121.552797826007009, 43.986797891557217 ], [ -121.552137583494186, 43.986694039776921 ], [ -121.551479520276189, 43.986593289300799 ], [ -121.550821037963033, 43.986495891585946 ], [ -121.550163477659225, 43.986398074775934 ], [ -121.549835074692965, 43.98634853772819 ], [ -121.549180448055267, 43.986248625442386 ], [ -121.548530180007219, 43.986148126423359 ], [ -121.547876140102744, 43.986049387603998 ], [ -121.547224279493093, 43.985949978232384 ], [ -121.546573592349887, 43.985845539718866 ], [ -121.545917792245746, 43.985744789242744 ], [ -121.545255454257131, 43.985647056251764 ], [ -121.54459135606885, 43.985549742355943 ], [ -121.543921725824475, 43.985448488965631 ], [ -121.543251257389784, 43.985348576679826 ], [ -121.542917070910335, 43.985299039632082 ], [ -121.542249117046595, 43.985198540613055 ], [ -121.541591892018914, 43.985088318586349 ], [ -121.540941456332803, 43.984979940578341 ], [ -121.540616322308779, 43.984927721321583 ], [ -121.53996848501265, 43.984828144311905 ], [ -121.539318887516856, 43.984730327501893 ], [ -121.538664679974318, 43.984632594510913 ], [ -121.538008125498891, 43.984535951167345 ], [ -121.537679135799408, 43.984489683061838 ], [ -121.537021659314632, 43.984398655593395 ], [ -121.536366194486618, 43.984303437173367 ], [ -121.535714166238904, 43.984203021973372 ], [ -121.535060796886683, 43.984102020040154 ], [ -121.534405667334795, 43.984000263735652 ], [ -121.533746682107449, 43.983896328136325 ], [ -121.533088451251388, 43.983794990926981 ], [ -121.532432734966278, 43.983694994822145 ], [ -121.531778359785676, 43.983595333993435 ], [ -121.531126163899899, 43.983496595174074 ], [ -121.530801868066192, 43.98344605229795 ], [ -121.530157048255205, 43.983345637097955 ], [ -121.529512731358409, 43.983249496668577 ], [ -121.528871264308691, 43.98315436206758 ], [ -121.528230467811227, 43.983056964352727 ], [ -121.527590760961175, 43.9829564653337 ], [ -121.526940995827317, 43.982856720685959 ], [ -121.526284525170922, 43.982757478952408 ], [ -121.525625875219703, 43.982659075409174 ], [ -121.524971164762974, 43.982557654380798 ], [ -121.524645024910569, 43.982507698237896 ], [ -121.523994337767363, 43.982409378513694 ], [ -121.523343063890934, 43.982312651351094 ], [ -121.52269447222352, 43.98221424780786 ], [ -121.522048646584153, 43.982113832607865 ], [ -121.52140055783093, 43.982009897008538 ], [ -121.520748194307089, 43.981908895075321 ], [ -121.520096166059375, 43.981810323894024 ], [ -121.519445730373263, 43.981710160151124 ], [ -121.518797222524881, 43.981608655303717 ], [ -121.518146116286516, 43.981510922312737 ], [ -121.517492579296231, 43.981414530426264 ], [ -121.516838455572724, 43.981317970901728 ], [ -121.5165133215487, 43.981267679482698 ], [ -121.51586146093905, 43.981168018653989 ], [ -121.515210019424558, 43.981073638424277 ], [ -121.514553967863321, 43.980993088334799 ], [ -121.514222882688046, 43.98095989599824 ], [ -121.513558449223638, 43.980910945683718 ], [ -121.512894099578261, 43.980887141078711 ], [ -121.51222606189549, 43.98088663816452 ], [ -121.511559197679162, 43.98091203533113 ], [ -121.510894931852818, 43.980957297608256 ], [ -121.510232090950012, 43.981022676452994 ], [ -121.509901592507958, 43.981064334511757 ], [ -121.509241349995136, 43.981163240969181 ], [ -121.508586136624217, 43.981285868212581 ], [ -121.508260248228908, 43.981353426352143 ], [ -121.507610650733113, 43.981503881514072 ], [ -121.506964825093746, 43.981670178472996 ], [ -121.50664203800261, 43.981755757704377 ], [ -121.50599411688745, 43.981925742700696 ], [ -121.505350051447749, 43.982095643877983 ], [ -121.504712272435427, 43.982262779027224 ], [ -121.504078516736627, 43.982428070157766 ], [ -121.503447946161032, 43.982591517269611 ], [ -121.502822237089276, 43.982752449810505 ], [ -121.502206586301327, 43.982910783961415 ], [ -121.501585990190506, 43.983067944645882 ], [ -121.500958940014243, 43.983228793367743 ], [ -121.500321663916111, 43.983394419774413 ], [ -121.499676760286093, 43.983560968190432 ], [ -121.499033616855741, 43.983726426959038 ], [ -121.49871502071619, 43.983808653429151 ], [ -121.49807833135128, 43.983969334512949 ], [ -121.497439965605736, 43.984118951484561 ], [ -121.496792631223798, 43.984242752194405 ], [ -121.496142446994781, 43.984334953129292 ], [ -121.495496621355414, 43.984398571774364 ], [ -121.494845766574144, 43.984431847929955 ], [ -121.49418979883194, 43.984435116872191 ], [ -121.493529472500086, 43.984410893172026 ], [ -121.492870738729835, 43.984374767169356 ], [ -121.492541329935193, 43.984355153515935 ], [ -121.491874465718865, 43.984313830733299 ], [ -121.491208858788013, 43.984274016693234 ], [ -121.49054417386651, 43.984224731102586 ], [ -121.489885021001101, 43.984150970354676 ], [ -121.48924196138978, 43.984027924016118 ], [ -121.488927640020847, 43.983946871012449 ], [ -121.488320371136069, 43.983748722821474 ], [ -121.488029938191175, 43.983628358691931 ], [ -121.487489389255643, 43.983346726745367 ], [ -121.487233657389879, 43.983187722042203 ], [ -121.486751278862357, 43.982839370146394 ], [ -121.48653008043766, 43.982648681849241 ], [ -121.486119283363223, 43.982245260849595 ], [ -121.485720723867416, 43.981832368299365 ], [ -121.48531336337328, 43.981426181271672 ], [ -121.484875241294503, 43.981047151610255 ], [ -121.484638452529907, 43.98087196983397 ], [ -121.484127072617412, 43.980556558817625 ], [ -121.483851978555322, 43.980419933795929 ], [ -121.483276225626469, 43.980183228850365 ], [ -121.482980260625482, 43.98008574731648 ], [ -121.482360251247883, 43.979928251355886 ], [ -121.482036374509335, 43.979869829490781 ], [ -121.481375880539417, 43.979793973267078 ], [ -121.48103985004127, 43.979773437604308 ], [ -121.480359239503741, 43.979769330471754 ], [ -121.480013653635979, 43.979791458696127 ], [ -121.479329355061054, 43.979882737621665 ], [ -121.478993576020002, 43.97994359023869 ], [ -121.47833869792521, 43.980085663497448 ], [ -121.477692956104875, 43.980238297954202 ], [ -121.477052830159664, 43.980389591306448 ], [ -121.476416392251849, 43.980535436421633 ], [ -121.475789258256555, 43.980673821642995 ], [ -121.475165393203497, 43.980810949578881 ], [ -121.474539851769805, 43.98094573058188 ], [ -121.473911628127098, 43.98108403198421 ], [ -121.473267897963524, 43.981221076101065 ], [ -121.4726129360497, 43.981340853497386 ], [ -121.471940623596311, 43.981419894844294 ], [ -121.471601743251085, 43.981439676135778 ], [ -121.470926497131586, 43.981435066089034 ], [ -121.470589963719249, 43.981410590931773 ], [ -121.469926368445158, 43.981330376118422 ], [ -121.469278866425157, 43.981222836300731 ], [ -121.468631196767092, 43.981105154380202 ], [ -121.467985957860947, 43.980991160497069 ], [ -121.467338791117072, 43.980875741690397 ], [ -121.466688942164183, 43.980759065598249 ], [ -121.46603062748909, 43.980639120563865 ], [ -121.465368457138538, 43.980524875223637 ], [ -121.464694049209356, 43.980423538014293 ], [ -121.46435315720737, 43.980385735630989 ], [ -121.463663326576352, 43.980349777266383 ], [ -121.463315980508924, 43.980357153341174 ], [ -121.462636543437839, 43.980425633490086 ], [ -121.462303195148706, 43.980485983192921 ], [ -121.461662733927369, 43.980651525780559 ], [ -121.4613520167768, 43.980749091133475 ], [ -121.460753045976162, 43.98096282966435 ], [ -121.460167737677693, 43.98117539472878 ], [ -121.459877640008926, 43.981281593441963 ], [ -121.459297779947519, 43.981492817401886 ], [ -121.458717752248049, 43.981701778247952 ], [ -121.458129677921534, 43.981918031349778 ], [ -121.457829521968961, 43.98202364332974 ], [ -121.457220073789358, 43.982232352718711 ], [ -121.45660936832428, 43.982446761801839 ], [ -121.456000255420804, 43.982662763446569 ], [ -121.455695992335677, 43.982770554721355 ], [ -121.455090148374438, 43.982984963804483 ], [ -121.454488663002849, 43.98319685831666 ], [ -121.453889440745115, 43.983407747000456 ], [ -121.45329206250608, 43.983619390055537 ], [ -121.452696360647678, 43.983829692006111 ], [ -121.452100239694118, 43.984038233757019 ], [ -121.451802179217339, 43.984142420813441 ], [ -121.451206644997001, 43.984351716935635 ], [ -121.450609182938933, 43.984562354162335 ], [ -121.4500099606812, 43.984773242846131 ], [ -121.449401518329978, 43.9849769230932 ], [ -121.448781173676252, 43.985164929181337 ], [ -121.448155296966434, 43.98533851839602 ], [ -121.447525732219219, 43.985494840890169 ], [ -121.446894574910402, 43.985637333244085 ], [ -121.446262830868363, 43.985772281885147 ], [ -121.44563284702599, 43.985901279374957 ], [ -121.444998253136873, 43.986020721495152 ], [ -121.444354690611362, 43.986134799197316 ], [ -121.443704422563314, 43.986251894384623 ], [ -121.443052897229791, 43.986368486657739 ], [ -121.442398438230157, 43.986486168578267 ], [ -121.441744230687618, 43.986607119441032 ], [ -121.441419180482626, 43.986667720600963 ], [ -121.440775534138083, 43.986785989254713 ], [ -121.44013624638319, 43.986900234594941 ], [ -121.439498718827963, 43.98701649159193 ], [ -121.438858089968562, 43.987134676426649 ], [ -121.438213353976607, 43.987253364175558 ], [ -121.437569791451097, 43.987374398857355 ], [ -121.436928492039442, 43.987505743280053 ], [ -121.436291886493564, 43.98765167221427 ], [ -121.435664668679237, 43.98781294003129 ], [ -121.435047592967749, 43.987993653863668 ], [ -121.43444275483489, 43.988194735720754 ], [ -121.434144945815206, 43.988303951919079 ], [ -121.433559134602547, 43.988535795360804 ], [ -121.432988494634628, 43.988784737884998 ], [ -121.432710383087397, 43.988916669040918 ], [ -121.432166146114469, 43.989192517474294 ], [ -121.431631464511156, 43.989476663991809 ], [ -121.431096950545907, 43.989763241261244 ], [ -121.430563861504197, 43.990052249282598 ], [ -121.430025240406394, 43.990341927856207 ], [ -121.429482595995069, 43.990631019696593 ], [ -121.428936431184411, 43.990920195356011 ], [ -121.428389176726341, 43.991212053224444 ], [ -121.427840078249574, 43.991506341844797 ], [ -121.427288632839918, 43.991801971569657 ], [ -121.426734672859311, 43.992097685113549 ], [ -121.42617953941226, 43.992395661771297 ], [ -121.425619041547179, 43.992690872400999 ], [ -121.425063740462065, 43.992985328659415 ], [ -121.424516318365932, 43.99327676743269 ], [ -121.42397484742105, 43.99356753565371 ], [ -121.423434047028422, 43.993855956941843 ], [ -121.42289592884481, 43.994141779839993 ], [ -121.422367952764034, 43.994424585253 ], [ -121.421843580901623, 43.99470554664731 ], [ -121.421317281201482, 43.994989022612572 ], [ -121.42078653909266, 43.995273252949119 ], [ -121.420249091461301, 43.99555966258049 ], [ -121.419704351574183, 43.995850263163447 ], [ -121.419152151793242, 43.996142540127039 ], [ -121.418595928698778, 43.996435655280948 ], [ -121.418035430833697, 43.996728770434856 ], [ -121.41746386885643, 43.997009983286262 ], [ -121.416873028501868, 43.997264876961708 ], [ -121.416264083236456, 43.997477861121297 ], [ -121.415954288095236, 43.997567631304264 ], [ -121.415321035310626, 43.997717835009098 ], [ -121.414996571838856, 43.997775670140982 ], [ -121.414335072040558, 43.99785672314465 ], [ -121.414000550284982, 43.997880024835467 ], [ -121.413330836221576, 43.997896453365684 ], [ -121.412993129342794, 43.997887149453163 ], [ -121.412321822717786, 43.997845156118274 ], [ -121.411651773378253, 43.997782124206424 ], [ -121.41131691634655, 43.99774775840342 ], [ -121.410655248910189, 43.997683553025126 ], [ -121.409991821274161, 43.99762018583715 ], [ -121.409331243485212, 43.997552879154682 ], [ -121.4086704980582, 43.997485153377056 ], [ -121.408014446496964, 43.997422372922301 ], [ -121.407357472926378, 43.997364873066545 ], [ -121.406700499355793, 43.997304691001773 ], [ -121.406041849404573, 43.997247694060206 ], [ -121.405384792014956, 43.997184997424483 ], [ -121.404728656634688, 43.997116852551699 ], [ -121.404069168493152, 43.997055664658546 ], [ -121.4034035615623, 43.997003696858883 ], [ -121.402740469202399, 43.996953573077917 ], [ -121.402071677148342, 43.996914597228169 ], [ -121.401734221726656, 43.996902862563729 ], [ -121.401060819625854, 43.996904287487268 ], [ -121.400387082248926, 43.996944185346365 ], [ -121.399720637127757, 43.997027250006795 ], [ -121.399390641599894, 43.997081816196442 ], [ -121.398732746019959, 43.997201761230826 ], [ -121.398071497678757, 43.997328830882907 ], [ -121.397406477481127, 43.99745405651629 ], [ -121.396742630749941, 43.997578527778387 ], [ -121.396082555875182, 43.997705262154341 ], [ -121.395431198179722, 43.997832834720612 ], [ -121.394792832434177, 43.9979612454772 ], [ -121.394157148897648, 43.998091835528612 ], [ -121.393837295472622, 43.998158555477858 ], [ -121.393197923898697, 43.998295851051807 ], [ -121.392565593123436, 43.998453179374337 ], [ -121.392258396372199, 43.998548984527588 ], [ -121.391681553795934, 43.998794155195355 ], [ -121.391420541331172, 43.998944777995348 ], [ -121.39097479172051, 43.999302349984646 ], [ -121.390633229166269, 43.999715745449066 ], [ -121.390395853668451, 44.000167865306139 ], [ -121.390309184789658, 44.000405995175242 ], [ -121.390136266127229, 44.000876722857356 ], [ -121.389965526759624, 44.00134501978755 ], [ -121.389790596440434, 44.001809041947126 ], [ -121.389707531780005, 44.002043148502707 ], [ -121.389529164880514, 44.002516726031899 ], [ -121.38934182934463, 44.002988962456584 ], [ -121.389168743044138, 44.003455750644207 ], [ -121.38908039778471, 44.003688097000122 ], [ -121.38890203088522, 44.004143066704273 ], [ -121.388732548803091, 44.004579596221447 ], [ -121.388495592400432, 44.005187032744288 ], [ -121.388273974880576, 44.005783572793007 ], [ -121.388121675699949, 44.006183473393321 ], [ -121.387880695983768, 44.006773978471756 ], [ -121.387722278013825, 44.007175639271736 ], [ -121.38748892582953, 44.007776118814945 ], [ -121.387333944439888, 44.008178869262338 ], [ -121.387090533971786, 44.008783958852291 ], [ -121.386840166524053, 44.009408829733729 ], [ -121.386593319475651, 44.01002548635006 ], [ -121.386514361947775, 44.010228747501969 ], [ -121.386278830468655, 44.010837860405445 ], [ -121.386034749448299, 44.01144789531827 ], [ -121.385786142200232, 44.012050218880177 ], [ -121.385545078665018, 44.012658661231399 ], [ -121.38528817333281, 44.013275820761919 ], [ -121.384994219988585, 44.013904044404626 ], [ -121.384632373228669, 44.014525394886732 ], [ -121.384492563083768, 44.014726392924786 ], [ -121.38402946293354, 44.015311617404222 ], [ -121.383857298642397, 44.01549962349236 ], [ -121.383489081636071, 44.015866499394178 ], [ -121.383094377815723, 44.016213761642575 ], [ -121.382457856088877, 44.016699828207493 ], [ -121.382235568016768, 44.016850451007485 ], [ -121.381543893367052, 44.017263846471906 ], [ -121.381307439878583, 44.017390329390764 ], [ -121.380579052492976, 44.0177355799824 ], [ -121.380331786349416, 44.017840269953012 ], [ -121.379578420892358, 44.018115950748324 ], [ -121.37932495214045, 44.018199685961008 ], [ -121.378540489822626, 44.018418453633785 ], [ -121.378269586712122, 44.018483748659492 ], [ -121.377440532669425, 44.018684076145291 ], [ -121.376583650708199, 44.018895048648119 ], [ -121.375998761504889, 44.019035194069147 ], [ -121.375122098252177, 44.019251279532909 ], [ -121.374254738911986, 44.019471053034067 ], [ -121.373389642685652, 44.019689233973622 ], [ -121.372514739632607, 44.019909678027034 ], [ -121.371646039187908, 44.020127691328526 ], [ -121.370776081457734, 44.020346626639366 ], [ -121.369893383234739, 44.020571680739522 ], [ -121.369300447404385, 44.020721968263388 ], [ -121.368706421926618, 44.020871417596936 ], [ -121.36811189353466, 44.021019861102104 ], [ -121.367514347657561, 44.021171070635319 ], [ -121.366916717961431, 44.021323537454009 ], [ -121.366321854293346, 44.021475166082382 ], [ -121.365731433033943, 44.021626375615597 ], [ -121.364880921319127, 44.021840365603566 ], [ -121.364132920280099, 44.022027030587196 ], [ -121.36389747262001, 44.022085452452302 ], [ -121.363205127418041, 44.022257616743445 ], [ -121.362748648971319, 44.022370772436261 ], [ -121.362064350396395, 44.022536231204867 ], [ -121.3613888528198, 44.022702276706696 ], [ -121.361164469271898, 44.022756759077311 ], [ -121.360491486266255, 44.022920457646251 ], [ -121.359794279560447, 44.023096896708012 ], [ -121.359082069247961, 44.023277694359422 ], [ -121.358843352645636, 44.023337792605162 ], [ -121.358126699924469, 44.023520518094301 ], [ -121.357415998354554, 44.02370274066925 ], [ -121.356715690344572, 44.023887477815151 ], [ -121.356009598821402, 44.024072969332337 ], [ -121.355296550318599, 44.024265082553029 ], [ -121.354597583413124, 44.024476055055857 ], [ -121.353916386142373, 44.024701276794076 ], [ -121.353264693170786, 44.024951392784715 ], [ -121.352635128423572, 44.025218524038792 ], [ -121.351992068812251, 44.025492025539279 ], [ -121.35157079435885, 44.025689167901874 ], [ -121.350942738354206, 44.025986893102527 ], [ -121.350325830280781, 44.026280427351594 ], [ -121.349705820903182, 44.026579074561596 ], [ -121.349058486521244, 44.026886774227023 ], [ -121.348405033349991, 44.027194557711482 ], [ -121.347743282094598, 44.027500664815307 ], [ -121.347086476162076, 44.02780819684267 ], [ -121.346425395458937, 44.028121093288064 ], [ -121.345758866518736, 44.028438180685043 ], [ -121.3453134521842, 44.028644962236285 ], [ -121.344656897708774, 44.028950734063983 ], [ -121.34401174262166, 44.029247453436255 ], [ -121.34358468465507, 44.029439147561789 ], [ -121.342940032482147, 44.029736621305346 ], [ -121.342286076396704, 44.030047925189137 ], [ -121.341847199946642, 44.030260322615504 ], [ -121.34119818918407, 44.030566262081265 ], [ -121.340590082108974, 44.030890977010131 ], [ -121.340398052707314, 44.031008658930659 ], [ -121.339863454923034, 44.031391125172377 ], [ -121.339701265096664, 44.03152666054666 ], [ -121.339262388646603, 44.031946929171681 ], [ -121.339132050052285, 44.032090175896883 ], [ -121.33877607062459, 44.032540787011385 ], [ -121.338571887463331, 44.032851755619049 ], [ -121.338322777301073, 44.033331451937556 ], [ -121.338190594688058, 44.03365365229547 ], [ -121.338061848655343, 44.034135947003961 ], [ -121.338033769279718, 44.03429763391614 ], [ -121.337972078472376, 44.034775653854012 ], [ -121.337906867265701, 44.035356184467673 ], [ -121.33786965161562, 44.035682072862983 ], [ -121.337836375460029, 44.035985916852951 ], [ -121.337809637188911, 44.036178281530738 ], [ -121.337801590561867, 44.03623846359551 ], [ -121.337778037413955, 44.03633619658649 ], [ -121.337739648297429, 44.036521185189486 ], [ -121.33765465579927, 44.036859981715679 ], [ -121.337523981928825, 44.037160640582442 ], [ -121.337270680814981, 44.03752164915204 ], [ -121.336862482130527, 44.037923477590084 ], [ -121.336415475234389, 44.03824626468122 ], [ -121.336309276521206, 44.038318516686559 ], [ -121.336270552128553, 44.038339219987392 ], [ -121.336226128041744, 44.038358246907592 ], [ -121.336153540760279, 44.03837526217103 ], [ -121.336088832467794, 44.038382554426789 ], [ -121.335934270173311, 44.03840652666986 ], [ -121.335857827216387, 44.038438629359007 ], [ -121.335794627666473, 44.038486992940307 ], [ -121.33573092520237, 44.038617247715592 ], [ -121.335683399811387, 44.038764182478189 ], [ -121.3355428352952, 44.038918158039451 ], [ -121.335338484495878, 44.039091663435102 ], [ -121.334824925288558, 44.03947077691555 ], [ -121.334248753264546, 44.039895152673125 ], [ -121.334098884835839, 44.04000629670918 ], [ -121.333651291206479, 44.040339980274439 ], [ -121.33321794681251, 44.040667545050383 ], [ -121.332703297957778, 44.041060321033001 ], [ -121.332488972693682, 44.041237765923142 ], [ -121.332275988534093, 44.041451336815953 ], [ -121.33216492831707, 44.041519649326801 ], [ -121.332091754302382, 44.041544795036316 ], [ -121.331924870610237, 44.04160656966269 ], [ -121.331745246425271, 44.041679659858346 ], [ -121.331358589231968, 44.041741685941815 ], [ -121.330727934837341, 44.041869258508086 ], [ -121.33002569898963, 44.042028682306409 ], [ -121.3292829785496, 44.04220218770206 ], [ -121.329097487032413, 44.042247198522091 ], [ -121.328399861231446, 44.042465630918741 ], [ -121.32824077270925, 44.042531847953796 ], [ -121.327683040872216, 44.042837955057621 ], [ -121.327235447242856, 44.043174823746085 ], [ -121.327134780585766, 44.043258056044579 ], [ -121.326632620766759, 44.043619818985462 ], [ -121.32621243596077, 44.043818973004818 ], [ -121.325752269476652, 44.043944617733359 ], [ -121.325543057173491, 44.043979067355394 ], [ -121.325408527627587, 44.043944953009486 ], [ -121.325353877618909, 44.043908072635531 ], [ -121.32530752569437, 44.043855685740709 ], [ -121.325233932584524, 44.043716881424189 ], [ -121.325154639780521, 44.043559553101659 ], [ -121.325097559019923, 44.043487384915352 ], [ -121.325030671432614, 44.04342477209866 ], [ -121.324867056682706, 44.043347574770451 ], [ -121.324685253202915, 44.043327625840902 ], [ -121.324587939307094, 44.043336845934391 ], [ -121.324489032849669, 44.043358638882637 ], [ -121.324160797521472, 44.04347506351769 ], [ -121.323567442595959, 44.043761556968093 ], [ -121.323026390746236, 44.04402231797576 ], [ -121.322912983596325, 44.044051319360733 ], [ -121.322793122380972, 44.044067244976759 ], [ -121.322541581466794, 44.04406531713903 ], [ -121.321973456069827, 44.044013433158398 ], [ -121.321764243766665, 44.043990466743708 ], [ -121.321638347581029, 44.043974289670587 ], [ -121.321542542427778, 44.043963477015495 ], [ -121.321478588506579, 44.043947719037533 ], [ -121.321226544678211, 44.043900026008487 ], [ -121.320790853351355, 44.0438078250736 ], [ -121.320573091506958, 44.043753929436207 ], [ -121.320194229483604, 44.043675642460585 ], [ -121.319536920636892, 44.043607665225863 ], [ -121.318974327296019, 44.04356399551034 ], [ -121.318238228559494, 44.043544381856918 ], [ -121.318092299625278, 44.043546644970775 ], [ -121.317377239465714, 44.04352493584156 ], [ -121.317235417664051, 44.043503478169441 ], [ -121.316545754671097, 44.043334163725376 ], [ -121.3159170281142, 44.043157221749425 ], [ -121.315687699243426, 44.043062925338745 ], [ -121.315583093091846, 44.043006179854274 ], [ -121.315299365669489, 44.042804846540093 ], [ -121.314833499491215, 44.042456075549126 ], [ -121.314741717651486, 44.042403856292367 ], [ -121.314653623849154, 44.042363874614239 ], [ -121.314573157578707, 44.042335459962487 ], [ -121.314454050734639, 44.042295981198549 ], [ -121.314363274723291, 44.042222471907735 ], [ -121.314362436532974, 44.042098168283701 ], [ -121.314502162858844, 44.041845118626952 ], [ -121.314683463424444, 44.041659794747829 ], [ -121.314953863620758, 44.041483355686069 ], [ -121.315101720392704, 44.041407834738493 ], [ -121.31521537899971, 44.041369277983904 ], [ -121.315477062016726, 44.041306748986244 ], [ -121.31584913469851, 44.041195185855031 ], [ -121.316060777753592, 44.041082533076406 ], [ -121.316259261220694, 44.040936771780252 ], [ -121.316448776051402, 44.040779527276754 ], [ -121.316729066893458, 44.040672825649381 ], [ -121.316942637786269, 44.040603758767247 ], [ -121.31698957644403, 44.04055941849947 ], [ -121.31701547652483, 44.040506780147552 ], [ -121.317000640556216, 44.040405191481113 ], [ -121.316923778504133, 44.040335034951568 ], [ -121.316867368295789, 44.040309386327863 ], [ -121.316800732165575, 44.040291868150234 ], [ -121.316638290882111, 44.040289772674441 ], [ -121.31643989123404, 44.040274266153574 ], [ -121.316223638132215, 44.040217772126198 ], [ -121.315662721171975, 44.040061617270112 ], [ -121.314991833642125, 44.039961788803339 ], [ -121.314349360764027, 44.039864642545581 ], [ -121.314184153452516, 44.039832623675466 ], [ -121.313506057485938, 44.039706476032734 ], [ -121.312979171052575, 44.039611341431737 ], [ -121.31227383390069, 44.039464490488172 ], [ -121.311807967722416, 44.03934714384377 ], [ -121.311157448217273, 44.039205070585012 ], [ -121.31106155924499, 44.039183864369988 ], [ -121.310932226479053, 44.03915704227984 ], [ -121.310780262574553, 44.039130974560976 ], [ -121.310559399425983, 44.039091244339943 ], [ -121.310093952342868, 44.03900608420372 ], [ -121.309460196644068, 44.03889468871057 ], [ -121.309194322675467, 44.038847247138619 ], [ -121.308439364656806, 44.038699977099895 ], [ -121.308282539248466, 44.038668628782034 ], [ -121.307536885142326, 44.038548935204744 ], [ -121.307391878217459, 44.038535440340638 ], [ -121.306669525802135, 44.038515156134963 ], [ -121.306529128924012, 44.038515072315931 ], [ -121.306027891114354, 44.038512893021107 ], [ -121.305939126759768, 44.038450699299574 ], [ -121.305928230285645, 44.038405939936638 ], [ -121.305927895009518, 44.038358498364687 ], [ -121.305925296619534, 44.038128750398755 ], [ -121.305917166173458, 44.037829348817468 ], [ -121.305913645774126, 44.037751397117972 ], [ -121.305916830897331, 44.037750978022814 ], [ -121.305917669087648, 44.037752319127321 ], [ -121.305918591096997, 44.037754246965051 ], [ -121.305918926373124, 44.037755085155368 ], [ -121.305901324376464, 44.037593565881252 ], [ -121.305830664932728, 44.037362979725003 ], [ -121.305729830637574, 44.037200538441539 ], [ -121.305584656074643, 44.037036672234535 ], [ -121.305404445156455, 44.03688789345324 ], [ -121.304979482665658, 44.036575248464942 ], [ -121.304941261187196, 44.036447927355766 ], [ -121.30502306856215, 44.036306692287326 ], [ -121.305087357759476, 44.03622773475945 ], [ -121.305338982492685, 44.035954484716058 ], [ -121.305735865607858, 44.035560032352805 ], [ -121.305831922218204, 44.035466657951474 ], [ -121.30627297796309, 44.035022919997573 ], [ -121.306359395384789, 44.034936167299747 ], [ -121.306805396452546, 44.034495027735829 ], [ -121.307185348123312, 44.034120440483093 ], [ -121.307285260409117, 44.034023629501462 ], [ -121.307666720822453, 44.033653819933534 ], [ -121.308031585067511, 44.033350059762597 ], [ -121.308169383555651, 44.033236652612686 ], [ -121.308233588933945, 44.03321142308414 ], [ -121.308300057426095, 44.033208824694157 ], [ -121.308425450697541, 44.033240675926208 ], [ -121.308732395991683, 44.033370595425367 ], [ -121.3089853618294, 44.033498922362924 ], [ -121.309120142832398, 44.033513758331537 ], [ -121.309235394001007, 44.033456426113844 ], [ -121.309280823916197, 44.03341175056994 ], [ -121.309379730373621, 44.033286273479462 ], [ -121.309372438117862, 44.033284345641732 ], [ -121.30946421995759, 44.033182170242071 ], [ -121.309479558840394, 44.033167837187648 ], [ -121.309479558840394, 44.033169848844409 ], [ -121.309643676504493, 44.032994583249092 ], [ -121.309888930991292, 44.032761817798018 ], [ -121.309924554079771, 44.032760141417384 ], [ -121.309987083077431, 44.032789394259453 ], [ -121.31024306640029, 44.032986871898174 ], [ -121.310385055840015, 44.033074043691158 ], [ -121.310484129935503, 44.033155767247081 ], [ -121.310689151287079, 44.033252997323871 ], [ -121.310872044414282, 44.033233635127544 ], [ -121.310930633917451, 44.033130621537566 ], [ -121.310907751321793, 44.03300522826612 ], [ -121.310896184295416, 44.032985782250762 ], [ -121.310892831534147, 44.032990979030728 ], [ -121.310888892039657, 44.032996175810695 ], [ -121.310888892039657, 44.033003468066454 ], [ -121.310885790735483, 44.033002881333232 ], [ -121.310884281992912, 44.032989889383316 ], [ -121.311001544818282, 44.032818730920553 ], [ -121.310959635302424, 44.032728457823396 ], [ -121.310931388288736, 44.032719321548939 ], [ -121.310855951160192, 44.032712196931243 ], [ -121.310815131291747, 44.03271496295929 ], [ -121.310799960047007, 44.032709430903196 ], [ -121.310801720246673, 44.032713286578655 ], [ -121.310803983360529, 44.032702390104532 ], [ -121.310787135735154, 44.032697277143598 ], [ -121.310729552060366, 44.032688727602363 ], [ -121.31068336777389, 44.032662995159626 ], [ -121.31065403111279, 44.03267246671021 ], [ -121.310607846826315, 44.032674729824066 ], [ -121.310564428567886, 44.03267489746213 ], [ -121.310535091906786, 44.03267196379602 ], [ -121.310500223189592, 44.032668024301529 ], [ -121.310455966740847, 44.032674981281161 ], [ -121.310414476320148, 44.032667018473148 ], [ -121.310407016426325, 44.032679088413715 ], [ -121.310390336439013, 44.032717645168304 ], [ -121.310304841026664, 44.032769026234746 ], [ -121.310269888490438, 44.032759722322226 ], [ -121.310145081952214, 44.03276726603508 ], [ -121.31013217382133, 44.032779922708869 ], [ -121.310072662308812, 44.032818060368299 ], [ -121.310021281242371, 44.032814456149936 ], [ -121.309923799708486, 44.032767685130239 ], [ -121.309921033680439, 44.032767685130239 ], [ -121.309905275702477, 44.03276382945478 ], [ -121.309674438089132, 44.032802134752274 ], [ -121.30958735011518, 44.032867765054107 ], [ -121.309589361771941, 44.032868770882487 ], [ -121.30959372036159, 44.03287036344409 ], [ -121.30952431820333, 44.032877488061786 ], [ -121.309469249099493, 44.032865082845092 ], [ -121.309405127540231, 44.032839266583323 ], [ -121.309176469221711, 44.032731894403696 ], [ -121.308738850057125, 44.032548330724239 ], [ -121.30838337354362, 44.032437186688185 ], [ -121.308154547587037, 44.032408520579338 ], [ -121.307979952543974, 44.032423691824079 ], [ -121.307861432433128, 44.032471133396029 ], [ -121.307801082730293, 44.032495189458132 ], [ -121.307591618970037, 44.032589988783002 ], [ -121.307421717792749, 44.032641118392348 ], [ -121.307238573208451, 44.032670790329576 ], [ -121.306974375620484, 44.032676657661796 ], [ -121.306736832484603, 44.032677998766303 ], [ -121.306643625721335, 44.032656541094184 ], [ -121.306605488061905, 44.032644554972649 ], [ -121.306534996256232, 44.032618571072817 ], [ -121.306483447551727, 44.032624941319227 ], [ -121.306353695690632, 44.032684536650777 ], [ -121.306157559156418, 44.032888635993004 ], [ -121.30581364966929, 44.03328669257462 ], [ -121.305432021617889, 44.033725652843714 ], [ -121.305048381909728, 44.034162266179919 ], [ -121.304856017231941, 44.034381369128823 ], [ -121.304461732506752, 44.034810774028301 ], [ -121.304118158295751, 44.035209165886045 ], [ -121.303924955427647, 44.035551650449634 ], [ -121.303854044526815, 44.035647120326757 ], [ -121.303820097818971, 44.035674361512065 ], [ -121.303677773103118, 44.035686096176505 ], [ -121.303547685965896, 44.035620968788862 ], [ -121.303475266322494, 44.035572689026594 ], [ -121.303084334358573, 44.035282675176859 ], [ -121.302548227831721, 44.034892162308097 ], [ -121.302101388573647, 44.034507684409618 ], [ -121.301822857931256, 44.034030921757221 ], [ -121.301687657833099, 44.033493055030704 ], [ -121.301704840734601, 44.032898359000683 ], [ -121.301699560135603, 44.032430481165648 ], [ -121.301701320335269, 44.031967129558325 ], [ -121.301713138818741, 44.031491037458181 ], [ -121.30172235891223, 44.031013939529657 ], [ -121.301731746643782, 44.030709592625499 ], [ -121.301755383610725, 44.030145993456244 ], [ -121.301700817421079, 44.02981641702354 ], [ -121.30152597092092, 44.029683228582144 ], [ -121.30140133202076, 44.029660681262612 ], [ -121.301262527704239, 44.029656322672963 ], [ -121.300966143608093, 44.029663866385818 ], [ -121.30029458552599, 44.029681216925383 ], [ -121.299520181491971, 44.029684569686651 ], [ -121.299316165968776, 44.029681887477636 ], [ -121.298690875992179, 44.029676271602511 ], [ -121.29826876334846, 44.029673421755433 ], [ -121.297625536099076, 44.029676523059607 ], [ -121.296978117898107, 44.029681049287319 ], [ -121.296544522047043, 44.029685826972127 ], [ -121.295906072482467, 44.029685575515032 ], [ -121.295083975419402, 44.029680630192161 ], [ -121.294676028192043, 44.029677361249924 ], [ -121.293927188962698, 44.029634948819876 ], [ -121.293764999136329, 44.029612652957439 ], [ -121.293232161551714, 44.029509890824556 ], [ -121.293083550408483, 44.029463622719049 ], [ -121.293045831844211, 44.02944652363658 ], [ -121.29301942884922, 44.029411068186164 ], [ -121.293024122714996, 44.029378043487668 ], [ -121.293050022795796, 44.029331523925066 ], [ -121.293175499886274, 44.029217697679996 ], [ -121.293453024700284, 44.028972862288356 ], [ -121.293723592534661, 44.028607495129108 ], [ -121.29389014095068, 44.028177252039313 ], [ -121.293910089880228, 44.02802461758256 ], [ -121.293912269175053, 44.027718342840672 ], [ -121.293907156214118, 44.027261696755886 ], [ -121.293908497318625, 44.026799099519849 ], [ -121.293913191184402, 44.026645878329873 ], [ -121.293917298316956, 44.02605302631855 ], [ -121.293930541723967, 44.025475094094872 ], [ -121.293931966647506, 44.025040157139301 ], [ -121.293932888656855, 44.02447571977973 ], [ -121.293934062123299, 44.023911785334349 ], [ -121.293933559209108, 44.023328153416514 ], [ -121.293932721018791, 44.023177865892649 ], [ -121.293930457904935, 44.02272155508399 ], [ -121.29391947761178, 44.0222651604563 ], [ -121.293919142335653, 44.021956790238619 ], [ -121.293923081830144, 44.021495953202248 ], [ -121.293923081830144, 44.020901676267385 ], [ -121.293924087658525, 44.020343525335193 ], [ -121.293915370479226, 44.019947564229369 ], [ -121.293908664956689, 44.019481698051095 ], [ -121.293905898928642, 44.019389497116208 ], [ -121.293883435428143, 44.019209118559957 ], [ -121.293892152607441, 44.019187660887837 ], [ -121.293892655521631, 44.019185397773981 ], [ -121.294018970802426, 44.018968725576997 ], [ -121.294000949710608, 44.018819527700543 ], [ -121.293895253911614, 44.018763955682516 ], [ -121.293823923915625, 44.018761944025755 ], [ -121.293745469301939, 44.018781641498208 ], [ -121.293566264212132, 44.01885699480772 ], [ -121.293457467108965, 44.018895467743278 ], [ -121.293331990018487, 44.018924972042441 ], [ -121.292871069163084, 44.018975850194693 ], [ -121.292148381471634, 44.019005354493856 ], [ -121.291953418403864, 44.019011640921235 ], [ -121.291341539472342, 44.019029662013054 ], [ -121.290709963068366, 44.019049862399697 ], [ -121.290063047781587, 44.019075678661466 ], [ -121.28942652605474, 44.019102416932583 ], [ -121.288605686277151, 44.019137034192681 ], [ -121.288408376276493, 44.01915748603642 ], [ -121.288213832303882, 44.01919168420136 ], [ -121.287840753793716, 44.019299978390336 ], [ -121.28749986179173, 44.019462168216705 ], [ -121.287347646430135, 44.019565097987652 ], [ -121.287207584828138, 44.019679678604007 ], [ -121.286810953170061, 44.020050745457411 ], [ -121.28652605228126, 44.02027839794755 ], [ -121.286366377025843, 44.020372442901134 ], [ -121.286197565495968, 44.020453747361898 ], [ -121.285849548876286, 44.020573357120156 ], [ -121.285366667434573, 44.020651057362556 ], [ -121.285123759880662, 44.02065709233284 ], [ -121.285021249204874, 44.020644268020988 ], [ -121.284929048269987, 44.020616859197617 ], [ -121.284762164577842, 44.020565645769238 ], [ -121.28460475243628, 44.020578721538186 ], [ -121.284531494602561, 44.02060772292316 ], [ -121.284449687227607, 44.020638065412641 ], [ -121.284247683361173, 44.020661199465394 ], [ -121.284037297591567, 44.020618451759219 ], [ -121.283948365598917, 44.02058182284236 ], [ -121.283878460526466, 44.020543349906802 ], [ -121.283801849931479, 44.020479898899794 ], [ -121.283614598214626, 44.020308740437031 ], [ -121.283544776961207, 44.020270854234695 ], [ -121.283362722024322, 44.020202625542879 ], [ -121.283147390931845, 44.020171696320176 ], [ -121.283038342371583, 44.020168427377939 ], [ -121.282386984676123, 44.020169349387288 ], [ -121.281801341101527, 44.020166583359241 ], [ -121.281681563705206, 44.020124422386289 ], [ -121.281665889546275, 44.020091062411666 ], [ -121.281663039699197, 44.020006656646729 ], [ -121.281621968373656, 44.019812028855085 ], [ -121.281537059694529, 44.01979073882103 ], [ -121.281499592587352, 44.01978638023138 ], [ -121.281487857922912, 44.019783949479461 ], [ -121.281481152400374, 44.019797444343567 ], [ -121.281463131308556, 44.019804988056421 ], [ -121.281457180157304, 44.019805323332548 ], [ -121.281468831002712, 44.019820997491479 ], [ -121.281507471576333, 44.019827283918858 ], [ -121.281565222889185, 44.019821416586637 ], [ -121.281569832935929, 44.019808089360595 ], [ -121.281569832935929, 44.019802138209343 ], [ -121.281600426882505, 44.019787134602666 ], [ -121.281614089384675, 44.019806245341897 ], [ -121.281610485166311, 44.019804820418358 ], [ -121.281563378870487, 44.01978487148881 ], [ -121.28150193952024, 44.019773136824369 ], [ -121.281490623950958, 44.019775232300162 ], [ -121.281426837667823, 44.019830971956253 ], [ -121.281387358903885, 44.019831055775285 ], [ -121.281337151303887, 44.019818147644401 ], [ -121.281326757743955, 44.019801635295153 ], [ -121.281348550692201, 44.019807586446404 ] ] ] } }
]
}
