{
"type": "FeatureCollection",
"name": "track_points",
"crs": { "type": "name", "properties": { "name": "urn:ogc:def:crs:OGC:1.3:CRS84" } },
"features": [
{ "type": "Feature", "properties": { "track_fid": 0, "track_seg_id": 0, "track_seg_point_id": 0, "ele": 2216.39990234375, "time": "2025-03-17T16:41:27Z" }, "geometry": { "type": "Point", "coordinates": [ -99.174633985385299, 19.416043097153306 ] } },
{ "type": "Feature", "properties": { "track_fid": 0, "track_seg_id": 0, "track_seg_point_id": 1, "ele": 2216.800048828125, "time": "2025-03-17T16:41:33Z" }, "geometry": { "type": "Point", "coordinates": [ -99.174646222963929, 19.416058016940951 ] } },
{ "type": "Feature", "properties": { "track_fid": 0, "track_seg_id": 0, "track_seg_point_id": 2, "ele": 2219.199951171875, "time": "2025-03-17T16:41:47Z" }, "geometry": { "type": "Point", "coordinates": [ -99.174668183550239, 19.416009653359652 ] } },
{ "type": "Feature", "properties": { "track_fid": 0, "track_seg_id": 0, "track_seg_point_id": 3, "ele": 2219.199951171875, "time": "2025-03-17T16:41:52Z" }, "geometry": { "type": "Point", "coordinates": [ -99.174670362845063, 19.416012922301888 ] } },
{ "type": "Feature", "properties": { "track_fid": 0, "track_seg_id": 0, "track_seg_point_id": 4, "ele": 2229.39990234375, "time": "2025-03-17T17:09:47Z" }, "geometry": { "type": "Point", "coordinates": [ -99.174745129421353, 19.416404440999031 ] } },
{ "type": "Feature", "properties": { "track_fid": 0, "track_seg_id": 0, "track_seg_point_id": 5, "ele": 2226.199951171875, "time": "2025-03-17T17:09:58Z" }, "geometry": { "type": "Point", "coordinates": [ -99.174716798588634, 19.416378289461136 ] } },
{ "type": "Feature", "properties": { "track_fid": 0, "track_seg_id": 0, "track_seg_point_id": 6, "ele": 2226.0, "time": "2025-03-17T17:10:10Z" }, "geometry": { "type": "Point", "coordinates": [ -99.174675391986966, 19.416400836780667 ] } },
{ "type": "Feature", "properties": { "track_fid": 0, "track_seg_id": 0, "track_seg_point_id": 7, "ele": 2225.0, "time": "2025-03-17T17:10:24Z" }, "geometry": { "type": "Point", "coordinates": [ -99.174627782776952, 19.41634769551456 ] } },
{ "type": "Feature", "properties": { "track_fid": 0, "track_seg_id": 0, "track_seg_point_id": 8, "ele": 2225.800048828125, "time": "2025-03-17T17:10:36Z" }, "geometry": { "type": "Point", "coordinates": [ -99.174566930159926, 19.4163369666785 ] } },
{ "type": "Feature", "properties": { "track_fid": 0, "track_seg_id": 0, "track_seg_point_id": 9, "ele": 2225.0, "time": "2025-03-17T17:10:42Z" }, "geometry": { "type": "Point", "coordinates": [ -99.174549831077456, 19.416316682472825 ] } },
{ "type": "Feature", "properties": { "track_fid": 0, "track_seg_id": 0, "track_seg_point_id": 10, "ele": 2224.800048828125, "time": "2025-03-17T17:10:51Z" }, "geometry": { "type": "Point", "coordinates": [ -99.17454706504941, 19.416313581168652 ] } },
{ "type": "Feature", "properties": { "track_fid": 0, "track_seg_id": 0, "track_seg_point_id": 11, "ele": 2224.60009765625, "time": "2025-03-17T17:11:06Z" }, "geometry": { "type": "Point", "coordinates": [ -99.174553686752915, 19.416283825412393 ] } },
{ "type": "Feature", "properties": { "track_fid": 0, "track_seg_id": 0, "track_seg_point_id": 12, "ele": 2291.39990234375, "time": "2025-03-17T17:12:18Z" }, "geometry": { "type": "Point", "coordinates": [ -99.174522338435054, 19.416368817910552 ] } },
{ "type": "Feature", "properties": { "track_fid": 0, "track_seg_id": 0, "track_seg_point_id": 13, "ele": 2251.0, "time": "2025-03-17T17:12:28Z" }, "geometry": { "type": "Point", "coordinates": [ -99.174376744776964, 19.416243759915233 ] } },
{ "type": "Feature", "properties": { "track_fid": 0, "track_seg_id": 0, "track_seg_point_id": 14, "ele": 2227.800048828125, "time": "2025-03-17T17:12:39Z" }, "geometry": { "type": "Point", "coordinates": [ -99.174298793077469, 19.416128676384687 ] } },
{ "type": "Feature", "properties": { "track_fid": 0, "track_seg_id": 0, "track_seg_point_id": 15, "ele": 2225.800048828125, "time": "2025-03-17T17:12:47Z" }, "geometry": { "type": "Point", "coordinates": [ -99.174276748672128, 19.416114343330264 ] } },
{ "type": "Feature", "properties": { "track_fid": 0, "track_seg_id": 0, "track_seg_point_id": 16, "ele": 2226.199951171875, "time": "2025-03-17T17:12:55Z" }, "geometry": { "type": "Point", "coordinates": [ -99.174247831106186, 19.416129179298878 ] } },
{ "type": "Feature", "properties": { "track_fid": 0, "track_seg_id": 0, "track_seg_point_id": 17, "ele": 2226.39990234375, "time": "2025-03-17T17:13:06Z" }, "geometry": { "type": "Point", "coordinates": [ -99.174241041764617, 19.416148960590363 ] } },
{ "type": "Feature", "properties": { "track_fid": 0, "track_seg_id": 0, "track_seg_point_id": 18, "ele": 2226.39990234375, "time": "2025-03-17T17:13:19Z" }, "geometry": { "type": "Point", "coordinates": [ -99.174197372049093, 19.416177375242114 ] } },
{ "type": "Feature", "properties": { "track_fid": 0, "track_seg_id": 0, "track_seg_point_id": 19, "ele": 2226.60009765625, "time": "2025-03-17T17:13:26Z" }, "geometry": { "type": "Point", "coordinates": [ -99.174165017902851, 19.416191121563315 ] } },
{ "type": "Feature", "properties": { "track_fid": 0, "track_seg_id": 0, "track_seg_point_id": 20, "ele": 2228.0, "time": "2025-03-17T17:13:38Z" }, "geometry": { "type": "Point", "coordinates": [ -99.174134423956275, 19.416238479316235 ] } },
{ "type": "Feature", "properties": { "track_fid": 0, "track_seg_id": 0, "track_seg_point_id": 21, "ele": 2228.39990234375, "time": "2025-03-17T17:13:40Z" }, "geometry": { "type": "Point", "coordinates": [ -99.174118833616376, 19.41625289618969 ] } },
{ "type": "Feature", "properties": { "track_fid": 0, "track_seg_id": 0, "track_seg_point_id": 22, "ele": 2228.800048828125, "time": "2025-03-17T17:13:42Z" }, "geometry": { "type": "Point", "coordinates": [ -99.174100225791335, 19.416267732158303 ] } },
{ "type": "Feature", "properties": { "track_fid": 0, "track_seg_id": 0, "track_seg_point_id": 23, "ele": 2230.0, "time": "2025-03-17T17:13:48Z" }, "geometry": { "type": "Point", "coordinates": [ -99.174014730378985, 19.416327830404043 ] } },
{ "type": "Feature", "properties": { "track_fid": 0, "track_seg_id": 0, "track_seg_point_id": 24, "ele": 2230.39990234375, "time": "2025-03-17T17:13:57Z" }, "geometry": { "type": "Point", "coordinates": [ -99.173964858055115, 19.41636772826314 ] } },
{ "type": "Feature", "properties": { "track_fid": 0, "track_seg_id": 0, "track_seg_point_id": 25, "ele": 2232.199951171875, "time": "2025-03-17T17:14:07Z" }, "geometry": { "type": "Point", "coordinates": [ -99.173775678500533, 19.416590351611376 ] } },
{ "type": "Feature", "properties": { "track_fid": 0, "track_seg_id": 0, "track_seg_point_id": 26, "ele": 2232.0, "time": "2025-03-17T17:14:16Z" }, "geometry": { "type": "Point", "coordinates": [ -99.173734942451119, 19.416632428765297 ] } },
{ "type": "Feature", "properties": { "track_fid": 0, "track_seg_id": 0, "track_seg_point_id": 27, "ele": 2232.39990234375, "time": "2025-03-17T17:14:22Z" }, "geometry": { "type": "Point", "coordinates": [ -99.173709629103541, 19.416663441807032 ] } },
{ "type": "Feature", "properties": { "track_fid": 0, "track_seg_id": 0, "track_seg_point_id": 28, "ele": 2232.39990234375, "time": "2025-03-17T17:14:27Z" }, "geometry": { "type": "Point", "coordinates": [ -99.173700660467148, 19.416668470948935 ] } },
{ "type": "Feature", "properties": { "track_fid": 0, "track_seg_id": 0, "track_seg_point_id": 29, "ele": 2232.199951171875, "time": "2025-03-17T17:14:36Z" }, "geometry": { "type": "Point", "coordinates": [ -99.173678364604712, 19.416700238361955 ] } },
{ "type": "Feature", "properties": { "track_fid": 0, "track_seg_id": 0, "track_seg_point_id": 30, "ele": 2231.800048828125, "time": "2025-03-17T17:14:43Z" }, "geometry": { "type": "Point", "coordinates": [ -99.173646345734596, 19.416762683540583 ] } },
{ "type": "Feature", "properties": { "track_fid": 0, "track_seg_id": 0, "track_seg_point_id": 31, "ele": 2231.800048828125, "time": "2025-03-17T17:14:51Z" }, "geometry": { "type": "Point", "coordinates": [ -99.173628324642777, 19.416850442066789 ] } },
{ "type": "Feature", "properties": { "track_fid": 0, "track_seg_id": 0, "track_seg_point_id": 32, "ele": 2231.800048828125, "time": "2025-03-17T17:15:01Z" }, "geometry": { "type": "Point", "coordinates": [ -99.173627989366651, 19.416991593316197 ] } },
{ "type": "Feature", "properties": { "track_fid": 0, "track_seg_id": 0, "track_seg_point_id": 33, "ele": 2231.800048828125, "time": "2025-03-17T17:15:04Z" }, "geometry": { "type": "Point", "coordinates": [ -99.17362991720438, 19.417027132585645 ] } },
{ "type": "Feature", "properties": { "track_fid": 0, "track_seg_id": 0, "track_seg_point_id": 34, "ele": 2232.0, "time": "2025-03-17T17:15:13Z" }, "geometry": { "type": "Point", "coordinates": [ -99.173653554171324, 19.417123859748244 ] } },
{ "type": "Feature", "properties": { "track_fid": 0, "track_seg_id": 0, "track_seg_point_id": 35, "ele": 2232.0, "time": "2025-03-17T17:15:20Z" }, "geometry": { "type": "Point", "coordinates": [ -99.173657828941941, 19.417177923023701 ] } },
{ "type": "Feature", "properties": { "track_fid": 0, "track_seg_id": 0, "track_seg_point_id": 36, "ele": 2236.0, "time": "2025-03-17T17:15:32Z" }, "geometry": { "type": "Point", "coordinates": [ -99.173622038215399, 19.417415633797646 ] } },
{ "type": "Feature", "properties": { "track_fid": 0, "track_seg_id": 0, "track_seg_point_id": 37, "ele": 2238.199951171875, "time": "2025-03-17T17:15:41Z" }, "geometry": { "type": "Point", "coordinates": [ -99.173624468967319, 19.417485957965255 ] } },
{ "type": "Feature", "properties": { "track_fid": 0, "track_seg_id": 0, "track_seg_point_id": 38, "ele": 2241.39990234375, "time": "2025-03-17T17:15:47Z" }, "geometry": { "type": "Point", "coordinates": [ -99.173621367663145, 19.417563825845718 ] } },
{ "type": "Feature", "properties": { "track_fid": 0, "track_seg_id": 0, "track_seg_point_id": 39, "ele": 2245.199951171875, "time": "2025-03-17T17:15:53Z" }, "geometry": { "type": "Point", "coordinates": [ -99.17359571903944, 19.417661475017667 ] } },
{ "type": "Feature", "properties": { "track_fid": 0, "track_seg_id": 0, "track_seg_point_id": 40, "ele": 2248.199951171875, "time": "2025-03-17T17:15:59Z" }, "geometry": { "type": "Point", "coordinates": [ -99.173602340742946, 19.417719393968582 ] } },
{ "type": "Feature", "properties": { "track_fid": 0, "track_seg_id": 0, "track_seg_point_id": 41, "ele": 2249.60009765625, "time": "2025-03-17T17:16:05Z" }, "geometry": { "type": "Point", "coordinates": [ -99.173625223338604, 19.417770020663738 ] } },
{ "type": "Feature", "properties": { "track_fid": 0, "track_seg_id": 0, "track_seg_point_id": 42, "ele": 2249.199951171875, "time": "2025-03-17T17:16:15Z" }, "geometry": { "type": "Point", "coordinates": [ -99.173574596643448, 19.417899521067739 ] } },
{ "type": "Feature", "properties": { "track_fid": 0, "track_seg_id": 0, "track_seg_point_id": 43, "ele": 2250.199951171875, "time": "2025-03-17T17:16:22Z" }, "geometry": { "type": "Point", "coordinates": [ -99.173562945798039, 19.417962217703462 ] } },
{ "type": "Feature", "properties": { "track_fid": 0, "track_seg_id": 0, "track_seg_point_id": 44, "ele": 2251.39990234375, "time": "2025-03-17T17:16:31Z" }, "geometry": { "type": "Point", "coordinates": [ -99.173571495339274, 19.41805399954319 ] } },
{ "type": "Feature", "properties": { "track_fid": 0, "track_seg_id": 0, "track_seg_point_id": 45, "ele": 2250.39990234375, "time": "2025-03-17T17:16:41Z" }, "geometry": { "type": "Point", "coordinates": [ -99.173588762059808, 19.418127927929163 ] } },
{ "type": "Feature", "properties": { "track_fid": 0, "track_seg_id": 0, "track_seg_point_id": 46, "ele": 2250.800048828125, "time": "2025-03-17T17:16:50Z" }, "geometry": { "type": "Point", "coordinates": [ -99.173608040437102, 19.418182577937841 ] } },
{ "type": "Feature", "properties": { "track_fid": 0, "track_seg_id": 0, "track_seg_point_id": 47, "ele": 2251.60009765625, "time": "2025-03-17T17:17:00Z" }, "geometry": { "type": "Point", "coordinates": [ -99.173958236351609, 19.418278550729156 ] } },
{ "type": "Feature", "properties": { "track_fid": 0, "track_seg_id": 0, "track_seg_point_id": 48, "ele": 2252.800048828125, "time": "2025-03-17T17:17:14Z" }, "geometry": { "type": "Point", "coordinates": [ -99.173998218029737, 19.418297577649355 ] } },
{ "type": "Feature", "properties": { "track_fid": 0, "track_seg_id": 0, "track_seg_point_id": 49, "ele": 2253.199951171875, "time": "2025-03-17T17:17:28Z" }, "geometry": { "type": "Point", "coordinates": [ -99.174016071483493, 19.418304786086082 ] } },
{ "type": "Feature", "properties": { "track_fid": 0, "track_seg_id": 0, "track_seg_point_id": 50, "ele": 2253.800048828125, "time": "2025-03-17T17:17:37Z" }, "geometry": { "type": "Point", "coordinates": [ -99.174040881916881, 19.418334625661373 ] } },
{ "type": "Feature", "properties": { "track_fid": 0, "track_seg_id": 0, "track_seg_point_id": 51, "ele": 2254.60009765625, "time": "2025-03-17T17:17:46Z" }, "geometry": { "type": "Point", "coordinates": [ -99.174064854159951, 19.418393298983574 ] } },
{ "type": "Feature", "properties": { "track_fid": 0, "track_seg_id": 0, "track_seg_point_id": 52, "ele": 2255.39990234375, "time": "2025-03-17T17:17:56Z" }, "geometry": { "type": "Point", "coordinates": [ -99.17407063767314, 19.418453397229314 ] } },
{ "type": "Feature", "properties": { "track_fid": 0, "track_seg_id": 0, "track_seg_point_id": 53, "ele": 2257.0, "time": "2025-03-17T17:18:09Z" }, "geometry": { "type": "Point", "coordinates": [ -99.174036858603358, 19.418628327548504 ] } },
{ "type": "Feature", "properties": { "track_fid": 0, "track_seg_id": 0, "track_seg_point_id": 54, "ele": 2258.60009765625, "time": "2025-03-17T17:18:18Z" }, "geometry": { "type": "Point", "coordinates": [ -99.173986231908202, 19.418763276189566 ] } },
{ "type": "Feature", "properties": { "track_fid": 0, "track_seg_id": 0, "track_seg_point_id": 55, "ele": 2259.800048828125, "time": "2025-03-17T17:18:27Z" }, "geometry": { "type": "Point", "coordinates": [ -99.173991261050105, 19.41884214989841 ] } },
{ "type": "Feature", "properties": { "track_fid": 0, "track_seg_id": 0, "track_seg_point_id": 56, "ele": 2259.800048828125, "time": "2025-03-17T17:18:40Z" }, "geometry": { "type": "Point", "coordinates": [ -99.174112631008029, 19.418965280056 ] } },
{ "type": "Feature", "properties": { "track_fid": 0, "track_seg_id": 0, "track_seg_point_id": 57, "ele": 2258.39990234375, "time": "2025-03-17T17:18:46Z" }, "geometry": { "type": "Point", "coordinates": [ -99.174116151407361, 19.419061336666346 ] } },
{ "type": "Feature", "properties": { "track_fid": 0, "track_seg_id": 0, "track_seg_point_id": 58, "ele": 2256.0, "time": "2025-03-17T17:18:54Z" }, "geometry": { "type": "Point", "coordinates": [ -99.174074996262789, 19.419136187061667 ] } },
{ "type": "Feature", "properties": { "track_fid": 0, "track_seg_id": 0, "track_seg_point_id": 59, "ele": 2256.0, "time": "2025-03-17T17:18:56Z" }, "geometry": { "type": "Point", "coordinates": [ -99.174062339589, 19.419144736602902 ] } },
{ "type": "Feature", "properties": { "track_fid": 0, "track_seg_id": 0, "track_seg_point_id": 60, "ele": 2256.0, "time": "2025-03-17T17:19:00Z" }, "geometry": { "type": "Point", "coordinates": [ -99.174019675701857, 19.419165020808578 ] } },
{ "type": "Feature", "properties": { "track_fid": 0, "track_seg_id": 0, "track_seg_point_id": 61, "ele": 2255.800048828125, "time": "2025-03-17T17:19:06Z" }, "geometry": { "type": "Point", "coordinates": [ -99.173972737044096, 19.419210618361831 ] } },
{ "type": "Feature", "properties": { "track_fid": 0, "track_seg_id": 0, "track_seg_point_id": 62, "ele": 2255.800048828125, "time": "2025-03-17T17:19:08Z" }, "geometry": { "type": "Point", "coordinates": [ -99.173957733437419, 19.419222688302398 ] } },
{ "type": "Feature", "properties": { "track_fid": 0, "track_seg_id": 0, "track_seg_point_id": 63, "ele": 2256.39990234375, "time": "2025-03-17T17:19:17Z" }, "geometry": { "type": "Point", "coordinates": [ -99.173880452290177, 19.419300137087703 ] } },
{ "type": "Feature", "properties": { "track_fid": 0, "track_seg_id": 0, "track_seg_point_id": 64, "ele": 2258.199951171875, "time": "2025-03-17T17:19:25Z" }, "geometry": { "type": "Point", "coordinates": [ -99.173819264397025, 19.419327042996883 ] } },
{ "type": "Feature", "properties": { "track_fid": 0, "track_seg_id": 0, "track_seg_point_id": 65, "ele": 2261.39990234375, "time": "2025-03-17T17:19:34Z" }, "geometry": { "type": "Point", "coordinates": [ -99.173691524192691, 19.419417986646295 ] } },
{ "type": "Feature", "properties": { "track_fid": 0, "track_seg_id": 0, "track_seg_point_id": 66, "ele": 2261.199951171875, "time": "2025-03-17T17:19:39Z" }, "geometry": { "type": "Point", "coordinates": [ -99.173631174489856, 19.419425362721086 ] } },
{ "type": "Feature", "properties": { "track_fid": 0, "track_seg_id": 0, "track_seg_point_id": 67, "ele": 2261.0, "time": "2025-03-17T17:19:41Z" }, "geometry": { "type": "Point", "coordinates": [ -99.173617344349623, 19.419424356892705 ] } },
{ "type": "Feature", "properties": { "track_fid": 0, "track_seg_id": 0, "track_seg_point_id": 68, "ele": 2264.800048828125, "time": "2025-03-17T17:19:51Z" }, "geometry": { "type": "Point", "coordinates": [ -99.173514498397708, 19.419377082958817 ] } },
{ "type": "Feature", "properties": { "track_fid": 0, "track_seg_id": 0, "track_seg_point_id": 69, "ele": 2265.800048828125, "time": "2025-03-17T17:20:00Z" }, "geometry": { "type": "Point", "coordinates": [ -99.173407461494207, 19.419373981654644 ] } },
{ "type": "Feature", "properties": { "track_fid": 0, "track_seg_id": 0, "track_seg_point_id": 70, "ele": 2265.199951171875, "time": "2025-03-17T17:20:07Z" }, "geometry": { "type": "Point", "coordinates": [ -99.173318445682526, 19.419403988867998 ] } },
{ "type": "Feature", "properties": { "track_fid": 0, "track_seg_id": 0, "track_seg_point_id": 71, "ele": 2265.800048828125, "time": "2025-03-17T17:20:15Z" }, "geometry": { "type": "Point", "coordinates": [ -99.173236722126603, 19.419413963332772 ] } },
{ "type": "Feature", "properties": { "track_fid": 0, "track_seg_id": 0, "track_seg_point_id": 72, "ele": 2266.800048828125, "time": "2025-03-17T17:20:23Z" }, "geometry": { "type": "Point", "coordinates": [ -99.173178048804402, 19.419443970546126 ] } },
{ "type": "Feature", "properties": { "track_fid": 0, "track_seg_id": 0, "track_seg_point_id": 73, "ele": 2269.800048828125, "time": "2025-03-17T17:20:30Z" }, "geometry": { "type": "Point", "coordinates": [ -99.173120548948646, 19.41947104409337 ] } },
{ "type": "Feature", "properties": { "track_fid": 0, "track_seg_id": 0, "track_seg_point_id": 74, "ele": 2268.60009765625, "time": "2025-03-17T17:20:35Z" }, "geometry": { "type": "Point", "coordinates": [ -99.173064474016428, 19.419480431824923 ] } },
{ "type": "Feature", "properties": { "track_fid": 0, "track_seg_id": 0, "track_seg_point_id": 75, "ele": 2264.0, "time": "2025-03-17T17:20:41Z" }, "geometry": { "type": "Point", "coordinates": [ -99.172951737418771, 19.419472385197878 ] } },
{ "type": "Feature", "properties": { "track_fid": 0, "track_seg_id": 0, "track_seg_point_id": 76, "ele": 2259.0, "time": "2025-03-17T17:20:50Z" }, "geometry": { "type": "Point", "coordinates": [ -99.172779992222786, 19.419506080448627 ] } },
{ "type": "Feature", "properties": { "track_fid": 0, "track_seg_id": 0, "track_seg_point_id": 77, "ele": 2251.39990234375, "time": "2025-03-17T17:21:01Z" }, "geometry": { "type": "Point", "coordinates": [ -99.172630878165364, 19.419535165652633 ] } },
{ "type": "Feature", "properties": { "track_fid": 0, "track_seg_id": 0, "track_seg_point_id": 78, "ele": 2250.0, "time": "2025-03-17T17:21:08Z" }, "geometry": { "type": "Point", "coordinates": [ -99.172561056911945, 19.419550923630595 ] } },
{ "type": "Feature", "properties": { "track_fid": 0, "track_seg_id": 0, "track_seg_point_id": 79, "ele": 2249.60009765625, "time": "2025-03-17T17:21:10Z" }, "geometry": { "type": "Point", "coordinates": [ -99.172547645866871, 19.419556120410562 ] } },
{ "type": "Feature", "properties": { "track_fid": 0, "track_seg_id": 0, "track_seg_point_id": 80, "ele": 2249.60009765625, "time": "2025-03-17T17:21:18Z" }, "geometry": { "type": "Point", "coordinates": [ -99.172499952837825, 19.419587552547455 ] } },
{ "type": "Feature", "properties": { "track_fid": 0, "track_seg_id": 0, "track_seg_point_id": 81, "ele": 2251.0, "time": "2025-03-17T17:21:24Z" }, "geometry": { "type": "Point", "coordinates": [ -99.172453265637159, 19.419612279161811 ] } },
{ "type": "Feature", "properties": { "track_fid": 0, "track_seg_id": 0, "track_seg_point_id": 82, "ele": 2252.39990234375, "time": "2025-03-17T17:21:31Z" }, "geometry": { "type": "Point", "coordinates": [ -99.172403225675225, 19.419662822037935 ] } },
{ "type": "Feature", "properties": { "track_fid": 0, "track_seg_id": 0, "track_seg_point_id": 83, "ele": 2252.60009765625, "time": "2025-03-17T17:21:34Z" }, "geometry": { "type": "Point", "coordinates": [ -99.172376990318298, 19.419701546430588 ] } },
{ "type": "Feature", "properties": { "track_fid": 0, "track_seg_id": 0, "track_seg_point_id": 84, "ele": 2253.39990234375, "time": "2025-03-17T17:21:37Z" }, "geometry": { "type": "Point", "coordinates": [ -99.172355365008116, 19.419725853949785 ] } },
{ "type": "Feature", "properties": { "track_fid": 0, "track_seg_id": 0, "track_seg_point_id": 85, "ele": 2253.800048828125, "time": "2025-03-17T17:21:39Z" }, "geometry": { "type": "Point", "coordinates": [ -99.17234337888658, 19.419740187004209 ] } },
{ "type": "Feature", "properties": { "track_fid": 0, "track_seg_id": 0, "track_seg_point_id": 86, "ele": 2257.0, "time": "2025-03-17T17:21:46Z" }, "geometry": { "type": "Point", "coordinates": [ -99.172295853495598, 19.419800033792853 ] } },
{ "type": "Feature", "properties": { "track_fid": 0, "track_seg_id": 0, "track_seg_point_id": 87, "ele": 2257.0, "time": "2025-03-17T17:21:47Z" }, "geometry": { "type": "Point", "coordinates": [ -99.172286465764046, 19.419806823134422 ] } },
{ "type": "Feature", "properties": { "track_fid": 0, "track_seg_id": 0, "track_seg_point_id": 88, "ele": 2259.800048828125, "time": "2025-03-17T17:21:58Z" }, "geometry": { "type": "Point", "coordinates": [ -99.172189738601446, 19.419802548363805 ] } },
{ "type": "Feature", "properties": { "track_fid": 0, "track_seg_id": 0, "track_seg_point_id": 89, "ele": 2263.0, "time": "2025-03-17T17:22:07Z" }, "geometry": { "type": "Point", "coordinates": [ -99.172072140499949, 19.419820988550782 ] } },
{ "type": "Feature", "properties": { "track_fid": 0, "track_seg_id": 0, "track_seg_point_id": 90, "ele": 2262.39990234375, "time": "2025-03-17T17:22:11Z" }, "geometry": { "type": "Point", "coordinates": [ -99.171998798847198, 19.419849822297692 ] } },
{ "type": "Feature", "properties": { "track_fid": 0, "track_seg_id": 0, "track_seg_point_id": 91, "ele": 2262.800048828125, "time": "2025-03-17T17:22:14Z" }, "geometry": { "type": "Point", "coordinates": [ -99.171961667016149, 19.419870441779494 ] } },
{ "type": "Feature", "properties": { "track_fid": 0, "track_seg_id": 0, "track_seg_point_id": 92, "ele": 2264.39990234375, "time": "2025-03-17T17:22:21Z" }, "geometry": { "type": "Point", "coordinates": [ -99.171885726973414, 19.41988829523325 ] } },
{ "type": "Feature", "properties": { "track_fid": 0, "track_seg_id": 0, "track_seg_point_id": 93, "ele": 2264.800048828125, "time": "2025-03-17T17:22:27Z" }, "geometry": { "type": "Point", "coordinates": [ -99.171818671748042, 19.41988879814744 ] } },
{ "type": "Feature", "properties": { "track_fid": 0, "track_seg_id": 0, "track_seg_point_id": 94, "ele": 2265.0, "time": "2025-03-17T17:22:29Z" }, "geometry": { "type": "Point", "coordinates": [ -99.171792436391115, 19.419886032119393 ] } },
{ "type": "Feature", "properties": { "track_fid": 0, "track_seg_id": 0, "track_seg_point_id": 95, "ele": 2265.800048828125, "time": "2025-03-17T17:22:33Z" }, "geometry": { "type": "Point", "coordinates": [ -99.171765949577093, 19.419879326596856 ] } },
{ "type": "Feature", "properties": { "track_fid": 0, "track_seg_id": 0, "track_seg_point_id": 96, "ele": 2270.199951171875, "time": "2025-03-17T17:22:39Z" }, "geometry": { "type": "Point", "coordinates": [ -99.171695541590452, 19.419858371838927 ] } },
{ "type": "Feature", "properties": { "track_fid": 0, "track_seg_id": 0, "track_seg_point_id": 97, "ele": 2271.0, "time": "2025-03-17T17:22:48Z" }, "geometry": { "type": "Point", "coordinates": [ -99.17158892378211, 19.419875387102365 ] } },
{ "type": "Feature", "properties": { "track_fid": 0, "track_seg_id": 0, "track_seg_point_id": 98, "ele": 2271.0, "time": "2025-03-17T17:22:49Z" }, "geometry": { "type": "Point", "coordinates": [ -99.171572998166084, 19.419885193929076 ] } },
{ "type": "Feature", "properties": { "track_fid": 0, "track_seg_id": 0, "track_seg_point_id": 99, "ele": 2270.39990234375, "time": "2025-03-17T17:22:57Z" }, "geometry": { "type": "Point", "coordinates": [ -99.171475851908326, 19.419918972998857 ] } },
{ "type": "Feature", "properties": { "track_fid": 0, "track_seg_id": 0, "track_seg_point_id": 100, "ele": 2263.60009765625, "time": "2025-03-17T17:23:06Z" }, "geometry": { "type": "Point", "coordinates": [ -99.171329587697983, 19.419863233342767 ] } },
{ "type": "Feature", "properties": { "track_fid": 0, "track_seg_id": 0, "track_seg_point_id": 101, "ele": 2263.199951171875, "time": "2025-03-17T17:23:14Z" }, "geometry": { "type": "Point", "coordinates": [ -99.171314081177115, 19.419856946915388 ] } },
{ "type": "Feature", "properties": { "track_fid": 0, "track_seg_id": 0, "track_seg_point_id": 102, "ele": 2260.60009765625, "time": "2025-03-17T17:23:25Z" }, "geometry": { "type": "Point", "coordinates": [ -99.171290025115013, 19.419842949137092 ] } },
{ "type": "Feature", "properties": { "track_fid": 0, "track_seg_id": 0, "track_seg_point_id": 103, "ele": 2260.39990234375, "time": "2025-03-17T17:23:34Z" }, "geometry": { "type": "Point", "coordinates": [ -99.171321792528033, 19.419851498678327 ] } },
{ "type": "Feature", "properties": { "track_fid": 0, "track_seg_id": 0, "track_seg_point_id": 104, "ele": 2257.800048828125, "time": "2025-03-17T17:23:43Z" }, "geometry": { "type": "Point", "coordinates": [ -99.171380717307329, 19.419835237786174 ] } },
{ "type": "Feature", "properties": { "track_fid": 0, "track_seg_id": 0, "track_seg_point_id": 105, "ele": 2257.39990234375, "time": "2025-03-17T17:23:51Z" }, "geometry": { "type": "Point", "coordinates": [ -99.171341070905328, 19.41987806931138 ] } },
{ "type": "Feature", "properties": { "track_fid": 0, "track_seg_id": 0, "track_seg_point_id": 106, "ele": 2257.39990234375, "time": "2025-03-17T17:23:53Z" }, "geometry": { "type": "Point", "coordinates": [ -99.171333443373442, 19.419886954128742 ] } },
{ "type": "Feature", "properties": { "track_fid": 0, "track_seg_id": 0, "track_seg_point_id": 107, "ele": 2256.60009765625, "time": "2025-03-17T17:23:57Z" }, "geometry": { "type": "Point", "coordinates": [ -99.171339059248567, 19.419899024069309 ] } },
{ "type": "Feature", "properties": { "track_fid": 0, "track_seg_id": 0, "track_seg_point_id": 108, "ele": 2252.60009765625, "time": "2025-03-17T17:24:03Z" }, "geometry": { "type": "Point", "coordinates": [ -99.171276530250907, 19.419837249442935 ] } },
{ "type": "Feature", "properties": { "track_fid": 0, "track_seg_id": 0, "track_seg_point_id": 109, "ele": 2250.60009765625, "time": "2025-03-17T17:24:11Z" }, "geometry": { "type": "Point", "coordinates": [ -99.171292288228869, 19.41983406431973 ] } },
{ "type": "Feature", "properties": { "track_fid": 0, "track_seg_id": 0, "track_seg_point_id": 110, "ele": 2250.60009765625, "time": "2025-03-17T17:24:23Z" }, "geometry": { "type": "Point", "coordinates": [ -99.171323720365763, 19.419831717386842 ] } },
{ "type": "Feature", "properties": { "track_fid": 0, "track_seg_id": 0, "track_seg_point_id": 111, "ele": 2251.800048828125, "time": "2025-03-17T17:24:34Z" }, "geometry": { "type": "Point", "coordinates": [ -99.171373844146729, 19.419834399595857 ] } },
{ "type": "Feature", "properties": { "track_fid": 0, "track_seg_id": 0, "track_seg_point_id": 112, "ele": 2255.0, "time": "2025-03-17T17:24:48Z" }, "geometry": { "type": "Point", "coordinates": [ -99.17155078612268, 19.419778240844607 ] } },
{ "type": "Feature", "properties": { "track_fid": 0, "track_seg_id": 0, "track_seg_point_id": 113, "ele": 2256.0, "time": "2025-03-17T17:24:51Z" }, "geometry": { "type": "Point", "coordinates": [ -99.171590432524681, 19.419779665768147 ] } },
{ "type": "Feature", "properties": { "track_fid": 0, "track_seg_id": 0, "track_seg_point_id": 114, "ele": 2258.199951171875, "time": "2025-03-17T17:24:56Z" }, "geometry": { "type": "Point", "coordinates": [ -99.171648686751723, 19.4198062364012 ] } },
{ "type": "Feature", "properties": { "track_fid": 0, "track_seg_id": 0, "track_seg_point_id": 115, "ele": 2259.60009765625, "time": "2025-03-17T17:25:00Z" }, "geometry": { "type": "Point", "coordinates": [ -99.171675173565745, 19.419810762628913 ] } },
{ "type": "Feature", "properties": { "track_fid": 0, "track_seg_id": 0, "track_seg_point_id": 116, "ele": 2260.60009765625, "time": "2025-03-17T17:25:03Z" }, "geometry": { "type": "Point", "coordinates": [ -99.171679532155395, 19.419815121218562 ] } },
{ "type": "Feature", "properties": { "track_fid": 0, "track_seg_id": 0, "track_seg_point_id": 117, "ele": 2261.39990234375, "time": "2025-03-17T17:25:08Z" }, "geometry": { "type": "Point", "coordinates": [ -99.171701325103641, 19.419823838397861 ] } },
{ "type": "Feature", "properties": { "track_fid": 0, "track_seg_id": 0, "track_seg_point_id": 118, "ele": 2261.800048828125, "time": "2025-03-17T17:25:19Z" }, "geometry": { "type": "Point", "coordinates": [ -99.171785144135356, 19.419819144532084 ] } },
{ "type": "Feature", "properties": { "track_fid": 0, "track_seg_id": 0, "track_seg_point_id": 119, "ele": 2261.800048828125, "time": "2025-03-17T17:25:25Z" }, "geometry": { "type": "Point", "coordinates": [ -99.171820431947708, 19.419814366847277 ] } },
{ "type": "Feature", "properties": { "track_fid": 0, "track_seg_id": 0, "track_seg_point_id": 120, "ele": 2262.199951171875, "time": "2025-03-17T17:25:36Z" }, "geometry": { "type": "Point", "coordinates": [ -99.171876087784767, 19.41981989890337 ] } },
{ "type": "Feature", "properties": { "track_fid": 0, "track_seg_id": 0, "track_seg_point_id": 121, "ele": 2262.199951171875, "time": "2025-03-17T17:25:47Z" }, "geometry": { "type": "Point", "coordinates": [ -99.171996871009469, 19.419746976345778 ] } },
{ "type": "Feature", "properties": { "track_fid": 0, "track_seg_id": 0, "track_seg_point_id": 122, "ele": 2264.60009765625, "time": "2025-03-17T17:25:53Z" }, "geometry": { "type": "Point", "coordinates": [ -99.172054370865226, 19.419727362692356 ] } },
{ "type": "Feature", "properties": { "track_fid": 0, "track_seg_id": 0, "track_seg_point_id": 123, "ele": 2265.0, "time": "2025-03-17T17:26:01Z" }, "geometry": { "type": "Point", "coordinates": [ -99.172137519344687, 19.419696852564812 ] } },
{ "type": "Feature", "properties": { "track_fid": 0, "track_seg_id": 0, "track_seg_point_id": 124, "ele": 2264.60009765625, "time": "2025-03-17T17:26:06Z" }, "geometry": { "type": "Point", "coordinates": [ -99.172148080542684, 19.41969039849937 ] } },
{ "type": "Feature", "properties": { "track_fid": 0, "track_seg_id": 0, "track_seg_point_id": 125, "ele": 2264.39990234375, "time": "2025-03-17T17:26:20Z" }, "geometry": { "type": "Point", "coordinates": [ -99.172146823257208, 19.419680088758469 ] } },
{ "type": "Feature", "properties": { "track_fid": 0, "track_seg_id": 0, "track_seg_point_id": 126, "ele": 2264.0, "time": "2025-03-17T17:26:31Z" }, "geometry": { "type": "Point", "coordinates": [ -99.172165850177407, 19.419673718512058 ] } },
{ "type": "Feature", "properties": { "track_fid": 0, "track_seg_id": 0, "track_seg_point_id": 127, "ele": 2264.0, "time": "2025-03-17T17:26:42Z" }, "geometry": { "type": "Point", "coordinates": [ -99.172166269272566, 19.419667264446616 ] } },
{ "type": "Feature", "properties": { "track_fid": 0, "track_seg_id": 0, "track_seg_point_id": 128, "ele": 2264.0, "time": "2025-03-17T17:26:59Z" }, "geometry": { "type": "Point", "coordinates": [ -99.172168616205454, 19.419664079323411 ] } },
{ "type": "Feature", "properties": { "track_fid": 0, "track_seg_id": 0, "track_seg_point_id": 129, "ele": 2263.0, "time": "2025-03-17T17:27:12Z" }, "geometry": { "type": "Point", "coordinates": [ -99.172148499637842, 19.419667599722743 ] } },
{ "type": "Feature", "properties": { "track_fid": 0, "track_seg_id": 0, "track_seg_point_id": 130, "ele": 2262.60009765625, "time": "2025-03-17T17:27:22Z" }, "geometry": { "type": "Point", "coordinates": [ -99.172144141048193, 19.419664246961474 ] } },
{ "type": "Feature", "properties": { "track_fid": 0, "track_seg_id": 0, "track_seg_point_id": 131, "ele": 2262.199951171875, "time": "2025-03-17T17:27:31Z" }, "geometry": { "type": "Point", "coordinates": [ -99.172134334221482, 19.419671958312392 ] } },
{ "type": "Feature", "properties": { "track_fid": 0, "track_seg_id": 0, "track_seg_point_id": 132, "ele": 2261.60009765625, "time": "2025-03-17T17:27:40Z" }, "geometry": { "type": "Point", "coordinates": [ -99.172128299251199, 19.419664917513728 ] } },
{ "type": "Feature", "properties": { "track_fid": 0, "track_seg_id": 0, "track_seg_point_id": 133, "ele": 2261.199951171875, "time": "2025-03-17T17:27:49Z" }, "geometry": { "type": "Point", "coordinates": [ -99.172130478546023, 19.419657541438937 ] } },
{ "type": "Feature", "properties": { "track_fid": 0, "track_seg_id": 0, "track_seg_point_id": 134, "ele": 2260.60009765625, "time": "2025-03-17T17:28:00Z" }, "geometry": { "type": "Point", "coordinates": [ -99.172123856842518, 19.419637341052294 ] } },
{ "type": "Feature", "properties": { "track_fid": 0, "track_seg_id": 0, "track_seg_point_id": 135, "ele": 2258.800048828125, "time": "2025-03-17T17:28:13Z" }, "geometry": { "type": "Point", "coordinates": [ -99.172100638970733, 19.419589564204216 ] } },
{ "type": "Feature", "properties": { "track_fid": 0, "track_seg_id": 0, "track_seg_point_id": 136, "ele": 2258.0, "time": "2025-03-17T17:28:24Z" }, "geometry": { "type": "Point", "coordinates": [ -99.17207264341414, 19.419590486213565 ] } },
{ "type": "Feature", "properties": { "track_fid": 0, "track_seg_id": 0, "track_seg_point_id": 137, "ele": 2257.60009765625, "time": "2025-03-17T17:28:32Z" }, "geometry": { "type": "Point", "coordinates": [ -99.172060657292604, 19.41959367133677 ] } },
{ "type": "Feature", "properties": { "track_fid": 0, "track_seg_id": 0, "track_seg_point_id": 138, "ele": 2257.39990234375, "time": "2025-03-17T17:28:43Z" }, "geometry": { "type": "Point", "coordinates": [ -99.172055460512638, 19.419592916965485 ] } },
{ "type": "Feature", "properties": { "track_fid": 0, "track_seg_id": 0, "track_seg_point_id": 139, "ele": 2257.199951171875, "time": "2025-03-17T17:28:55Z" }, "geometry": { "type": "Point", "coordinates": [ -99.17205361649394, 19.419586546719074 ] } },
{ "type": "Feature", "properties": { "track_fid": 0, "track_seg_id": 0, "track_seg_point_id": 140, "ele": 2257.199951171875, "time": "2025-03-17T17:29:09Z" }, "geometry": { "type": "Point", "coordinates": [ -99.17205068282783, 19.41958294250071 ] } },
{ "type": "Feature", "properties": { "track_fid": 0, "track_seg_id": 0, "track_seg_point_id": 141, "ele": 2256.800048828125, "time": "2025-03-17T17:29:22Z" }, "geometry": { "type": "Point", "coordinates": [ -99.172049341723323, 19.419576153159142 ] } },
{ "type": "Feature", "properties": { "track_fid": 0, "track_seg_id": 0, "track_seg_point_id": 142, "ele": 2256.60009765625, "time": "2025-03-17T17:29:33Z" }, "geometry": { "type": "Point", "coordinates": [ -99.172053867951035, 19.419568022713065 ] } },
{ "type": "Feature", "properties": { "track_fid": 0, "track_seg_id": 0, "track_seg_point_id": 143, "ele": 2256.39990234375, "time": "2025-03-17T17:29:47Z" }, "geometry": { "type": "Point", "coordinates": [ -99.172048084437847, 19.419562323018909 ] } },
{ "type": "Feature", "properties": { "track_fid": 0, "track_seg_id": 0, "track_seg_point_id": 144, "ele": 2256.199951171875, "time": "2025-03-17T17:30:04Z" }, "geometry": { "type": "Point", "coordinates": [ -99.172042133286595, 19.419553689658642 ] } },
{ "type": "Feature", "properties": { "track_fid": 0, "track_seg_id": 0, "track_seg_point_id": 145, "ele": 2256.0, "time": "2025-03-17T17:30:15Z" }, "geometry": { "type": "Point", "coordinates": [ -99.172034338116646, 19.419559556990862 ] } },
{ "type": "Feature", "properties": { "track_fid": 0, "track_seg_id": 0, "track_seg_point_id": 146, "ele": 2256.0, "time": "2025-03-17T17:30:30Z" }, "geometry": { "type": "Point", "coordinates": [ -99.172037355601788, 19.419556455686688 ] } },
{ "type": "Feature", "properties": { "track_fid": 0, "track_seg_id": 0, "track_seg_point_id": 147, "ele": 2256.0, "time": "2025-03-17T17:30:43Z" }, "geometry": { "type": "Point", "coordinates": [ -99.172039283439517, 19.419555282220244 ] } },
{ "type": "Feature", "properties": { "track_fid": 0, "track_seg_id": 0, "track_seg_point_id": 148, "ele": 2255.800048828125, "time": "2025-03-17T17:30:55Z" }, "geometry": { "type": "Point", "coordinates": [ -99.172036433592439, 19.41954773850739 ] } },
{ "type": "Feature", "properties": { "track_fid": 0, "track_seg_id": 0, "track_seg_point_id": 149, "ele": 2255.60009765625, "time": "2025-03-17T17:31:04Z" }, "geometry": { "type": "Point", "coordinates": [ -99.172041630372405, 19.41954187117517 ] } },
{ "type": "Feature", "properties": { "track_fid": 0, "track_seg_id": 0, "track_seg_point_id": 150, "ele": 2255.199951171875, "time": "2025-03-17T17:31:16Z" }, "geometry": { "type": "Point", "coordinates": [ -99.172049257904291, 19.419544721022248 ] } },
{ "type": "Feature", "properties": { "track_fid": 0, "track_seg_id": 0, "track_seg_point_id": 151, "ele": 2255.199951171875, "time": "2025-03-17T17:31:27Z" }, "geometry": { "type": "Point", "coordinates": [ -99.172047078609467, 19.419546481221914 ] } },
{ "type": "Feature", "properties": { "track_fid": 0, "track_seg_id": 0, "track_seg_point_id": 152, "ele": 2254.800048828125, "time": "2025-03-17T17:31:40Z" }, "geometry": { "type": "Point", "coordinates": [ -99.172054035589099, 19.419534578919411 ] } },
{ "type": "Feature", "properties": { "track_fid": 0, "track_seg_id": 0, "track_seg_point_id": 153, "ele": 2254.60009765625, "time": "2025-03-17T17:31:51Z" }, "geometry": { "type": "Point", "coordinates": [ -99.172060322016478, 19.419521922245622 ] } },
{ "type": "Feature", "properties": { "track_fid": 0, "track_seg_id": 0, "track_seg_point_id": 154, "ele": 2254.39990234375, "time": "2025-03-17T17:32:01Z" }, "geometry": { "type": "Point", "coordinates": [ -99.172062166035175, 19.419514881446958 ] } },
{ "type": "Feature", "properties": { "track_fid": 0, "track_seg_id": 0, "track_seg_point_id": 155, "ele": 2254.0, "time": "2025-03-17T17:32:14Z" }, "geometry": { "type": "Point", "coordinates": [ -99.17205797508359, 19.419513791799545 ] } },
{ "type": "Feature", "properties": { "track_fid": 0, "track_seg_id": 0, "track_seg_point_id": 156, "ele": 2253.39990234375, "time": "2025-03-17T17:32:28Z" }, "geometry": { "type": "Point", "coordinates": [ -99.172051437199116, 19.41952234134078 ] } },
{ "type": "Feature", "properties": { "track_fid": 0, "track_seg_id": 0, "track_seg_point_id": 157, "ele": 2253.199951171875, "time": "2025-03-17T17:32:54Z" }, "geometry": { "type": "Point", "coordinates": [ -99.172064261510968, 19.419519240036607 ] } },
{ "type": "Feature", "properties": { "track_fid": 0, "track_seg_id": 0, "track_seg_point_id": 158, "ele": 2232.39990234375, "time": "2025-03-17T17:37:05Z" }, "geometry": { "type": "Point", "coordinates": [ -99.172243718057871, 19.419725351035595 ] } },
{ "type": "Feature", "properties": { "track_fid": 0, "track_seg_id": 0, "track_seg_point_id": 159, "ele": 2232.39990234375, "time": "2025-03-17T17:37:13Z" }, "geometry": { "type": "Point", "coordinates": [ -99.172252435237169, 19.419688051566482 ] } },
{ "type": "Feature", "properties": { "track_fid": 0, "track_seg_id": 0, "track_seg_point_id": 160, "ele": 2232.199951171875, "time": "2025-03-17T17:37:21Z" }, "geometry": { "type": "Point", "coordinates": [ -99.172248160466552, 19.419683944433928 ] } },
{ "type": "Feature", "properties": { "track_fid": 0, "track_seg_id": 0, "track_seg_point_id": 161, "ele": 2232.199951171875, "time": "2025-03-17T17:37:37Z" }, "geometry": { "type": "Point", "coordinates": [ -99.172242460772395, 19.419679418206215 ] } },
{ "type": "Feature", "properties": { "track_fid": 0, "track_seg_id": 0, "track_seg_point_id": 162, "ele": 2232.39990234375, "time": "2025-03-17T17:37:48Z" }, "geometry": { "type": "Point", "coordinates": [ -99.17223634198308, 19.419684279710054 ] } },
{ "type": "Feature", "properties": { "track_fid": 0, "track_seg_id": 0, "track_seg_point_id": 163, "ele": 2232.800048828125, "time": "2025-03-17T17:38:05Z" }, "geometry": { "type": "Point", "coordinates": [ -99.172228379175067, 19.419693667441607 ] } },
{ "type": "Feature", "properties": { "track_fid": 0, "track_seg_id": 0, "track_seg_point_id": 164, "ele": 2233.0, "time": "2025-03-17T17:38:15Z" }, "geometry": { "type": "Point", "coordinates": [ -99.172213124111295, 19.419666845351458 ] } },
{ "type": "Feature", "properties": { "track_fid": 0, "track_seg_id": 0, "track_seg_point_id": 165, "ele": 2233.199951171875, "time": "2025-03-17T17:38:25Z" }, "geometry": { "type": "Point", "coordinates": [ -99.172207256779075, 19.419666258618236 ] } },
{ "type": "Feature", "properties": { "track_fid": 0, "track_seg_id": 0, "track_seg_point_id": 166, "ele": 2233.39990234375, "time": "2025-03-17T17:38:35Z" }, "geometry": { "type": "Point", "coordinates": [ -99.17220558039844, 19.419665168970823 ] } },
{ "type": "Feature", "properties": { "track_fid": 0, "track_seg_id": 0, "track_seg_point_id": 167, "ele": 2233.60009765625, "time": "2025-03-17T17:38:46Z" }, "geometry": { "type": "Point", "coordinates": [ -99.172202395275235, 19.419654775410891 ] } },
{ "type": "Feature", "properties": { "track_fid": 0, "track_seg_id": 0, "track_seg_point_id": 168, "ele": 2233.39990234375, "time": "2025-03-17T17:38:54Z" }, "geometry": { "type": "Point", "coordinates": [ -99.17220164090395, 19.419658798724413 ] } },
{ "type": "Feature", "properties": { "track_fid": 0, "track_seg_id": 0, "track_seg_point_id": 169, "ele": 2233.60009765625, "time": "2025-03-17T17:39:05Z" }, "geometry": { "type": "Point", "coordinates": [ -99.172206753864884, 19.419671874493361 ] } },
{ "type": "Feature", "properties": { "track_fid": 0, "track_seg_id": 0, "track_seg_point_id": 170, "ele": 2233.800048828125, "time": "2025-03-17T17:39:15Z" }, "geometry": { "type": "Point", "coordinates": [ -99.172198791056871, 19.4196732994169 ] } },
{ "type": "Feature", "properties": { "track_fid": 0, "track_seg_id": 0, "track_seg_point_id": 171, "ele": 2233.800048828125, "time": "2025-03-17T17:39:24Z" }, "geometry": { "type": "Point", "coordinates": [ -99.172202395275235, 19.419682519510388 ] } },
{ "type": "Feature", "properties": { "track_fid": 0, "track_seg_id": 0, "track_seg_point_id": 172, "ele": 2234.0, "time": "2025-03-17T17:39:37Z" }, "geometry": { "type": "Point", "coordinates": [ -99.172209687530994, 19.419684363529086 ] } },
{ "type": "Feature", "properties": { "track_fid": 0, "track_seg_id": 0, "track_seg_point_id": 173, "ele": 2234.199951171875, "time": "2025-03-17T17:39:48Z" }, "geometry": { "type": "Point", "coordinates": [ -99.172210358083248, 19.41968159750104 ] } },
{ "type": "Feature", "properties": { "track_fid": 0, "track_seg_id": 0, "track_seg_point_id": 174, "ele": 2234.199951171875, "time": "2025-03-17T17:39:59Z" }, "geometry": { "type": "Point", "coordinates": [ -99.172194851562381, 19.419683273881674 ] } },
{ "type": "Feature", "properties": { "track_fid": 0, "track_seg_id": 0, "track_seg_point_id": 175, "ele": 2234.39990234375, "time": "2025-03-17T17:40:11Z" }, "geometry": { "type": "Point", "coordinates": [ -99.172190660610795, 19.419680843129754 ] } },
{ "type": "Feature", "properties": { "track_fid": 0, "track_seg_id": 0, "track_seg_point_id": 176, "ele": 2234.60009765625, "time": "2025-03-17T17:40:30Z" }, "geometry": { "type": "Point", "coordinates": [ -99.172180686146021, 19.419675227254629 ] } },
{ "type": "Feature", "properties": { "track_fid": 0, "track_seg_id": 0, "track_seg_point_id": 177, "ele": 2234.800048828125, "time": "2025-03-17T17:40:44Z" }, "geometry": { "type": "Point", "coordinates": [ -99.172180518507957, 19.419666929170489 ] } },
{ "type": "Feature", "properties": { "track_fid": 0, "track_seg_id": 0, "track_seg_point_id": 178, "ele": 2235.0, "time": "2025-03-17T17:40:59Z" }, "geometry": { "type": "Point", "coordinates": [ -99.172174399718642, 19.419650919735432 ] } },
{ "type": "Feature", "properties": { "track_fid": 0, "track_seg_id": 0, "track_seg_point_id": 179, "ele": 2235.0, "time": "2025-03-17T17:41:10Z" }, "geometry": { "type": "Point", "coordinates": [ -99.172172136604786, 19.419649997726083 ] } },
{ "type": "Feature", "properties": { "track_fid": 0, "track_seg_id": 0, "track_seg_point_id": 180, "ele": 2235.199951171875, "time": "2025-03-17T17:41:25Z" }, "geometry": { "type": "Point", "coordinates": [ -99.172173058614135, 19.419644046574831 ] } },
{ "type": "Feature", "properties": { "track_fid": 0, "track_seg_id": 0, "track_seg_point_id": 181, "ele": 2235.39990234375, "time": "2025-03-17T17:41:41Z" }, "geometry": { "type": "Point", "coordinates": [ -99.172176830470562, 19.41965326666832 ] } },
{ "type": "Feature", "properties": { "track_fid": 0, "track_seg_id": 0, "track_seg_point_id": 182, "ele": 2235.60009765625, "time": "2025-03-17T17:41:56Z" }, "geometry": { "type": "Point", "coordinates": [ -99.172165766358376, 19.419654523953795 ] } },
{ "type": "Feature", "properties": { "track_fid": 0, "track_seg_id": 0, "track_seg_point_id": 183, "ele": 2235.60009765625, "time": "2025-03-17T17:42:06Z" }, "geometry": { "type": "Point", "coordinates": [ -99.172157132998109, 19.419655278325081 ] } },
{ "type": "Feature", "properties": { "track_fid": 0, "track_seg_id": 0, "track_seg_point_id": 184, "ele": 2235.800048828125, "time": "2025-03-17T17:42:23Z" }, "geometry": { "type": "Point", "coordinates": [ -99.172150259837508, 19.419650249183178 ] } },
{ "type": "Feature", "properties": { "track_fid": 0, "track_seg_id": 0, "track_seg_point_id": 185, "ele": 2236.0, "time": "2025-03-17T17:42:36Z" }, "geometry": { "type": "Point", "coordinates": [ -99.17214497923851, 19.419650752097368 ] } },
{ "type": "Feature", "properties": { "track_fid": 0, "track_seg_id": 0, "track_seg_point_id": 186, "ele": 2236.0, "time": "2025-03-17T17:42:50Z" }, "geometry": { "type": "Point", "coordinates": [ -99.172137770801783, 19.419659050181508 ] } },
{ "type": "Feature", "properties": { "track_fid": 0, "track_seg_id": 0, "track_seg_point_id": 187, "ele": 2236.0, "time": "2025-03-17T17:43:00Z" }, "geometry": { "type": "Point", "coordinates": [ -99.172138776630163, 19.419657373800874 ] } },
{ "type": "Feature", "properties": { "track_fid": 0, "track_seg_id": 0, "track_seg_point_id": 188, "ele": 2236.0, "time": "2025-03-17T17:43:12Z" }, "geometry": { "type": "Point", "coordinates": [ -99.172144057229161, 19.4196542724967 ] } },
{ "type": "Feature", "properties": { "track_fid": 0, "track_seg_id": 0, "track_seg_point_id": 189, "ele": 2236.199951171875, "time": "2025-03-17T17:43:25Z" }, "geometry": { "type": "Point", "coordinates": [ -99.172152187675238, 19.419646393507719 ] } },
{ "type": "Feature", "properties": { "track_fid": 0, "track_seg_id": 0, "track_seg_point_id": 190, "ele": 2236.39990234375, "time": "2025-03-17T17:43:38Z" }, "geometry": { "type": "Point", "coordinates": [ -99.172150176018476, 19.419635664671659 ] } },
{ "type": "Feature", "properties": { "track_fid": 0, "track_seg_id": 0, "track_seg_point_id": 191, "ele": 2236.39990234375, "time": "2025-03-17T17:43:52Z" }, "geometry": { "type": "Point", "coordinates": [ -99.172139447182417, 19.419639771804214 ] } },
{ "type": "Feature", "properties": { "track_fid": 0, "track_seg_id": 0, "track_seg_point_id": 192, "ele": 2236.39990234375, "time": "2025-03-17T17:44:01Z" }, "geometry": { "type": "Point", "coordinates": [ -99.172141961753368, 19.419640190899372 ] } },
{ "type": "Feature", "properties": { "track_fid": 0, "track_seg_id": 0, "track_seg_point_id": 193, "ele": 2236.199951171875, "time": "2025-03-17T17:44:16Z" }, "geometry": { "type": "Point", "coordinates": [ -99.172139279544353, 19.419632479548454 ] } },
{ "type": "Feature", "properties": { "track_fid": 0, "track_seg_id": 0, "track_seg_point_id": 194, "ele": 2236.39990234375, "time": "2025-03-17T17:44:30Z" }, "geometry": { "type": "Point", "coordinates": [ -99.172138022258878, 19.419630467891693 ] } },
{ "type": "Feature", "properties": { "track_fid": 0, "track_seg_id": 0, "track_seg_point_id": 195, "ele": 2236.800048828125, "time": "2025-03-17T17:44:48Z" }, "geometry": { "type": "Point", "coordinates": [ -99.172127041965723, 19.419633150100708 ] } },
{ "type": "Feature", "properties": { "track_fid": 0, "track_seg_id": 0, "track_seg_point_id": 196, "ele": 2236.800048828125, "time": "2025-03-17T17:44:59Z" }, "geometry": { "type": "Point", "coordinates": [ -99.172134669497609, 19.419637592509389 ] } },
{ "type": "Feature", "properties": { "track_fid": 0, "track_seg_id": 0, "track_seg_point_id": 197, "ele": 2236.800048828125, "time": "2025-03-17T17:45:15Z" }, "geometry": { "type": "Point", "coordinates": [ -99.172137938439846, 19.419635748490691 ] } },
{ "type": "Feature", "properties": { "track_fid": 0, "track_seg_id": 0, "track_seg_point_id": 198, "ele": 2236.60009765625, "time": "2025-03-17T17:45:30Z" }, "geometry": { "type": "Point", "coordinates": [ -99.172170292586088, 19.419606160372496 ] } },
{ "type": "Feature", "properties": { "track_fid": 0, "track_seg_id": 0, "track_seg_point_id": 199, "ele": 2236.60009765625, "time": "2025-03-17T17:45:43Z" }, "geometry": { "type": "Point", "coordinates": [ -99.172181524336338, 19.419601047411561 ] } },
{ "type": "Feature", "properties": { "track_fid": 0, "track_seg_id": 0, "track_seg_point_id": 200, "ele": 2236.0, "time": "2025-03-17T17:45:59Z" }, "geometry": { "type": "Point", "coordinates": [ -99.172145063057542, 19.419593336060643 ] } },
{ "type": "Feature", "properties": { "track_fid": 0, "track_seg_id": 0, "track_seg_point_id": 201, "ele": 2235.60009765625, "time": "2025-03-17T17:46:07Z" }, "geometry": { "type": "Point", "coordinates": [ -99.17213274165988, 19.419604232534766 ] } },
{ "type": "Feature", "properties": { "track_fid": 0, "track_seg_id": 0, "track_seg_point_id": 202, "ele": 2235.60009765625, "time": "2025-03-17T17:46:17Z" }, "geometry": { "type": "Point", "coordinates": [ -99.172134250402451, 19.419599371030927 ] } },
{ "type": "Feature", "properties": { "track_fid": 0, "track_seg_id": 0, "track_seg_point_id": 203, "ele": 2235.800048828125, "time": "2025-03-17T17:46:29Z" }, "geometry": { "type": "Point", "coordinates": [ -99.172157887369394, 19.419588390737772 ] } },
{ "type": "Feature", "properties": { "track_fid": 0, "track_seg_id": 0, "track_seg_point_id": 204, "ele": 2236.39990234375, "time": "2025-03-17T17:46:42Z" }, "geometry": { "type": "Point", "coordinates": [ -99.172256626188755, 19.419591575860977 ] } },
{ "type": "Feature", "properties": { "track_fid": 0, "track_seg_id": 0, "track_seg_point_id": 205, "ele": 2237.800048828125, "time": "2025-03-17T17:46:52Z" }, "geometry": { "type": "Point", "coordinates": [ -99.172392329201102, 19.419656619429588 ] } },
{ "type": "Feature", "properties": { "track_fid": 0, "track_seg_id": 0, "track_seg_point_id": 206, "ele": 2238.39990234375, "time": "2025-03-17T17:46:54Z" }, "geometry": { "type": "Point", "coordinates": [ -99.172421749681234, 19.419655194506049 ] } },
{ "type": "Feature", "properties": { "track_fid": 0, "track_seg_id": 0, "track_seg_point_id": 207, "ele": 2240.0, "time": "2025-03-17T17:46:58Z" }, "geometry": { "type": "Point", "coordinates": [ -99.172458546236157, 19.419569447636604 ] } },
{ "type": "Feature", "properties": { "track_fid": 0, "track_seg_id": 0, "track_seg_point_id": 208, "ele": 2243.39990234375, "time": "2025-03-17T17:47:02Z" }, "geometry": { "type": "Point", "coordinates": [ -99.172584693878889, 19.419525945559144 ] } },
{ "type": "Feature", "properties": { "track_fid": 0, "track_seg_id": 0, "track_seg_point_id": 209, "ele": 2245.39990234375, "time": "2025-03-17T17:47:04Z" }, "geometry": { "type": "Point", "coordinates": [ -99.172608498483896, 19.419495519250631 ] } },
{ "type": "Feature", "properties": { "track_fid": 0, "track_seg_id": 0, "track_seg_point_id": 210, "ele": 2246.800048828125, "time": "2025-03-17T17:47:12Z" }, "geometry": { "type": "Point", "coordinates": [ -99.172647641971707, 19.419357888400555 ] } },
{ "type": "Feature", "properties": { "track_fid": 0, "track_seg_id": 0, "track_seg_point_id": 211, "ele": 2254.199951171875, "time": "2025-03-17T17:47:18Z" }, "geometry": { "type": "Point", "coordinates": [ -99.172585951164365, 19.419318241998553 ] } },
{ "type": "Feature", "properties": { "track_fid": 0, "track_seg_id": 0, "track_seg_point_id": 212, "ele": 2255.60009765625, "time": "2025-03-17T17:47:19Z" }, "geometry": { "type": "Point", "coordinates": [ -99.172587795183063, 19.419314470142126 ] } },
{ "type": "Feature", "properties": { "track_fid": 0, "track_seg_id": 0, "track_seg_point_id": 213, "ele": 2258.60009765625, "time": "2025-03-17T17:47:22Z" }, "geometry": { "type": "Point", "coordinates": [ -99.172581844031811, 19.419302986934781 ] } },
{ "type": "Feature", "properties": { "track_fid": 0, "track_seg_id": 0, "track_seg_point_id": 214, "ele": 2260.800048828125, "time": "2025-03-17T17:47:29Z" }, "geometry": { "type": "Point", "coordinates": [ -99.17258963920176, 19.419275661930442 ] } },
{ "type": "Feature", "properties": { "track_fid": 0, "track_seg_id": 0, "track_seg_point_id": 215, "ele": 2261.0, "time": "2025-03-17T17:47:38Z" }, "geometry": { "type": "Point", "coordinates": [ -99.172580922022462, 19.419251689687371 ] } },
{ "type": "Feature", "properties": { "track_fid": 0, "track_seg_id": 0, "track_seg_point_id": 216, "ele": 2261.800048828125, "time": "2025-03-17T17:47:49Z" }, "geometry": { "type": "Point", "coordinates": [ -99.172533145174384, 19.419166361913085 ] } },
{ "type": "Feature", "properties": { "track_fid": 0, "track_seg_id": 0, "track_seg_point_id": 217, "ele": 2262.0, "time": "2025-03-17T17:47:57Z" }, "geometry": { "type": "Point", "coordinates": [ -99.172535659745336, 19.419160578399897 ] } },
{ "type": "Feature", "properties": { "track_fid": 0, "track_seg_id": 0, "track_seg_point_id": 218, "ele": 2262.199951171875, "time": "2025-03-17T17:48:11Z" }, "geometry": { "type": "Point", "coordinates": [ -99.172464078292251, 19.41904348321259 ] } },
{ "type": "Feature", "properties": { "track_fid": 0, "track_seg_id": 0, "track_seg_point_id": 219, "ele": 2262.60009765625, "time": "2025-03-17T17:48:14Z" }, "geometry": { "type": "Point", "coordinates": [ -99.172455528751016, 19.418984055519104 ] } },
{ "type": "Feature", "properties": { "track_fid": 0, "track_seg_id": 0, "track_seg_point_id": 220, "ele": 2262.39990234375, "time": "2025-03-17T17:48:16Z" }, "geometry": { "type": "Point", "coordinates": [ -99.172476651147008, 19.418951282277703 ] } },
{ "type": "Feature", "properties": { "track_fid": 0, "track_seg_id": 0, "track_seg_point_id": 221, "ele": 2261.60009765625, "time": "2025-03-17T17:48:23Z" }, "geometry": { "type": "Point", "coordinates": [ -99.172593075782061, 19.41881088539958 ] } },
{ "type": "Feature", "properties": { "track_fid": 0, "track_seg_id": 0, "track_seg_point_id": 222, "ele": 2259.800048828125, "time": "2025-03-17T17:48:29Z" }, "geometry": { "type": "Point", "coordinates": [ -99.172771945595741, 19.41872538998723 ] } },
{ "type": "Feature", "properties": { "track_fid": 0, "track_seg_id": 0, "track_seg_point_id": 223, "ele": 2260.0, "time": "2025-03-17T17:48:33Z" }, "geometry": { "type": "Point", "coordinates": [ -99.172871019691229, 19.418686917051673 ] } },
{ "type": "Feature", "properties": { "track_fid": 0, "track_seg_id": 0, "track_seg_point_id": 224, "ele": 2260.0, "time": "2025-03-17T17:48:34Z" }, "geometry": { "type": "Point", "coordinates": [ -99.172882921993732, 19.418677529320121 ] } },
{ "type": "Feature", "properties": { "track_fid": 0, "track_seg_id": 0, "track_seg_point_id": 225, "ele": 2260.199951171875, "time": "2025-03-17T17:48:37Z" }, "geometry": { "type": "Point", "coordinates": [ -99.172918125987053, 19.418644169345498 ] } },
{ "type": "Feature", "properties": { "track_fid": 0, "track_seg_id": 0, "track_seg_point_id": 226, "ele": 2260.39990234375, "time": "2025-03-17T17:48:39Z" }, "geometry": { "type": "Point", "coordinates": [ -99.172944445163012, 19.418622795492411 ] } },
{ "type": "Feature", "properties": { "track_fid": 0, "track_seg_id": 0, "track_seg_point_id": 227, "ele": 2260.800048828125, "time": "2025-03-17T17:48:46Z" }, "geometry": { "type": "Point", "coordinates": [ -99.173110658302903, 19.418514668941498 ] } },
{ "type": "Feature", "properties": { "track_fid": 0, "track_seg_id": 0, "track_seg_point_id": 228, "ele": 2255.800048828125, "time": "2025-03-17T17:48:54Z" }, "geometry": { "type": "Point", "coordinates": [ -99.17339145205915, 19.418444931507111 ] } },
{ "type": "Feature", "properties": { "track_fid": 0, "track_seg_id": 0, "track_seg_point_id": 229, "ele": 2253.800048828125, "time": "2025-03-17T17:49:00Z" }, "geometry": { "type": "Point", "coordinates": [ -99.1735580842942, 19.418449625372887 ] } },
{ "type": "Feature", "properties": { "track_fid": 0, "track_seg_id": 0, "track_seg_point_id": 230, "ele": 2254.60009765625, "time": "2025-03-17T17:49:09Z" }, "geometry": { "type": "Point", "coordinates": [ -99.173784395679832, 19.418384581804276 ] } },
{ "type": "Feature", "properties": { "track_fid": 0, "track_seg_id": 0, "track_seg_point_id": 231, "ele": 2255.199951171875, "time": "2025-03-17T17:49:14Z" }, "geometry": { "type": "Point", "coordinates": [ -99.173980364575982, 19.418343594297767 ] } },
{ "type": "Feature", "properties": { "track_fid": 0, "track_seg_id": 0, "track_seg_point_id": 232, "ele": 2259.0, "time": "2025-03-17T17:49:20Z" }, "geometry": { "type": "Point", "coordinates": [ -99.174205418676138, 19.418305875733495 ] } },
{ "type": "Feature", "properties": { "track_fid": 0, "track_seg_id": 0, "track_seg_point_id": 233, "ele": 2261.39990234375, "time": "2025-03-17T17:49:26Z" }, "geometry": { "type": "Point", "coordinates": [ -99.174340534955263, 19.418285759165883 ] } },
{ "type": "Feature", "properties": { "track_fid": 0, "track_seg_id": 0, "track_seg_point_id": 234, "ele": 2261.60009765625, "time": "2025-03-17T17:49:27Z" }, "geometry": { "type": "Point", "coordinates": [ -99.174347827211022, 19.418289447203279 ] } },
{ "type": "Feature", "properties": { "track_fid": 0, "track_seg_id": 0, "track_seg_point_id": 235, "ele": 2262.0, "time": "2025-03-17T17:49:29Z" }, "geometry": { "type": "Point", "coordinates": [ -99.174359058961272, 19.418294476345181 ] } },
{ "type": "Feature", "properties": { "track_fid": 0, "track_seg_id": 0, "track_seg_point_id": 236, "ele": 2262.199951171875, "time": "2025-03-17T17:49:34Z" }, "geometry": { "type": "Point", "coordinates": [ -99.174375655129552, 19.418307384476066 ] } },
{ "type": "Feature", "properties": { "track_fid": 0, "track_seg_id": 0, "track_seg_point_id": 237, "ele": 2262.60009765625, "time": "2025-03-17T17:49:42Z" }, "geometry": { "type": "Point", "coordinates": [ -99.174374649301171, 19.418312497437 ] } },
{ "type": "Feature", "properties": { "track_fid": 0, "track_seg_id": 0, "track_seg_point_id": 238, "ele": 2262.800048828125, "time": "2025-03-17T17:49:54Z" }, "geometry": { "type": "Point", "coordinates": [ -99.174378337338567, 19.418307971209288 ] } },
{ "type": "Feature", "properties": { "track_fid": 0, "track_seg_id": 0, "track_seg_point_id": 239, "ele": 2263.0, "time": "2025-03-17T17:50:04Z" }, "geometry": { "type": "Point", "coordinates": [ -99.174388479441404, 19.418293051421642 ] } },
{ "type": "Feature", "properties": { "track_fid": 0, "track_seg_id": 0, "track_seg_point_id": 240, "ele": 2262.800048828125, "time": "2025-03-17T17:50:13Z" }, "geometry": { "type": "Point", "coordinates": [ -99.174398118630052, 19.418287184089422 ] } },
{ "type": "Feature", "properties": { "track_fid": 0, "track_seg_id": 0, "track_seg_point_id": 241, "ele": 2262.800048828125, "time": "2025-03-17T17:50:24Z" }, "geometry": { "type": "Point", "coordinates": [ -99.174398789182305, 19.418292883783579 ] } },
{ "type": "Feature", "properties": { "track_fid": 0, "track_seg_id": 0, "track_seg_point_id": 242, "ele": 2262.800048828125, "time": "2025-03-17T17:50:38Z" }, "geometry": { "type": "Point", "coordinates": [ -99.174399962648749, 19.4183056242764 ] } },
{ "type": "Feature", "properties": { "track_fid": 0, "track_seg_id": 0, "track_seg_point_id": 243, "ele": 2263.39990234375, "time": "2025-03-17T17:50:48Z" }, "geometry": { "type": "Point", "coordinates": [ -99.174407422542572, 19.418307971209288 ] } },
{ "type": "Feature", "properties": { "track_fid": 0, "track_seg_id": 0, "track_seg_point_id": 244, "ele": 2263.800048828125, "time": "2025-03-17T17:50:55Z" }, "geometry": { "type": "Point", "coordinates": [ -99.174429718405008, 19.418305791914463 ] } },
{ "type": "Feature", "properties": { "track_fid": 0, "track_seg_id": 0, "track_seg_point_id": 245, "ele": 2263.800048828125, "time": "2025-03-17T17:51:02Z" }, "geometry": { "type": "Point", "coordinates": [ -99.174432652071118, 19.418305791914463 ] } },
{ "type": "Feature", "properties": { "track_fid": 0, "track_seg_id": 0, "track_seg_point_id": 246, "ele": 2263.800048828125, "time": "2025-03-17T17:51:17Z" }, "geometry": { "type": "Point", "coordinates": [ -99.17444346472621, 19.418304283171892 ] } },
{ "type": "Feature", "properties": { "track_fid": 0, "track_seg_id": 0, "track_seg_point_id": 247, "ele": 2263.60009765625, "time": "2025-03-17T17:51:30Z" }, "geometry": { "type": "Point", "coordinates": [ -99.174472633749247, 19.418300595134497 ] } },
{ "type": "Feature", "properties": { "track_fid": 0, "track_seg_id": 0, "track_seg_point_id": 248, "ele": 2263.60009765625, "time": "2025-03-17T17:51:42Z" }, "geometry": { "type": "Point", "coordinates": [ -99.174471376463771, 19.41829975694418 ] } },
{ "type": "Feature", "properties": { "track_fid": 0, "track_seg_id": 0, "track_seg_point_id": 249, "ele": 2263.800048828125, "time": "2025-03-17T17:51:57Z" }, "geometry": { "type": "Point", "coordinates": [ -99.174468442797661, 19.418299924582243 ] } },
{ "type": "Feature", "properties": { "track_fid": 0, "track_seg_id": 0, "track_seg_point_id": 250, "ele": 2263.60009765625, "time": "2025-03-17T17:52:08Z" }, "geometry": { "type": "Point", "coordinates": [ -99.174469280987978, 19.41829833202064 ] } },
{ "type": "Feature", "properties": { "track_fid": 0, "track_seg_id": 0, "track_seg_point_id": 251, "ele": 2263.39990234375, "time": "2025-03-17T17:52:21Z" }, "geometry": { "type": "Point", "coordinates": [ -99.174477495253086, 19.418294643983245 ] } },
{ "type": "Feature", "properties": { "track_fid": 0, "track_seg_id": 0, "track_seg_point_id": 252, "ele": 2263.39990234375, "time": "2025-03-17T17:52:35Z" }, "geometry": { "type": "Point", "coordinates": [ -99.174480764195323, 19.418295482173562 ] } },
{ "type": "Feature", "properties": { "track_fid": 0, "track_seg_id": 0, "track_seg_point_id": 253, "ele": 2265.199951171875, "time": "2025-03-17T17:52:47Z" }, "geometry": { "type": "Point", "coordinates": [ -99.174552345648408, 19.418280059471726 ] } },
{ "type": "Feature", "properties": { "track_fid": 0, "track_seg_id": 0, "track_seg_point_id": 254, "ele": 2265.39990234375, "time": "2025-03-17T17:52:48Z" }, "geometry": { "type": "Point", "coordinates": [ -99.174571875482798, 19.41827536560595 ] } },
{ "type": "Feature", "properties": { "track_fid": 0, "track_seg_id": 0, "track_seg_point_id": 255, "ele": 2266.39990234375, "time": "2025-03-17T17:52:53Z" }, "geometry": { "type": "Point", "coordinates": [ -99.174683354794979, 19.418206717818975 ] } },
{ "type": "Feature", "properties": { "track_fid": 0, "track_seg_id": 0, "track_seg_point_id": 256, "ele": 2265.60009765625, "time": "2025-03-17T17:52:59Z" }, "geometry": { "type": "Point", "coordinates": [ -99.174849232658744, 19.418108062818646 ] } },
{ "type": "Feature", "properties": { "track_fid": 0, "track_seg_id": 0, "track_seg_point_id": 257, "ele": 2263.199951171875, "time": "2025-03-17T17:53:05Z" }, "geometry": { "type": "Point", "coordinates": [ -99.174992982298136, 19.417982250452042 ] } },
{ "type": "Feature", "properties": { "track_fid": 0, "track_seg_id": 0, "track_seg_point_id": 258, "ele": 2261.800048828125, "time": "2025-03-17T17:53:09Z" }, "geometry": { "type": "Point", "coordinates": [ -99.175046375021338, 19.417939921841025 ] } },
{ "type": "Feature", "properties": { "track_fid": 0, "track_seg_id": 0, "track_seg_point_id": 259, "ele": 2261.800048828125, "time": "2025-03-17T17:53:10Z" }, "geometry": { "type": "Point", "coordinates": [ -99.17505819350481, 19.417931456118822 ] } },
{ "type": "Feature", "properties": { "track_fid": 0, "track_seg_id": 0, "track_seg_point_id": 260, "ele": 2261.199951171875, "time": "2025-03-17T17:53:12Z" }, "geometry": { "type": "Point", "coordinates": [ -99.17508409358561, 19.417909495532513 ] } },
{ "type": "Feature", "properties": { "track_fid": 0, "track_seg_id": 0, "track_seg_point_id": 261, "ele": 2258.800048828125, "time": "2025-03-17T17:53:15Z" }, "geometry": { "type": "Point", "coordinates": [ -99.175165733322501, 19.417845038697124 ] } },
{ "type": "Feature", "properties": { "track_fid": 0, "track_seg_id": 0, "track_seg_point_id": 262, "ele": 2256.800048828125, "time": "2025-03-17T17:53:20Z" }, "geometry": { "type": "Point", "coordinates": [ -99.175241841003299, 19.417764823883772 ] } },
{ "type": "Feature", "properties": { "track_fid": 0, "track_seg_id": 0, "track_seg_point_id": 263, "ele": 2256.199951171875, "time": "2025-03-17T17:53:23Z" }, "geometry": { "type": "Point", "coordinates": [ -99.175275787711143, 19.417710257694125 ] } },
{ "type": "Feature", "properties": { "track_fid": 0, "track_seg_id": 0, "track_seg_point_id": 264, "ele": 2256.0, "time": "2025-03-17T17:53:26Z" }, "geometry": { "type": "Point", "coordinates": [ -99.175303196534514, 19.417628617957234 ] } },
{ "type": "Feature", "properties": { "track_fid": 0, "track_seg_id": 0, "track_seg_point_id": 265, "ele": 2253.199951171875, "time": "2025-03-17T17:53:33Z" }, "geometry": { "type": "Point", "coordinates": [ -99.175377879291773, 19.417485874146223 ] } },
{ "type": "Feature", "properties": { "track_fid": 0, "track_seg_id": 0, "track_seg_point_id": 266, "ele": 2249.199951171875, "time": "2025-03-17T17:53:38Z" }, "geometry": { "type": "Point", "coordinates": [ -99.175401516258717, 19.417384034022689 ] } },
{ "type": "Feature", "properties": { "track_fid": 0, "track_seg_id": 0, "track_seg_point_id": 267, "ele": 2248.39990234375, "time": "2025-03-17T17:53:39Z" }, "geometry": { "type": "Point", "coordinates": [ -99.175411071628332, 19.417349919676781 ] } },
{ "type": "Feature", "properties": { "track_fid": 0, "track_seg_id": 0, "track_seg_point_id": 268, "ele": 2247.800048828125, "time": "2025-03-17T17:53:40Z" }, "geometry": { "type": "Point", "coordinates": [ -99.175407718867064, 19.417322427034378 ] } },
{ "type": "Feature", "properties": { "track_fid": 0, "track_seg_id": 0, "track_seg_point_id": 269, "ele": 2245.199951171875, "time": "2025-03-17T17:53:44Z" }, "geometry": { "type": "Point", "coordinates": [ -99.17548474855721, 19.417205331847072 ] } },
{ "type": "Feature", "properties": { "track_fid": 0, "track_seg_id": 0, "track_seg_point_id": 270, "ele": 2245.199951171875, "time": "2025-03-17T17:53:49Z" }, "geometry": { "type": "Point", "coordinates": [ -99.175592958927155, 19.416989246383309 ] } },
{ "type": "Feature", "properties": { "track_fid": 0, "track_seg_id": 0, "track_seg_point_id": 271, "ele": 2244.0, "time": "2025-03-17T17:53:55Z" }, "geometry": { "type": "Point", "coordinates": [ -99.175748778507113, 19.416792942211032 ] } },
{ "type": "Feature", "properties": { "track_fid": 0, "track_seg_id": 0, "track_seg_point_id": 272, "ele": 2240.60009765625, "time": "2025-03-17T17:54:00Z" }, "geometry": { "type": "Point", "coordinates": [ -99.175837878137827, 19.416681630536914 ] } },
{ "type": "Feature", "properties": { "track_fid": 0, "track_seg_id": 0, "track_seg_point_id": 273, "ele": 2238.800048828125, "time": "2025-03-17T17:54:05Z" }, "geometry": { "type": "Point", "coordinates": [ -99.175928989425302, 19.416581969708204 ] } },
{ "type": "Feature", "properties": { "track_fid": 0, "track_seg_id": 0, "track_seg_point_id": 274, "ele": 2232.39990234375, "time": "2025-03-17T17:54:13Z" }, "geometry": { "type": "Point", "coordinates": [ -99.175969390198588, 19.416403686627746 ] } },
{ "type": "Feature", "properties": { "track_fid": 0, "track_seg_id": 0, "track_seg_point_id": 275, "ele": 2229.800048828125, "time": "2025-03-17T17:54:15Z" }, "geometry": { "type": "Point", "coordinates": [ -99.175999397411942, 19.416347527876496 ] } },
{ "type": "Feature", "properties": { "track_fid": 0, "track_seg_id": 0, "track_seg_point_id": 276, "ele": 2227.199951171875, "time": "2025-03-17T17:54:18Z" }, "geometry": { "type": "Point", "coordinates": [ -99.176056897267699, 19.416253734380007 ] } },
{ "type": "Feature", "properties": { "track_fid": 0, "track_seg_id": 0, "track_seg_point_id": 277, "ele": 2227.800048828125, "time": "2025-03-17T17:54:25Z" }, "geometry": { "type": "Point", "coordinates": [ -99.176121773198247, 19.416096992790699 ] } },
{ "type": "Feature", "properties": { "track_fid": 0, "track_seg_id": 0, "track_seg_point_id": 278, "ele": 2228.199951171875, "time": "2025-03-17T17:54:26Z" }, "geometry": { "type": "Point", "coordinates": [ -99.17613317258656, 19.416088778525591 ] } },
{ "type": "Feature", "properties": { "track_fid": 0, "track_seg_id": 0, "track_seg_point_id": 279, "ele": 2231.60009765625, "time": "2025-03-17T17:54:28Z" }, "geometry": { "type": "Point", "coordinates": [ -99.176136190071702, 19.416075870394707 ] } },
{ "type": "Feature", "properties": { "track_fid": 0, "track_seg_id": 0, "track_seg_point_id": 280, "ele": 2232.199951171875, "time": "2025-03-17T17:54:29Z" }, "geometry": { "type": "Point", "coordinates": [ -99.176140464842319, 19.416074277833104 ] } },
{ "type": "Feature", "properties": { "track_fid": 0, "track_seg_id": 0, "track_seg_point_id": 281, "ele": 2233.60009765625, "time": "2025-03-17T17:54:33Z" }, "geometry": { "type": "Point", "coordinates": [ -99.17615027166903, 19.416063381358981 ] } },
{ "type": "Feature", "properties": { "track_fid": 0, "track_seg_id": 0, "track_seg_point_id": 282, "ele": 2233.39990234375, "time": "2025-03-17T17:54:40Z" }, "geometry": { "type": "Point", "coordinates": [ -99.176153540611267, 19.416056927293539 ] } },
{ "type": "Feature", "properties": { "track_fid": 0, "track_seg_id": 0, "track_seg_point_id": 283, "ele": 2233.60009765625, "time": "2025-03-17T17:54:51Z" }, "geometry": { "type": "Point", "coordinates": [ -99.176158737391233, 19.416047120466828 ] } },
{ "type": "Feature", "properties": { "track_fid": 0, "track_seg_id": 0, "track_seg_point_id": 284, "ele": 2233.60009765625, "time": "2025-03-17T17:55:05Z" }, "geometry": { "type": "Point", "coordinates": [ -99.176173489540815, 19.416016275063157 ] } },
{ "type": "Feature", "properties": { "track_fid": 0, "track_seg_id": 0, "track_seg_point_id": 285, "ele": 2233.800048828125, "time": "2025-03-17T17:55:19Z" }, "geometry": { "type": "Point", "coordinates": [ -99.176176255568862, 19.416009988635778 ] } },
{ "type": "Feature", "properties": { "track_fid": 0, "track_seg_id": 0, "track_seg_point_id": 286, "ele": 2234.60009765625, "time": "2025-03-17T17:55:32Z" }, "geometry": { "type": "Point", "coordinates": [ -99.1762675344944, 19.415919296443462 ] } },
{ "type": "Feature", "properties": { "track_fid": 0, "track_seg_id": 0, "track_seg_point_id": 287, "ele": 2238.0, "time": "2025-03-17T17:55:37Z" }, "geometry": { "type": "Point", "coordinates": [ -99.176348252221942, 19.415784599259496 ] } },
{ "type": "Feature", "properties": { "track_fid": 0, "track_seg_id": 0, "track_seg_point_id": 288, "ele": 2244.800048828125, "time": "2025-03-17T17:55:43Z" }, "geometry": { "type": "Point", "coordinates": [ -99.176427461206913, 19.415626851841807 ] } },
{ "type": "Feature", "properties": { "track_fid": 0, "track_seg_id": 0, "track_seg_point_id": 289, "ele": 2246.39990234375, "time": "2025-03-17T17:55:44Z" }, "geometry": { "type": "Point", "coordinates": [ -99.176435424014926, 19.415598269551992 ] } },
{ "type": "Feature", "properties": { "track_fid": 0, "track_seg_id": 0, "track_seg_point_id": 290, "ele": 2251.199951171875, "time": "2025-03-17T17:55:49Z" }, "geometry": { "type": "Point", "coordinates": [ -99.176498875021935, 19.41548578441143 ] } },
{ "type": "Feature", "properties": { "track_fid": 0, "track_seg_id": 0, "track_seg_point_id": 291, "ele": 2254.199951171875, "time": "2025-03-17T17:55:58Z" }, "geometry": { "type": "Point", "coordinates": [ -99.176589818671346, 19.41519794985652 ] } },
{ "type": "Feature", "properties": { "track_fid": 0, "track_seg_id": 0, "track_seg_point_id": 292, "ele": 2254.199951171875, "time": "2025-03-17T17:56:06Z" }, "geometry": { "type": "Point", "coordinates": [ -99.176734574139118, 19.415049087256193 ] } },
{ "type": "Feature", "properties": { "track_fid": 0, "track_seg_id": 0, "track_seg_point_id": 293, "ele": 2258.800048828125, "time": "2025-03-17T17:56:12Z" }, "geometry": { "type": "Point", "coordinates": [ -99.176787547767162, 19.414915563538671 ] } },
{ "type": "Feature", "properties": { "track_fid": 0, "track_seg_id": 0, "track_seg_point_id": 294, "ele": 2259.800048828125, "time": "2025-03-17T17:56:13Z" }, "geometry": { "type": "Point", "coordinates": [ -99.176793163642287, 19.414892178028822 ] } },
{ "type": "Feature", "properties": { "track_fid": 0, "track_seg_id": 0, "track_seg_point_id": 295, "ele": 2262.39990234375, "time": "2025-03-17T17:56:16Z" }, "geometry": { "type": "Point", "coordinates": [ -99.176819231361151, 19.414816070348024 ] } },
{ "type": "Feature", "properties": { "track_fid": 0, "track_seg_id": 0, "track_seg_point_id": 296, "ele": 2264.0, "time": "2025-03-17T17:56:18Z" }, "geometry": { "type": "Point", "coordinates": [ -99.176835995167494, 19.414771478623152 ] } },
{ "type": "Feature", "properties": { "track_fid": 0, "track_seg_id": 0, "track_seg_point_id": 297, "ele": 2264.0, "time": "2025-03-17T17:56:26Z" }, "geometry": { "type": "Point", "coordinates": [ -99.176945881918073, 19.414578275755048 ] } },
{ "type": "Feature", "properties": { "track_fid": 0, "track_seg_id": 0, "track_seg_point_id": 298, "ele": 2264.60009765625, "time": "2025-03-17T17:56:33Z" }, "geometry": { "type": "Point", "coordinates": [ -99.177061971276999, 19.414337296038866 ] } },
{ "type": "Feature", "properties": { "track_fid": 0, "track_seg_id": 0, "track_seg_point_id": 299, "ele": 2262.199951171875, "time": "2025-03-17T17:56:39Z" }, "geometry": { "type": "Point", "coordinates": [ -99.177141347900033, 19.414207125082612 ] } },
{ "type": "Feature", "properties": { "track_fid": 0, "track_seg_id": 0, "track_seg_point_id": 300, "ele": 2261.199951171875, "time": "2025-03-17T17:56:42Z" }, "geometry": { "type": "Point", "coordinates": [ -99.177178898826241, 19.414132945239544 ] } },
{ "type": "Feature", "properties": { "track_fid": 0, "track_seg_id": 0, "track_seg_point_id": 301, "ele": 2260.60009765625, "time": "2025-03-17T17:56:44Z" }, "geometry": { "type": "Point", "coordinates": [ -99.177211923524737, 19.414073685184121 ] } },
{ "type": "Feature", "properties": { "track_fid": 0, "track_seg_id": 0, "track_seg_point_id": 302, "ele": 2256.60009765625, "time": "2025-03-17T17:56:51Z" }, "geometry": { "type": "Point", "coordinates": [ -99.177333461120725, 19.413914093747735 ] } },
{ "type": "Feature", "properties": { "track_fid": 0, "track_seg_id": 0, "track_seg_point_id": 303, "ele": 2252.199951171875, "time": "2025-03-17T17:56:54Z" }, "geometry": { "type": "Point", "coordinates": [ -99.177400097250938, 19.413850139826536 ] } },
{ "type": "Feature", "properties": { "track_fid": 0, "track_seg_id": 0, "track_seg_point_id": 304, "ele": 2250.800048828125, "time": "2025-03-17T17:56:56Z" }, "geometry": { "type": "Point", "coordinates": [ -99.177427254617214, 19.413808062672615 ] } },
{ "type": "Feature", "properties": { "track_fid": 0, "track_seg_id": 0, "track_seg_point_id": 305, "ele": 2252.0, "time": "2025-03-17T17:57:03Z" }, "geometry": { "type": "Point", "coordinates": [ -99.177516438066959, 19.413605136796832 ] } },
{ "type": "Feature", "properties": { "track_fid": 0, "track_seg_id": 0, "track_seg_point_id": 306, "ele": 2253.39990234375, "time": "2025-03-17T17:57:08Z" }, "geometry": { "type": "Point", "coordinates": [ -99.177566729485989, 19.413484772667289 ] } },
{ "type": "Feature", "properties": { "track_fid": 0, "track_seg_id": 0, "track_seg_point_id": 307, "ele": 2253.60009765625, "time": "2025-03-17T17:57:09Z" }, "geometry": { "type": "Point", "coordinates": [ -99.177585924044251, 19.413469098508358 ] } },
{ "type": "Feature", "properties": { "track_fid": 0, "track_seg_id": 0, "track_seg_point_id": 308, "ele": 2253.800048828125, "time": "2025-03-17T17:57:11Z" }, "geometry": { "type": "Point", "coordinates": [ -99.177615931257606, 19.413433559238911 ] } },
{ "type": "Feature", "properties": { "track_fid": 0, "track_seg_id": 0, "track_seg_point_id": 309, "ele": 2253.0, "time": "2025-03-17T17:57:14Z" }, "geometry": { "type": "Point", "coordinates": [ -99.177641663700342, 19.413381088525057 ] } },
{ "type": "Feature", "properties": { "track_fid": 0, "track_seg_id": 0, "track_seg_point_id": 310, "ele": 2252.199951171875, "time": "2025-03-17T17:57:20Z" }, "geometry": { "type": "Point", "coordinates": [ -99.177677035331726, 19.413221916183829 ] } },
{ "type": "Feature", "properties": { "track_fid": 0, "track_seg_id": 0, "track_seg_point_id": 311, "ele": 2248.800048828125, "time": "2025-03-17T17:57:22Z" }, "geometry": { "type": "Point", "coordinates": [ -99.177678376436234, 19.41315108910203 ] } },
{ "type": "Feature", "properties": { "track_fid": 0, "track_seg_id": 0, "track_seg_point_id": 312, "ele": 2247.60009765625, "time": "2025-03-17T17:57:25Z" }, "geometry": { "type": "Point", "coordinates": [ -99.177739480510354, 19.413059139624238 ] } },
{ "type": "Feature", "properties": { "track_fid": 0, "track_seg_id": 0, "track_seg_point_id": 313, "ele": 2239.39990234375, "time": "2025-03-17T17:57:31Z" }, "geometry": { "type": "Point", "coordinates": [ -99.177907034754753, 19.412872055545449 ] } },
{ "type": "Feature", "properties": { "track_fid": 0, "track_seg_id": 0, "track_seg_point_id": 314, "ele": 2237.199951171875, "time": "2025-03-17T17:57:38Z" }, "geometry": { "type": "Point", "coordinates": [ -99.177997894585133, 19.41270986571908 ] } },
{ "type": "Feature", "properties": { "track_fid": 0, "track_seg_id": 0, "track_seg_point_id": 315, "ele": 2233.60009765625, "time": "2025-03-17T17:57:45Z" }, "geometry": { "type": "Point", "coordinates": [ -99.17811163701117, 19.412540635094047 ] } },
{ "type": "Feature", "properties": { "track_fid": 0, "track_seg_id": 0, "track_seg_point_id": 316, "ele": 2227.39990234375, "time": "2025-03-17T17:57:51Z" }, "geometry": { "type": "Point", "coordinates": [ -99.178202580660582, 19.412399483844638 ] } },
{ "type": "Feature", "properties": { "track_fid": 0, "track_seg_id": 0, "track_seg_point_id": 317, "ele": 2225.60009765625, "time": "2025-03-17T17:57:53Z" }, "geometry": { "type": "Point", "coordinates": [ -99.178236359730363, 19.412363693118095 ] } },
{ "type": "Feature", "properties": { "track_fid": 0, "track_seg_id": 0, "track_seg_point_id": 318, "ele": 2227.199951171875, "time": "2025-03-17T17:57:56Z" }, "geometry": { "type": "Point", "coordinates": [ -99.178295284509659, 19.412291860207915 ] } },
{ "type": "Feature", "properties": { "track_fid": 0, "track_seg_id": 0, "track_seg_point_id": 319, "ele": 2228.60009765625, "time": "2025-03-17T17:57:58Z" }, "geometry": { "type": "Point", "coordinates": [ -99.178314981982112, 19.412248525768518 ] } },
{ "type": "Feature", "properties": { "track_fid": 0, "track_seg_id": 0, "track_seg_point_id": 320, "ele": 2231.0, "time": "2025-03-17T17:58:01Z" }, "geometry": { "type": "Point", "coordinates": [ -99.178321938961744, 19.412197144702077 ] } },
{ "type": "Feature", "properties": { "track_fid": 0, "track_seg_id": 0, "track_seg_point_id": 321, "ele": 2235.0, "time": "2025-03-17T17:58:06Z" }, "geometry": { "type": "Point", "coordinates": [ -99.178329985588789, 19.412146098911762 ] } },
{ "type": "Feature", "properties": { "track_fid": 0, "track_seg_id": 0, "track_seg_point_id": 322, "ele": 2237.0, "time": "2025-03-17T17:58:15Z" }, "geometry": { "type": "Point", "coordinates": [ -99.178408188745379, 19.412073930725455 ] } },
{ "type": "Feature", "properties": { "track_fid": 0, "track_seg_id": 0, "track_seg_point_id": 323, "ele": 2240.199951171875, "time": "2025-03-17T17:58:24Z" }, "geometry": { "type": "Point", "coordinates": [ -99.178514555096626, 19.411953734233975 ] } },
{ "type": "Feature", "properties": { "track_fid": 0, "track_seg_id": 0, "track_seg_point_id": 324, "ele": 2242.800048828125, "time": "2025-03-17T17:58:31Z" }, "geometry": { "type": "Point", "coordinates": [ -99.178576832637191, 19.411804033443332 ] } },
{ "type": "Feature", "properties": { "track_fid": 0, "track_seg_id": 0, "track_seg_point_id": 325, "ele": 2245.199951171875, "time": "2025-03-17T17:58:37Z" }, "geometry": { "type": "Point", "coordinates": [ -99.178602648898959, 19.411703450605273 ] } },
{ "type": "Feature", "properties": { "track_fid": 0, "track_seg_id": 0, "track_seg_point_id": 326, "ele": 2246.39990234375, "time": "2025-03-17T17:58:38Z" }, "geometry": { "type": "Point", "coordinates": [ -99.178604828193784, 19.411687692627311 ] } },
{ "type": "Feature", "properties": { "track_fid": 0, "track_seg_id": 0, "track_seg_point_id": 327, "ele": 2250.39990234375, "time": "2025-03-17T17:58:42Z" }, "geometry": { "type": "Point", "coordinates": [ -99.178616730496287, 19.411634970456362 ] } },
{ "type": "Feature", "properties": { "track_fid": 0, "track_seg_id": 0, "track_seg_point_id": 328, "ele": 2251.39990234375, "time": "2025-03-17T17:58:43Z" }, "geometry": { "type": "Point", "coordinates": [ -99.178619245067239, 19.4116226490587 ] } },
{ "type": "Feature", "properties": { "track_fid": 0, "track_seg_id": 0, "track_seg_point_id": 329, "ele": 2255.199951171875, "time": "2025-03-17T17:58:48Z" }, "geometry": { "type": "Point", "coordinates": [ -99.178644390776753, 19.411593396216631 ] } },
{ "type": "Feature", "properties": { "track_fid": 0, "track_seg_id": 0, "track_seg_point_id": 330, "ele": 2255.800048828125, "time": "2025-03-17T17:58:55Z" }, "geometry": { "type": "Point", "coordinates": [ -99.178643133491278, 19.411588367074728 ] } },
{ "type": "Feature", "properties": { "track_fid": 0, "track_seg_id": 0, "track_seg_point_id": 331, "ele": 2256.199951171875, "time": "2025-03-17T17:58:59Z" }, "geometry": { "type": "Point", "coordinates": [ -99.178639696910977, 19.411553833633661 ] } },
{ "type": "Feature", "properties": { "track_fid": 0, "track_seg_id": 0, "track_seg_point_id": 332, "ele": 2257.39990234375, "time": "2025-03-17T17:59:03Z" }, "geometry": { "type": "Point", "coordinates": [ -99.178653191775084, 19.411501782014966 ] } },
{ "type": "Feature", "properties": { "track_fid": 0, "track_seg_id": 0, "track_seg_point_id": 333, "ele": 2257.60009765625, "time": "2025-03-17T17:59:04Z" }, "geometry": { "type": "Point", "coordinates": [ -99.178665429353714, 19.411486526951194 ] } },
{ "type": "Feature", "properties": { "track_fid": 0, "track_seg_id": 0, "track_seg_point_id": 334, "ele": 2259.39990234375, "time": "2025-03-17T17:59:12Z" }, "geometry": { "type": "Point", "coordinates": [ -99.178761569783092, 19.411327186971903 ] } },
{ "type": "Feature", "properties": { "track_fid": 0, "track_seg_id": 0, "track_seg_point_id": 335, "ele": 2259.60009765625, "time": "2025-03-17T17:59:17Z" }, "geometry": { "type": "Point", "coordinates": [ -99.178834743797779, 19.411177821457386 ] } },
{ "type": "Feature", "properties": { "track_fid": 0, "track_seg_id": 0, "track_seg_point_id": 336, "ele": 2259.199951171875, "time": "2025-03-17T17:59:18Z" }, "geometry": { "type": "Point", "coordinates": [ -99.178862320259213, 19.411160219460726 ] } },
{ "type": "Feature", "properties": { "track_fid": 0, "track_seg_id": 0, "track_seg_point_id": 337, "ele": 2259.39990234375, "time": "2025-03-17T17:59:24Z" }, "geometry": { "type": "Point", "coordinates": [ -99.178949659690261, 19.41103876568377 ] } },
{ "type": "Feature", "properties": { "track_fid": 0, "track_seg_id": 0, "track_seg_point_id": 338, "ele": 2259.0, "time": "2025-03-17T17:59:28Z" }, "geometry": { "type": "Point", "coordinates": [ -99.178988635540009, 19.410966765135527 ] } },
{ "type": "Feature", "properties": { "track_fid": 0, "track_seg_id": 0, "track_seg_point_id": 339, "ele": 2257.39990234375, "time": "2025-03-17T17:59:30Z" }, "geometry": { "type": "Point", "coordinates": [ -99.179002046585083, 19.410922424867749 ] } },
{ "type": "Feature", "properties": { "track_fid": 0, "track_seg_id": 0, "track_seg_point_id": 340, "ele": 2256.199951171875, "time": "2025-03-17T17:59:36Z" }, "geometry": { "type": "Point", "coordinates": [ -99.179073628038168, 19.41078906878829 ] } },
{ "type": "Feature", "properties": { "track_fid": 0, "track_seg_id": 0, "track_seg_point_id": 341, "ele": 2256.39990234375, "time": "2025-03-17T17:59:38Z" }, "geometry": { "type": "Point", "coordinates": [ -99.179093996062875, 19.410754283890128 ] } },
{ "type": "Feature", "properties": { "track_fid": 0, "track_seg_id": 0, "track_seg_point_id": 342, "ele": 2254.60009765625, "time": "2025-03-17T17:59:43Z" }, "geometry": { "type": "Point", "coordinates": [ -99.179175887256861, 19.410676835104823 ] } },
{ "type": "Feature", "properties": { "track_fid": 0, "track_seg_id": 0, "track_seg_point_id": 343, "ele": 2254.39990234375, "time": "2025-03-17T17:59:44Z" }, "geometry": { "type": "Point", "coordinates": [ -99.179185274988413, 19.410656299442053 ] } },
{ "type": "Feature", "properties": { "track_fid": 0, "track_seg_id": 0, "track_seg_point_id": 344, "ele": 2254.39990234375, "time": "2025-03-17T17:59:46Z" }, "geometry": { "type": "Point", "coordinates": [ -99.179192064329982, 19.410610953345895 ] } },
{ "type": "Feature", "properties": { "track_fid": 0, "track_seg_id": 0, "track_seg_point_id": 345, "ele": 2254.60009765625, "time": "2025-03-17T17:59:47Z" }, "geometry": { "type": "Point", "coordinates": [ -99.179202793166041, 19.410587064921856 ] } },
{ "type": "Feature", "properties": { "track_fid": 0, "track_seg_id": 0, "track_seg_point_id": 346, "ele": 2256.0, "time": "2025-03-17T17:59:54Z" }, "geometry": { "type": "Point", "coordinates": [ -99.179288037121296, 19.410405429080129 ] } },
{ "type": "Feature", "properties": { "track_fid": 0, "track_seg_id": 0, "track_seg_point_id": 347, "ele": 2255.60009765625, "time": "2025-03-17T17:59:55Z" }, "geometry": { "type": "Point", "coordinates": [ -99.179301783442497, 19.4103844743222 ] } },
{ "type": "Feature", "properties": { "track_fid": 0, "track_seg_id": 0, "track_seg_point_id": 348, "ele": 2257.0, "time": "2025-03-17T17:59:57Z" }, "geometry": { "type": "Point", "coordinates": [ -99.179324749857187, 19.410369051620364 ] } },
{ "type": "Feature", "properties": { "track_fid": 0, "track_seg_id": 0, "track_seg_point_id": 349, "ele": 2258.0, "time": "2025-03-17T17:59:58Z" }, "geometry": { "type": "Point", "coordinates": [ -99.179339585825801, 19.410364776849747 ] } },
{ "type": "Feature", "properties": { "track_fid": 0, "track_seg_id": 0, "track_seg_point_id": 350, "ele": 2261.0, "time": "2025-03-17T18:00:02Z" }, "geometry": { "type": "Point", "coordinates": [ -99.179385686293244, 19.410364776849747 ] } },
{ "type": "Feature", "properties": { "track_fid": 0, "track_seg_id": 0, "track_seg_point_id": 351, "ele": 2262.39990234375, "time": "2025-03-17T18:00:04Z" }, "geometry": { "type": "Point", "coordinates": [ -99.179395325481892, 19.410374583676457 ] } },
{ "type": "Feature", "properties": { "track_fid": 0, "track_seg_id": 0, "track_seg_point_id": 352, "ele": 2264.800048828125, "time": "2025-03-17T18:00:07Z" }, "geometry": { "type": "Point", "coordinates": [ -99.179431451484561, 19.410389754921198 ] } },
{ "type": "Feature", "properties": { "track_fid": 0, "track_seg_id": 0, "track_seg_point_id": 353, "ele": 2266.39990234375, "time": "2025-03-17T18:00:09Z" }, "geometry": { "type": "Point", "coordinates": [ -99.17946363799274, 19.410390090197325 ] } },
{ "type": "Feature", "properties": { "track_fid": 0, "track_seg_id": 0, "track_seg_point_id": 354, "ele": 2268.39990234375, "time": "2025-03-17T18:00:13Z" }, "geometry": { "type": "Point", "coordinates": [ -99.179531447589397, 19.410388078540564 ] } },
{ "type": "Feature", "properties": { "track_fid": 0, "track_seg_id": 0, "track_seg_point_id": 355, "ele": 2269.0, "time": "2025-03-17T18:00:15Z" }, "geometry": { "type": "Point", "coordinates": [ -99.179584756493568, 19.410384893417358 ] } },
{ "type": "Feature", "properties": { "track_fid": 0, "track_seg_id": 0, "track_seg_point_id": 356, "ele": 2276.199951171875, "time": "2025-03-17T18:00:25Z" }, "geometry": { "type": "Point", "coordinates": [ -99.17986337095499, 19.410379277542233 ] } },
{ "type": "Feature", "properties": { "track_fid": 0, "track_seg_id": 0, "track_seg_point_id": 357, "ele": 2276.199951171875, "time": "2025-03-17T18:00:28Z" }, "geometry": { "type": "Point", "coordinates": [ -99.179953560233116, 19.410395454615355 ] } },
{ "type": "Feature", "properties": { "track_fid": 0, "track_seg_id": 0, "track_seg_point_id": 358, "ele": 2276.199951171875, "time": "2025-03-17T18:00:30Z" }, "geometry": { "type": "Point", "coordinates": [ -99.179986333474517, 19.410414732992649 ] } },
{ "type": "Feature", "properties": { "track_fid": 0, "track_seg_id": 0, "track_seg_point_id": 359, "ele": 2273.199951171875, "time": "2025-03-17T18:00:38Z" }, "geometry": { "type": "Point", "coordinates": [ -99.180085239931941, 19.410473825410008 ] } },
{ "type": "Feature", "properties": { "track_fid": 0, "track_seg_id": 0, "track_seg_point_id": 360, "ele": 2272.60009765625, "time": "2025-03-17T18:00:48Z" }, "geometry": { "type": "Point", "coordinates": [ -99.180216416716576, 19.41052277572453 ] } },
{ "type": "Feature", "properties": { "track_fid": 0, "track_seg_id": 0, "track_seg_point_id": 361, "ele": 2276.60009765625, "time": "2025-03-17T18:00:56Z" }, "geometry": { "type": "Point", "coordinates": [ -99.180365363135934, 19.410553285852075 ] } },
{ "type": "Feature", "properties": { "track_fid": 0, "track_seg_id": 0, "track_seg_point_id": 362, "ele": 2278.60009765625, "time": "2025-03-17T18:00:58Z" }, "geometry": { "type": "Point", "coordinates": [ -99.180412637069821, 19.410550436004996 ] } },
{ "type": "Feature", "properties": { "track_fid": 0, "track_seg_id": 0, "track_seg_point_id": 363, "ele": 2279.60009765625, "time": "2025-03-17T18:00:59Z" }, "geometry": { "type": "Point", "coordinates": [ -99.180446583777666, 19.410564098507166 ] } },
{ "type": "Feature", "properties": { "track_fid": 0, "track_seg_id": 0, "track_seg_point_id": 364, "ele": 2280.39990234375, "time": "2025-03-17T18:01:03Z" }, "geometry": { "type": "Point", "coordinates": [ -99.180549932643771, 19.410596368834376 ] } },
{ "type": "Feature", "properties": { "track_fid": 0, "track_seg_id": 0, "track_seg_point_id": 365, "ele": 2282.0, "time": "2025-03-17T18:01:14Z" }, "geometry": { "type": "Point", "coordinates": [ -99.180640876293182, 19.410613048821688 ] } },
{ "type": "Feature", "properties": { "track_fid": 0, "track_seg_id": 0, "track_seg_point_id": 366, "ele": 2282.199951171875, "time": "2025-03-17T18:01:26Z" }, "geometry": { "type": "Point", "coordinates": [ -99.180653281509876, 19.410623945295811 ] } },
{ "type": "Feature", "properties": { "track_fid": 0, "track_seg_id": 0, "track_seg_point_id": 367, "ele": 2282.199951171875, "time": "2025-03-17T18:01:37Z" }, "geometry": { "type": "Point", "coordinates": [ -99.180657556280494, 19.410628220066428 ] } },
{ "type": "Feature", "properties": { "track_fid": 0, "track_seg_id": 0, "track_seg_point_id": 368, "ele": 2282.0, "time": "2025-03-17T18:01:49Z" }, "geometry": { "type": "Point", "coordinates": [ -99.180667279288173, 19.410636099055409 ] } },
{ "type": "Feature", "properties": { "track_fid": 0, "track_seg_id": 0, "track_seg_point_id": 369, "ele": 2281.800048828125, "time": "2025-03-17T18:02:00Z" }, "geometry": { "type": "Point", "coordinates": [ -99.180675996467471, 19.410641128197312 ] } },
{ "type": "Feature", "properties": { "track_fid": 0, "track_seg_id": 0, "track_seg_point_id": 370, "ele": 2281.800048828125, "time": "2025-03-17T18:02:16Z" }, "geometry": { "type": "Point", "coordinates": [ -99.180685970932245, 19.41063953563571 ] } },
{ "type": "Feature", "properties": { "track_fid": 0, "track_seg_id": 0, "track_seg_point_id": 371, "ele": 2281.60009765625, "time": "2025-03-17T18:02:31Z" }, "geometry": { "type": "Point", "coordinates": [ -99.180692173540592, 19.410633333027363 ] } },
{ "type": "Feature", "properties": { "track_fid": 0, "track_seg_id": 0, "track_seg_point_id": 372, "ele": 2281.39990234375, "time": "2025-03-17T18:02:48Z" }, "geometry": { "type": "Point", "coordinates": [ -99.180701142176986, 19.410628471523523 ] } },
{ "type": "Feature", "properties": { "track_fid": 0, "track_seg_id": 0, "track_seg_point_id": 373, "ele": 2281.60009765625, "time": "2025-03-17T18:02:58Z" }, "geometry": { "type": "Point", "coordinates": [ -99.180701728910208, 19.410629561170936 ] } },
{ "type": "Feature", "properties": { "track_fid": 0, "track_seg_id": 0, "track_seg_point_id": 374, "ele": 2281.60009765625, "time": "2025-03-17T18:03:09Z" }, "geometry": { "type": "Point", "coordinates": [ -99.180703237652779, 19.410632243379951 ] } },
{ "type": "Feature", "properties": { "track_fid": 0, "track_seg_id": 0, "track_seg_point_id": 375, "ele": 2280.39990234375, "time": "2025-03-17T18:03:20Z" }, "geometry": { "type": "Point", "coordinates": [ -99.180750595405698, 19.410649593919516 ] } },
{ "type": "Feature", "properties": { "track_fid": 0, "track_seg_id": 0, "track_seg_point_id": 376, "ele": 2277.800048828125, "time": "2025-03-17T18:03:28Z" }, "geometry": { "type": "Point", "coordinates": [ -99.180915635079145, 19.410801725462079 ] } },
{ "type": "Feature", "properties": { "track_fid": 0, "track_seg_id": 0, "track_seg_point_id": 377, "ele": 2275.39990234375, "time": "2025-03-17T18:03:34Z" }, "geometry": { "type": "Point", "coordinates": [ -99.181025186553597, 19.410940697416663 ] } },
{ "type": "Feature", "properties": { "track_fid": 0, "track_seg_id": 0, "track_seg_point_id": 378, "ele": 2273.800048828125, "time": "2025-03-17T18:03:40Z" }, "geometry": { "type": "Point", "coordinates": [ -99.181099953129888, 19.411013452336192 ] } },
{ "type": "Feature", "properties": { "track_fid": 0, "track_seg_id": 0, "track_seg_point_id": 379, "ele": 2271.800048828125, "time": "2025-03-17T18:03:46Z" }, "geometry": { "type": "Point", "coordinates": [ -99.181251665577292, 19.41108369268477 ] } },
{ "type": "Feature", "properties": { "track_fid": 0, "track_seg_id": 0, "track_seg_point_id": 380, "ele": 2260.800048828125, "time": "2025-03-17T18:03:53Z" }, "geometry": { "type": "Point", "coordinates": [ -99.181573363021016, 19.411154268309474 ] } },
{ "type": "Feature", "properties": { "track_fid": 0, "track_seg_id": 0, "track_seg_point_id": 381, "ele": 2258.800048828125, "time": "2025-03-17T18:03:58Z" }, "geometry": { "type": "Point", "coordinates": [ -99.181730356067419, 19.411216797307134 ] } },
{ "type": "Feature", "properties": { "track_fid": 0, "track_seg_id": 0, "track_seg_point_id": 382, "ele": 2255.199951171875, "time": "2025-03-17T18:04:06Z" }, "geometry": { "type": "Point", "coordinates": [ -99.181979633867741, 19.411299275234342 ] } },
{ "type": "Feature", "properties": { "track_fid": 0, "track_seg_id": 0, "track_seg_point_id": 383, "ele": 2259.60009765625, "time": "2025-03-17T18:04:13Z" }, "geometry": { "type": "Point", "coordinates": [ -99.182178033515811, 19.411418046802282 ] } },
{ "type": "Feature", "properties": { "track_fid": 0, "track_seg_id": 0, "track_seg_point_id": 384, "ele": 2260.0, "time": "2025-03-17T18:04:18Z" }, "geometry": { "type": "Point", "coordinates": [ -99.182280041277409, 19.411481330171227 ] } },
{ "type": "Feature", "properties": { "track_fid": 0, "track_seg_id": 0, "track_seg_point_id": 385, "ele": 2260.39990234375, "time": "2025-03-17T18:04:25Z" }, "geometry": { "type": "Point", "coordinates": [ -99.182414319366217, 19.411631198599935 ] } },
{ "type": "Feature", "properties": { "track_fid": 0, "track_seg_id": 0, "track_seg_point_id": 386, "ele": 2260.60009765625, "time": "2025-03-17T18:04:29Z" }, "geometry": { "type": "Point", "coordinates": [ -99.182399734854698, 19.411718035116792 ] } },
{ "type": "Feature", "properties": { "track_fid": 0, "track_seg_id": 0, "track_seg_point_id": 387, "ele": 2260.60009765625, "time": "2025-03-17T18:04:37Z" }, "geometry": { "type": "Point", "coordinates": [ -99.182325135916471, 19.411991368979216 ] } },
{ "type": "Feature", "properties": { "track_fid": 0, "track_seg_id": 0, "track_seg_point_id": 388, "ele": 2259.199951171875, "time": "2025-03-17T18:04:47Z" }, "geometry": { "type": "Point", "coordinates": [ -99.182239472866058, 19.412227487191558 ] } },
{ "type": "Feature", "properties": { "track_fid": 0, "track_seg_id": 0, "track_seg_point_id": 389, "ele": 2265.0, "time": "2025-03-17T18:04:55Z" }, "geometry": { "type": "Point", "coordinates": [ -99.182221032679081, 19.412386994808912 ] } },
{ "type": "Feature", "properties": { "track_fid": 0, "track_seg_id": 0, "track_seg_point_id": 390, "ele": 2264.199951171875, "time": "2025-03-17T18:04:57Z" }, "geometry": { "type": "Point", "coordinates": [ -99.182209717109799, 19.412419851869345 ] } },
{ "type": "Feature", "properties": { "track_fid": 0, "track_seg_id": 0, "track_seg_point_id": 391, "ele": 2263.39990234375, "time": "2025-03-17T18:04:59Z" }, "geometry": { "type": "Point", "coordinates": [ -99.18219018727541, 19.412450194358826 ] } },
{ "type": "Feature", "properties": { "track_fid": 0, "track_seg_id": 0, "track_seg_point_id": 392, "ele": 2262.39990234375, "time": "2025-03-17T18:05:02Z" }, "geometry": { "type": "Point", "coordinates": [ -99.182146182283759, 19.412462180480361 ] } },
{ "type": "Feature", "properties": { "track_fid": 0, "track_seg_id": 0, "track_seg_point_id": 393, "ele": 2262.199951171875, "time": "2025-03-17T18:05:03Z" }, "geometry": { "type": "Point", "coordinates": [ -99.182134279981256, 19.412466371431947 ] } },
{ "type": "Feature", "properties": { "track_fid": 0, "track_seg_id": 0, "track_seg_point_id": 394, "ele": 2263.0, "time": "2025-03-17T18:05:09Z" }, "geometry": { "type": "Point", "coordinates": [ -99.182079546153545, 19.41247433423996 ] } },
{ "type": "Feature", "properties": { "track_fid": 0, "track_seg_id": 0, "track_seg_point_id": 395, "ele": 2263.60009765625, "time": "2025-03-17T18:05:16Z" }, "geometry": { "type": "Point", "coordinates": [ -99.181993883103132, 19.412461090832949 ] } },
{ "type": "Feature", "properties": { "track_fid": 0, "track_seg_id": 0, "track_seg_point_id": 396, "ele": 2262.60009765625, "time": "2025-03-17T18:05:23Z" }, "geometry": { "type": "Point", "coordinates": [ -99.181949459016323, 19.412460587918758 ] } },
{ "type": "Feature", "properties": { "track_fid": 0, "track_seg_id": 0, "track_seg_point_id": 397, "ele": 2263.60009765625, "time": "2025-03-17T18:05:35Z" }, "geometry": { "type": "Point", "coordinates": [ -99.181942585855722, 19.412474418058991 ] } },
{ "type": "Feature", "properties": { "track_fid": 0, "track_seg_id": 0, "track_seg_point_id": 398, "ele": 2263.39990234375, "time": "2025-03-17T18:05:47Z" }, "geometry": { "type": "Point", "coordinates": [ -99.181916853412986, 19.412479195743799 ] } },
{ "type": "Feature", "properties": { "track_fid": 0, "track_seg_id": 0, "track_seg_point_id": 399, "ele": 2263.39990234375, "time": "2025-03-17T18:05:53Z" }, "geometry": { "type": "Point", "coordinates": [ -99.181911153718829, 19.412483386695385 ] } },
{ "type": "Feature", "properties": { "track_fid": 0, "track_seg_id": 0, "track_seg_point_id": 400, "ele": 2262.800048828125, "time": "2025-03-17T18:06:06Z" }, "geometry": { "type": "Point", "coordinates": [ -99.181901179254055, 19.412511633709073 ] } },
{ "type": "Feature", "properties": { "track_fid": 0, "track_seg_id": 0, "track_seg_point_id": 401, "ele": 2262.60009765625, "time": "2025-03-17T18:06:16Z" }, "geometry": { "type": "Point", "coordinates": [ -99.18190143071115, 19.412510460242629 ] } },
{ "type": "Feature", "properties": { "track_fid": 0, "track_seg_id": 0, "track_seg_point_id": 402, "ele": 2262.60009765625, "time": "2025-03-17T18:06:23Z" }, "geometry": { "type": "Point", "coordinates": [ -99.181902268901467, 19.412514483556151 ] } },
{ "type": "Feature", "properties": { "track_fid": 0, "track_seg_id": 0, "track_seg_point_id": 403, "ele": 2262.60009765625, "time": "2025-03-17T18:06:30Z" }, "geometry": { "type": "Point", "coordinates": [ -99.181899670511484, 19.412513645365834 ] } },
{ "type": "Feature", "properties": { "track_fid": 0, "track_seg_id": 0, "track_seg_point_id": 404, "ele": 2262.60009765625, "time": "2025-03-17T18:06:40Z" }, "geometry": { "type": "Point", "coordinates": [ -99.181886594742537, 19.412509873509407 ] } },
{ "type": "Feature", "properties": { "track_fid": 0, "track_seg_id": 0, "track_seg_point_id": 405, "ele": 2262.800048828125, "time": "2025-03-17T18:06:52Z" }, "geometry": { "type": "Point", "coordinates": [ -99.181873435154557, 19.412497971206903 ] } },
{ "type": "Feature", "properties": { "track_fid": 0, "track_seg_id": 0, "track_seg_point_id": 406, "ele": 2262.800048828125, "time": "2025-03-17T18:07:00Z" }, "geometry": { "type": "Point", "coordinates": [ -99.181855330243707, 19.412510376423597 ] } },
{ "type": "Feature", "properties": { "track_fid": 0, "track_seg_id": 0, "track_seg_point_id": 407, "ele": 2263.199951171875, "time": "2025-03-17T18:07:12Z" }, "geometry": { "type": "Point", "coordinates": [ -99.181805290281773, 19.412514483556151 ] } },
{ "type": "Feature", "properties": { "track_fid": 0, "track_seg_id": 0, "track_seg_point_id": 408, "ele": 2262.60009765625, "time": "2025-03-17T18:07:20Z" }, "geometry": { "type": "Point", "coordinates": [ -99.181770840659738, 19.41253543831408 ] } },
{ "type": "Feature", "properties": { "track_fid": 0, "track_seg_id": 0, "track_seg_point_id": 409, "ele": 2262.60009765625, "time": "2025-03-17T18:07:29Z" }, "geometry": { "type": "Point", "coordinates": [ -99.181771846488118, 19.412544742226601 ] } },
{ "type": "Feature", "properties": { "track_fid": 0, "track_seg_id": 0, "track_seg_point_id": 410, "ele": 2262.60009765625, "time": "2025-03-17T18:07:43Z" }, "geometry": { "type": "Point", "coordinates": [ -99.181791292503476, 19.412593776360154 ] } },
{ "type": "Feature", "properties": { "track_fid": 0, "track_seg_id": 0, "track_seg_point_id": 411, "ele": 2262.39990234375, "time": "2025-03-17T18:07:54Z" }, "geometry": { "type": "Point", "coordinates": [ -99.181791795417666, 19.412599140778184 ] } },
{ "type": "Feature", "properties": { "track_fid": 0, "track_seg_id": 0, "track_seg_point_id": 412, "ele": 2262.60009765625, "time": "2025-03-17T18:08:06Z" }, "geometry": { "type": "Point", "coordinates": [ -99.181792717427015, 19.412600146606565 ] } },
{ "type": "Feature", "properties": { "track_fid": 0, "track_seg_id": 0, "track_seg_point_id": 413, "ele": 2262.39990234375, "time": "2025-03-17T18:08:19Z" }, "geometry": { "type": "Point", "coordinates": [ -99.181786347180605, 19.412600062787533 ] } },
{ "type": "Feature", "properties": { "track_fid": 0, "track_seg_id": 0, "track_seg_point_id": 414, "ele": 2262.39990234375, "time": "2025-03-17T18:08:28Z" }, "geometry": { "type": "Point", "coordinates": [ -99.181781820952892, 19.412610288709402 ] } },
{ "type": "Feature", "properties": { "track_fid": 0, "track_seg_id": 0, "track_seg_point_id": 415, "ele": 2262.39990234375, "time": "2025-03-17T18:08:41Z" }, "geometry": { "type": "Point", "coordinates": [ -99.181764721870422, 19.412610623985529 ] } },
{ "type": "Feature", "properties": { "track_fid": 0, "track_seg_id": 0, "track_seg_point_id": 416, "ele": 2262.39990234375, "time": "2025-03-17T18:08:50Z" }, "geometry": { "type": "Point", "coordinates": [ -99.181761117652059, 19.412605846300721 ] } },
{ "type": "Feature", "properties": { "track_fid": 0, "track_seg_id": 0, "track_seg_point_id": 417, "ele": 2262.39990234375, "time": "2025-03-17T18:09:07Z" }, "geometry": { "type": "Point", "coordinates": [ -99.181750472635031, 19.412582041695714 ] } },
{ "type": "Feature", "properties": { "track_fid": 0, "track_seg_id": 0, "track_seg_point_id": 418, "ele": 2262.39990234375, "time": "2025-03-17T18:09:17Z" }, "geometry": { "type": "Point", "coordinates": [ -99.181753154844046, 19.41257843747735 ] } },
{ "type": "Feature", "properties": { "track_fid": 0, "track_seg_id": 0, "track_seg_point_id": 419, "ele": 2262.199951171875, "time": "2025-03-17T18:09:29Z" }, "geometry": { "type": "Point", "coordinates": [ -99.181765895336866, 19.412581454962492 ] } },
{ "type": "Feature", "properties": { "track_fid": 0, "track_seg_id": 0, "track_seg_point_id": 420, "ele": 2262.199951171875, "time": "2025-03-17T18:09:39Z" }, "geometry": { "type": "Point", "coordinates": [ -99.181765895336866, 19.412582293152809 ] } },
{ "type": "Feature", "properties": { "track_fid": 0, "track_seg_id": 0, "track_seg_point_id": 421, "ele": 2261.800048828125, "time": "2025-03-17T18:09:54Z" }, "geometry": { "type": "Point", "coordinates": [ -99.181712921708822, 19.412578688934445 ] } },
{ "type": "Feature", "properties": { "track_fid": 0, "track_seg_id": 0, "track_seg_point_id": 422, "ele": 2261.800048828125, "time": "2025-03-17T18:10:00Z" }, "geometry": { "type": "Point", "coordinates": [ -99.181716693565249, 19.412577180191875 ] } },
{ "type": "Feature", "properties": { "track_fid": 0, "track_seg_id": 0, "track_seg_point_id": 423, "ele": 2261.60009765625, "time": "2025-03-17T18:10:13Z" }, "geometry": { "type": "Point", "coordinates": [ -99.181719627231359, 19.412576342001557 ] } },
{ "type": "Feature", "properties": { "track_fid": 0, "track_seg_id": 0, "track_seg_point_id": 424, "ele": 2261.60009765625, "time": "2025-03-17T18:10:28Z" }, "geometry": { "type": "Point", "coordinates": [ -99.181716693565249, 19.412575922906399 ] } },
{ "type": "Feature", "properties": { "track_fid": 0, "track_seg_id": 0, "track_seg_point_id": 425, "ele": 2261.60009765625, "time": "2025-03-17T18:10:37Z" }, "geometry": { "type": "Point", "coordinates": [ -99.181714178994298, 19.412574330344796 ] } },
{ "type": "Feature", "properties": { "track_fid": 0, "track_seg_id": 0, "track_seg_point_id": 426, "ele": 2261.60009765625, "time": "2025-03-17T18:10:49Z" }, "geometry": { "type": "Point", "coordinates": [ -99.181713340803981, 19.412577264010906 ] } },
{ "type": "Feature", "properties": { "track_fid": 0, "track_seg_id": 0, "track_seg_point_id": 427, "ele": 2261.60009765625, "time": "2025-03-17T18:10:59Z" }, "geometry": { "type": "Point", "coordinates": [ -99.181711748242378, 19.412579191848636 ] } },
{ "type": "Feature", "properties": { "track_fid": 0, "track_seg_id": 0, "track_seg_point_id": 428, "ele": 2261.60009765625, "time": "2025-03-17T18:11:11Z" }, "geometry": { "type": "Point", "coordinates": [ -99.181700348854065, 19.412583885714412 ] } },
{ "type": "Feature", "properties": { "track_fid": 0, "track_seg_id": 0, "track_seg_point_id": 429, "ele": 2261.60009765625, "time": "2025-03-17T18:11:26Z" }, "geometry": { "type": "Point", "coordinates": [ -99.181698840111494, 19.412587573751807 ] } },
{ "type": "Feature", "properties": { "track_fid": 0, "track_seg_id": 0, "track_seg_point_id": 430, "ele": 2261.60009765625, "time": "2025-03-17T18:11:44Z" }, "geometry": { "type": "Point", "coordinates": [ -99.181710323318839, 19.412560919299722 ] } },
{ "type": "Feature", "properties": { "track_fid": 0, "track_seg_id": 0, "track_seg_point_id": 431, "ele": 2261.199951171875, "time": "2025-03-17T18:11:57Z" }, "geometry": { "type": "Point", "coordinates": [ -99.181730942800641, 19.412569217383862 ] } },
{ "type": "Feature", "properties": { "track_fid": 0, "track_seg_id": 0, "track_seg_point_id": 432, "ele": 2261.39990234375, "time": "2025-03-17T18:12:11Z" }, "geometry": { "type": "Point", "coordinates": [ -99.181737480685115, 19.412559997290373 ] } },
{ "type": "Feature", "properties": { "track_fid": 0, "track_seg_id": 0, "track_seg_point_id": 433, "ele": 2261.60009765625, "time": "2025-03-17T18:12:23Z" }, "geometry": { "type": "Point", "coordinates": [ -99.181745443493128, 19.412557817995548 ] } },
{ "type": "Feature", "properties": { "track_fid": 0, "track_seg_id": 0, "track_seg_point_id": 434, "ele": 2261.60009765625, "time": "2025-03-17T18:12:32Z" }, "geometry": { "type": "Point", "coordinates": [ -99.181727254763246, 19.412545328959823 ] } },
{ "type": "Feature", "properties": { "track_fid": 0, "track_seg_id": 0, "track_seg_point_id": 435, "ele": 2261.39990234375, "time": "2025-03-17T18:12:46Z" }, "geometry": { "type": "Point", "coordinates": [ -99.181716777384281, 19.412544993683696 ] } },
{ "type": "Feature", "properties": { "track_fid": 0, "track_seg_id": 0, "track_seg_point_id": 436, "ele": 2261.39990234375, "time": "2025-03-17T18:12:55Z" }, "geometry": { "type": "Point", "coordinates": [ -99.181715352460742, 19.412550274282694 ] } },
{ "type": "Feature", "properties": { "track_fid": 0, "track_seg_id": 0, "track_seg_point_id": 437, "ele": 2261.60009765625, "time": "2025-03-17T18:13:08Z" }, "geometry": { "type": "Point", "coordinates": [ -99.181711077690125, 19.412559745833278 ] } },
{ "type": "Feature", "properties": { "track_fid": 0, "track_seg_id": 0, "track_seg_point_id": 438, "ele": 2261.800048828125, "time": "2025-03-17T18:13:21Z" }, "geometry": { "type": "Point", "coordinates": [ -99.181716274470091, 19.41256619989872 ] } },
{ "type": "Feature", "properties": { "track_fid": 0, "track_seg_id": 0, "track_seg_point_id": 439, "ele": 2262.0, "time": "2025-03-17T18:13:33Z" }, "geometry": { "type": "Point", "coordinates": [ -99.181726751849055, 19.412575336173177 ] } },
{ "type": "Feature", "properties": { "track_fid": 0, "track_seg_id": 0, "track_seg_point_id": 440, "ele": 2261.800048828125, "time": "2025-03-17T18:13:43Z" }, "geometry": { "type": "Point", "coordinates": [ -99.181726668030024, 19.412573743611574 ] } },
{ "type": "Feature", "properties": { "track_fid": 0, "track_seg_id": 0, "track_seg_point_id": 441, "ele": 2262.0, "time": "2025-03-17T18:13:52Z" }, "geometry": { "type": "Point", "coordinates": [ -99.181730691343546, 19.412573156878352 ] } },
{ "type": "Feature", "properties": { "track_fid": 0, "track_seg_id": 0, "track_seg_point_id": 442, "ele": 2262.0, "time": "2025-03-17T18:14:06Z" }, "geometry": { "type": "Point", "coordinates": [ -99.181723734363914, 19.412565194070339 ] } },
{ "type": "Feature", "properties": { "track_fid": 0, "track_seg_id": 0, "track_seg_point_id": 443, "ele": 2262.199951171875, "time": "2025-03-17T18:14:19Z" }, "geometry": { "type": "Point", "coordinates": [ -99.181728260591626, 19.412562679499388 ] } },
{ "type": "Feature", "properties": { "track_fid": 0, "track_seg_id": 0, "track_seg_point_id": 444, "ele": 2262.39990234375, "time": "2025-03-17T18:14:28Z" }, "geometry": { "type": "Point", "coordinates": [ -99.181708730757236, 19.412568463012576 ] } },
{ "type": "Feature", "properties": { "track_fid": 0, "track_seg_id": 0, "track_seg_point_id": 445, "ele": 2262.199951171875, "time": "2025-03-17T18:14:37Z" }, "geometry": { "type": "Point", "coordinates": [ -99.181709485128522, 19.412574246525764 ] } },
{ "type": "Feature", "properties": { "track_fid": 0, "track_seg_id": 0, "track_seg_point_id": 446, "ele": 2262.39990234375, "time": "2025-03-17T18:14:46Z" }, "geometry": { "type": "Point", "coordinates": [ -99.181713424623013, 19.412570055574179 ] } },
{ "type": "Feature", "properties": { "track_fid": 0, "track_seg_id": 0, "track_seg_point_id": 447, "ele": 2262.39990234375, "time": "2025-03-17T18:15:00Z" }, "geometry": { "type": "Point", "coordinates": [ -99.181718621402979, 19.412564942613244 ] } },
{ "type": "Feature", "properties": { "track_fid": 0, "track_seg_id": 0, "track_seg_point_id": 448, "ele": 2262.39990234375, "time": "2025-03-17T18:15:14Z" }, "geometry": { "type": "Point", "coordinates": [ -99.181720549240708, 19.412557650357485 ] } },
{ "type": "Feature", "properties": { "track_fid": 0, "track_seg_id": 0, "track_seg_point_id": 449, "ele": 2262.39990234375, "time": "2025-03-17T18:15:29Z" }, "geometry": { "type": "Point", "coordinates": [ -99.181739827618003, 19.412557734176517 ] } },
{ "type": "Feature", "properties": { "track_fid": 0, "track_seg_id": 0, "track_seg_point_id": 450, "ele": 2262.60009765625, "time": "2025-03-17T18:15:43Z" }, "geometry": { "type": "Point", "coordinates": [ -99.181749885901809, 19.412579862400889 ] } },
{ "type": "Feature", "properties": { "track_fid": 0, "track_seg_id": 0, "track_seg_point_id": 451, "ele": 2262.60009765625, "time": "2025-03-17T18:15:55Z" }, "geometry": { "type": "Point", "coordinates": [ -99.181754747405648, 19.412578856572509 ] } },
{ "type": "Feature", "properties": { "track_fid": 0, "track_seg_id": 0, "track_seg_point_id": 452, "ele": 2262.60009765625, "time": "2025-03-17T18:16:05Z" }, "geometry": { "type": "Point", "coordinates": [ -99.181759441271424, 19.412578018382192 ] } },
{ "type": "Feature", "properties": { "track_fid": 0, "track_seg_id": 0, "track_seg_point_id": 453, "ele": 2262.800048828125, "time": "2025-03-17T18:16:17Z" }, "geometry": { "type": "Point", "coordinates": [ -99.18176706880331, 19.412576593458652 ] } },
{ "type": "Feature", "properties": { "track_fid": 0, "track_seg_id": 0, "track_seg_point_id": 454, "ele": 2262.60009765625, "time": "2025-03-17T18:16:33Z" }, "geometry": { "type": "Point", "coordinates": [ -99.18177142739296, 19.41257843747735 ] } },
{ "type": "Feature", "properties": { "track_fid": 0, "track_seg_id": 0, "track_seg_point_id": 455, "ele": 2262.60009765625, "time": "2025-03-17T18:16:42Z" }, "geometry": { "type": "Point", "coordinates": [ -99.18176899664104, 19.412577347829938 ] } },
{ "type": "Feature", "properties": { "track_fid": 0, "track_seg_id": 0, "track_seg_point_id": 456, "ele": 2262.800048828125, "time": "2025-03-17T18:16:57Z" }, "geometry": { "type": "Point", "coordinates": [ -99.181765476241708, 19.412571061402559 ] } },
{ "type": "Feature", "properties": { "track_fid": 0, "track_seg_id": 0, "track_seg_point_id": 457, "ele": 2262.800048828125, "time": "2025-03-17T18:17:09Z" }, "geometry": { "type": "Point", "coordinates": [ -99.181764638051391, 19.412575839087367 ] } },
{ "type": "Feature", "properties": { "track_fid": 0, "track_seg_id": 0, "track_seg_point_id": 458, "ele": 2263.0, "time": "2025-03-17T18:17:23Z" }, "geometry": { "type": "Point", "coordinates": [ -99.181762039661407, 19.412580030038953 ] } },
{ "type": "Feature", "properties": { "track_fid": 0, "track_seg_id": 0, "track_seg_point_id": 459, "ele": 2263.0, "time": "2025-03-17T18:17:36Z" }, "geometry": { "type": "Point", "coordinates": [ -99.181753154844046, 19.412579443305731 ] } },
{ "type": "Feature", "properties": { "track_fid": 0, "track_seg_id": 0, "track_seg_point_id": 460, "ele": 2263.199951171875, "time": "2025-03-17T18:17:47Z" }, "geometry": { "type": "Point", "coordinates": [ -99.18174996972084, 19.412582544609904 ] } },
{ "type": "Feature", "properties": { "track_fid": 0, "track_seg_id": 0, "track_seg_point_id": 461, "ele": 2263.199951171875, "time": "2025-03-17T18:18:01Z" }, "geometry": { "type": "Point", "coordinates": [ -99.181742090731859, 19.412587657570839 ] } },
{ "type": "Feature", "properties": { "track_fid": 0, "track_seg_id": 0, "track_seg_point_id": 462, "ele": 2263.199951171875, "time": "2025-03-17T18:18:11Z" }, "geometry": { "type": "Point", "coordinates": [ -99.181748125702143, 19.412588328123093 ] } },
{ "type": "Feature", "properties": { "track_fid": 0, "track_seg_id": 0, "track_seg_point_id": 463, "ele": 2263.0, "time": "2025-03-17T18:18:22Z" }, "geometry": { "type": "Point", "coordinates": [ -99.18175139464438, 19.412582041695714 ] } },
{ "type": "Feature", "properties": { "track_fid": 0, "track_seg_id": 0, "track_seg_point_id": 464, "ele": 2263.0, "time": "2025-03-17T18:18:32Z" }, "geometry": { "type": "Point", "coordinates": [ -99.181752735748887, 19.412583131343126 ] } },
{ "type": "Feature", "properties": { "track_fid": 0, "track_seg_id": 0, "track_seg_point_id": 465, "ele": 2263.0, "time": "2025-03-17T18:18:51Z" }, "geometry": { "type": "Point", "coordinates": [ -99.18174603022635, 19.412579191848636 ] } },
{ "type": "Feature", "properties": { "track_fid": 0, "track_seg_id": 0, "track_seg_point_id": 466, "ele": 2263.199951171875, "time": "2025-03-17T18:19:07Z" }, "geometry": { "type": "Point", "coordinates": [ -99.181749131530523, 19.412573156878352 ] } },
{ "type": "Feature", "properties": { "track_fid": 0, "track_seg_id": 0, "track_seg_point_id": 467, "ele": 2263.0, "time": "2025-03-17T18:19:20Z" }, "geometry": { "type": "Point", "coordinates": [ -99.18174552731216, 19.412568882107735 ] } },
{ "type": "Feature", "properties": { "track_fid": 0, "track_seg_id": 0, "track_seg_point_id": 468, "ele": 2262.800048828125, "time": "2025-03-17T18:19:34Z" }, "geometry": { "type": "Point", "coordinates": [ -99.181753741577268, 19.412571145221591 ] } },
{ "type": "Feature", "properties": { "track_fid": 0, "track_seg_id": 0, "track_seg_point_id": 469, "ele": 2262.800048828125, "time": "2025-03-17T18:19:43Z" }, "geometry": { "type": "Point", "coordinates": [ -99.181752065196633, 19.412572318688035 ] } },
{ "type": "Feature", "properties": { "track_fid": 0, "track_seg_id": 0, "track_seg_point_id": 470, "ele": 2263.0, "time": "2025-03-17T18:19:53Z" }, "geometry": { "type": "Point", "coordinates": [ -99.181741923093796, 19.412573492154479 ] } },
{ "type": "Feature", "properties": { "track_fid": 0, "track_seg_id": 0, "track_seg_point_id": 471, "ele": 2263.199951171875, "time": "2025-03-17T18:20:04Z" }, "geometry": { "type": "Point", "coordinates": [ -99.181744856759906, 19.412574078887701 ] } },
{ "type": "Feature", "properties": { "track_fid": 0, "track_seg_id": 0, "track_seg_point_id": 472, "ele": 2263.39990234375, "time": "2025-03-17T18:20:15Z" }, "geometry": { "type": "Point", "coordinates": [ -99.181750975549221, 19.412582376971841 ] } },
{ "type": "Feature", "properties": { "track_fid": 0, "track_seg_id": 0, "track_seg_point_id": 473, "ele": 2263.60009765625, "time": "2025-03-17T18:20:30Z" }, "geometry": { "type": "Point", "coordinates": [ -99.181740079075098, 19.412582460790873 ] } },
{ "type": "Feature", "properties": { "track_fid": 0, "track_seg_id": 0, "track_seg_point_id": 474, "ele": 2263.800048828125, "time": "2025-03-17T18:20:44Z" }, "geometry": { "type": "Point", "coordinates": [ -99.181737983599305, 19.412577347829938 ] } },
{ "type": "Feature", "properties": { "track_fid": 0, "track_seg_id": 0, "track_seg_point_id": 475, "ele": 2263.800048828125, "time": "2025-03-17T18:20:57Z" }, "geometry": { "type": "Point", "coordinates": [ -99.181730188429356, 19.412566367536783 ] } },
{ "type": "Feature", "properties": { "track_fid": 0, "track_seg_id": 0, "track_seg_point_id": 476, "ele": 2263.800048828125, "time": "2025-03-17T18:21:08Z" }, "geometry": { "type": "Point", "coordinates": [ -99.181745275855064, 19.412569217383862 ] } },
{ "type": "Feature", "properties": { "track_fid": 0, "track_seg_id": 0, "track_seg_point_id": 477, "ele": 2263.60009765625, "time": "2025-03-17T18:21:28Z" }, "geometry": { "type": "Point", "coordinates": [ -99.181773019954562, 19.412566535174847 ] } },
{ "type": "Feature", "properties": { "track_fid": 0, "track_seg_id": 0, "track_seg_point_id": 478, "ele": 2263.60009765625, "time": "2025-03-17T18:21:39Z" }, "geometry": { "type": "Point", "coordinates": [ -99.181775953620672, 19.412571145221591 ] } },
{ "type": "Feature", "properties": { "track_fid": 0, "track_seg_id": 0, "track_seg_point_id": 479, "ele": 2264.0, "time": "2025-03-17T18:21:54Z" }, "geometry": { "type": "Point", "coordinates": [ -99.181787939742208, 19.412576928734779 ] } },
{ "type": "Feature", "properties": { "track_fid": 0, "track_seg_id": 0, "track_seg_point_id": 480, "ele": 2264.199951171875, "time": "2025-03-17T18:22:02Z" }, "geometry": { "type": "Point", "coordinates": [ -99.181776456534863, 19.412574330344796 ] } },
{ "type": "Feature", "properties": { "track_fid": 0, "track_seg_id": 0, "track_seg_point_id": 481, "ele": 2264.39990234375, "time": "2025-03-17T18:22:16Z" }, "geometry": { "type": "Point", "coordinates": [ -99.18174653314054, 19.412549184635282 ] } },
{ "type": "Feature", "properties": { "track_fid": 0, "track_seg_id": 0, "track_seg_point_id": 482, "ele": 2264.39990234375, "time": "2025-03-17T18:22:25Z" }, "geometry": { "type": "Point", "coordinates": [ -99.181733122095466, 19.41255153156817 ] } },
{ "type": "Feature", "properties": { "track_fid": 0, "track_seg_id": 0, "track_seg_point_id": 483, "ele": 2264.60009765625, "time": "2025-03-17T18:22:36Z" }, "geometry": { "type": "Point", "coordinates": [ -99.181709820404649, 19.412561673671007 ] } },
{ "type": "Feature", "properties": { "track_fid": 0, "track_seg_id": 0, "track_seg_point_id": 484, "ele": 2264.800048828125, "time": "2025-03-17T18:22:48Z" }, "geometry": { "type": "Point", "coordinates": [ -99.181705880910158, 19.412559494376183 ] } },
{ "type": "Feature", "properties": { "track_fid": 0, "track_seg_id": 0, "track_seg_point_id": 485, "ele": 2264.800048828125, "time": "2025-03-17T18:22:59Z" }, "geometry": { "type": "Point", "coordinates": [ -99.181706216186285, 19.412557482719421 ] } },
{ "type": "Feature", "properties": { "track_fid": 0, "track_seg_id": 0, "track_seg_point_id": 486, "ele": 2265.0, "time": "2025-03-17T18:23:18Z" }, "geometry": { "type": "Point", "coordinates": [ -99.181711245328188, 19.412556057795882 ] } },
{ "type": "Feature", "properties": { "track_fid": 0, "track_seg_id": 0, "track_seg_point_id": 487, "ele": 2265.39990234375, "time": "2025-03-17T18:23:33Z" }, "geometry": { "type": "Point", "coordinates": [ -99.181725326925516, 19.412555890157819 ] } },
{ "type": "Feature", "properties": { "track_fid": 0, "track_seg_id": 0, "track_seg_point_id": 488, "ele": 2265.39990234375, "time": "2025-03-17T18:23:43Z" }, "geometry": { "type": "Point", "coordinates": [ -99.181731026619673, 19.412557231262326 ] } },
{ "type": "Feature", "properties": { "track_fid": 0, "track_seg_id": 0, "track_seg_point_id": 489, "ele": 2265.199951171875, "time": "2025-03-17T18:23:53Z" }, "geometry": { "type": "Point", "coordinates": [ -99.181734127923846, 19.412555890157819 ] } },
{ "type": "Feature", "properties": { "track_fid": 0, "track_seg_id": 0, "track_seg_point_id": 490, "ele": 2265.199951171875, "time": "2025-03-17T18:24:06Z" }, "geometry": { "type": "Point", "coordinates": [ -99.181732619181275, 19.412556895986199 ] } },
{ "type": "Feature", "properties": { "track_fid": 0, "track_seg_id": 0, "track_seg_point_id": 491, "ele": 2265.60009765625, "time": "2025-03-17T18:24:21Z" }, "geometry": { "type": "Point", "coordinates": [ -99.181733373552561, 19.412570642307401 ] } },
{ "type": "Feature", "properties": { "track_fid": 0, "track_seg_id": 0, "track_seg_point_id": 492, "ele": 2265.800048828125, "time": "2025-03-17T18:24:36Z" }, "geometry": { "type": "Point", "coordinates": [ -99.181744437664747, 19.412575419992208 ] } },
{ "type": "Feature", "properties": { "track_fid": 0, "track_seg_id": 0, "track_seg_point_id": 493, "ele": 2265.800048828125, "time": "2025-03-17T18:24:50Z" }, "geometry": { "type": "Point", "coordinates": [ -99.181746616959572, 19.412575839087367 ] } },
{ "type": "Feature", "properties": { "track_fid": 0, "track_seg_id": 0, "track_seg_point_id": 494, "ele": 2265.60009765625, "time": "2025-03-17T18:25:01Z" }, "geometry": { "type": "Point", "coordinates": [ -99.181749131530523, 19.41257257014513 ] } },
{ "type": "Feature", "properties": { "track_fid": 0, "track_seg_id": 0, "track_seg_point_id": 495, "ele": 2265.60009765625, "time": "2025-03-17T18:25:12Z" }, "geometry": { "type": "Point", "coordinates": [ -99.181747371330857, 19.41257307305932 ] } },
{ "type": "Feature", "properties": { "track_fid": 0, "track_seg_id": 0, "track_seg_point_id": 496, "ele": 2265.60009765625, "time": "2025-03-17T18:25:23Z" }, "geometry": { "type": "Point", "coordinates": [ -99.181753573939204, 19.412574833258986 ] } },
{ "type": "Feature", "properties": { "track_fid": 0, "track_seg_id": 0, "track_seg_point_id": 497, "ele": 2265.800048828125, "time": "2025-03-17T18:25:38Z" }, "geometry": { "type": "Point", "coordinates": [ -99.181766398251057, 19.412580449134111 ] } },
{ "type": "Feature", "properties": { "track_fid": 0, "track_seg_id": 0, "track_seg_point_id": 498, "ele": 2266.0, "time": "2025-03-17T18:25:51Z" }, "geometry": { "type": "Point", "coordinates": [ -99.181768745183945, 19.412582628428936 ] } },
{ "type": "Feature", "properties": { "track_fid": 0, "track_seg_id": 0, "track_seg_point_id": 499, "ele": 2266.0, "time": "2025-03-17T18:26:06Z" }, "geometry": { "type": "Point", "coordinates": [ -99.181770840659738, 19.412581119686365 ] } },
{ "type": "Feature", "properties": { "track_fid": 0, "track_seg_id": 0, "track_seg_point_id": 500, "ele": 2266.0, "time": "2025-03-17T18:26:17Z" }, "geometry": { "type": "Point", "coordinates": [ -99.181770170107484, 19.412585059180856 ] } },
{ "type": "Feature", "properties": { "track_fid": 0, "track_seg_id": 0, "track_seg_point_id": 501, "ele": 2266.0, "time": "2025-03-17T18:26:35Z" }, "geometry": { "type": "Point", "coordinates": [ -99.181761536747217, 19.412593943998218 ] } },
{ "type": "Feature", "properties": { "track_fid": 0, "track_seg_id": 0, "track_seg_point_id": 502, "ele": 2266.0, "time": "2025-03-17T18:26:49Z" }, "geometry": { "type": "Point", "coordinates": [ -99.181763883680105, 19.412592519074678 ] } },
{ "type": "Feature", "properties": { "track_fid": 0, "track_seg_id": 0, "track_seg_point_id": 503, "ele": 2266.0, "time": "2025-03-17T18:27:05Z" }, "geometry": { "type": "Point", "coordinates": [ -99.181761033833027, 19.412593524903059 ] } },
{ "type": "Feature", "properties": { "track_fid": 0, "track_seg_id": 0, "track_seg_point_id": 504, "ele": 2266.199951171875, "time": "2025-03-17T18:27:17Z" }, "geometry": { "type": "Point", "coordinates": [ -99.181780563667417, 19.412568295374513 ] } },
{ "type": "Feature", "properties": { "track_fid": 0, "track_seg_id": 0, "track_seg_point_id": 505, "ele": 2266.199951171875, "time": "2025-03-17T18:27:27Z" }, "geometry": { "type": "Point", "coordinates": [ -99.181805290281773, 19.412531666457653 ] } },
{ "type": "Feature", "properties": { "track_fid": 0, "track_seg_id": 0, "track_seg_point_id": 506, "ele": 2266.0, "time": "2025-03-17T18:27:34Z" }, "geometry": { "type": "Point", "coordinates": [ -99.181812666356564, 19.412517920136452 ] } },
{ "type": "Feature", "properties": { "track_fid": 0, "track_seg_id": 0, "track_seg_point_id": 507, "ele": 2265.60009765625, "time": "2025-03-17T18:27:43Z" }, "geometry": { "type": "Point", "coordinates": [ -99.181830184534192, 19.412500821053982 ] } },
{ "type": "Feature", "properties": { "track_fid": 0, "track_seg_id": 0, "track_seg_point_id": 508, "ele": 2263.800048828125, "time": "2025-03-17T18:27:58Z" }, "geometry": { "type": "Point", "coordinates": [ -99.181853989139199, 19.412494199350476 ] } },
{ "type": "Feature", "properties": { "track_fid": 0, "track_seg_id": 0, "track_seg_point_id": 509, "ele": 2255.60009765625, "time": "2025-03-17T18:28:27Z" }, "geometry": { "type": "Point", "coordinates": [ -99.181863963603973, 19.412440219894052 ] } },
{ "type": "Feature", "properties": { "track_fid": 0, "track_seg_id": 0, "track_seg_point_id": 510, "ele": 2251.60009765625, "time": "2025-03-17T18:28:46Z" }, "geometry": { "type": "Point", "coordinates": [ -99.181873183697462, 19.412490176036954 ] } },
{ "type": "Feature", "properties": { "track_fid": 0, "track_seg_id": 0, "track_seg_point_id": 511, "ele": 2252.199951171875, "time": "2025-03-17T18:28:58Z" }, "geometry": { "type": "Point", "coordinates": [ -99.181875446811318, 19.412479363381863 ] } },
{ "type": "Feature", "properties": { "track_fid": 0, "track_seg_id": 0, "track_seg_point_id": 512, "ele": 2252.800048828125, "time": "2025-03-17T18:29:09Z" }, "geometry": { "type": "Point", "coordinates": [ -99.18186966329813, 19.412445165216923 ] } },
{ "type": "Feature", "properties": { "track_fid": 0, "track_seg_id": 0, "track_seg_point_id": 513, "ele": 2254.800048828125, "time": "2025-03-17T18:29:18Z" }, "geometry": { "type": "Point", "coordinates": [ -99.181890618056059, 19.412377774715424 ] } },
{ "type": "Feature", "properties": { "track_fid": 0, "track_seg_id": 0, "track_seg_point_id": 514, "ele": 2254.60009765625, "time": "2025-03-17T18:29:26Z" }, "geometry": { "type": "Point", "coordinates": [ -99.181946190074086, 19.412213992327452 ] } },
{ "type": "Feature", "properties": { "track_fid": 0, "track_seg_id": 0, "track_seg_point_id": 515, "ele": 2253.0, "time": "2025-03-17T18:29:32Z" }, "geometry": { "type": "Point", "coordinates": [ -99.182003857567906, 19.412091616541147 ] } },
{ "type": "Feature", "properties": { "track_fid": 0, "track_seg_id": 0, "track_seg_point_id": 516, "ele": 2252.800048828125, "time": "2025-03-17T18:29:38Z" }, "geometry": { "type": "Point", "coordinates": [ -99.182092286646366, 19.411956164985895 ] } },
{ "type": "Feature", "properties": { "track_fid": 0, "track_seg_id": 0, "track_seg_point_id": 517, "ele": 2247.39990234375, "time": "2025-03-17T18:29:45Z" }, "geometry": { "type": "Point", "coordinates": [ -99.182154983282089, 19.41181275062263 ] } },
{ "type": "Feature", "properties": { "track_fid": 0, "track_seg_id": 0, "track_seg_point_id": 518, "ele": 2244.60009765625, "time": "2025-03-17T18:29:53Z" }, "geometry": { "type": "Point", "coordinates": [ -99.182252632454038, 19.411616446450353 ] } },
{ "type": "Feature", "properties": { "track_fid": 0, "track_seg_id": 0, "track_seg_point_id": 519, "ele": 2244.60009765625, "time": "2025-03-17T18:29:54Z" }, "geometry": { "type": "Point", "coordinates": [ -99.1822459269315, 19.411596246063709 ] } },
{ "type": "Feature", "properties": { "track_fid": 0, "track_seg_id": 0, "track_seg_point_id": 520, "ele": 2243.199951171875, "time": "2025-03-17T18:29:57Z" }, "geometry": { "type": "Point", "coordinates": [ -99.182185493409634, 19.41153765656054 ] } },
{ "type": "Feature", "properties": { "track_fid": 0, "track_seg_id": 0, "track_seg_point_id": 521, "ele": 2243.39990234375, "time": "2025-03-17T18:30:01Z" }, "geometry": { "type": "Point", "coordinates": [ -99.182092286646366, 19.411487532779574 ] } },
{ "type": "Feature", "properties": { "track_fid": 0, "track_seg_id": 0, "track_seg_point_id": 522, "ele": 2248.39990234375, "time": "2025-03-17T18:30:08Z" }, "geometry": { "type": "Point", "coordinates": [ -99.18192045763135, 19.411389799788594 ] } },
{ "type": "Feature", "properties": { "track_fid": 0, "track_seg_id": 0, "track_seg_point_id": 523, "ele": 2248.39990234375, "time": "2025-03-17T18:30:15Z" }, "geometry": { "type": "Point", "coordinates": [ -99.18174552731216, 19.411296341568232 ] } },
{ "type": "Feature", "properties": { "track_fid": 0, "track_seg_id": 0, "track_seg_point_id": 524, "ele": 2246.199951171875, "time": "2025-03-17T18:30:21Z" }, "geometry": { "type": "Point", "coordinates": [ -99.181642681360245, 19.411250660195947 ] } },
{ "type": "Feature", "properties": { "track_fid": 0, "track_seg_id": 0, "track_seg_point_id": 525, "ele": 2245.800048828125, "time": "2025-03-17T18:30:22Z" }, "geometry": { "type": "Point", "coordinates": [ -99.181629521772265, 19.411248061805964 ] } },
{ "type": "Feature", "properties": { "track_fid": 0, "track_seg_id": 0, "track_seg_point_id": 526, "ele": 2245.800048828125, "time": "2025-03-17T18:30:24Z" }, "geometry": { "type": "Point", "coordinates": [ -99.181609153747559, 19.411245128139853 ] } },
{ "type": "Feature", "properties": { "track_fid": 0, "track_seg_id": 0, "track_seg_point_id": 527, "ele": 2245.60009765625, "time": "2025-03-17T18:30:25Z" }, "geometry": { "type": "Point", "coordinates": [ -99.181587360799313, 19.411238757893443 ] } },
{ "type": "Feature", "properties": { "track_fid": 0, "track_seg_id": 0, "track_seg_point_id": 528, "ele": 2244.39990234375, "time": "2025-03-17T18:30:32Z" }, "geometry": { "type": "Point", "coordinates": [ -99.181473534554243, 19.411197518929839 ] } },
{ "type": "Feature", "properties": { "track_fid": 0, "track_seg_id": 0, "track_seg_point_id": 529, "ele": 2242.60009765625, "time": "2025-03-17T18:30:35Z" }, "geometry": { "type": "Point", "coordinates": [ -99.181429864838719, 19.411200452595949 ] } },
{ "type": "Feature", "properties": { "track_fid": 0, "track_seg_id": 0, "track_seg_point_id": 530, "ele": 2241.60009765625, "time": "2025-03-17T18:30:37Z" }, "geometry": { "type": "Point", "coordinates": [ -99.181399857625365, 19.411182180047035 ] } },
{ "type": "Feature", "properties": { "track_fid": 0, "track_seg_id": 0, "track_seg_point_id": 531, "ele": 2240.199951171875, "time": "2025-03-17T18:30:39Z" }, "geometry": { "type": "Point", "coordinates": [ -99.181364653632045, 19.411178324371576 ] } },
{ "type": "Feature", "properties": { "track_fid": 0, "track_seg_id": 0, "track_seg_point_id": 532, "ele": 2239.60009765625, "time": "2025-03-17T18:30:42Z" }, "geometry": { "type": "Point", "coordinates": [ -99.181302292272449, 19.411178240552545 ] } },
{ "type": "Feature", "properties": { "track_fid": 0, "track_seg_id": 0, "track_seg_point_id": 533, "ele": 2241.39990234375, "time": "2025-03-17T18:30:50Z" }, "geometry": { "type": "Point", "coordinates": [ -99.181240433827043, 19.41120539791882 ] } },
{ "type": "Feature", "properties": { "track_fid": 0, "track_seg_id": 0, "track_seg_point_id": 534, "ele": 2243.800048828125, "time": "2025-03-17T18:30:57Z" }, "geometry": { "type": "Point", "coordinates": [ -99.181176731362939, 19.41120975650847 ] } },
{ "type": "Feature", "properties": { "track_fid": 0, "track_seg_id": 0, "track_seg_point_id": 535, "ele": 2248.199951171875, "time": "2025-03-17T18:31:05Z" }, "geometry": { "type": "Point", "coordinates": [ -99.181131972, 19.411221155896783 ] } },
{ "type": "Feature", "properties": { "track_fid": 0, "track_seg_id": 0, "track_seg_point_id": 536, "ele": 2248.60009765625, "time": "2025-03-17T18:31:18Z" }, "geometry": { "type": "Point", "coordinates": [ -99.181120153516531, 19.411221072077751 ] } },
{ "type": "Feature", "properties": { "track_fid": 0, "track_seg_id": 0, "track_seg_point_id": 537, "ele": 2248.800048828125, "time": "2025-03-17T18:31:33Z" }, "geometry": { "type": "Point", "coordinates": [ -99.181120991706848, 19.411243954673409 ] } },
{ "type": "Feature", "properties": { "track_fid": 0, "track_seg_id": 0, "track_seg_point_id": 538, "ele": 2247.800048828125, "time": "2025-03-17T18:31:39Z" }, "geometry": { "type": "Point", "coordinates": [ -99.181032394990325, 19.41133338958025 ] } },
{ "type": "Feature", "properties": { "track_fid": 0, "track_seg_id": 0, "track_seg_point_id": 539, "ele": 2247.199951171875, "time": "2025-03-17T18:31:46Z" }, "geometry": { "type": "Point", "coordinates": [ -99.181024432182312, 19.411378232762218 ] } },
{ "type": "Feature", "properties": { "track_fid": 0, "track_seg_id": 0, "track_seg_point_id": 540, "ele": 2248.39990234375, "time": "2025-03-17T18:31:52Z" }, "geometry": { "type": "Point", "coordinates": [ -99.181005991995335, 19.411387285217643 ] } },
{ "type": "Feature", "properties": { "track_fid": 0, "track_seg_id": 0, "track_seg_point_id": 541, "ele": 2251.800048828125, "time": "2025-03-17T18:32:00Z" }, "geometry": { "type": "Point", "coordinates": [ -99.180933572351933, 19.411420729011297 ] } },
{ "type": "Feature", "properties": { "track_fid": 0, "track_seg_id": 0, "track_seg_point_id": 542, "ele": 2253.60009765625, "time": "2025-03-17T18:32:09Z" }, "geometry": { "type": "Point", "coordinates": [ -99.180800635367632, 19.411432882770896 ] } },
{ "type": "Feature", "properties": { "track_fid": 0, "track_seg_id": 0, "track_seg_point_id": 543, "ele": 2253.60009765625, "time": "2025-03-17T18:32:10Z" }, "geometry": { "type": "Point", "coordinates": [ -99.180782027542591, 19.41144922748208 ] } },
{ "type": "Feature", "properties": { "track_fid": 0, "track_seg_id": 0, "track_seg_point_id": 544, "ele": 2253.0, "time": "2025-03-17T18:32:14Z" }, "geometry": { "type": "Point", "coordinates": [ -99.180646240711212, 19.411430452018976 ] } },
{ "type": "Feature", "properties": { "track_fid": 0, "track_seg_id": 0, "track_seg_point_id": 545, "ele": 2252.0, "time": "2025-03-17T18:32:16Z" }, "geometry": { "type": "Point", "coordinates": [ -99.180576587095857, 19.411426680162549 ] } },
{ "type": "Feature", "properties": { "track_fid": 0, "track_seg_id": 0, "track_seg_point_id": 546, "ele": 2253.60009765625, "time": "2025-03-17T18:32:19Z" }, "geometry": { "type": "Point", "coordinates": [ -99.180522356182337, 19.411441767588258 ] } },
{ "type": "Feature", "properties": { "track_fid": 0, "track_seg_id": 0, "track_seg_point_id": 547, "ele": 2254.39990234375, "time": "2025-03-17T18:32:20Z" }, "geometry": { "type": "Point", "coordinates": [ -99.180522775277495, 19.411449395120144 ] } },
{ "type": "Feature", "properties": { "track_fid": 0, "track_seg_id": 0, "track_seg_point_id": 548, "ele": 2256.199951171875, "time": "2025-03-17T18:32:23Z" }, "geometry": { "type": "Point", "coordinates": [ -99.180475333705544, 19.411448976024985 ] } },
{ "type": "Feature", "properties": { "track_fid": 0, "track_seg_id": 0, "track_seg_point_id": 549, "ele": 2256.60009765625, "time": "2025-03-17T18:32:25Z" }, "geometry": { "type": "Point", "coordinates": [ -99.180443147197366, 19.411446042358875 ] } },
{ "type": "Feature", "properties": { "track_fid": 0, "track_seg_id": 0, "track_seg_point_id": 550, "ele": 2257.800048828125, "time": "2025-03-17T18:32:28Z" }, "geometry": { "type": "Point", "coordinates": [ -99.180427473038435, 19.411444952711463 ] } },
{ "type": "Feature", "properties": { "track_fid": 0, "track_seg_id": 0, "track_seg_point_id": 551, "ele": 2258.60009765625, "time": "2025-03-17T18:32:39Z" }, "geometry": { "type": "Point", "coordinates": [ -99.180416325107217, 19.411434475332499 ] } },
{ "type": "Feature", "properties": { "track_fid": 0, "track_seg_id": 0, "track_seg_point_id": 552, "ele": 2258.60009765625, "time": "2025-03-17T18:32:53Z" }, "geometry": { "type": "Point", "coordinates": [ -99.180419677868485, 19.411431457847357 ] } },
{ "type": "Feature", "properties": { "track_fid": 0, "track_seg_id": 0, "track_seg_point_id": 553, "ele": 2259.199951171875, "time": "2025-03-17T18:33:04Z" }, "geometry": { "type": "Point", "coordinates": [ -99.180415654554963, 19.41142475232482 ] } },
{ "type": "Feature", "properties": { "track_fid": 0, "track_seg_id": 0, "track_seg_point_id": 554, "ele": 2259.39990234375, "time": "2025-03-17T18:33:18Z" }, "geometry": { "type": "Point", "coordinates": [ -99.180419929325581, 19.411425590515137 ] } },
{ "type": "Feature", "properties": { "track_fid": 0, "track_seg_id": 0, "track_seg_point_id": 555, "ele": 2259.60009765625, "time": "2025-03-17T18:33:35Z" }, "geometry": { "type": "Point", "coordinates": [ -99.180419594049454, 19.411424668505788 ] } },
{ "type": "Feature", "properties": { "track_fid": 0, "track_seg_id": 0, "track_seg_point_id": 556, "ele": 2260.0, "time": "2025-03-17T18:33:47Z" }, "geometry": { "type": "Point", "coordinates": [ -99.180420180782676, 19.41143112257123 ] } },
{ "type": "Feature", "properties": { "track_fid": 0, "track_seg_id": 0, "track_seg_point_id": 557, "ele": 2260.199951171875, "time": "2025-03-17T18:34:04Z" }, "geometry": { "type": "Point", "coordinates": [ -99.180417163297534, 19.411434475332499 ] } },
{ "type": "Feature", "properties": { "track_fid": 0, "track_seg_id": 0, "track_seg_point_id": 558, "ele": 2260.60009765625, "time": "2025-03-17T18:34:22Z" }, "geometry": { "type": "Point", "coordinates": [ -99.180414229631424, 19.411449898034334 ] } },
{ "type": "Feature", "properties": { "track_fid": 0, "track_seg_id": 0, "track_seg_point_id": 559, "ele": 2260.199951171875, "time": "2025-03-17T18:34:45Z" }, "geometry": { "type": "Point", "coordinates": [ -99.180392688140273, 19.411454927176237 ] } },
{ "type": "Feature", "properties": { "track_fid": 0, "track_seg_id": 0, "track_seg_point_id": 560, "ele": 2260.60009765625, "time": "2025-03-17T18:35:04Z" }, "geometry": { "type": "Point", "coordinates": [ -99.180400148034096, 19.411449646577239 ] } },
{ "type": "Feature", "properties": { "track_fid": 0, "track_seg_id": 0, "track_seg_point_id": 561, "ele": 2260.60009765625, "time": "2025-03-17T18:35:22Z" }, "geometry": { "type": "Point", "coordinates": [ -99.180408529937267, 19.411447132006288 ] } },
{ "type": "Feature", "properties": { "track_fid": 0, "track_seg_id": 0, "track_seg_point_id": 562, "ele": 2262.0, "time": "2025-03-17T18:35:42Z" }, "geometry": { "type": "Point", "coordinates": [ -99.180409954860806, 19.411444868892431 ] } },
{ "type": "Feature", "properties": { "track_fid": 0, "track_seg_id": 0, "track_seg_point_id": 563, "ele": 2263.60009765625, "time": "2025-03-17T18:36:07Z" }, "geometry": { "type": "Point", "coordinates": [ -99.180416576564312, 19.411442019045353 ] } },
{ "type": "Feature", "properties": { "track_fid": 0, "track_seg_id": 0, "track_seg_point_id": 564, "ele": 2263.800048828125, "time": "2025-03-17T18:36:26Z" }, "geometry": { "type": "Point", "coordinates": [ -99.180397884920239, 19.411467667669058 ] } },
{ "type": "Feature", "properties": { "track_fid": 0, "track_seg_id": 0, "track_seg_point_id": 565, "ele": 2264.39990234375, "time": "2025-03-17T18:36:39Z" }, "geometry": { "type": "Point", "coordinates": [ -99.180344492197037, 19.411454675719142 ] } },
{ "type": "Feature", "properties": { "track_fid": 0, "track_seg_id": 0, "track_seg_point_id": 566, "ele": 2263.199951171875, "time": "2025-03-17T18:36:46Z" }, "geometry": { "type": "Point", "coordinates": [ -99.180193534120917, 19.41144579090178 ] } },
{ "type": "Feature", "properties": { "track_fid": 0, "track_seg_id": 0, "track_seg_point_id": 567, "ele": 2260.39990234375, "time": "2025-03-17T18:36:51Z" }, "geometry": { "type": "Point", "coordinates": [ -99.180034948512912, 19.411415699869394 ] } },
{ "type": "Feature", "properties": { "track_fid": 0, "track_seg_id": 0, "track_seg_point_id": 568, "ele": 2254.39990234375, "time": "2025-03-17T18:36:56Z" }, "geometry": { "type": "Point", "coordinates": [ -99.179870747029781, 19.411365827545524 ] } },
{ "type": "Feature", "properties": { "track_fid": 0, "track_seg_id": 0, "track_seg_point_id": 569, "ele": 2245.39990234375, "time": "2025-03-17T18:37:03Z" }, "geometry": { "type": "Point", "coordinates": [ -99.179626246914268, 19.41136809065938 ] } },
{ "type": "Feature", "properties": { "track_fid": 0, "track_seg_id": 0, "track_seg_point_id": 570, "ele": 2243.60009765625, "time": "2025-03-17T18:37:10Z" }, "geometry": { "type": "Point", "coordinates": [ -99.179448466747999, 19.411364989355206 ] } },
{ "type": "Feature", "properties": { "track_fid": 0, "track_seg_id": 0, "track_seg_point_id": 571, "ele": 2248.0, "time": "2025-03-17T18:37:17Z" }, "geometry": { "type": "Point", "coordinates": [ -99.179293736815453, 19.411366917192936 ] } },
{ "type": "Feature", "properties": { "track_fid": 0, "track_seg_id": 0, "track_seg_point_id": 572, "ele": 2248.60009765625, "time": "2025-03-17T18:37:20Z" }, "geometry": { "type": "Point", "coordinates": [ -99.179277392104268, 19.41137152723968 ] } },
{ "type": "Feature", "properties": { "track_fid": 0, "track_seg_id": 0, "track_seg_point_id": 573, "ele": 2248.60009765625, "time": "2025-03-17T18:37:23Z" }, "geometry": { "type": "Point", "coordinates": [ -99.179260628297925, 19.411380076780915 ] } },
{ "type": "Feature", "properties": { "track_fid": 0, "track_seg_id": 0, "track_seg_point_id": 574, "ele": 2248.60009765625, "time": "2025-03-17T18:37:32Z" }, "geometry": { "type": "Point", "coordinates": [ -99.179252665489912, 19.411384016275406 ] } },
{ "type": "Feature", "properties": { "track_fid": 0, "track_seg_id": 0, "track_seg_point_id": 575, "ele": 2248.199951171875, "time": "2025-03-17T18:37:47Z" }, "geometry": { "type": "Point", "coordinates": [ -99.179119057953358, 19.411407988518476 ] } },
{ "type": "Feature", "properties": { "track_fid": 0, "track_seg_id": 0, "track_seg_point_id": 576, "ele": 2249.60009765625, "time": "2025-03-17T18:37:53Z" }, "geometry": { "type": "Point", "coordinates": [ -99.178908253088593, 19.411404049023986 ] } },
{ "type": "Feature", "properties": { "track_fid": 0, "track_seg_id": 0, "track_seg_point_id": 577, "ele": 2253.60009765625, "time": "2025-03-17T18:38:00Z" }, "geometry": { "type": "Point", "coordinates": [ -99.178707171231508, 19.411417795345187 ] } },
{ "type": "Feature", "properties": { "track_fid": 0, "track_seg_id": 0, "track_seg_point_id": 578, "ele": 2256.60009765625, "time": "2025-03-17T18:38:05Z" }, "geometry": { "type": "Point", "coordinates": [ -99.178591333329678, 19.411404384300113 ] } },
{ "type": "Feature", "properties": { "track_fid": 0, "track_seg_id": 0, "track_seg_point_id": 579, "ele": 2253.39990234375, "time": "2025-03-17T18:38:11Z" }, "geometry": { "type": "Point", "coordinates": [ -99.178360579535365, 19.411399522796273 ] } },
{ "type": "Feature", "properties": { "track_fid": 0, "track_seg_id": 0, "track_seg_point_id": 580, "ele": 2250.39990234375, "time": "2025-03-17T18:38:17Z" }, "geometry": { "type": "Point", "coordinates": [ -99.178139716386795, 19.411415532231331 ] } },
{ "type": "Feature", "properties": { "track_fid": 0, "track_seg_id": 0, "track_seg_point_id": 581, "ele": 2250.800048828125, "time": "2025-03-17T18:38:26Z" }, "geometry": { "type": "Point", "coordinates": [ -99.177855318412185, 19.411389129236341 ] } },
{ "type": "Feature", "properties": { "track_fid": 0, "track_seg_id": 0, "track_seg_point_id": 582, "ele": 2250.39990234375, "time": "2025-03-17T18:38:34Z" }, "geometry": { "type": "Point", "coordinates": [ -99.177645267918706, 19.411363480612636 ] } },
{ "type": "Feature", "properties": { "track_fid": 0, "track_seg_id": 0, "track_seg_point_id": 583, "ele": 2250.60009765625, "time": "2025-03-17T18:38:35Z" }, "geometry": { "type": "Point", "coordinates": [ -99.177634036168456, 19.411370353773236 ] } },
{ "type": "Feature", "properties": { "track_fid": 0, "track_seg_id": 0, "track_seg_point_id": 584, "ele": 2250.800048828125, "time": "2025-03-17T18:38:37Z" }, "geometry": { "type": "Point", "coordinates": [ -99.177602184936404, 19.411389883607626 ] } },
{ "type": "Feature", "properties": { "track_fid": 0, "track_seg_id": 0, "track_seg_point_id": 585, "ele": 2251.39990234375, "time": "2025-03-17T18:38:39Z" }, "geometry": { "type": "Point", "coordinates": [ -99.177577961236238, 19.411410083994269 ] } },
{ "type": "Feature", "properties": { "track_fid": 0, "track_seg_id": 0, "track_seg_point_id": 586, "ele": 2251.60009765625, "time": "2025-03-17T18:38:41Z" }, "geometry": { "type": "Point", "coordinates": [ -99.177542338147759, 19.411420645192266 ] } },
{ "type": "Feature", "properties": { "track_fid": 0, "track_seg_id": 0, "track_seg_point_id": 587, "ele": 2257.199951171875, "time": "2025-03-17T18:38:48Z" }, "geometry": { "type": "Point", "coordinates": [ -99.177234638482332, 19.411436738446355 ] } },
{ "type": "Feature", "properties": { "track_fid": 0, "track_seg_id": 0, "track_seg_point_id": 588, "ele": 2260.60009765625, "time": "2025-03-17T18:38:54Z" }, "geometry": { "type": "Point", "coordinates": [ -99.176999861374497, 19.411453334614635 ] } },
{ "type": "Feature", "properties": { "track_fid": 0, "track_seg_id": 0, "track_seg_point_id": 589, "ele": 2261.60009765625, "time": "2025-03-17T18:39:02Z" }, "geometry": { "type": "Point", "coordinates": [ -99.176685540005565, 19.411485688760877 ] } },
{ "type": "Feature", "properties": { "track_fid": 0, "track_seg_id": 0, "track_seg_point_id": 590, "ele": 2262.60009765625, "time": "2025-03-17T18:39:07Z" }, "geometry": { "type": "Point", "coordinates": [ -99.176557548344135, 19.411517456173897 ] } },
{ "type": "Feature", "properties": { "track_fid": 0, "track_seg_id": 0, "track_seg_point_id": 591, "ele": 2266.0, "time": "2025-03-17T18:39:12Z" }, "geometry": { "type": "Point", "coordinates": [ -99.176449589431286, 19.411542266607285 ] } },
{ "type": "Feature", "properties": { "track_fid": 0, "track_seg_id": 0, "track_seg_point_id": 592, "ele": 2266.60009765625, "time": "2025-03-17T18:39:19Z" }, "geometry": { "type": "Point", "coordinates": [ -99.176214560866356, 19.411524496972561 ] } },
{ "type": "Feature", "properties": { "track_fid": 0, "track_seg_id": 0, "track_seg_point_id": 593, "ele": 2262.39990234375, "time": "2025-03-17T18:39:28Z" }, "geometry": { "type": "Point", "coordinates": [ -99.175867047160864, 19.411495327949524 ] } },
{ "type": "Feature", "properties": { "track_fid": 0, "track_seg_id": 0, "track_seg_point_id": 594, "ele": 2262.199951171875, "time": "2025-03-17T18:39:29Z" }, "geometry": { "type": "Point", "coordinates": [ -99.175841147080064, 19.411505553871393 ] } },
{ "type": "Feature", "properties": { "track_fid": 0, "track_seg_id": 0, "track_seg_point_id": 595, "ele": 2261.0, "time": "2025-03-17T18:39:32Z" }, "geometry": { "type": "Point", "coordinates": [ -99.175751293078065, 19.411537237465382 ] } },
{ "type": "Feature", "properties": { "track_fid": 0, "track_seg_id": 0, "track_seg_point_id": 596, "ele": 2260.0, "time": "2025-03-17T18:39:35Z" }, "geometry": { "type": "Point", "coordinates": [ -99.175631096586585, 19.411529023200274 ] } },
{ "type": "Feature", "properties": { "track_fid": 0, "track_seg_id": 0, "track_seg_point_id": 597, "ele": 2260.0, "time": "2025-03-17T18:39:38Z" }, "geometry": { "type": "Point", "coordinates": [ -99.175534453243017, 19.411491891369224 ] } },
{ "type": "Feature", "properties": { "track_fid": 0, "track_seg_id": 0, "track_seg_point_id": 598, "ele": 2259.199951171875, "time": "2025-03-17T18:39:45Z" }, "geometry": { "type": "Point", "coordinates": [ -99.175336640328169, 19.411522652953863 ] } },
{ "type": "Feature", "properties": { "track_fid": 0, "track_seg_id": 0, "track_seg_point_id": 599, "ele": 2259.199951171875, "time": "2025-03-17T18:39:46Z" }, "geometry": { "type": "Point", "coordinates": [ -99.175305124372244, 19.411521563306451 ] } },
{ "type": "Feature", "properties": { "track_fid": 0, "track_seg_id": 0, "track_seg_point_id": 600, "ele": 2257.60009765625, "time": "2025-03-17T18:39:50Z" }, "geometry": { "type": "Point", "coordinates": [ -99.175173528492451, 19.411494741216302 ] } },
{ "type": "Feature", "properties": { "track_fid": 0, "track_seg_id": 0, "track_seg_point_id": 601, "ele": 2256.39990234375, "time": "2025-03-17T18:39:55Z" }, "geometry": { "type": "Point", "coordinates": [ -99.17501955293119, 19.411499937996268 ] } },
{ "type": "Feature", "properties": { "track_fid": 0, "track_seg_id": 0, "track_seg_point_id": 602, "ele": 2256.199951171875, "time": "2025-03-17T18:40:01Z" }, "geometry": { "type": "Point", "coordinates": [ -99.17484219186008, 19.411428356543183 ] } },
{ "type": "Feature", "properties": { "track_fid": 0, "track_seg_id": 0, "track_seg_point_id": 603, "ele": 2254.60009765625, "time": "2025-03-17T18:40:07Z" }, "geometry": { "type": "Point", "coordinates": [ -99.174665585160255, 19.411339676007628 ] } },
{ "type": "Feature", "properties": { "track_fid": 0, "track_seg_id": 0, "track_seg_point_id": 604, "ele": 2250.39990234375, "time": "2025-03-17T18:40:15Z" }, "geometry": { "type": "Point", "coordinates": [ -99.174426617100835, 19.411189556121826 ] } },
{ "type": "Feature", "properties": { "track_fid": 0, "track_seg_id": 0, "track_seg_point_id": 605, "ele": 2246.60009765625, "time": "2025-03-17T18:40:20Z" }, "geometry": { "type": "Point", "coordinates": [ -99.174327459186316, 19.41106072627008 ] } },
{ "type": "Feature", "properties": { "track_fid": 0, "track_seg_id": 0, "track_seg_point_id": 606, "ele": 2247.800048828125, "time": "2025-03-17T18:40:27Z" }, "geometry": { "type": "Point", "coordinates": [ -99.174165185540915, 19.410961233079433 ] } },
{ "type": "Feature", "properties": { "track_fid": 0, "track_seg_id": 0, "track_seg_point_id": 607, "ele": 2251.60009765625, "time": "2025-03-17T18:40:32Z" }, "geometry": { "type": "Point", "coordinates": [ -99.174079271033406, 19.410937177017331 ] } },
{ "type": "Feature", "properties": { "track_fid": 0, "track_seg_id": 0, "track_seg_point_id": 608, "ele": 2252.199951171875, "time": "2025-03-17T18:40:33Z" }, "geometry": { "type": "Point", "coordinates": [ -99.174042893573642, 19.410931477323174 ] } },
{ "type": "Feature", "properties": { "track_fid": 0, "track_seg_id": 0, "track_seg_point_id": 609, "ele": 2253.39990234375, "time": "2025-03-17T18:40:40Z" }, "geometry": { "type": "Point", "coordinates": [ -99.173854719847441, 19.410874480381608 ] } },
{ "type": "Feature", "properties": { "track_fid": 0, "track_seg_id": 0, "track_seg_point_id": 610, "ele": 2251.60009765625, "time": "2025-03-17T18:40:46Z" }, "geometry": { "type": "Point", "coordinates": [ -99.173730919137597, 19.410842377692461 ] } },
{ "type": "Feature", "properties": { "track_fid": 0, "track_seg_id": 0, "track_seg_point_id": 611, "ele": 2249.0, "time": "2025-03-17T18:40:53Z" }, "geometry": { "type": "Point", "coordinates": [ -99.173545595258474, 19.41075973212719 ] } },
{ "type": "Feature", "properties": { "track_fid": 0, "track_seg_id": 0, "track_seg_point_id": 612, "ele": 2244.199951171875, "time": "2025-03-17T18:41:00Z" }, "geometry": { "type": "Point", "coordinates": [ -99.173315092921257, 19.410687480121851 ] } },
{ "type": "Feature", "properties": { "track_fid": 0, "track_seg_id": 0, "track_seg_point_id": 613, "ele": 2243.60009765625, "time": "2025-03-17T18:41:07Z" }, "geometry": { "type": "Point", "coordinates": [ -99.173178384080529, 19.410583879798651 ] } },
{ "type": "Feature", "properties": { "track_fid": 0, "track_seg_id": 0, "track_seg_point_id": 614, "ele": 2243.800048828125, "time": "2025-03-17T18:41:10Z" }, "geometry": { "type": "Point", "coordinates": [ -99.173149550333619, 19.410551441833377 ] } },
{ "type": "Feature", "properties": { "track_fid": 0, "track_seg_id": 0, "track_seg_point_id": 615, "ele": 2246.0, "time": "2025-03-17T18:41:12Z" }, "geometry": { "type": "Point", "coordinates": [ -99.17314762249589, 19.410546664148569 ] } },
{ "type": "Feature", "properties": { "track_fid": 0, "track_seg_id": 0, "track_seg_point_id": 616, "ele": 2246.800048828125, "time": "2025-03-17T18:41:13Z" }, "geometry": { "type": "Point", "coordinates": [ -99.173147790133953, 19.410544149577618 ] } },
{ "type": "Feature", "properties": { "track_fid": 0, "track_seg_id": 0, "track_seg_point_id": 617, "ele": 2247.60009765625, "time": "2025-03-17T18:41:17Z" }, "geometry": { "type": "Point", "coordinates": [ -99.173145527020097, 19.410537779331207 ] } },
{ "type": "Feature", "properties": { "track_fid": 0, "track_seg_id": 0, "track_seg_point_id": 618, "ele": 2247.39990234375, "time": "2025-03-17T18:41:25Z" }, "geometry": { "type": "Point", "coordinates": [ -99.173145275563002, 19.410531660541892 ] } },
{ "type": "Feature", "properties": { "track_fid": 0, "track_seg_id": 0, "track_seg_point_id": 619, "ele": 2247.39990234375, "time": "2025-03-17T18:41:37Z" }, "geometry": { "type": "Point", "coordinates": [ -99.173133373260498, 19.410514561459422 ] } },
{ "type": "Feature", "properties": { "track_fid": 0, "track_seg_id": 0, "track_seg_point_id": 620, "ele": 2247.39990234375, "time": "2025-03-17T18:41:44Z" }, "geometry": { "type": "Point", "coordinates": [ -99.172976380214095, 19.410414146259427 ] } },
{ "type": "Feature", "properties": { "track_fid": 0, "track_seg_id": 0, "track_seg_point_id": 621, "ele": 2246.199951171875, "time": "2025-03-17T18:41:49Z" }, "geometry": { "type": "Point", "coordinates": [ -99.172842018306255, 19.410353293642402 ] } },
{ "type": "Feature", "properties": { "track_fid": 0, "track_seg_id": 0, "track_seg_point_id": 622, "ele": 2248.39990234375, "time": "2025-03-17T18:41:54Z" }, "geometry": { "type": "Point", "coordinates": [ -99.172750990837812, 19.41034834831953 ] } },
{ "type": "Feature", "properties": { "track_fid": 0, "track_seg_id": 0, "track_seg_point_id": 623, "ele": 2250.0, "time": "2025-03-17T18:41:59Z" }, "geometry": { "type": "Point", "coordinates": [ -99.17269516736269, 19.410335440188646 ] } },
{ "type": "Feature", "properties": { "track_fid": 0, "track_seg_id": 0, "track_seg_point_id": 624, "ele": 2249.800048828125, "time": "2025-03-17T18:42:00Z" }, "geometry": { "type": "Point", "coordinates": [ -99.172664238139987, 19.410342816263437 ] } },
{ "type": "Feature", "properties": { "track_fid": 0, "track_seg_id": 0, "track_seg_point_id": 625, "ele": 2249.60009765625, "time": "2025-03-17T18:42:02Z" }, "geometry": { "type": "Point", "coordinates": [ -99.172607660293579, 19.410353628918529 ] } },
{ "type": "Feature", "properties": { "track_fid": 0, "track_seg_id": 0, "track_seg_point_id": 626, "ele": 2249.800048828125, "time": "2025-03-17T18:42:04Z" }, "geometry": { "type": "Point", "coordinates": [ -99.172543454915285, 19.410366956144571 ] } },
{ "type": "Feature", "properties": { "track_fid": 0, "track_seg_id": 0, "track_seg_point_id": 627, "ele": 2250.800048828125, "time": "2025-03-17T18:42:07Z" }, "geometry": { "type": "Point", "coordinates": [ -99.172493331134319, 19.410383217036724 ] } },
{ "type": "Feature", "properties": { "track_fid": 0, "track_seg_id": 0, "track_seg_point_id": 628, "ele": 2251.800048828125, "time": "2025-03-17T18:42:10Z" }, "geometry": { "type": "Point", "coordinates": [ -99.172442285344005, 19.410392185673118 ] } },
{ "type": "Feature", "properties": { "track_fid": 0, "track_seg_id": 0, "track_seg_point_id": 629, "ele": 2251.39990234375, "time": "2025-03-17T18:42:11Z" }, "geometry": { "type": "Point", "coordinates": [ -99.172412026673555, 19.410407859832048 ] } },
{ "type": "Feature", "properties": { "track_fid": 0, "track_seg_id": 0, "track_seg_point_id": 630, "ele": 2251.800048828125, "time": "2025-03-17T18:42:14Z" }, "geometry": { "type": "Point", "coordinates": [ -99.172350335866213, 19.410418421030045 ] } },
{ "type": "Feature", "properties": { "track_fid": 0, "track_seg_id": 0, "track_seg_point_id": 631, "ele": 2251.199951171875, "time": "2025-03-17T18:42:17Z" }, "geometry": { "type": "Point", "coordinates": [ -99.172286298125982, 19.410436945036054 ] } },
{ "type": "Feature", "properties": { "track_fid": 0, "track_seg_id": 0, "track_seg_point_id": 632, "ele": 2251.60009765625, "time": "2025-03-17T18:42:19Z" }, "geometry": { "type": "Point", "coordinates": [ -99.172271462157369, 19.41043334081769 ] } },
{ "type": "Feature", "properties": { "track_fid": 0, "track_seg_id": 0, "track_seg_point_id": 633, "ele": 2251.39990234375, "time": "2025-03-17T18:42:23Z" }, "geometry": { "type": "Point", "coordinates": [ -99.172254782170057, 19.410437364131212 ] } },
{ "type": "Feature", "properties": { "track_fid": 0, "track_seg_id": 0, "track_seg_point_id": 634, "ele": 2251.199951171875, "time": "2025-03-17T18:42:35Z" }, "geometry": { "type": "Point", "coordinates": [ -99.17220558039844, 19.410408278927207 ] } },
{ "type": "Feature", "properties": { "track_fid": 0, "track_seg_id": 0, "track_seg_point_id": 635, "ele": 2251.199951171875, "time": "2025-03-17T18:42:40Z" }, "geometry": { "type": "Point", "coordinates": [ -99.172157049179077, 19.410427138209343 ] } },
{ "type": "Feature", "properties": { "track_fid": 0, "track_seg_id": 0, "track_seg_point_id": 636, "ele": 2251.0, "time": "2025-03-17T18:42:45Z" }, "geometry": { "type": "Point", "coordinates": [ -99.172019837424159, 19.410416493192315 ] } },
{ "type": "Feature", "properties": { "track_fid": 0, "track_seg_id": 0, "track_seg_point_id": 637, "ele": 2251.800048828125, "time": "2025-03-17T18:42:49Z" }, "geometry": { "type": "Point", "coordinates": [ -99.171968875452876, 19.41037324257195 ] } },
{ "type": "Feature", "properties": { "track_fid": 0, "track_seg_id": 0, "track_seg_point_id": 638, "ele": 2252.199951171875, "time": "2025-03-17T18:42:51Z" }, "geometry": { "type": "Point", "coordinates": [ -99.17195051908493, 19.410340720787644 ] } },
{ "type": "Feature", "properties": { "track_fid": 0, "track_seg_id": 0, "track_seg_point_id": 639, "ele": 2253.0, "time": "2025-03-17T18:42:54Z" }, "geometry": { "type": "Point", "coordinates": [ -99.171902239322662, 19.410298727452755 ] } },
{ "type": "Feature", "properties": { "track_fid": 0, "track_seg_id": 0, "track_seg_point_id": 640, "ele": 2255.800048828125, "time": "2025-03-17T18:43:00Z" }, "geometry": { "type": "Point", "coordinates": [ -99.171785227954388, 19.410172076895833 ] } },
{ "type": "Feature", "properties": { "track_fid": 0, "track_seg_id": 0, "track_seg_point_id": 641, "ele": 2257.60009765625, "time": "2025-03-17T18:43:06Z" }, "geometry": { "type": "Point", "coordinates": [ -99.171673748642206, 19.410047940909863 ] } },
{ "type": "Feature", "properties": { "track_fid": 0, "track_seg_id": 0, "track_seg_point_id": 642, "ele": 2259.0, "time": "2025-03-17T18:43:12Z" }, "geometry": { "type": "Point", "coordinates": [ -99.17155908420682, 19.409906538203359 ] } },
{ "type": "Feature", "properties": { "track_fid": 0, "track_seg_id": 0, "track_seg_point_id": 643, "ele": 2261.39990234375, "time": "2025-03-17T18:43:18Z" }, "geometry": { "type": "Point", "coordinates": [ -99.171488424763083, 19.409763123840094 ] } },
{ "type": "Feature", "properties": { "track_fid": 0, "track_seg_id": 0, "track_seg_point_id": 644, "ele": 2261.60009765625, "time": "2025-03-17T18:43:20Z" }, "geometry": { "type": "Point", "coordinates": [ -99.171477947384119, 19.409726494923234 ] } },
{ "type": "Feature", "properties": { "track_fid": 0, "track_seg_id": 0, "track_seg_point_id": 645, "ele": 2262.0, "time": "2025-03-17T18:43:22Z" }, "geometry": { "type": "Point", "coordinates": [ -99.171482222154737, 19.409695649519563 ] } },
{ "type": "Feature", "properties": { "track_fid": 0, "track_seg_id": 0, "track_seg_point_id": 646, "ele": 2262.39990234375, "time": "2025-03-17T18:43:23Z" }, "geometry": { "type": "Point", "coordinates": [ -99.17148289270699, 19.409678550437093 ] } },
{ "type": "Feature", "properties": { "track_fid": 0, "track_seg_id": 0, "track_seg_point_id": 647, "ele": 2261.800048828125, "time": "2025-03-17T18:43:26Z" }, "geometry": { "type": "Point", "coordinates": [ -99.171473756432533, 19.409640999510884 ] } },
{ "type": "Feature", "properties": { "track_fid": 0, "track_seg_id": 0, "track_seg_point_id": 648, "ele": 2263.800048828125, "time": "2025-03-17T18:43:28Z" }, "geometry": { "type": "Point", "coordinates": [ -99.171458417549729, 19.409610824659467 ] } },
{ "type": "Feature", "properties": { "track_fid": 0, "track_seg_id": 0, "track_seg_point_id": 649, "ele": 2263.199951171875, "time": "2025-03-17T18:43:35Z" }, "geometry": { "type": "Point", "coordinates": [ -99.171308130025864, 19.40955676138401 ] } },
{ "type": "Feature", "properties": { "track_fid": 0, "track_seg_id": 0, "track_seg_point_id": 650, "ele": 2266.60009765625, "time": "2025-03-17T18:43:40Z" }, "geometry": { "type": "Point", "coordinates": [ -99.171201679855585, 19.409504793584347 ] } },
{ "type": "Feature", "properties": { "track_fid": 0, "track_seg_id": 0, "track_seg_point_id": 651, "ele": 2267.800048828125, "time": "2025-03-17T18:43:46Z" }, "geometry": { "type": "Point", "coordinates": [ -99.171005375683308, 19.409474534913898 ] } },
{ "type": "Feature", "properties": { "track_fid": 0, "track_seg_id": 0, "track_seg_point_id": 652, "ele": 2268.800048828125, "time": "2025-03-17T18:43:49Z" }, "geometry": { "type": "Point", "coordinates": [ -99.170933542773128, 19.409452239051461 ] } },
{ "type": "Feature", "properties": { "track_fid": 0, "track_seg_id": 0, "track_seg_point_id": 653, "ele": 2269.800048828125, "time": "2025-03-17T18:43:51Z" }, "geometry": { "type": "Point", "coordinates": [ -99.170894483104348, 19.409447964280844 ] } },
{ "type": "Feature", "properties": { "track_fid": 0, "track_seg_id": 0, "track_seg_point_id": 654, "ele": 2270.39990234375, "time": "2025-03-17T18:43:58Z" }, "geometry": { "type": "Point", "coordinates": [ -99.170599859207869, 19.409453663975 ] } },
{ "type": "Feature", "properties": { "track_fid": 0, "track_seg_id": 0, "track_seg_point_id": 655, "ele": 2266.800048828125, "time": "2025-03-17T18:44:04Z" }, "geometry": { "type": "Point", "coordinates": [ -99.170303475111723, 19.409451233223081 ] } },
{ "type": "Feature", "properties": { "track_fid": 0, "track_seg_id": 0, "track_seg_point_id": 656, "ele": 2259.800048828125, "time": "2025-03-17T18:44:12Z" }, "geometry": { "type": "Point", "coordinates": [ -99.170010695233941, 19.409466320648789 ] } },
{ "type": "Feature", "properties": { "track_fid": 0, "track_seg_id": 0, "track_seg_point_id": 657, "ele": 2260.0, "time": "2025-03-17T18:44:16Z" }, "geometry": { "type": "Point", "coordinates": [ -99.169928384944797, 19.409492472186685 ] } },
{ "type": "Feature", "properties": { "track_fid": 0, "track_seg_id": 0, "track_seg_point_id": 658, "ele": 2260.39990234375, "time": "2025-03-17T18:44:17Z" }, "geometry": { "type": "Point", "coordinates": [ -99.169901898130774, 19.409488951787353 ] } },
{ "type": "Feature", "properties": { "track_fid": 0, "track_seg_id": 0, "track_seg_point_id": 659, "ele": 2260.0, "time": "2025-03-17T18:44:24Z" }, "geometry": { "type": "Point", "coordinates": [ -99.169642729684711, 19.409517534077168 ] } },
{ "type": "Feature", "properties": { "track_fid": 0, "track_seg_id": 0, "track_seg_point_id": 660, "ele": 2256.0, "time": "2025-03-17T18:44:30Z" }, "geometry": { "type": "Point", "coordinates": [ -99.169418346136808, 19.409603197127581 ] } },
{ "type": "Feature", "properties": { "track_fid": 0, "track_seg_id": 0, "track_seg_point_id": 661, "ele": 2248.60009765625, "time": "2025-03-17T18:44:37Z" }, "geometry": { "type": "Point", "coordinates": [ -99.169036466628313, 19.409763375297189 ] } },
{ "type": "Feature", "properties": { "track_fid": 0, "track_seg_id": 0, "track_seg_point_id": 662, "ele": 2244.199951171875, "time": "2025-03-17T18:44:39Z" }, "geometry": { "type": "Point", "coordinates": [ -99.168943343684077, 19.409736134111881 ] } },
{ "type": "Feature", "properties": { "track_fid": 0, "track_seg_id": 0, "track_seg_point_id": 663, "ele": 2243.800048828125, "time": "2025-03-17T18:44:41Z" }, "geometry": { "type": "Point", "coordinates": [ -99.168839827179909, 19.409768488258123 ] } },
{ "type": "Feature", "properties": { "track_fid": 0, "track_seg_id": 0, "track_seg_point_id": 664, "ele": 2244.60009765625, "time": "2025-03-17T18:44:44Z" }, "geometry": { "type": "Point", "coordinates": [ -99.168710242956877, 19.40981718711555 ] } },
{ "type": "Feature", "properties": { "track_fid": 0, "track_seg_id": 0, "track_seg_point_id": 665, "ele": 2244.800048828125, "time": "2025-03-17T18:44:45Z" }, "geometry": { "type": "Point", "coordinates": [ -99.168712086975574, 19.409833950921893 ] } },
{ "type": "Feature", "properties": { "track_fid": 0, "track_seg_id": 0, "track_seg_point_id": 666, "ele": 2246.39990234375, "time": "2025-03-17T18:44:48Z" }, "geometry": { "type": "Point", "coordinates": [ -99.168685181066394, 19.409875944256783 ] } },
{ "type": "Feature", "properties": { "track_fid": 0, "track_seg_id": 0, "track_seg_point_id": 667, "ele": 2247.39990234375, "time": "2025-03-17T18:44:49Z" }, "geometry": { "type": "Point", "coordinates": [ -99.16865567676723, 19.409891534596682 ] } },
{ "type": "Feature", "properties": { "track_fid": 0, "track_seg_id": 0, "track_seg_point_id": 668, "ele": 2250.60009765625, "time": "2025-03-17T18:44:55Z" }, "geometry": { "type": "Point", "coordinates": [ -99.168498432263732, 19.410021537914872 ] } },
{ "type": "Feature", "properties": { "track_fid": 0, "track_seg_id": 0, "track_seg_point_id": 669, "ele": 2251.39990234375, "time": "2025-03-17T18:44:56Z" }, "geometry": { "type": "Point", "coordinates": [ -99.168498096987605, 19.410043330863118 ] } },
{ "type": "Feature", "properties": { "track_fid": 0, "track_seg_id": 0, "track_seg_point_id": 670, "ele": 2254.0, "time": "2025-03-17T18:45:00Z" }, "geometry": { "type": "Point", "coordinates": [ -99.16845778003335, 19.410141063854098 ] } },
{ "type": "Feature", "properties": { "track_fid": 0, "track_seg_id": 0, "track_seg_point_id": 671, "ele": 2260.0, "time": "2025-03-17T18:45:06Z" }, "geometry": { "type": "Point", "coordinates": [ -99.168375134468079, 19.41028238274157 ] } },
{ "type": "Feature", "properties": { "track_fid": 0, "track_seg_id": 0, "track_seg_point_id": 672, "ele": 2260.199951171875, "time": "2025-03-17T18:45:13Z" }, "geometry": { "type": "Point", "coordinates": [ -99.168202467262745, 19.410496288910508 ] } },
{ "type": "Feature", "properties": { "track_fid": 0, "track_seg_id": 0, "track_seg_point_id": 673, "ele": 2260.800048828125, "time": "2025-03-17T18:45:18Z" }, "geometry": { "type": "Point", "coordinates": [ -99.168111775070429, 19.41057457588613 ] } },
{ "type": "Feature", "properties": { "track_fid": 0, "track_seg_id": 0, "track_seg_point_id": 674, "ele": 2260.60009765625, "time": "2025-03-17T18:45:21Z" }, "geometry": { "type": "Point", "coordinates": [ -99.168076822534204, 19.410602068528533 ] } },
{ "type": "Feature", "properties": { "track_fid": 0, "track_seg_id": 0, "track_seg_point_id": 675, "ele": 2260.800048828125, "time": "2025-03-17T18:45:22Z" }, "geometry": { "type": "Point", "coordinates": [ -99.168058717623353, 19.410611959174275 ] } },
{ "type": "Feature", "properties": { "track_fid": 0, "track_seg_id": 0, "track_seg_point_id": 676, "ele": 2262.0, "time": "2025-03-17T18:45:30Z" }, "geometry": { "type": "Point", "coordinates": [ -99.168010354042053, 19.410672392696142 ] } },
{ "type": "Feature", "properties": { "track_fid": 0, "track_seg_id": 0, "track_seg_point_id": 677, "ele": 2262.199951171875, "time": "2025-03-17T18:45:37Z" }, "geometry": { "type": "Point", "coordinates": [ -99.168006246909499, 19.410712122917175 ] } },
{ "type": "Feature", "properties": { "track_fid": 0, "track_seg_id": 0, "track_seg_point_id": 678, "ele": 2265.199951171875, "time": "2025-03-17T18:45:45Z" }, "geometry": { "type": "Point", "coordinates": [ -99.168053017929196, 19.410736681893468 ] } },
{ "type": "Feature", "properties": { "track_fid": 0, "track_seg_id": 0, "track_seg_point_id": 679, "ele": 2269.800048828125, "time": "2025-03-17T18:45:53Z" }, "geometry": { "type": "Point", "coordinates": [ -99.168170699849725, 19.410804240033031 ] } },
{ "type": "Feature", "properties": { "track_fid": 0, "track_seg_id": 0, "track_seg_point_id": 680, "ele": 2270.199951171875, "time": "2025-03-17T18:46:01Z" }, "geometry": { "type": "Point", "coordinates": [ -99.168364657089114, 19.410907840356231 ] } },
{ "type": "Feature", "properties": { "track_fid": 0, "track_seg_id": 0, "track_seg_point_id": 681, "ele": 2269.39990234375, "time": "2025-03-17T18:46:07Z" }, "geometry": { "type": "Point", "coordinates": [ -99.168505137786269, 19.411009345203638 ] } },
{ "type": "Feature", "properties": { "track_fid": 0, "track_seg_id": 0, "track_seg_point_id": 682, "ele": 2268.0, "time": "2025-03-17T18:46:10Z" }, "geometry": { "type": "Point", "coordinates": [ -99.168550567701459, 19.411024516448379 ] } },
{ "type": "Feature", "properties": { "track_fid": 0, "track_seg_id": 0, "track_seg_point_id": 683, "ele": 2268.39990234375, "time": "2025-03-17T18:46:12Z" }, "geometry": { "type": "Point", "coordinates": [ -99.168574120849371, 19.411019487306476 ] } },
{ "type": "Feature", "properties": { "track_fid": 0, "track_seg_id": 0, "track_seg_point_id": 684, "ele": 2269.39990234375, "time": "2025-03-17T18:46:17Z" }, "geometry": { "type": "Point", "coordinates": [ -99.168624244630337, 19.411056786775589 ] } },
{ "type": "Feature", "properties": { "track_fid": 0, "track_seg_id": 0, "track_seg_point_id": 685, "ele": 2270.39990234375, "time": "2025-03-17T18:46:20Z" }, "geometry": { "type": "Point", "coordinates": [ -99.168626423925161, 19.41113255918026 ] } },
{ "type": "Feature", "properties": { "track_fid": 0, "track_seg_id": 0, "track_seg_point_id": 686, "ele": 2271.199951171875, "time": "2025-03-17T18:46:22Z" }, "geometry": { "type": "Point", "coordinates": [ -99.168639667332172, 19.411169942468405 ] } },
{ "type": "Feature", "properties": { "track_fid": 0, "track_seg_id": 0, "track_seg_point_id": 687, "ele": 2271.0, "time": "2025-03-17T18:46:23Z" }, "geometry": { "type": "Point", "coordinates": [ -99.168638158589602, 19.41118779592216 ] } },
{ "type": "Feature", "properties": { "track_fid": 0, "track_seg_id": 0, "track_seg_point_id": 688, "ele": 2271.199951171875, "time": "2025-03-17T18:46:25Z" }, "geometry": { "type": "Point", "coordinates": [ -99.168625082820654, 19.411215037107468 ] } },
{ "type": "Feature", "properties": { "track_fid": 0, "track_seg_id": 0, "track_seg_point_id": 689, "ele": 2270.60009765625, "time": "2025-03-17T18:46:27Z" }, "geometry": { "type": "Point", "coordinates": [ -99.168615778908134, 19.411250492557883 ] } },
{ "type": "Feature", "properties": { "track_fid": 0, "track_seg_id": 0, "track_seg_point_id": 690, "ele": 2270.60009765625, "time": "2025-03-17T18:46:28Z" }, "geometry": { "type": "Point", "coordinates": [ -99.168614270165563, 19.411270441487432 ] } },
{ "type": "Feature", "properties": { "track_fid": 0, "track_seg_id": 0, "track_seg_point_id": 691, "ele": 2271.39990234375, "time": "2025-03-17T18:46:30Z" }, "geometry": { "type": "Point", "coordinates": [ -99.1686434391886, 19.411325342953205 ] } },
{ "type": "Feature", "properties": { "track_fid": 0, "track_seg_id": 0, "track_seg_point_id": 692, "ele": 2272.0, "time": "2025-03-17T18:46:31Z" }, "geometry": { "type": "Point", "coordinates": [ -99.168655425310135, 19.411348644644022 ] } },
{ "type": "Feature", "properties": { "track_fid": 0, "track_seg_id": 0, "track_seg_point_id": 693, "ele": 2272.39990234375, "time": "2025-03-17T18:46:32Z" }, "geometry": { "type": "Point", "coordinates": [ -99.168654251843691, 19.411368845030665 ] } },
{ "type": "Feature", "properties": { "track_fid": 0, "track_seg_id": 0, "track_seg_point_id": 694, "ele": 2275.0, "time": "2025-03-17T18:46:36Z" }, "geometry": { "type": "Point", "coordinates": [ -99.168636566027999, 19.41143698990345 ] } },
{ "type": "Feature", "properties": { "track_fid": 0, "track_seg_id": 0, "track_seg_point_id": 695, "ele": 2276.0, "time": "2025-03-17T18:46:37Z" }, "geometry": { "type": "Point", "coordinates": [ -99.168630028143525, 19.411455262452364 ] } },
{ "type": "Feature", "properties": { "track_fid": 0, "track_seg_id": 0, "track_seg_point_id": 696, "ele": 2277.199951171875, "time": "2025-03-17T18:46:39Z" }, "geometry": { "type": "Point", "coordinates": [ -99.168598428368568, 19.411472026258707 ] } },
{ "type": "Feature", "properties": { "track_fid": 0, "track_seg_id": 0, "track_seg_point_id": 697, "ele": 2277.39990234375, "time": "2025-03-17T18:46:40Z" }, "geometry": { "type": "Point", "coordinates": [ -99.168578730896115, 19.411485437303782 ] } },
{ "type": "Feature", "properties": { "track_fid": 0, "track_seg_id": 0, "track_seg_point_id": 698, "ele": 2278.800048828125, "time": "2025-03-17T18:46:47Z" }, "geometry": { "type": "Point", "coordinates": [ -99.168562470003963, 19.411686351522803 ] } },
{ "type": "Feature", "properties": { "track_fid": 0, "track_seg_id": 0, "track_seg_point_id": 699, "ele": 2275.199951171875, "time": "2025-03-17T18:46:52Z" }, "geometry": { "type": "Point", "coordinates": [ -99.168476890772581, 19.411846194416285 ] } },
{ "type": "Feature", "properties": { "track_fid": 0, "track_seg_id": 0, "track_seg_point_id": 700, "ele": 2275.199951171875, "time": "2025-03-17T18:46:53Z" }, "geometry": { "type": "Point", "coordinates": [ -99.168464737012982, 19.411860359832644 ] } },
{ "type": "Feature", "properties": { "track_fid": 0, "track_seg_id": 0, "track_seg_point_id": 701, "ele": 2274.800048828125, "time": "2025-03-17T18:46:54Z" }, "geometry": { "type": "Point", "coordinates": [ -99.168450320139527, 19.411884164437652 ] } },
{ "type": "Feature", "properties": { "track_fid": 0, "track_seg_id": 0, "track_seg_point_id": 702, "ele": 2274.0, "time": "2025-03-17T18:46:56Z" }, "geometry": { "type": "Point", "coordinates": [ -99.168437495827675, 19.411936718970537 ] } },
{ "type": "Feature", "properties": { "track_fid": 0, "track_seg_id": 0, "track_seg_point_id": 703, "ele": 2273.199951171875, "time": "2025-03-17T18:46:57Z" }, "geometry": { "type": "Point", "coordinates": [ -99.168421318754554, 19.411952896043658 ] } },
{ "type": "Feature", "properties": { "track_fid": 0, "track_seg_id": 0, "track_seg_point_id": 704, "ele": 2272.199951171875, "time": "2025-03-17T18:46:59Z" }, "geometry": { "type": "Point", "coordinates": [ -99.168380666524172, 19.4120042771101 ] } },
{ "type": "Feature", "properties": { "track_fid": 0, "track_seg_id": 0, "track_seg_point_id": 705, "ele": 2272.0, "time": "2025-03-17T18:47:01Z" }, "geometry": { "type": "Point", "coordinates": [ -99.168356191366911, 19.412065716460347 ] } },
{ "type": "Feature", "properties": { "track_fid": 0, "track_seg_id": 0, "track_seg_point_id": 706, "ele": 2272.39990234375, "time": "2025-03-17T18:47:04Z" }, "geometry": { "type": "Point", "coordinates": [ -99.168355269357562, 19.412143165245652 ] } },
{ "type": "Feature", "properties": { "track_fid": 0, "track_seg_id": 0, "track_seg_point_id": 707, "ele": 2273.199951171875, "time": "2025-03-17T18:47:07Z" }, "geometry": { "type": "Point", "coordinates": [ -99.168323585763574, 19.412219021469355 ] } },
{ "type": "Feature", "properties": { "track_fid": 0, "track_seg_id": 0, "track_seg_point_id": 708, "ele": 2274.60009765625, "time": "2025-03-17T18:47:11Z" }, "geometry": { "type": "Point", "coordinates": [ -99.168289052322507, 19.4122891779989 ] } },
{ "type": "Feature", "properties": { "track_fid": 0, "track_seg_id": 0, "track_seg_point_id": 709, "ele": 2275.0, "time": "2025-03-17T18:47:13Z" }, "geometry": { "type": "Point", "coordinates": [ -99.168243622407317, 19.412343241274357 ] } },
{ "type": "Feature", "properties": { "track_fid": 0, "track_seg_id": 0, "track_seg_point_id": 710, "ele": 2275.0, "time": "2025-03-17T18:47:14Z" }, "geometry": { "type": "Point", "coordinates": [ -99.168223757296801, 19.412377355620265 ] } },
{ "type": "Feature", "properties": { "track_fid": 0, "track_seg_id": 0, "track_seg_point_id": 711, "ele": 2274.0, "time": "2025-03-17T18:47:17Z" }, "geometry": { "type": "Point", "coordinates": [ -99.168214369565248, 19.412493025884032 ] } },
{ "type": "Feature", "properties": { "track_fid": 0, "track_seg_id": 0, "track_seg_point_id": 712, "ele": 2273.0, "time": "2025-03-17T18:47:18Z" }, "geometry": { "type": "Point", "coordinates": [ -99.168201293796301, 19.412537617608905 ] } },
{ "type": "Feature", "properties": { "track_fid": 0, "track_seg_id": 0, "track_seg_point_id": 713, "ele": 2271.800048828125, "time": "2025-03-17T18:47:20Z" }, "geometry": { "type": "Point", "coordinates": [ -99.168204981833696, 19.4126121327281 ] } },
{ "type": "Feature", "properties": { "track_fid": 0, "track_seg_id": 0, "track_seg_point_id": 714, "ele": 2270.39990234375, "time": "2025-03-17T18:47:23Z" }, "geometry": { "type": "Point", "coordinates": [ -99.168214872479439, 19.412697460502386 ] } },
{ "type": "Feature", "properties": { "track_fid": 0, "track_seg_id": 0, "track_seg_point_id": 715, "ele": 2269.199951171875, "time": "2025-03-17T18:47:27Z" }, "geometry": { "type": "Point", "coordinates": [ -99.16820858605206, 19.412759067490697 ] } },
{ "type": "Feature", "properties": { "track_fid": 0, "track_seg_id": 0, "track_seg_point_id": 716, "ele": 2268.800048828125, "time": "2025-03-17T18:47:35Z" }, "geometry": { "type": "Point", "coordinates": [ -99.168162569403648, 19.412910360842943 ] } },
{ "type": "Feature", "properties": { "track_fid": 0, "track_seg_id": 0, "track_seg_point_id": 717, "ele": 2270.60009765625, "time": "2025-03-17T18:47:41Z" }, "geometry": { "type": "Point", "coordinates": [ -99.168079169467092, 19.413037598133087 ] } },
{ "type": "Feature", "properties": { "track_fid": 0, "track_seg_id": 0, "track_seg_point_id": 718, "ele": 2272.39990234375, "time": "2025-03-17T18:47:46Z" }, "geometry": { "type": "Point", "coordinates": [ -99.168011946603656, 19.413140024989843 ] } },
{ "type": "Feature", "properties": { "track_fid": 0, "track_seg_id": 0, "track_seg_point_id": 719, "ele": 2273.800048828125, "time": "2025-03-17T18:47:53Z" }, "geometry": { "type": "Point", "coordinates": [ -99.167991578578949, 19.413308585062623 ] } },
{ "type": "Feature", "properties": { "track_fid": 0, "track_seg_id": 0, "track_seg_point_id": 720, "ele": 2274.800048828125, "time": "2025-03-17T18:47:55Z" }, "geometry": { "type": "Point", "coordinates": [ -99.167991494759917, 19.41333431750536 ] } },
{ "type": "Feature", "properties": { "track_fid": 0, "track_seg_id": 0, "track_seg_point_id": 721, "ele": 2275.800048828125, "time": "2025-03-17T18:47:57Z" }, "geometry": { "type": "Point", "coordinates": [ -99.16798185557127, 19.41335535608232 ] } },
{ "type": "Feature", "properties": { "track_fid": 0, "track_seg_id": 0, "track_seg_point_id": 722, "ele": 2276.199951171875, "time": "2025-03-17T18:47:58Z" }, "geometry": { "type": "Point", "coordinates": [ -99.167980346828699, 19.413365162909031 ] } },
{ "type": "Feature", "properties": { "track_fid": 0, "track_seg_id": 0, "track_seg_point_id": 723, "ele": 2277.39990234375, "time": "2025-03-17T18:48:02Z" }, "geometry": { "type": "Point", "coordinates": [ -99.167971964925528, 19.413443533703685 ] } },
{ "type": "Feature", "properties": { "track_fid": 0, "track_seg_id": 0, "track_seg_point_id": 724, "ele": 2278.60009765625, "time": "2025-03-17T18:48:04Z" }, "geometry": { "type": "Point", "coordinates": [ -99.167960062623024, 19.41348728723824 ] } },
{ "type": "Feature", "properties": { "track_fid": 0, "track_seg_id": 0, "track_seg_point_id": 725, "ele": 2279.199951171875, "time": "2025-03-17T18:48:05Z" }, "geometry": { "type": "Point", "coordinates": [ -99.167951848357916, 19.413503799587488 ] } },
{ "type": "Feature", "properties": { "track_fid": 0, "track_seg_id": 0, "track_seg_point_id": 726, "ele": 2281.800048828125, "time": "2025-03-17T18:48:09Z" }, "geometry": { "type": "Point", "coordinates": [ -99.167937431484461, 19.413644447922707 ] } },
{ "type": "Feature", "properties": { "track_fid": 0, "track_seg_id": 0, "track_seg_point_id": 727, "ele": 2281.0, "time": "2025-03-17T18:48:14Z" }, "geometry": { "type": "Point", "coordinates": [ -99.167958050966263, 19.413881571963429 ] } },
{ "type": "Feature", "properties": { "track_fid": 0, "track_seg_id": 0, "track_seg_point_id": 728, "ele": 2276.800048828125, "time": "2025-03-17T18:48:22Z" }, "geometry": { "type": "Point", "coordinates": [ -99.167937431484461, 19.414132442325354 ] } },
{ "type": "Feature", "properties": { "track_fid": 0, "track_seg_id": 0, "track_seg_point_id": 729, "ele": 2275.199951171875, "time": "2025-03-17T18:48:24Z" }, "geometry": { "type": "Point", "coordinates": [ -99.16790365241468, 19.414148116484284 ] } },
{ "type": "Feature", "properties": { "track_fid": 0, "track_seg_id": 0, "track_seg_point_id": 730, "ele": 2274.800048828125, "time": "2025-03-17T18:48:25Z" }, "geometry": { "type": "Point", "coordinates": [ -99.167901137843728, 19.414161695167422 ] } },
{ "type": "Feature", "properties": { "track_fid": 0, "track_seg_id": 0, "track_seg_point_id": 731, "ele": 2275.39990234375, "time": "2025-03-17T18:48:28Z" }, "geometry": { "type": "Point", "coordinates": [ -99.16791932657361, 19.41423587501049 ] } },
{ "type": "Feature", "properties": { "track_fid": 0, "track_seg_id": 0, "track_seg_point_id": 732, "ele": 2276.199951171875, "time": "2025-03-17T18:48:30Z" }, "geometry": { "type": "Point", "coordinates": [ -99.167909352108836, 19.414303097873926 ] } },
{ "type": "Feature", "properties": { "track_fid": 0, "track_seg_id": 0, "track_seg_point_id": 733, "ele": 2276.60009765625, "time": "2025-03-17T18:48:38Z" }, "geometry": { "type": "Point", "coordinates": [ -99.167868532240391, 19.414590261876583 ] } },
{ "type": "Feature", "properties": { "track_fid": 0, "track_seg_id": 0, "track_seg_point_id": 734, "ele": 2264.800048828125, "time": "2025-03-17T18:48:45Z" }, "geometry": { "type": "Point", "coordinates": [ -99.16773559525609, 19.414841635152698 ] } },
{ "type": "Feature", "properties": { "track_fid": 0, "track_seg_id": 0, "track_seg_point_id": 735, "ele": 2261.199951171875, "time": "2025-03-17T18:48:50Z" }, "geometry": { "type": "Point", "coordinates": [ -99.167753532528877, 19.414880778640509 ] } },
{ "type": "Feature", "properties": { "track_fid": 0, "track_seg_id": 0, "track_seg_point_id": 736, "ele": 2261.39990234375, "time": "2025-03-17T18:48:52Z" }, "geometry": { "type": "Point", "coordinates": [ -99.167765518650413, 19.414888070896268 ] } },
{ "type": "Feature", "properties": { "track_fid": 0, "track_seg_id": 0, "track_seg_point_id": 737, "ele": 2262.0, "time": "2025-03-17T18:48:54Z" }, "geometry": { "type": "Point", "coordinates": [ -99.167787227779627, 19.414896620437503 ] } },
{ "type": "Feature", "properties": { "track_fid": 0, "track_seg_id": 0, "track_seg_point_id": 738, "ele": 2263.199951171875, "time": "2025-03-17T18:49:00Z" }, "geometry": { "type": "Point", "coordinates": [ -99.16778932325542, 19.414953617379069 ] } },
{ "type": "Feature", "properties": { "track_fid": 0, "track_seg_id": 0, "track_seg_point_id": 739, "ele": 2266.0, "time": "2025-03-17T18:49:07Z" }, "geometry": { "type": "Point", "coordinates": [ -99.16776392608881, 19.415101893246174 ] } },
{ "type": "Feature", "properties": { "track_fid": 0, "track_seg_id": 0, "track_seg_point_id": 740, "ele": 2269.800048828125, "time": "2025-03-17T18:49:14Z" }, "geometry": { "type": "Point", "coordinates": [ -99.167748754844069, 19.415270537137985 ] } },
{ "type": "Feature", "properties": { "track_fid": 0, "track_seg_id": 0, "track_seg_point_id": 741, "ele": 2269.60009765625, "time": "2025-03-17T18:49:20Z" }, "geometry": { "type": "Point", "coordinates": [ -99.16778102517128, 19.415477234870195 ] } },
{ "type": "Feature", "properties": { "track_fid": 0, "track_seg_id": 0, "track_seg_point_id": 742, "ele": 2269.60009765625, "time": "2025-03-17T18:49:21Z" }, "geometry": { "type": "Point", "coordinates": [ -99.167772056534886, 19.415491484105587 ] } },
{ "type": "Feature", "properties": { "track_fid": 0, "track_seg_id": 0, "track_seg_point_id": 743, "ele": 2270.0, "time": "2025-03-17T18:49:24Z" }, "geometry": { "type": "Point", "coordinates": [ -99.167756633833051, 19.415575889870524 ] } },
{ "type": "Feature", "properties": { "track_fid": 0, "track_seg_id": 0, "track_seg_point_id": 744, "ele": 2271.39990234375, "time": "2025-03-17T18:49:30Z" }, "geometry": { "type": "Point", "coordinates": [ -99.167724782600999, 19.415760543197393 ] } },
{ "type": "Feature", "properties": { "track_fid": 0, "track_seg_id": 0, "track_seg_point_id": 745, "ele": 2271.800048828125, "time": "2025-03-17T18:49:32Z" }, "geometry": { "type": "Point", "coordinates": [ -99.167719250544906, 19.415826592594385 ] } },
{ "type": "Feature", "properties": { "track_fid": 0, "track_seg_id": 0, "track_seg_point_id": 746, "ele": 2272.39990234375, "time": "2025-03-17T18:49:35Z" }, "geometry": { "type": "Point", "coordinates": [ -99.167689746245742, 19.415913848206401 ] } },
{ "type": "Feature", "properties": { "track_fid": 0, "track_seg_id": 0, "track_seg_point_id": 747, "ele": 2272.0, "time": "2025-03-17T18:49:40Z" }, "geometry": { "type": "Point", "coordinates": [ -99.167644735425711, 19.416081570088863 ] } },
{ "type": "Feature", "properties": { "track_fid": 0, "track_seg_id": 0, "track_seg_point_id": 748, "ele": 2271.199951171875, "time": "2025-03-17T18:49:41Z" }, "geometry": { "type": "Point", "coordinates": [ -99.167625289410353, 19.41611367277801 ] } },
{ "type": "Feature", "properties": { "track_fid": 0, "track_seg_id": 0, "track_seg_point_id": 749, "ele": 2268.39990234375, "time": "2025-03-17T18:49:44Z" }, "geometry": { "type": "Point", "coordinates": [ -99.167611794546247, 19.416216686367989 ] } },
{ "type": "Feature", "properties": { "track_fid": 0, "track_seg_id": 0, "track_seg_point_id": 750, "ele": 2267.60009765625, "time": "2025-03-17T18:49:45Z" }, "geometry": { "type": "Point", "coordinates": [ -99.167603999376297, 19.416233282536268 ] } },
{ "type": "Feature", "properties": { "track_fid": 0, "track_seg_id": 0, "track_seg_point_id": 751, "ele": 2265.199951171875, "time": "2025-03-17T18:49:48Z" }, "geometry": { "type": "Point", "coordinates": [ -99.167577177286148, 19.416289189830422 ] } },
{ "type": "Feature", "properties": { "track_fid": 0, "track_seg_id": 0, "track_seg_point_id": 752, "ele": 2265.0, "time": "2025-03-17T18:49:49Z" }, "geometry": { "type": "Point", "coordinates": [ -99.167580865323544, 19.416300337761641 ] } },
{ "type": "Feature", "properties": { "track_fid": 0, "track_seg_id": 0, "track_seg_point_id": 753, "ele": 2263.800048828125, "time": "2025-03-17T18:49:51Z" }, "geometry": { "type": "Point", "coordinates": [ -99.167583296075463, 19.416317017748952 ] } },
{ "type": "Feature", "properties": { "track_fid": 0, "track_seg_id": 0, "track_seg_point_id": 754, "ele": 2262.800048828125, "time": "2025-03-17T18:49:52Z" }, "geometry": { "type": "Point", "coordinates": [ -99.167578434571624, 19.416325483471155 ] } },
{ "type": "Feature", "properties": { "track_fid": 0, "track_seg_id": 0, "track_seg_point_id": 755, "ele": 2261.39990234375, "time": "2025-03-17T18:49:56Z" }, "geometry": { "type": "Point", "coordinates": [ -99.167553372681141, 19.416337972506881 ] } },
{ "type": "Feature", "properties": { "track_fid": 0, "track_seg_id": 0, "track_seg_point_id": 756, "ele": 2261.60009765625, "time": "2025-03-17T18:50:08Z" }, "geometry": { "type": "Point", "coordinates": [ -99.167511044070125, 19.416387425735593 ] } },
{ "type": "Feature", "properties": { "track_fid": 0, "track_seg_id": 0, "track_seg_point_id": 757, "ele": 2261.800048828125, "time": "2025-03-17T18:50:09Z" }, "geometry": { "type": "Point", "coordinates": [ -99.167503667995334, 19.416396729648113 ] } },
{ "type": "Feature", "properties": { "track_fid": 0, "track_seg_id": 0, "track_seg_point_id": 758, "ele": 2261.60009765625, "time": "2025-03-17T18:50:19Z" }, "geometry": { "type": "Point", "coordinates": [ -99.16745756752789, 19.416439393535256 ] } },
{ "type": "Feature", "properties": { "track_fid": 0, "track_seg_id": 0, "track_seg_point_id": 759, "ele": 2261.60009765625, "time": "2025-03-17T18:50:32Z" }, "geometry": { "type": "Point", "coordinates": [ -99.167451616376638, 19.416445596143603 ] } },
{ "type": "Feature", "properties": { "track_fid": 0, "track_seg_id": 0, "track_seg_point_id": 760, "ele": 2261.39990234375, "time": "2025-03-17T18:50:44Z" }, "geometry": { "type": "Point", "coordinates": [ -99.167445246130228, 19.416446350514889 ] } },
{ "type": "Feature", "properties": { "track_fid": 0, "track_seg_id": 0, "track_seg_point_id": 761, "ele": 2261.199951171875, "time": "2025-03-17T18:50:57Z" }, "geometry": { "type": "Point", "coordinates": [ -99.167444827035069, 19.416451044380665 ] } },
{ "type": "Feature", "properties": { "track_fid": 0, "track_seg_id": 0, "track_seg_point_id": 762, "ele": 2260.800048828125, "time": "2025-03-17T18:51:11Z" }, "geometry": { "type": "Point", "coordinates": [ -99.167445078492165, 19.416461689397693 ] } },
{ "type": "Feature", "properties": { "track_fid": 0, "track_seg_id": 0, "track_seg_point_id": 763, "ele": 2260.39990234375, "time": "2025-03-17T18:51:22Z" }, "geometry": { "type": "Point", "coordinates": [ -99.167459830641747, 19.416478117927909 ] } },
{ "type": "Feature", "properties": { "track_fid": 0, "track_seg_id": 0, "track_seg_point_id": 764, "ele": 2260.0, "time": "2025-03-17T18:51:31Z" }, "geometry": { "type": "Point", "coordinates": [ -99.167452286928892, 19.416518937796354 ] } },
{ "type": "Feature", "properties": { "track_fid": 0, "track_seg_id": 0, "track_seg_point_id": 765, "ele": 2259.60009765625, "time": "2025-03-17T18:51:37Z" }, "geometry": { "type": "Point", "coordinates": [ -99.167409874498844, 19.416562942788005 ] } },
{ "type": "Feature", "properties": { "track_fid": 0, "track_seg_id": 0, "track_seg_point_id": 766, "ele": 2258.60009765625, "time": "2025-03-17T18:51:39Z" }, "geometry": { "type": "Point", "coordinates": [ -99.167400067672133, 19.416568474844098 ] } },
{ "type": "Feature", "properties": { "track_fid": 0, "track_seg_id": 0, "track_seg_point_id": 767, "ele": 2257.39990234375, "time": "2025-03-17T18:51:41Z" }, "geometry": { "type": "Point", "coordinates": [ -99.167380621656775, 19.41658029332757 ] } },
{ "type": "Feature", "properties": { "track_fid": 0, "track_seg_id": 0, "track_seg_point_id": 768, "ele": 2256.800048828125, "time": "2025-03-17T18:51:43Z" }, "geometry": { "type": "Point", "coordinates": [ -99.167340388521552, 19.41659496165812 ] } },
{ "type": "Feature", "properties": { "track_fid": 0, "track_seg_id": 0, "track_seg_point_id": 769, "ele": 2256.39990234375, "time": "2025-03-17T18:51:46Z" }, "geometry": { "type": "Point", "coordinates": [ -99.16725137270987, 19.416587669402361 ] } },
{ "type": "Feature", "properties": { "track_fid": 0, "track_seg_id": 0, "track_seg_point_id": 770, "ele": 2256.0, "time": "2025-03-17T18:51:51Z" }, "geometry": { "type": "Point", "coordinates": [ -99.167116675525904, 19.416545927524567 ] } },
{ "type": "Feature", "properties": { "track_fid": 0, "track_seg_id": 0, "track_seg_point_id": 771, "ele": 2255.60009765625, "time": "2025-03-17T18:51:57Z" }, "geometry": { "type": "Point", "coordinates": [ -99.166965717449784, 19.416478872299194 ] } },
{ "type": "Feature", "properties": { "track_fid": 0, "track_seg_id": 0, "track_seg_point_id": 772, "ele": 2253.39990234375, "time": "2025-03-17T18:52:04Z" }, "geometry": { "type": "Point", "coordinates": [ -99.166804030537605, 19.416394466534257 ] } },
{ "type": "Feature", "properties": { "track_fid": 0, "track_seg_id": 0, "track_seg_point_id": 773, "ele": 2254.39990234375, "time": "2025-03-17T18:52:11Z" }, "geometry": { "type": "Point", "coordinates": [ -99.166711661964655, 19.416324393823743 ] } },
{ "type": "Feature", "properties": { "track_fid": 0, "track_seg_id": 0, "track_seg_point_id": 774, "ele": 2253.60009765625, "time": "2025-03-17T18:52:18Z" }, "geometry": { "type": "Point", "coordinates": [ -99.166641673073173, 19.416245687752962 ] } },
{ "type": "Feature", "properties": { "track_fid": 0, "track_seg_id": 0, "track_seg_point_id": 775, "ele": 2252.199951171875, "time": "2025-03-17T18:52:24Z" }, "geometry": { "type": "Point", "coordinates": [ -99.166549388319254, 19.416160695254803 ] } },
{ "type": "Feature", "properties": { "track_fid": 0, "track_seg_id": 0, "track_seg_point_id": 776, "ele": 2256.199951171875, "time": "2025-03-17T18:52:32Z" }, "geometry": { "type": "Point", "coordinates": [ -99.166273958981037, 19.416061788797379 ] } },
{ "type": "Feature", "properties": { "track_fid": 0, "track_seg_id": 0, "track_seg_point_id": 777, "ele": 2257.800048828125, "time": "2025-03-17T18:52:39Z" }, "geometry": { "type": "Point", "coordinates": [ -99.166077487170696, 19.415942933410406 ] } },
{ "type": "Feature", "properties": { "track_fid": 0, "track_seg_id": 0, "track_seg_point_id": 778, "ele": 2254.39990234375, "time": "2025-03-17T18:52:45Z" }, "geometry": { "type": "Point", "coordinates": [ -99.1658856254071, 19.415833381935954 ] } },
{ "type": "Feature", "properties": { "track_fid": 0, "track_seg_id": 0, "track_seg_point_id": 779, "ele": 2254.60009765625, "time": "2025-03-17T18:52:51Z" }, "geometry": { "type": "Point", "coordinates": [ -99.165726285427809, 19.415738079696894 ] } },
{ "type": "Feature", "properties": { "track_fid": 0, "track_seg_id": 0, "track_seg_point_id": 780, "ele": 2251.39990234375, "time": "2025-03-17T18:52:59Z" }, "geometry": { "type": "Point", "coordinates": [ -99.165383130311966, 19.415560299530625 ] } },
{ "type": "Feature", "properties": { "track_fid": 0, "track_seg_id": 0, "track_seg_point_id": 781, "ele": 2249.800048828125, "time": "2025-03-17T18:53:05Z" }, "geometry": { "type": "Point", "coordinates": [ -99.165194118395448, 19.415437588468194 ] } },
{ "type": "Feature", "properties": { "track_fid": 0, "track_seg_id": 0, "track_seg_point_id": 782, "ele": 2248.800048828125, "time": "2025-03-17T18:53:11Z" }, "geometry": { "type": "Point", "coordinates": [ -99.164950121194124, 19.415323343127966 ] } },
{ "type": "Feature", "properties": { "track_fid": 0, "track_seg_id": 0, "track_seg_point_id": 783, "ele": 2253.199951171875, "time": "2025-03-17T18:53:20Z" }, "geometry": { "type": "Point", "coordinates": [ -99.16464451700449, 19.415154699236155 ] } },
{ "type": "Feature", "properties": { "track_fid": 0, "track_seg_id": 0, "track_seg_point_id": 784, "ele": 2251.39990234375, "time": "2025-03-17T18:53:26Z" }, "geometry": { "type": "Point", "coordinates": [ -99.164462629705667, 19.415042717009783 ] } },
{ "type": "Feature", "properties": { "track_fid": 0, "track_seg_id": 0, "track_seg_point_id": 785, "ele": 2241.800048828125, "time": "2025-03-17T18:53:33Z" }, "geometry": { "type": "Point", "coordinates": [ -99.164260039106011, 19.414960071444511 ] } },
{ "type": "Feature", "properties": { "track_fid": 0, "track_seg_id": 0, "track_seg_point_id": 786, "ele": 2241.199951171875, "time": "2025-03-17T18:53:41Z" }, "geometry": { "type": "Point", "coordinates": [ -99.164012772962451, 19.414998795837164 ] } },
{ "type": "Feature", "properties": { "track_fid": 0, "track_seg_id": 0, "track_seg_point_id": 787, "ele": 2242.60009765625, "time": "2025-03-17T18:53:43Z" }, "geometry": { "type": "Point", "coordinates": [ -99.163973964750767, 19.415014050900936 ] } },
{ "type": "Feature", "properties": { "track_fid": 0, "track_seg_id": 0, "track_seg_point_id": 788, "ele": 2243.60009765625, "time": "2025-03-17T18:53:45Z" }, "geometry": { "type": "Point", "coordinates": [ -99.163933647796512, 19.415031233802438 ] } },
{ "type": "Feature", "properties": { "track_fid": 0, "track_seg_id": 0, "track_seg_point_id": 789, "ele": 2245.39990234375, "time": "2025-03-17T18:53:51Z" }, "geometry": { "type": "Point", "coordinates": [ -99.163871370255947, 19.41504112444818 ] } },
{ "type": "Feature", "properties": { "track_fid": 0, "track_seg_id": 0, "track_seg_point_id": 790, "ele": 2246.0, "time": "2025-03-17T18:53:56Z" }, "geometry": { "type": "Point", "coordinates": [ -99.163862820714712, 19.415028970688581 ] } },
{ "type": "Feature", "properties": { "track_fid": 0, "track_seg_id": 0, "track_seg_point_id": 791, "ele": 2246.199951171875, "time": "2025-03-17T18:54:06Z" }, "geometry": { "type": "Point", "coordinates": [ -99.163861060515046, 19.415024863556027 ] } },
{ "type": "Feature", "properties": { "track_fid": 0, "track_seg_id": 0, "track_seg_point_id": 792, "ele": 2246.199951171875, "time": "2025-03-17T18:54:18Z" }, "geometry": { "type": "Point", "coordinates": [ -99.163860641419888, 19.415020253509283 ] } },
{ "type": "Feature", "properties": { "track_fid": 0, "track_seg_id": 0, "track_seg_point_id": 793, "ele": 2246.39990234375, "time": "2025-03-17T18:54:31Z" }, "geometry": { "type": "Point", "coordinates": [ -99.16385879740119, 19.415019331499934 ] } },
{ "type": "Feature", "properties": { "track_fid": 0, "track_seg_id": 0, "track_seg_point_id": 794, "ele": 2248.800048828125, "time": "2025-03-17T18:54:46Z" }, "geometry": { "type": "Point", "coordinates": [ -99.163721585646272, 19.415045650675893 ] } },
{ "type": "Feature", "properties": { "track_fid": 0, "track_seg_id": 0, "track_seg_point_id": 795, "ele": 2248.39990234375, "time": "2025-03-17T18:54:52Z" }, "geometry": { "type": "Point", "coordinates": [ -99.163546655327082, 19.41507875919342 ] } },
{ "type": "Feature", "properties": { "track_fid": 0, "track_seg_id": 0, "track_seg_point_id": 796, "ele": 2251.800048828125, "time": "2025-03-17T18:55:00Z" }, "geometry": { "type": "Point", "coordinates": [ -99.163345489650965, 19.41515545360744 ] } },
{ "type": "Feature", "properties": { "track_fid": 0, "track_seg_id": 0, "track_seg_point_id": 797, "ele": 2255.39990234375, "time": "2025-03-17T18:55:05Z" }, "geometry": { "type": "Point", "coordinates": [ -99.163220347836614, 19.415188897401094 ] } },
{ "type": "Feature", "properties": { "track_fid": 0, "track_seg_id": 0, "track_seg_point_id": 798, "ele": 2258.60009765625, "time": "2025-03-17T18:55:11Z" }, "geometry": { "type": "Point", "coordinates": [ -99.16303887963295, 19.415241116657853 ] } },
{ "type": "Feature", "properties": { "track_fid": 0, "track_seg_id": 0, "track_seg_point_id": 799, "ele": 2261.800048828125, "time": "2025-03-17T18:55:15Z" }, "geometry": { "type": "Point", "coordinates": [ -99.162968555465341, 19.415267687290907 ] } },
{ "type": "Feature", "properties": { "track_fid": 0, "track_seg_id": 0, "track_seg_point_id": 800, "ele": 2262.800048828125, "time": "2025-03-17T18:55:17Z" }, "geometry": { "type": "Point", "coordinates": [ -99.162932680919766, 19.415271794423461 ] } },
{ "type": "Feature", "properties": { "track_fid": 0, "track_seg_id": 0, "track_seg_point_id": 801, "ele": 2271.0, "time": "2025-03-17T18:55:25Z" }, "geometry": { "type": "Point", "coordinates": [ -99.162697568535805, 19.41531965509057 ] } },
{ "type": "Feature", "properties": { "track_fid": 0, "track_seg_id": 0, "track_seg_point_id": 802, "ele": 2273.60009765625, "time": "2025-03-17T18:55:30Z" }, "geometry": { "type": "Point", "coordinates": [ -99.162581143900752, 19.415349578484893 ] } },
{ "type": "Feature", "properties": { "track_fid": 0, "track_seg_id": 0, "track_seg_point_id": 803, "ele": 2273.800048828125, "time": "2025-03-17T18:55:31Z" }, "geometry": { "type": "Point", "coordinates": [ -99.162553735077381, 19.415358463302255 ] } },
{ "type": "Feature", "properties": { "track_fid": 0, "track_seg_id": 0, "track_seg_point_id": 804, "ele": 2274.800048828125, "time": "2025-03-17T18:55:38Z" }, "geometry": { "type": "Point", "coordinates": [ -99.16230839677155, 19.415421327576041 ] } },
{ "type": "Feature", "properties": { "track_fid": 0, "track_seg_id": 0, "track_seg_point_id": 805, "ele": 2265.60009765625, "time": "2025-03-17T18:55:45Z" }, "geometry": { "type": "Point", "coordinates": [ -99.161932971328497, 19.415499279275537 ] } },
{ "type": "Feature", "properties": { "track_fid": 0, "track_seg_id": 0, "track_seg_point_id": 806, "ele": 2260.39990234375, "time": "2025-03-17T18:55:51Z" }, "geometry": { "type": "Point", "coordinates": [ -99.161718646064401, 19.415541691705585 ] } },
{ "type": "Feature", "properties": { "track_fid": 0, "track_seg_id": 0, "track_seg_point_id": 807, "ele": 2260.60009765625, "time": "2025-03-17T18:55:58Z" }, "geometry": { "type": "Point", "coordinates": [ -99.161517731845379, 19.41558008082211 ] } },
{ "type": "Feature", "properties": { "track_fid": 0, "track_seg_id": 0, "track_seg_point_id": 808, "ele": 2261.199951171875, "time": "2025-03-17T18:56:05Z" }, "geometry": { "type": "Point", "coordinates": [ -99.161297539249063, 19.415599443018436 ] } },
{ "type": "Feature", "properties": { "track_fid": 0, "track_seg_id": 0, "track_seg_point_id": 809, "ele": 2263.199951171875, "time": "2025-03-17T18:56:12Z" }, "geometry": { "type": "Point", "coordinates": [ -99.161085896193981, 19.415636239573359 ] } },
{ "type": "Feature", "properties": { "track_fid": 0, "track_seg_id": 0, "track_seg_point_id": 810, "ele": 2263.800048828125, "time": "2025-03-17T18:56:17Z" }, "geometry": { "type": "Point", "coordinates": [ -99.161001658067107, 19.415659038349986 ] } },
{ "type": "Feature", "properties": { "track_fid": 0, "track_seg_id": 0, "track_seg_point_id": 811, "ele": 2263.39990234375, "time": "2025-03-17T18:56:23Z" }, "geometry": { "type": "Point", "coordinates": [ -99.160978188738227, 19.415669599547982 ] } },
{ "type": "Feature", "properties": { "track_fid": 0, "track_seg_id": 0, "track_seg_point_id": 812, "ele": 2263.39990234375, "time": "2025-03-17T18:56:27Z" }, "geometry": { "type": "Point", "coordinates": [ -99.160976260900497, 19.41567094065249 ] } },
{ "type": "Feature", "properties": { "track_fid": 0, "track_seg_id": 0, "track_seg_point_id": 813, "ele": 2263.800048828125, "time": "2025-03-17T18:56:43Z" }, "geometry": { "type": "Point", "coordinates": [ -99.160973746329546, 19.415672281756997 ] } },
{ "type": "Feature", "properties": { "track_fid": 0, "track_seg_id": 0, "track_seg_point_id": 814, "ele": 2264.199951171875, "time": "2025-03-17T18:56:54Z" }, "geometry": { "type": "Point", "coordinates": [ -99.160850029438734, 19.415709665045142 ] } },
{ "type": "Feature", "properties": { "track_fid": 0, "track_seg_id": 0, "track_seg_point_id": 815, "ele": 2265.39990234375, "time": "2025-03-17T18:57:01Z" }, "geometry": { "type": "Point", "coordinates": [ -99.160649534314871, 19.415701450780034 ] } },
{ "type": "Feature", "properties": { "track_fid": 0, "track_seg_id": 0, "track_seg_point_id": 816, "ele": 2265.800048828125, "time": "2025-03-17T18:57:08Z" }, "geometry": { "type": "Point", "coordinates": [ -99.160428754985332, 19.415734224021435 ] } },
{ "type": "Feature", "properties": { "track_fid": 0, "track_seg_id": 0, "track_seg_point_id": 817, "ele": 2264.199951171875, "time": "2025-03-17T18:57:16Z" }, "geometry": { "type": "Point", "coordinates": [ -99.160161288455129, 19.415779737755656 ] } },
{ "type": "Feature", "properties": { "track_fid": 0, "track_seg_id": 0, "track_seg_point_id": 818, "ele": 2264.800048828125, "time": "2025-03-17T18:57:25Z" }, "geometry": { "type": "Point", "coordinates": [ -99.159860629588366, 19.415869675576687 ] } },
{ "type": "Feature", "properties": { "track_fid": 0, "track_seg_id": 0, "track_seg_point_id": 819, "ele": 2265.0, "time": "2025-03-17T18:57:26Z" }, "geometry": { "type": "Point", "coordinates": [ -99.159847050905228, 19.415874956175685 ] } },
{ "type": "Feature", "properties": { "track_fid": 0, "track_seg_id": 0, "track_seg_point_id": 820, "ele": 2265.199951171875, "time": "2025-03-17T18:57:29Z" }, "geometry": { "type": "Point", "coordinates": [ -99.159820061177015, 19.415888283401728 ] } },
{ "type": "Feature", "properties": { "track_fid": 0, "track_seg_id": 0, "track_seg_point_id": 821, "ele": 2265.39990234375, "time": "2025-03-17T18:57:31Z" }, "geometry": { "type": "Point", "coordinates": [ -99.159794999286532, 19.415887445211411 ] } },
{ "type": "Feature", "properties": { "track_fid": 0, "track_seg_id": 0, "track_seg_point_id": 822, "ele": 2265.800048828125, "time": "2025-03-17T18:57:33Z" }, "geometry": { "type": "Point", "coordinates": [ -99.159784521907568, 19.415882918983698 ] } },
{ "type": "Feature", "properties": { "track_fid": 0, "track_seg_id": 0, "track_seg_point_id": 823, "ele": 2266.0, "time": "2025-03-17T18:57:37Z" }, "geometry": { "type": "Point", "coordinates": [ -99.159769769757986, 19.415873279795051 ] } },
{ "type": "Feature", "properties": { "track_fid": 0, "track_seg_id": 0, "track_seg_point_id": 824, "ele": 2266.0, "time": "2025-03-17T18:57:42Z" }, "geometry": { "type": "Point", "coordinates": [ -99.159752754494548, 19.415885685011744 ] } },
{ "type": "Feature", "properties": { "track_fid": 0, "track_seg_id": 0, "track_seg_point_id": 825, "ele": 2266.800048828125, "time": "2025-03-17T18:57:51Z" }, "geometry": { "type": "Point", "coordinates": [ -99.159611770883203, 19.415940335020423 ] } },
{ "type": "Feature", "properties": { "track_fid": 0, "track_seg_id": 0, "track_seg_point_id": 826, "ele": 2268.0, "time": "2025-03-17T18:57:59Z" }, "geometry": { "type": "Point", "coordinates": [ -99.159361068159342, 19.41597243770957 ] } },
{ "type": "Feature", "properties": { "track_fid": 0, "track_seg_id": 0, "track_seg_point_id": 827, "ele": 2264.0, "time": "2025-03-17T18:58:06Z" }, "geometry": { "type": "Point", "coordinates": [ -99.159157052636147, 19.4159846752882 ] } },
{ "type": "Feature", "properties": { "track_fid": 0, "track_seg_id": 0, "track_seg_point_id": 828, "ele": 2263.0, "time": "2025-03-17T18:58:07Z" }, "geometry": { "type": "Point", "coordinates": [ -99.159137522801757, 19.415993057191372 ] } },
{ "type": "Feature", "properties": { "track_fid": 0, "track_seg_id": 0, "track_seg_point_id": 829, "ele": 2260.60009765625, "time": "2025-03-17T18:58:10Z" }, "geometry": { "type": "Point", "coordinates": [ -99.159054290503263, 19.416007054969668 ] } },
{ "type": "Feature", "properties": { "track_fid": 0, "track_seg_id": 0, "track_seg_point_id": 830, "ele": 2258.0, "time": "2025-03-17T18:58:18Z" }, "geometry": { "type": "Point", "coordinates": [ -99.158827057108283, 19.416055837646127 ] } },
{ "type": "Feature", "properties": { "track_fid": 0, "track_seg_id": 0, "track_seg_point_id": 831, "ele": 2261.199951171875, "time": "2025-03-17T18:58:25Z" }, "geometry": { "type": "Point", "coordinates": [ -99.15866469964385, 19.416107386350632 ] } },
{ "type": "Feature", "properties": { "track_fid": 0, "track_seg_id": 0, "track_seg_point_id": 832, "ele": 2261.39990234375, "time": "2025-03-17T18:58:30Z" }, "geometry": { "type": "Point", "coordinates": [ -99.158499743789434, 19.416132029145956 ] } },
{ "type": "Feature", "properties": { "track_fid": 0, "track_seg_id": 0, "track_seg_point_id": 833, "ele": 2261.199951171875, "time": "2025-03-17T18:58:31Z" }, "geometry": { "type": "Point", "coordinates": [ -99.158475268632174, 19.416138818487525 ] } },
{ "type": "Feature", "properties": { "track_fid": 0, "track_seg_id": 0, "track_seg_point_id": 834, "ele": 2261.0, "time": "2025-03-17T18:58:34Z" }, "geometry": { "type": "Point", "coordinates": [ -99.158417684957385, 19.416156420484185 ] } },
{ "type": "Feature", "properties": { "track_fid": 0, "track_seg_id": 0, "track_seg_point_id": 835, "ele": 2261.800048828125, "time": "2025-03-17T18:58:40Z" }, "geometry": { "type": "Point", "coordinates": [ -99.158235797658563, 19.41619916819036 ] } },
{ "type": "Feature", "properties": { "track_fid": 0, "track_seg_id": 0, "track_seg_point_id": 836, "ele": 2262.60009765625, "time": "2025-03-17T18:58:46Z" }, "geometry": { "type": "Point", "coordinates": [ -99.158089365810156, 19.416250381618738 ] } },
{ "type": "Feature", "properties": { "track_fid": 0, "track_seg_id": 0, "track_seg_point_id": 837, "ele": 2263.0, "time": "2025-03-17T18:58:54Z" }, "geometry": { "type": "Point", "coordinates": [ -99.157844446599483, 19.416290279477835 ] } },
{ "type": "Feature", "properties": { "track_fid": 0, "track_seg_id": 0, "track_seg_point_id": 838, "ele": 2266.60009765625, "time": "2025-03-17T18:59:00Z" }, "geometry": { "type": "Point", "coordinates": [ -99.157634982839227, 19.416317017748952 ] } },
{ "type": "Feature", "properties": { "track_fid": 0, "track_seg_id": 0, "track_seg_point_id": 839, "ele": 2271.0, "time": "2025-03-17T18:59:07Z" }, "geometry": { "type": "Point", "coordinates": [ -99.157406240701675, 19.416355239227414 ] } },
{ "type": "Feature", "properties": { "track_fid": 0, "track_seg_id": 0, "track_seg_point_id": 840, "ele": 2271.800048828125, "time": "2025-03-17T18:59:15Z" }, "geometry": { "type": "Point", "coordinates": [ -99.157229047268629, 19.416423551738262 ] } },
{ "type": "Feature", "properties": { "track_fid": 0, "track_seg_id": 0, "track_seg_point_id": 841, "ele": 2271.39990234375, "time": "2025-03-17T18:59:16Z" }, "geometry": { "type": "Point", "coordinates": [ -99.157209685072303, 19.416423216462135 ] } },
{ "type": "Feature", "properties": { "track_fid": 0, "track_seg_id": 0, "track_seg_point_id": 842, "ele": 2270.60009765625, "time": "2025-03-17T18:59:21Z" }, "geometry": { "type": "Point", "coordinates": [ -99.157099965959787, 19.416438722983003 ] } },
{ "type": "Feature", "properties": { "track_fid": 0, "track_seg_id": 0, "track_seg_point_id": 843, "ele": 2271.0, "time": "2025-03-17T18:59:24Z" }, "geometry": { "type": "Point", "coordinates": [ -99.157064091414213, 19.416433777660131 ] } },
{ "type": "Feature", "properties": { "track_fid": 0, "track_seg_id": 0, "track_seg_point_id": 844, "ele": 2271.39990234375, "time": "2025-03-17T18:59:27Z" }, "geometry": { "type": "Point", "coordinates": [ -99.157039364799857, 19.416422545909882 ] } },
{ "type": "Feature", "properties": { "track_fid": 0, "track_seg_id": 0, "track_seg_point_id": 845, "ele": 2270.60009765625, "time": "2025-03-17T18:59:33Z" }, "geometry": { "type": "Point", "coordinates": [ -99.157007345929742, 19.416411649435759 ] } },
{ "type": "Feature", "properties": { "track_fid": 0, "track_seg_id": 0, "track_seg_point_id": 846, "ele": 2271.199951171875, "time": "2025-03-17T18:59:45Z" }, "geometry": { "type": "Point", "coordinates": [ -99.156942721456289, 19.416418857872486 ] } },
{ "type": "Feature", "properties": { "track_fid": 0, "track_seg_id": 0, "track_seg_point_id": 847, "ele": 2271.199951171875, "time": "2025-03-17T18:59:51Z" }, "geometry": { "type": "Point", "coordinates": [ -99.156783381476998, 19.416466299444437 ] } },
{ "type": "Feature", "properties": { "track_fid": 0, "track_seg_id": 0, "track_seg_point_id": 848, "ele": 2270.800048828125, "time": "2025-03-17T18:59:58Z" }, "geometry": { "type": "Point", "coordinates": [ -99.156575929373503, 19.41648842766881 ] } },
{ "type": "Feature", "properties": { "track_fid": 0, "track_seg_id": 0, "track_seg_point_id": 849, "ele": 2268.0, "time": "2025-03-17T19:00:04Z" }, "geometry": { "type": "Point", "coordinates": [ -99.156417595222592, 19.416529834270477 ] } },
{ "type": "Feature", "properties": { "track_fid": 0, "track_seg_id": 0, "track_seg_point_id": 850, "ele": 2263.800048828125, "time": "2025-03-17T19:00:11Z" }, "geometry": { "type": "Point", "coordinates": [ -99.156194971874356, 19.416580963879824 ] } },
{ "type": "Feature", "properties": { "track_fid": 0, "track_seg_id": 0, "track_seg_point_id": 851, "ele": 2263.39990234375, "time": "2025-03-17T19:00:18Z" }, "geometry": { "type": "Point", "coordinates": [ -99.155974360182881, 19.416633099317551 ] } },
{ "type": "Feature", "properties": { "track_fid": 0, "track_seg_id": 0, "track_seg_point_id": 852, "ele": 2262.60009765625, "time": "2025-03-17T19:00:23Z" }, "geometry": { "type": "Point", "coordinates": [ -99.15584921836853, 19.416669392958283 ] } },
{ "type": "Feature", "properties": { "track_fid": 0, "track_seg_id": 0, "track_seg_point_id": 853, "ele": 2261.800048828125, "time": "2025-03-17T19:00:24Z" }, "geometry": { "type": "Point", "coordinates": [ -99.15582524612546, 19.41666872240603 ] } },
{ "type": "Feature", "properties": { "track_fid": 0, "track_seg_id": 0, "track_seg_point_id": 854, "ele": 2259.60009765625, "time": "2025-03-17T19:00:28Z" }, "geometry": { "type": "Point", "coordinates": [ -99.155660457909107, 19.416673751547933 ] } },
{ "type": "Feature", "properties": { "track_fid": 0, "track_seg_id": 0, "track_seg_point_id": 855, "ele": 2256.0, "time": "2025-03-17T19:00:34Z" }, "geometry": { "type": "Point", "coordinates": [ -99.15540162473917, 19.416703591123223 ] } },
{ "type": "Feature", "properties": { "track_fid": 0, "track_seg_id": 0, "track_seg_point_id": 856, "ele": 2255.60009765625, "time": "2025-03-17T19:00:35Z" }, "geometry": { "type": "Point", "coordinates": [ -99.155376646667719, 19.416691018268466 ] } },
{ "type": "Feature", "properties": { "track_fid": 0, "track_seg_id": 0, "track_seg_point_id": 857, "ele": 2255.60009765625, "time": "2025-03-17T19:00:38Z" }, "geometry": { "type": "Point", "coordinates": [ -99.15532635524869, 19.416650952771306 ] } },
{ "type": "Feature", "properties": { "track_fid": 0, "track_seg_id": 0, "track_seg_point_id": 858, "ele": 2257.60009765625, "time": "2025-03-17T19:00:45Z" }, "geometry": { "type": "Point", "coordinates": [ -99.155244883149862, 19.416576772928238 ] } },
{ "type": "Feature", "properties": { "track_fid": 0, "track_seg_id": 0, "track_seg_point_id": 859, "ele": 2262.0, "time": "2025-03-17T19:00:51Z" }, "geometry": { "type": "Point", "coordinates": [ -99.155229544267058, 19.416535869240761 ] } },
{ "type": "Feature", "properties": { "track_fid": 0, "track_seg_id": 0, "track_seg_point_id": 860, "ele": 2263.0, "time": "2025-03-17T19:01:01Z" }, "geometry": { "type": "Point", "coordinates": [ -99.155212277546525, 19.416487673297524 ] } },
{ "type": "Feature", "properties": { "track_fid": 0, "track_seg_id": 0, "track_seg_point_id": 861, "ele": 2263.199951171875, "time": "2025-03-17T19:01:08Z" }, "geometry": { "type": "Point", "coordinates": [ -99.155213534832001, 19.416483733803034 ] } },
{ "type": "Feature", "properties": { "track_fid": 0, "track_seg_id": 0, "track_seg_point_id": 862, "ele": 2263.0, "time": "2025-03-17T19:01:23Z" }, "geometry": { "type": "Point", "coordinates": [ -99.155171038582921, 19.416430257260799 ] } },
{ "type": "Feature", "properties": { "track_fid": 0, "track_seg_id": 0, "track_seg_point_id": 863, "ele": 2263.0, "time": "2025-03-17T19:01:34Z" }, "geometry": { "type": "Point", "coordinates": [ -99.155159052461386, 19.416392622515559 ] } },
{ "type": "Feature", "properties": { "track_fid": 0, "track_seg_id": 0, "track_seg_point_id": 864, "ele": 2263.0, "time": "2025-03-17T19:01:48Z" }, "geometry": { "type": "Point", "coordinates": [ -99.155156454071403, 19.416352976113558 ] } },
{ "type": "Feature", "properties": { "track_fid": 0, "track_seg_id": 0, "track_seg_point_id": 865, "ele": 2263.199951171875, "time": "2025-03-17T19:01:54Z" }, "geometry": { "type": "Point", "coordinates": [ -99.15515779517591, 19.416349371895194 ] } },
{ "type": "Feature", "properties": { "track_fid": 0, "track_seg_id": 0, "track_seg_point_id": 866, "ele": 2263.0, "time": "2025-03-17T19:02:02Z" }, "geometry": { "type": "Point", "coordinates": [ -99.155155783519149, 19.41634182818234 ] } },
{ "type": "Feature", "properties": { "track_fid": 0, "track_seg_id": 0, "track_seg_point_id": 867, "ele": 2263.800048828125, "time": "2025-03-17T19:02:12Z" }, "geometry": { "type": "Point", "coordinates": [ -99.155131727457047, 19.416304361075163 ] } },
{ "type": "Feature", "properties": { "track_fid": 0, "track_seg_id": 0, "track_seg_point_id": 868, "ele": 2263.800048828125, "time": "2025-03-17T19:02:14Z" }, "geometry": { "type": "Point", "coordinates": [ -99.155130470171571, 19.416295727714896 ] } },
{ "type": "Feature", "properties": { "track_fid": 0, "track_seg_id": 0, "track_seg_point_id": 869, "ele": 2264.0, "time": "2025-03-17T19:02:24Z" }, "geometry": { "type": "Point", "coordinates": [ -99.155120830982924, 19.416282065212727 ] } },
{ "type": "Feature", "properties": { "track_fid": 0, "track_seg_id": 0, "track_seg_point_id": 870, "ele": 2264.199951171875, "time": "2025-03-17T19:02:32Z" }, "geometry": { "type": "Point", "coordinates": [ -99.155133822932839, 19.416274689137936 ] } },
{ "type": "Feature", "properties": { "track_fid": 0, "track_seg_id": 0, "track_seg_point_id": 871, "ele": 2264.199951171875, "time": "2025-03-17T19:02:43Z" }, "geometry": { "type": "Point", "coordinates": [ -99.155170451849699, 19.416263457387686 ] } },
{ "type": "Feature", "properties": { "track_fid": 0, "track_seg_id": 0, "track_seg_point_id": 872, "ele": 2264.60009765625, "time": "2025-03-17T19:02:52Z" }, "geometry": { "type": "Point", "coordinates": [ -99.155142288655043, 19.416251052170992 ] } },
{ "type": "Feature", "properties": { "track_fid": 0, "track_seg_id": 0, "track_seg_point_id": 873, "ele": 2264.60009765625, "time": "2025-03-17T19:03:07Z" }, "geometry": { "type": "Point", "coordinates": [ -99.155124267563224, 19.416262367740273 ] } },
{ "type": "Feature", "properties": { "track_fid": 0, "track_seg_id": 0, "track_seg_point_id": 874, "ele": 2264.199951171875, "time": "2025-03-17T19:03:26Z" }, "geometry": { "type": "Point", "coordinates": [ -99.155230969190598, 19.416254991665483 ] } },
{ "type": "Feature", "properties": { "track_fid": 0, "track_seg_id": 0, "track_seg_point_id": 875, "ele": 2264.199951171875, "time": "2025-03-17T19:03:28Z" }, "geometry": { "type": "Point", "coordinates": [ -99.155217725783587, 19.416273683309555 ] } },
{ "type": "Feature", "properties": { "track_fid": 0, "track_seg_id": 0, "track_seg_point_id": 876, "ele": 2263.39990234375, "time": "2025-03-17T19:03:36Z" }, "geometry": { "type": "Point", "coordinates": [ -99.155235830694437, 19.416304025799036 ] } },
{ "type": "Feature", "properties": { "track_fid": 0, "track_seg_id": 0, "track_seg_point_id": 877, "ele": 2263.199951171875, "time": "2025-03-17T19:03:40Z" }, "geometry": { "type": "Point", "coordinates": [ -99.155227951705456, 19.41634476184845 ] } },
{ "type": "Feature", "properties": { "track_fid": 0, "track_seg_id": 0, "track_seg_point_id": 878, "ele": 2263.0, "time": "2025-03-17T19:03:46Z" }, "geometry": { "type": "Point", "coordinates": [ -99.155188137665391, 19.416331434622407 ] } },
{ "type": "Feature", "properties": { "track_fid": 0, "track_seg_id": 0, "track_seg_point_id": 879, "ele": 2262.60009765625, "time": "2025-03-17T19:03:54Z" }, "geometry": { "type": "Point", "coordinates": [ -99.155173636972904, 19.416277455165982 ] } },
{ "type": "Feature", "properties": { "track_fid": 0, "track_seg_id": 0, "track_seg_point_id": 880, "ele": 2262.39990234375, "time": "2025-03-17T19:04:00Z" }, "geometry": { "type": "Point", "coordinates": [ -99.155168943107128, 19.416251135990024 ] } },
{ "type": "Feature", "properties": { "track_fid": 0, "track_seg_id": 0, "track_seg_point_id": 881, "ele": 2262.199951171875, "time": "2025-03-17T19:04:09Z" }, "geometry": { "type": "Point", "coordinates": [ -99.155135164037347, 19.41622213460505 ] } },
{ "type": "Feature", "properties": { "track_fid": 0, "track_seg_id": 0, "track_seg_point_id": 882, "ele": 2262.199951171875, "time": "2025-03-17T19:04:11Z" }, "geometry": { "type": "Point", "coordinates": [ -99.155121082440019, 19.416207298636436 ] } },
{ "type": "Feature", "properties": { "track_fid": 0, "track_seg_id": 0, "track_seg_point_id": 883, "ele": 2262.0, "time": "2025-03-17T19:04:18Z" }, "geometry": { "type": "Point", "coordinates": [ -99.155111778527498, 19.416184080764651 ] } },
{ "type": "Feature", "properties": { "track_fid": 0, "track_seg_id": 0, "track_seg_point_id": 884, "ele": 2261.60009765625, "time": "2025-03-17T19:04:27Z" }, "geometry": { "type": "Point", "coordinates": [ -99.155134493485093, 19.416183829307556 ] } },
{ "type": "Feature", "properties": { "track_fid": 0, "track_seg_id": 0, "track_seg_point_id": 885, "ele": 2261.800048828125, "time": "2025-03-17T19:04:36Z" }, "geometry": { "type": "Point", "coordinates": [ -99.15516022592783, 19.416151223704219 ] } },
{ "type": "Feature", "properties": { "track_fid": 0, "track_seg_id": 0, "track_seg_point_id": 886, "ele": 2261.60009765625, "time": "2025-03-17T19:04:45Z" }, "geometry": { "type": "Point", "coordinates": [ -99.15519542992115, 19.416100764647126 ] } },
{ "type": "Feature", "properties": { "track_fid": 0, "track_seg_id": 0, "track_seg_point_id": 887, "ele": 2261.39990234375, "time": "2025-03-17T19:04:59Z" }, "geometry": { "type": "Point", "coordinates": [ -99.155271621420979, 19.416125239804387 ] } },
{ "type": "Feature", "properties": { "track_fid": 0, "track_seg_id": 0, "track_seg_point_id": 888, "ele": 2260.60009765625, "time": "2025-03-17T19:05:14Z" }, "geometry": { "type": "Point", "coordinates": [ -99.155385699123144, 19.416162958368659 ] } },
{ "type": "Feature", "properties": { "track_fid": 0, "track_seg_id": 0, "track_seg_point_id": 889, "ele": 2260.39990234375, "time": "2025-03-17T19:05:21Z" }, "geometry": { "type": "Point", "coordinates": [ -99.155292324721813, 19.416094645857811 ] } },
{ "type": "Feature", "properties": { "track_fid": 0, "track_seg_id": 0, "track_seg_point_id": 890, "ele": 2260.199951171875, "time": "2025-03-17T19:05:26Z" }, "geometry": { "type": "Point", "coordinates": [ -99.155276231467724, 19.41609364002943 ] } },
{ "type": "Feature", "properties": { "track_fid": 0, "track_seg_id": 0, "track_seg_point_id": 891, "ele": 2260.0, "time": "2025-03-17T19:05:35Z" }, "geometry": { "type": "Point", "coordinates": [ -99.155231891199946, 19.416124233976007 ] } },
{ "type": "Feature", "properties": { "track_fid": 0, "track_seg_id": 0, "track_seg_point_id": 892, "ele": 2260.0, "time": "2025-03-17T19:05:46Z" }, "geometry": { "type": "Point", "coordinates": [ -99.155286457389593, 19.416198749095201 ] } },
{ "type": "Feature", "properties": { "track_fid": 0, "track_seg_id": 0, "track_seg_point_id": 893, "ele": 2260.0, "time": "2025-03-17T19:06:04Z" }, "geometry": { "type": "Point", "coordinates": [ -99.155371617525816, 19.416205873712897 ] } },
{ "type": "Feature", "properties": { "track_fid": 0, "track_seg_id": 0, "track_seg_point_id": 894, "ele": 2260.0, "time": "2025-03-17T19:06:05Z" }, "geometry": { "type": "Point", "coordinates": [ -99.155359379947186, 19.416199838742614 ] } },
{ "type": "Feature", "properties": { "track_fid": 0, "track_seg_id": 0, "track_seg_point_id": 895, "ele": 2260.199951171875, "time": "2025-03-17T19:06:12Z" }, "geometry": { "type": "Point", "coordinates": [ -99.155258294194937, 19.416193552315235 ] } },
{ "type": "Feature", "properties": { "track_fid": 0, "track_seg_id": 0, "track_seg_point_id": 896, "ele": 2260.199951171875, "time": "2025-03-17T19:06:19Z" }, "geometry": { "type": "Point", "coordinates": [ -99.155216384679079, 19.416184918954968 ] } },
{ "type": "Feature", "properties": { "track_fid": 0, "track_seg_id": 0, "track_seg_point_id": 897, "ele": 2260.60009765625, "time": "2025-03-17T19:06:27Z" }, "geometry": { "type": "Point", "coordinates": [ -99.15523448958993, 19.416133118793368 ] } },
{ "type": "Feature", "properties": { "track_fid": 0, "track_seg_id": 0, "track_seg_point_id": 898, "ele": 2260.60009765625, "time": "2025-03-17T19:06:33Z" }, "geometry": { "type": "Point", "coordinates": [ -99.155235327780247, 19.416121216490865 ] } },
{ "type": "Feature", "properties": { "track_fid": 0, "track_seg_id": 0, "track_seg_point_id": 899, "ele": 2260.60009765625, "time": "2025-03-17T19:06:40Z" }, "geometry": { "type": "Point", "coordinates": [ -99.155253684148192, 19.416124485433102 ] } },
{ "type": "Feature", "properties": { "track_fid": 0, "track_seg_id": 0, "track_seg_point_id": 900, "ele": 2259.0, "time": "2025-03-17T19:06:50Z" }, "geometry": { "type": "Point", "coordinates": [ -99.155174139887094, 19.416112834587693 ] } },
{ "type": "Feature", "properties": { "track_fid": 0, "track_seg_id": 0, "track_seg_point_id": 901, "ele": 2258.800048828125, "time": "2025-03-17T19:07:01Z" }, "geometry": { "type": "Point", "coordinates": [ -99.155145725235343, 19.4161107391119 ] } },
{ "type": "Feature", "properties": { "track_fid": 0, "track_seg_id": 0, "track_seg_point_id": 902, "ele": 2259.199951171875, "time": "2025-03-17T19:07:05Z" }, "geometry": { "type": "Point", "coordinates": [ -99.155088057741523, 19.416106548160315 ] } },
{ "type": "Feature", "properties": { "track_fid": 0, "track_seg_id": 0, "track_seg_point_id": 903, "ele": 2260.0, "time": "2025-03-17T19:07:10Z" }, "geometry": { "type": "Point", "coordinates": [ -99.155056374147534, 19.416122138500214 ] } },
{ "type": "Feature", "properties": { "track_fid": 0, "track_seg_id": 0, "track_seg_point_id": 904, "ele": 2261.60009765625, "time": "2025-03-17T19:07:14Z" }, "geometry": { "type": "Point", "coordinates": [ -99.155064839869738, 19.416142841801047 ] } },
{ "type": "Feature", "properties": { "track_fid": 0, "track_seg_id": 0, "track_seg_point_id": 905, "ele": 2263.39990234375, "time": "2025-03-17T19:07:24Z" }, "geometry": { "type": "Point", "coordinates": [ -99.155051847919822, 19.416166981682181 ] } },
{ "type": "Feature", "properties": { "track_fid": 0, "track_seg_id": 0, "track_seg_point_id": 906, "ele": 2264.199951171875, "time": "2025-03-17T19:07:32Z" }, "geometry": { "type": "Point", "coordinates": [ -99.155096020549536, 19.416178464889526 ] } },
{ "type": "Feature", "properties": { "track_fid": 0, "track_seg_id": 0, "track_seg_point_id": 907, "ele": 2264.199951171875, "time": "2025-03-17T19:07:38Z" }, "geometry": { "type": "Point", "coordinates": [ -99.155115131288767, 19.416170669719577 ] } },
{ "type": "Feature", "properties": { "track_fid": 0, "track_seg_id": 0, "track_seg_point_id": 908, "ele": 2266.199951171875, "time": "2025-03-17T19:07:53Z" }, "geometry": { "type": "Point", "coordinates": [ -99.155002729967237, 19.416127083823085 ] } },
{ "type": "Feature", "properties": { "track_fid": 0, "track_seg_id": 0, "track_seg_point_id": 909, "ele": 2266.0, "time": "2025-03-17T19:08:03Z" }, "geometry": { "type": "Point", "coordinates": [ -99.154919749125838, 19.416152816265821 ] } },
{ "type": "Feature", "properties": { "track_fid": 0, "track_seg_id": 0, "track_seg_point_id": 910, "ele": 2264.39990234375, "time": "2025-03-17T19:08:09Z" }, "geometry": { "type": "Point", "coordinates": [ -99.154885383322835, 19.416173854842782 ] } },
{ "type": "Feature", "properties": { "track_fid": 0, "track_seg_id": 0, "track_seg_point_id": 911, "ele": 2264.39990234375, "time": "2025-03-17T19:08:17Z" }, "geometry": { "type": "Point", "coordinates": [ -99.154894184321165, 19.416158851236105 ] } },
{ "type": "Feature", "properties": { "track_fid": 0, "track_seg_id": 0, "track_seg_point_id": 912, "ele": 2265.0, "time": "2025-03-17T19:08:25Z" }, "geometry": { "type": "Point", "coordinates": [ -99.15491689927876, 19.416125323623419 ] } },
{ "type": "Feature", "properties": { "track_fid": 0, "track_seg_id": 0, "track_seg_point_id": 913, "ele": 2266.0, "time": "2025-03-17T19:08:35Z" }, "geometry": { "type": "Point", "coordinates": [ -99.155063163489103, 19.416157091036439 ] } },
{ "type": "Feature", "properties": { "track_fid": 0, "track_seg_id": 0, "track_seg_point_id": 914, "ele": 2267.0, "time": "2025-03-17T19:08:44Z" }, "geometry": { "type": "Point", "coordinates": [ -99.155145473778248, 19.4161815661937 ] } },
{ "type": "Feature", "properties": { "track_fid": 0, "track_seg_id": 0, "track_seg_point_id": 915, "ele": 2267.60009765625, "time": "2025-03-17T19:08:52Z" }, "geometry": { "type": "Point", "coordinates": [ -99.155266592279077, 19.416199922561646 ] } },
{ "type": "Feature", "properties": { "track_fid": 0, "track_seg_id": 0, "track_seg_point_id": 916, "ele": 2267.60009765625, "time": "2025-03-17T19:08:54Z" }, "geometry": { "type": "Point", "coordinates": [ -99.155267598107457, 19.416200593113899 ] } },
{ "type": "Feature", "properties": { "track_fid": 0, "track_seg_id": 0, "track_seg_point_id": 917, "ele": 2266.60009765625, "time": "2025-03-17T19:08:59Z" }, "geometry": { "type": "Point", "coordinates": [ -99.155279835686088, 19.416213082149625 ] } },
{ "type": "Feature", "properties": { "track_fid": 0, "track_seg_id": 0, "track_seg_point_id": 918, "ele": 2265.60009765625, "time": "2025-03-17T19:09:09Z" }, "geometry": { "type": "Point", "coordinates": [ -99.155354350805283, 19.416241999715567 ] } },
{ "type": "Feature", "properties": { "track_fid": 0, "track_seg_id": 0, "track_seg_point_id": 919, "ele": 2265.0, "time": "2025-03-17T19:09:13Z" }, "geometry": { "type": "Point", "coordinates": [ -99.155334737151861, 19.416229426860809 ] } },
{ "type": "Feature", "properties": { "track_fid": 0, "track_seg_id": 0, "track_seg_point_id": 920, "ele": 2264.0, "time": "2025-03-17T19:09:23Z" }, "geometry": { "type": "Point", "coordinates": [ -99.155201883986592, 19.416178883984685 ] } },
{ "type": "Feature", "properties": { "track_fid": 0, "track_seg_id": 0, "track_seg_point_id": 921, "ele": 2264.39990234375, "time": "2025-03-17T19:09:32Z" }, "geometry": { "type": "Point", "coordinates": [ -99.155219653621316, 19.416150385513902 ] } },
{ "type": "Feature", "properties": { "track_fid": 0, "track_seg_id": 0, "track_seg_point_id": 922, "ele": 2264.800048828125, "time": "2025-03-17T19:10:03Z" }, "geometry": { "type": "Point", "coordinates": [ -99.155270280316472, 19.416130688041449 ] } },
{ "type": "Feature", "properties": { "track_fid": 0, "track_seg_id": 0, "track_seg_point_id": 923, "ele": 2264.199951171875, "time": "2025-03-17T19:10:18Z" }, "geometry": { "type": "Point", "coordinates": [ -99.155207918956876, 19.416239066049457 ] } },
{ "type": "Feature", "properties": { "track_fid": 0, "track_seg_id": 0, "track_seg_point_id": 924, "ele": 2263.199951171875, "time": "2025-03-17T19:10:26Z" }, "geometry": { "type": "Point", "coordinates": [ -99.155305484309793, 19.416262535378337 ] } },
{ "type": "Feature", "properties": { "track_fid": 0, "track_seg_id": 0, "track_seg_point_id": 925, "ele": 2264.39990234375, "time": "2025-03-17T19:10:40Z" }, "geometry": { "type": "Point", "coordinates": [ -99.155394835397601, 19.416228672489524 ] } },
{ "type": "Feature", "properties": { "track_fid": 0, "track_seg_id": 0, "track_seg_point_id": 926, "ele": 2264.60009765625, "time": "2025-03-17T19:10:49Z" }, "geometry": { "type": "Point", "coordinates": [ -99.155355859547853, 19.416305618360639 ] } },
{ "type": "Feature", "properties": { "track_fid": 0, "track_seg_id": 0, "track_seg_point_id": 927, "ele": 2265.0, "time": "2025-03-17T19:10:59Z" }, "geometry": { "type": "Point", "coordinates": [ -99.155343370512128, 19.41629639826715 ] } },
{ "type": "Feature", "properties": { "track_fid": 0, "track_seg_id": 0, "track_seg_point_id": 928, "ele": 2264.60009765625, "time": "2025-03-17T19:11:12Z" }, "geometry": { "type": "Point", "coordinates": [ -99.155304227024317, 19.416267229244113 ] } },
{ "type": "Feature", "properties": { "track_fid": 0, "track_seg_id": 0, "track_seg_point_id": 929, "ele": 2265.199951171875, "time": "2025-03-17T19:11:20Z" }, "geometry": { "type": "Point", "coordinates": [ -99.155319565907121, 19.416251052170992 ] } },
{ "type": "Feature", "properties": { "track_fid": 0, "track_seg_id": 0, "track_seg_point_id": 930, "ele": 2265.800048828125, "time": "2025-03-17T19:11:28Z" }, "geometry": { "type": "Point", "coordinates": [ -99.155357955023646, 19.416260272264481 ] } },
{ "type": "Feature", "properties": { "track_fid": 0, "track_seg_id": 0, "track_seg_point_id": 931, "ele": 2265.60009765625, "time": "2025-03-17T19:11:37Z" }, "geometry": { "type": "Point", "coordinates": [ -99.155377317219973, 19.416222972795367 ] } },
{ "type": "Feature", "properties": { "track_fid": 0, "track_seg_id": 0, "track_seg_point_id": 932, "ele": 2265.199951171875, "time": "2025-03-17T19:11:49Z" }, "geometry": { "type": "Point", "coordinates": [ -99.155358877032995, 19.416135717183352 ] } },
{ "type": "Feature", "properties": { "track_fid": 0, "track_seg_id": 0, "track_seg_point_id": 933, "ele": 2264.199951171875, "time": "2025-03-17T19:11:58Z" }, "geometry": { "type": "Point", "coordinates": [ -99.155312860384583, 19.416302936151624 ] } },
{ "type": "Feature", "properties": { "track_fid": 0, "track_seg_id": 0, "track_seg_point_id": 934, "ele": 2263.800048828125, "time": "2025-03-17T19:12:08Z" }, "geometry": { "type": "Point", "coordinates": [ -99.155315291136503, 19.416280724108219 ] } },
{ "type": "Feature", "properties": { "track_fid": 0, "track_seg_id": 0, "track_seg_point_id": 935, "ele": 2264.0, "time": "2025-03-17T19:12:13Z" }, "geometry": { "type": "Point", "coordinates": [ -99.155313866212964, 19.416316095739603 ] } },
{ "type": "Feature", "properties": { "track_fid": 0, "track_seg_id": 0, "track_seg_point_id": 936, "ele": 2263.0, "time": "2025-03-17T19:12:21Z" }, "geometry": { "type": "Point", "coordinates": [ -99.155265837907791, 19.416314084082842 ] } },
{ "type": "Feature", "properties": { "track_fid": 0, "track_seg_id": 0, "track_seg_point_id": 937, "ele": 2256.800048828125, "time": "2025-03-17T19:12:29Z" }, "geometry": { "type": "Point", "coordinates": [ -99.15516366250813, 19.416302433237433 ] } },
{ "type": "Feature", "properties": { "track_fid": 0, "track_seg_id": 0, "track_seg_point_id": 938, "ele": 2254.800048828125, "time": "2025-03-17T19:12:34Z" }, "geometry": { "type": "Point", "coordinates": [ -99.155143043026328, 19.416274772956967 ] } },
{ "type": "Feature", "properties": { "track_fid": 0, "track_seg_id": 0, "track_seg_point_id": 939, "ele": 2256.60009765625, "time": "2025-03-17T19:12:42Z" }, "geometry": { "type": "Point", "coordinates": [ -99.155130973085761, 19.416253482922912 ] } },
{ "type": "Feature", "properties": { "track_fid": 0, "track_seg_id": 0, "track_seg_point_id": 940, "ele": 2257.0, "time": "2025-03-17T19:12:53Z" }, "geometry": { "type": "Point", "coordinates": [ -99.155158381909132, 19.416264295578003 ] } },
{ "type": "Feature", "properties": { "track_fid": 0, "track_seg_id": 0, "track_seg_point_id": 941, "ele": 2257.199951171875, "time": "2025-03-17T19:13:03Z" }, "geometry": { "type": "Point", "coordinates": [ -99.155160477384925, 19.416266726329923 ] } },
{ "type": "Feature", "properties": { "track_fid": 0, "track_seg_id": 0, "track_seg_point_id": 942, "ele": 2257.199951171875, "time": "2025-03-17T19:13:15Z" }, "geometry": { "type": "Point", "coordinates": [ -99.155175648629665, 19.416282651945949 ] } },
{ "type": "Feature", "properties": { "track_fid": 0, "track_seg_id": 0, "track_seg_point_id": 943, "ele": 2257.39990234375, "time": "2025-03-17T19:13:23Z" }, "geometry": { "type": "Point", "coordinates": [ -99.155182186514139, 19.416294973343611 ] } },
{ "type": "Feature", "properties": { "track_fid": 0, "track_seg_id": 0, "track_seg_point_id": 944, "ele": 2257.199951171875, "time": "2025-03-17T19:13:38Z" }, "geometry": { "type": "Point", "coordinates": [ -99.155180342495441, 19.416312575340271 ] } },
{ "type": "Feature", "properties": { "track_fid": 0, "track_seg_id": 0, "track_seg_point_id": 945, "ele": 2257.199951171875, "time": "2025-03-17T19:13:52Z" }, "geometry": { "type": "Point", "coordinates": [ -99.155176067724824, 19.416310898959637 ] } },
{ "type": "Feature", "properties": { "track_fid": 0, "track_seg_id": 0, "track_seg_point_id": 946, "ele": 2257.199951171875, "time": "2025-03-17T19:14:05Z" }, "geometry": { "type": "Point", "coordinates": [ -99.155145725235343, 19.416280137374997 ] } },
{ "type": "Feature", "properties": { "track_fid": 0, "track_seg_id": 0, "track_seg_point_id": 947, "ele": 2257.199951171875, "time": "2025-03-17T19:14:13Z" }, "geometry": { "type": "Point", "coordinates": [ -99.155136253684759, 19.416283825412393 ] } },
{ "type": "Feature", "properties": { "track_fid": 0, "track_seg_id": 0, "track_seg_point_id": 948, "ele": 2257.39990234375, "time": "2025-03-17T19:14:25Z" }, "geometry": { "type": "Point", "coordinates": [ -99.155133236199617, 19.416287261992693 ] } },
{ "type": "Feature", "properties": { "track_fid": 0, "track_seg_id": 0, "track_seg_point_id": 949, "ele": 2257.60009765625, "time": "2025-03-17T19:14:35Z" }, "geometry": { "type": "Point", "coordinates": [ -99.155129883438349, 19.416280388832092 ] } },
{ "type": "Feature", "properties": { "track_fid": 0, "track_seg_id": 0, "track_seg_point_id": 950, "ele": 2258.0, "time": "2025-03-17T19:14:48Z" }, "geometry": { "type": "Point", "coordinates": [ -99.155140360817313, 19.416265971958637 ] } },
{ "type": "Feature", "properties": { "track_fid": 0, "track_seg_id": 0, "track_seg_point_id": 951, "ele": 2258.39990234375, "time": "2025-03-17T19:14:58Z" }, "geometry": { "type": "Point", "coordinates": [ -99.155149580910802, 19.416257170960307 ] } },
{ "type": "Feature", "properties": { "track_fid": 0, "track_seg_id": 0, "track_seg_point_id": 952, "ele": 2258.800048828125, "time": "2025-03-17T19:15:08Z" }, "geometry": { "type": "Point", "coordinates": [ -99.155159639194608, 19.416254237294197 ] } },
{ "type": "Feature", "properties": { "track_fid": 0, "track_seg_id": 0, "track_seg_point_id": 953, "ele": 2259.0, "time": "2025-03-17T19:15:20Z" }, "geometry": { "type": "Point", "coordinates": [ -99.15516315959394, 19.416262451559305 ] } },
{ "type": "Feature", "properties": { "track_fid": 0, "track_seg_id": 0, "track_seg_point_id": 954, "ele": 2258.800048828125, "time": "2025-03-17T19:15:31Z" }, "geometry": { "type": "Point", "coordinates": [ -99.155160980299115, 19.416272426024079 ] } },
{ "type": "Feature", "properties": { "track_fid": 0, "track_seg_id": 0, "track_seg_point_id": 955, "ele": 2258.60009765625, "time": "2025-03-17T19:15:43Z" }, "geometry": { "type": "Point", "coordinates": [ -99.155156118795276, 19.416273348033428 ] } },
{ "type": "Feature", "properties": { "track_fid": 0, "track_seg_id": 0, "track_seg_point_id": 956, "ele": 2258.800048828125, "time": "2025-03-17T19:15:53Z" }, "geometry": { "type": "Point", "coordinates": [ -99.155153352767229, 19.41628273576498 ] } },
{ "type": "Feature", "properties": { "track_fid": 0, "track_seg_id": 0, "track_seg_point_id": 957, "ele": 2258.60009765625, "time": "2025-03-17T19:16:03Z" }, "geometry": { "type": "Point", "coordinates": [ -99.155153520405293, 19.416284160688519 ] } },
{ "type": "Feature", "properties": { "track_fid": 0, "track_seg_id": 0, "track_seg_point_id": 958, "ele": 2259.39990234375, "time": "2025-03-17T19:16:19Z" }, "geometry": { "type": "Point", "coordinates": [ -99.155158465728164, 19.416266474872828 ] } },
{ "type": "Feature", "properties": { "track_fid": 0, "track_seg_id": 0, "track_seg_point_id": 959, "ele": 2259.39990234375, "time": "2025-03-17T19:16:30Z" }, "geometry": { "type": "Point", "coordinates": [ -99.155155867338181, 19.416266726329923 ] } },
{ "type": "Feature", "properties": { "track_fid": 0, "track_seg_id": 0, "track_seg_point_id": 960, "ele": 2259.199951171875, "time": "2025-03-17T19:16:42Z" }, "geometry": { "type": "Point", "coordinates": [ -99.155152095481753, 19.416270162910223 ] } },
{ "type": "Feature", "properties": { "track_fid": 0, "track_seg_id": 0, "track_seg_point_id": 961, "ele": 2259.199951171875, "time": "2025-03-17T19:17:01Z" }, "geometry": { "type": "Point", "coordinates": [ -99.155144048854709, 19.416277790442109 ] } },
{ "type": "Feature", "properties": { "track_fid": 0, "track_seg_id": 0, "track_seg_point_id": 962, "ele": 2259.39990234375, "time": "2025-03-17T19:17:11Z" }, "geometry": { "type": "Point", "coordinates": [ -99.155162069946527, 19.41629153676331 ] } },
{ "type": "Feature", "properties": { "track_fid": 0, "track_seg_id": 0, "track_seg_point_id": 963, "ele": 2259.39990234375, "time": "2025-03-17T19:17:23Z" }, "geometry": { "type": "Point", "coordinates": [ -99.155216468498111, 19.416293548420072 ] } },
{ "type": "Feature", "properties": { "track_fid": 0, "track_seg_id": 0, "track_seg_point_id": 964, "ele": 2259.39990234375, "time": "2025-03-17T19:17:35Z" }, "geometry": { "type": "Point", "coordinates": [ -99.155210517346859, 19.416294051334262 ] } },
{ "type": "Feature", "properties": { "track_fid": 0, "track_seg_id": 0, "track_seg_point_id": 965, "ele": 2259.39990234375, "time": "2025-03-17T19:17:45Z" }, "geometry": { "type": "Point", "coordinates": [ -99.155202386900783, 19.416304780170321 ] } },
{ "type": "Feature", "properties": { "track_fid": 0, "track_seg_id": 0, "track_seg_point_id": 966, "ele": 2259.60009765625, "time": "2025-03-17T19:18:00Z" }, "geometry": { "type": "Point", "coordinates": [ -99.155197525396943, 19.416306959465146 ] } },
{ "type": "Feature", "properties": { "track_fid": 0, "track_seg_id": 0, "track_seg_point_id": 967, "ele": 2259.60009765625, "time": "2025-03-17T19:18:15Z" }, "geometry": { "type": "Point", "coordinates": [ -99.155192831531167, 19.41631156951189 ] } },
{ "type": "Feature", "properties": { "track_fid": 0, "track_seg_id": 0, "track_seg_point_id": 968, "ele": 2259.60009765625, "time": "2025-03-17T19:18:28Z" }, "geometry": { "type": "Point", "coordinates": [ -99.15518956258893, 19.416310982778668 ] } },
{ "type": "Feature", "properties": { "track_fid": 0, "track_seg_id": 0, "track_seg_point_id": 969, "ele": 2259.800048828125, "time": "2025-03-17T19:18:42Z" }, "geometry": { "type": "Point", "coordinates": [ -99.155194675549865, 19.416309641674161 ] } },
{ "type": "Feature", "properties": { "track_fid": 0, "track_seg_id": 0, "track_seg_point_id": 970, "ele": 2260.0, "time": "2025-03-17T19:18:55Z" }, "geometry": { "type": "Point", "coordinates": [ -99.155186377465725, 19.416313078254461 ] } },
{ "type": "Feature", "properties": { "track_fid": 0, "track_seg_id": 0, "track_seg_point_id": 971, "ele": 2261.0, "time": "2025-03-17T19:19:06Z" }, "geometry": { "type": "Point", "coordinates": [ -99.155164668336511, 19.416292542591691 ] } },
{ "type": "Feature", "properties": { "track_fid": 0, "track_seg_id": 0, "track_seg_point_id": 972, "ele": 2261.199951171875, "time": "2025-03-17T19:19:14Z" }, "geometry": { "type": "Point", "coordinates": [ -99.155160896480083, 19.41629002802074 ] } },
{ "type": "Feature", "properties": { "track_fid": 0, "track_seg_id": 0, "track_seg_point_id": 973, "ele": 2261.0, "time": "2025-03-17T19:19:28Z" }, "geometry": { "type": "Point", "coordinates": [ -99.155150251463056, 19.416283993050456 ] } },
{ "type": "Feature", "properties": { "track_fid": 0, "track_seg_id": 0, "track_seg_point_id": 974, "ele": 2261.199951171875, "time": "2025-03-17T19:19:38Z" }, "geometry": { "type": "Point", "coordinates": [ -99.155134577304125, 19.416280556470156 ] } },
{ "type": "Feature", "properties": { "track_fid": 0, "track_seg_id": 0, "track_seg_point_id": 975, "ele": 2261.199951171875, "time": "2025-03-17T19:19:48Z" }, "geometry": { "type": "Point", "coordinates": [ -99.155140528455377, 19.416275275871158 ] } },
{ "type": "Feature", "properties": { "track_fid": 0, "track_seg_id": 0, "track_seg_point_id": 976, "ele": 2261.199951171875, "time": "2025-03-17T19:20:01Z" }, "geometry": { "type": "Point", "coordinates": [ -99.15514362975955, 19.416258428245783 ] } },
{ "type": "Feature", "properties": { "track_fid": 0, "track_seg_id": 0, "track_seg_point_id": 977, "ele": 2261.199951171875, "time": "2025-03-17T19:20:11Z" }, "geometry": { "type": "Point", "coordinates": [ -99.155155867338181, 19.416262116283178 ] } },
{ "type": "Feature", "properties": { "track_fid": 0, "track_seg_id": 0, "track_seg_point_id": 978, "ele": 2261.199951171875, "time": "2025-03-17T19:20:17Z" }, "geometry": { "type": "Point", "coordinates": [ -99.155150419101119, 19.416279718279839 ] } },
{ "type": "Feature", "properties": { "track_fid": 0, "track_seg_id": 0, "track_seg_point_id": 979, "ele": 2261.39990234375, "time": "2025-03-17T19:20:26Z" }, "geometry": { "type": "Point", "coordinates": [ -99.155158968642354, 19.416290698572993 ] } },
{ "type": "Feature", "properties": { "track_fid": 0, "track_seg_id": 0, "track_seg_point_id": 980, "ele": 2261.0, "time": "2025-03-17T19:20:35Z" }, "geometry": { "type": "Point", "coordinates": [ -99.155157040804625, 19.41630813293159 ] } },
{ "type": "Feature", "properties": { "track_fid": 0, "track_seg_id": 0, "track_seg_point_id": 981, "ele": 2261.60009765625, "time": "2025-03-17T19:20:46Z" }, "geometry": { "type": "Point", "coordinates": [ -99.155170451849699, 19.41631299443543 ] } },
{ "type": "Feature", "properties": { "track_fid": 0, "track_seg_id": 0, "track_seg_point_id": 982, "ele": 2261.39990234375, "time": "2025-03-17T19:20:56Z" }, "geometry": { "type": "Point", "coordinates": [ -99.155172798782587, 19.416318945586681 ] } },
{ "type": "Feature", "properties": { "track_fid": 0, "track_seg_id": 0, "track_seg_point_id": 983, "ele": 2261.39990234375, "time": "2025-03-17T19:21:06Z" }, "geometry": { "type": "Point", "coordinates": [ -99.155170954763889, 19.416323890909553 ] } },
{ "type": "Feature", "properties": { "track_fid": 0, "track_seg_id": 0, "track_seg_point_id": 984, "ele": 2261.0, "time": "2025-03-17T19:21:21Z" }, "geometry": { "type": "Point", "coordinates": [ -99.155189730226994, 19.416323136538267 ] } },
{ "type": "Feature", "properties": { "track_fid": 0, "track_seg_id": 0, "track_seg_point_id": 985, "ele": 2260.800048828125, "time": "2025-03-17T19:21:30Z" }, "geometry": { "type": "Point", "coordinates": [ -99.155185036361217, 19.416345097124577 ] } },
{ "type": "Feature", "properties": { "track_fid": 0, "track_seg_id": 0, "track_seg_point_id": 986, "ele": 2260.60009765625, "time": "2025-03-17T19:21:43Z" }, "geometry": { "type": "Point", "coordinates": [ -99.15518126450479, 19.416346522048116 ] } },
{ "type": "Feature", "properties": { "track_fid": 0, "track_seg_id": 0, "track_seg_point_id": 987, "ele": 2260.800048828125, "time": "2025-03-17T19:21:53Z" }, "geometry": { "type": "Point", "coordinates": [ -99.155187467113137, 19.416344929486513 ] } },
{ "type": "Feature", "properties": { "track_fid": 0, "track_seg_id": 0, "track_seg_point_id": 988, "ele": 2260.60009765625, "time": "2025-03-17T19:22:08Z" }, "geometry": { "type": "Point", "coordinates": [ -99.155208170413971, 19.416352137923241 ] } },
{ "type": "Feature", "properties": { "track_fid": 0, "track_seg_id": 0, "track_seg_point_id": 989, "ele": 2260.800048828125, "time": "2025-03-17T19:22:18Z" }, "geometry": { "type": "Point", "coordinates": [ -99.155205739662051, 19.416353646665812 ] } },
{ "type": "Feature", "properties": { "track_fid": 0, "track_seg_id": 0, "track_seg_point_id": 990, "ele": 2261.199951171875, "time": "2025-03-17T19:22:31Z" }, "geometry": { "type": "Point", "coordinates": [ -99.15520858950913, 19.41634819842875 ] } },
{ "type": "Feature", "properties": { "track_fid": 0, "track_seg_id": 0, "track_seg_point_id": 991, "ele": 2261.199951171875, "time": "2025-03-17T19:22:41Z" }, "geometry": { "type": "Point", "coordinates": [ -99.155202973634005, 19.416343923658133 ] } },
{ "type": "Feature", "properties": { "track_fid": 0, "track_seg_id": 0, "track_seg_point_id": 992, "ele": 2261.199951171875, "time": "2025-03-17T19:22:52Z" }, "geometry": { "type": "Point", "coordinates": [ -99.155202219262719, 19.416343672201037 ] } },
{ "type": "Feature", "properties": { "track_fid": 0, "track_seg_id": 0, "track_seg_point_id": 993, "ele": 2261.0, "time": "2025-03-17T19:23:03Z" }, "geometry": { "type": "Point", "coordinates": [ -99.155204482376575, 19.41633939743042 ] } },
{ "type": "Feature", "properties": { "track_fid": 0, "track_seg_id": 0, "track_seg_point_id": 994, "ele": 2260.60009765625, "time": "2025-03-17T19:23:15Z" }, "geometry": { "type": "Point", "coordinates": [ -99.15521546266973, 19.416337888687849 ] } },
{ "type": "Feature", "properties": { "track_fid": 0, "track_seg_id": 0, "track_seg_point_id": 995, "ele": 2261.0, "time": "2025-03-17T19:23:24Z" }, "geometry": { "type": "Point", "coordinates": [ -99.15521303191781, 19.416330428794026 ] } },
{ "type": "Feature", "properties": { "track_fid": 0, "track_seg_id": 0, "track_seg_point_id": 996, "ele": 2261.0, "time": "2025-03-17T19:23:36Z" }, "geometry": { "type": "Point", "coordinates": [ -99.155208170413971, 19.416328417137265 ] } },
{ "type": "Feature", "properties": { "track_fid": 0, "track_seg_id": 0, "track_seg_point_id": 997, "ele": 2263.800048828125, "time": "2025-03-17T19:23:46Z" }, "geometry": { "type": "Point", "coordinates": [ -99.155166931450367, 19.416253734380007 ] } },
{ "type": "Feature", "properties": { "track_fid": 0, "track_seg_id": 0, "track_seg_point_id": 998, "ele": 2267.0, "time": "2025-03-17T19:23:52Z" }, "geometry": { "type": "Point", "coordinates": [ -99.155115131288767, 19.41607897169888 ] } },
{ "type": "Feature", "properties": { "track_fid": 0, "track_seg_id": 0, "track_seg_point_id": 999, "ele": 2269.60009765625, "time": "2025-03-17T19:23:56Z" }, "geometry": { "type": "Point", "coordinates": [ -99.155153017491102, 19.41597486846149 ] } },
{ "type": "Feature", "properties": { "track_fid": 0, "track_seg_id": 0, "track_seg_point_id": 1000, "ele": 2270.0, "time": "2025-03-17T19:23:57Z" }, "geometry": { "type": "Point", "coordinates": [ -99.15519006550312, 19.415961289778352 ] } },
{ "type": "Feature", "properties": { "track_fid": 0, "track_seg_id": 0, "track_seg_point_id": 1001, "ele": 2270.60009765625, "time": "2025-03-17T19:24:00Z" }, "geometry": { "type": "Point", "coordinates": [ -99.155305232852697, 19.415922649204731 ] } },
{ "type": "Feature", "properties": { "track_fid": 0, "track_seg_id": 0, "track_seg_point_id": 1002, "ele": 2268.0, "time": "2025-03-17T19:24:05Z" }, "geometry": { "type": "Point", "coordinates": [ -99.155501620844007, 19.415860790759325 ] } },
{ "type": "Feature", "properties": { "track_fid": 0, "track_seg_id": 0, "track_seg_point_id": 1003, "ele": 2262.60009765625, "time": "2025-03-17T19:24:10Z" }, "geometry": { "type": "Point", "coordinates": [ -99.155658027157187, 19.415801446884871 ] } },
{ "type": "Feature", "properties": { "track_fid": 0, "track_seg_id": 0, "track_seg_point_id": 1004, "ele": 2263.60009765625, "time": "2025-03-17T19:24:16Z" }, "geometry": { "type": "Point", "coordinates": [ -99.155879141762853, 19.415740175172687 ] } },
{ "type": "Feature", "properties": { "track_fid": 0, "track_seg_id": 0, "track_seg_point_id": 1005, "ele": 2269.39990234375, "time": "2025-03-17T19:24:23Z" }, "geometry": { "type": "Point", "coordinates": [ -99.156097322702408, 19.41567437723279 ] } },
{ "type": "Feature", "properties": { "track_fid": 0, "track_seg_id": 0, "track_seg_point_id": 1006, "ele": 2280.39990234375, "time": "2025-03-17T19:24:30Z" }, "geometry": { "type": "Point", "coordinates": [ -99.156263452023268, 19.415615787729621 ] } },
{ "type": "Feature", "properties": { "track_fid": 0, "track_seg_id": 0, "track_seg_point_id": 1007, "ele": 2279.800048828125, "time": "2025-03-17T19:24:32Z" }, "geometry": { "type": "Point", "coordinates": [ -99.156280299648643, 19.415611680597067 ] } },
{ "type": "Feature", "properties": { "track_fid": 0, "track_seg_id": 0, "track_seg_point_id": 1008, "ele": 2278.60009765625, "time": "2025-03-17T19:24:38Z" }, "geometry": { "type": "Point", "coordinates": [ -99.15630703791976, 19.415618889033794 ] } },
{ "type": "Feature", "properties": { "track_fid": 0, "track_seg_id": 0, "track_seg_point_id": 1009, "ele": 2278.60009765625, "time": "2025-03-17T19:24:55Z" }, "geometry": { "type": "Point", "coordinates": [ -99.156328327953815, 19.41562064923346 ] } },
{ "type": "Feature", "properties": { "track_fid": 0, "track_seg_id": 0, "track_seg_point_id": 1010, "ele": 2278.199951171875, "time": "2025-03-17T19:25:11Z" }, "geometry": { "type": "Point", "coordinates": [ -99.156340146437287, 19.41561914049089 ] } },
{ "type": "Feature", "properties": { "track_fid": 0, "track_seg_id": 0, "track_seg_point_id": 1011, "ele": 2276.60009765625, "time": "2025-03-17T19:25:24Z" }, "geometry": { "type": "Point", "coordinates": [ -99.156359760090709, 19.415619391947985 ] } },
{ "type": "Feature", "properties": { "track_fid": 0, "track_seg_id": 0, "track_seg_point_id": 1012, "ele": 2277.800048828125, "time": "2025-03-17T19:25:33Z" }, "geometry": { "type": "Point", "coordinates": [ -99.156579030677676, 19.41555074416101 ] } },
{ "type": "Feature", "properties": { "track_fid": 0, "track_seg_id": 0, "track_seg_point_id": 1013, "ele": 2274.199951171875, "time": "2025-03-17T19:25:38Z" }, "geometry": { "type": "Point", "coordinates": [ -99.156801570206881, 19.415559880435467 ] } },
{ "type": "Feature", "properties": { "track_fid": 0, "track_seg_id": 0, "track_seg_point_id": 1014, "ele": 2270.60009765625, "time": "2025-03-17T19:25:43Z" }, "geometry": { "type": "Point", "coordinates": [ -99.157049674540758, 19.415510846301913 ] } },
{ "type": "Feature", "properties": { "track_fid": 0, "track_seg_id": 0, "track_seg_point_id": 1015, "ele": 2270.39990234375, "time": "2025-03-17T19:25:44Z" }, "geometry": { "type": "Point", "coordinates": [ -99.157094936817884, 19.415498357266188 ] } },
{ "type": "Feature", "properties": { "track_fid": 0, "track_seg_id": 0, "track_seg_point_id": 1016, "ele": 2270.0, "time": "2025-03-17T19:25:45Z" }, "geometry": { "type": "Point", "coordinates": [ -99.157140534371138, 19.415487293154001 ] } },
{ "type": "Feature", "properties": { "track_fid": 0, "track_seg_id": 0, "track_seg_point_id": 1017, "ele": 2273.39990234375, "time": "2025-03-17T19:25:47Z" }, "geometry": { "type": "Point", "coordinates": [ -99.157223682850599, 19.415463320910931 ] } },
{ "type": "Feature", "properties": { "track_fid": 0, "track_seg_id": 0, "track_seg_point_id": 1018, "ele": 2274.60009765625, "time": "2025-03-17T19:25:49Z" }, "geometry": { "type": "Point", "coordinates": [ -99.157318482175469, 19.415446976199746 ] } },
{ "type": "Feature", "properties": { "track_fid": 0, "track_seg_id": 0, "track_seg_point_id": 1019, "ele": 2279.0, "time": "2025-03-17T19:25:57Z" }, "geometry": { "type": "Point", "coordinates": [ -99.157654093578458, 19.415345890447497 ] } },
{ "type": "Feature", "properties": { "track_fid": 0, "track_seg_id": 0, "track_seg_point_id": 1020, "ele": 2281.60009765625, "time": "2025-03-17T19:26:03Z" }, "geometry": { "type": "Point", "coordinates": [ -99.157927092164755, 19.415263161063194 ] } },
{ "type": "Feature", "properties": { "track_fid": 0, "track_seg_id": 0, "track_seg_point_id": 1021, "ele": 2285.199951171875, "time": "2025-03-17T19:26:09Z" }, "geometry": { "type": "Point", "coordinates": [ -99.158205958083272, 19.415184622630477 ] } },
{ "type": "Feature", "properties": { "track_fid": 0, "track_seg_id": 0, "track_seg_point_id": 1022, "ele": 2285.39990234375, "time": "2025-03-17T19:26:11Z" }, "geometry": { "type": "Point", "coordinates": [ -99.158300589770079, 19.415161069482565 ] } },
{ "type": "Feature", "properties": { "track_fid": 0, "track_seg_id": 0, "track_seg_point_id": 1023, "ele": 2285.199951171875, "time": "2025-03-17T19:26:12Z" }, "geometry": { "type": "Point", "coordinates": [ -99.158343924209476, 19.415146736428142 ] } },
{ "type": "Feature", "properties": { "track_fid": 0, "track_seg_id": 0, "track_seg_point_id": 1024, "ele": 2284.0, "time": "2025-03-17T19:26:15Z" }, "geometry": { "type": "Point", "coordinates": [ -99.15847166441381, 19.415124021470547 ] } },
{ "type": "Feature", "properties": { "track_fid": 0, "track_seg_id": 0, "track_seg_point_id": 1025, "ele": 2281.60009765625, "time": "2025-03-17T19:26:17Z" }, "geometry": { "type": "Point", "coordinates": [ -99.158553639426827, 19.415111448615789 ] } },
{ "type": "Feature", "properties": { "track_fid": 0, "track_seg_id": 0, "track_seg_point_id": 1026, "ele": 2279.39990234375, "time": "2025-03-17T19:26:22Z" }, "geometry": { "type": "Point", "coordinates": [ -99.158723540604115, 19.415093846619129 ] } },
{ "type": "Feature", "properties": { "track_fid": 0, "track_seg_id": 0, "track_seg_point_id": 1027, "ele": 2279.60009765625, "time": "2025-03-17T19:26:23Z" }, "geometry": { "type": "Point", "coordinates": [ -99.158749943599105, 19.415095271542668 ] } },
{ "type": "Feature", "properties": { "track_fid": 0, "track_seg_id": 0, "track_seg_point_id": 1028, "ele": 2279.60009765625, "time": "2025-03-17T19:26:25Z" }, "geometry": { "type": "Point", "coordinates": [ -99.158794367685914, 19.415118154138327 ] } },
{ "type": "Feature", "properties": { "track_fid": 0, "track_seg_id": 0, "track_seg_point_id": 1029, "ele": 2284.800048828125, "time": "2025-03-17T19:26:31Z" }, "geometry": { "type": "Point", "coordinates": [ -99.15886695496738, 19.415242876857519 ] } },
{ "type": "Feature", "properties": { "track_fid": 0, "track_seg_id": 0, "track_seg_point_id": 1030, "ele": 2284.60009765625, "time": "2025-03-17T19:26:37Z" }, "geometry": { "type": "Point", "coordinates": [ -99.158910121768713, 19.415417388081551 ] } },
{ "type": "Feature", "properties": { "track_fid": 0, "track_seg_id": 0, "track_seg_point_id": 1031, "ele": 2268.60009765625, "time": "2025-03-17T19:26:43Z" }, "geometry": { "type": "Point", "coordinates": [ -99.159020343795419, 19.415643867105246 ] } },
{ "type": "Feature", "properties": { "track_fid": 0, "track_seg_id": 0, "track_seg_point_id": 1032, "ele": 2264.60009765625, "time": "2025-03-17T19:26:47Z" }, "geometry": { "type": "Point", "coordinates": [ -99.159026127308607, 19.415680496022105 ] } },
{ "type": "Feature", "properties": { "track_fid": 0, "track_seg_id": 0, "track_seg_point_id": 1033, "ele": 2264.800048828125, "time": "2025-03-17T19:26:54Z" }, "geometry": { "type": "Point", "coordinates": [ -99.159027133136988, 19.415690638124943 ] } },
{ "type": "Feature", "properties": { "track_fid": 0, "track_seg_id": 0, "track_seg_point_id": 1034, "ele": 2264.199951171875, "time": "2025-03-17T19:27:05Z" }, "geometry": { "type": "Point", "coordinates": [ -99.159027887508273, 19.415701199322939 ] } },
{ "type": "Feature", "properties": { "track_fid": 0, "track_seg_id": 0, "track_seg_point_id": 1035, "ele": 2263.800048828125, "time": "2025-03-17T19:27:16Z" }, "geometry": { "type": "Point", "coordinates": [ -99.159044064581394, 19.415732966735959 ] } },
{ "type": "Feature", "properties": { "track_fid": 0, "track_seg_id": 0, "track_seg_point_id": 1036, "ele": 2263.800048828125, "time": "2025-03-17T19:27:17Z" }, "geometry": { "type": "Point", "coordinates": [ -99.159047836437821, 19.415747132152319 ] } },
{ "type": "Feature", "properties": { "track_fid": 0, "track_seg_id": 0, "track_seg_point_id": 1037, "ele": 2263.60009765625, "time": "2025-03-17T19:27:23Z" }, "geometry": { "type": "Point", "coordinates": [ -99.15903995744884, 19.415877470746636 ] } },
{ "type": "Feature", "properties": { "track_fid": 0, "track_seg_id": 0, "track_seg_point_id": 1038, "ele": 2262.60009765625, "time": "2025-03-17T19:27:29Z" }, "geometry": { "type": "Point", "coordinates": [ -99.15897055529058, 19.415997751057148 ] } },
{ "type": "Feature", "properties": { "track_fid": 0, "track_seg_id": 0, "track_seg_point_id": 1039, "ele": 2261.800048828125, "time": "2025-03-17T19:27:35Z" }, "geometry": { "type": "Point", "coordinates": [ -99.158967370167375, 19.416137477383018 ] } },
{ "type": "Feature", "properties": { "track_fid": 0, "track_seg_id": 0, "track_seg_point_id": 1040, "ele": 2261.60009765625, "time": "2025-03-17T19:27:43Z" }, "geometry": { "type": "Point", "coordinates": [ -99.159065522253513, 19.416332943364978 ] } },
{ "type": "Feature", "properties": { "track_fid": 0, "track_seg_id": 0, "track_seg_point_id": 1041, "ele": 2264.60009765625, "time": "2025-03-17T19:27:48Z" }, "geometry": { "type": "Point", "coordinates": [ -99.159096116200089, 19.41639999859035 ] } },
{ "type": "Feature", "properties": { "track_fid": 0, "track_seg_id": 0, "track_seg_point_id": 1042, "ele": 2264.800048828125, "time": "2025-03-17T19:27:53Z" }, "geometry": { "type": "Point", "coordinates": [ -99.159107264131308, 19.416475351899862 ] } },
{ "type": "Feature", "properties": { "track_fid": 0, "track_seg_id": 0, "track_seg_point_id": 1043, "ele": 2264.0, "time": "2025-03-17T19:27:54Z" }, "geometry": { "type": "Point", "coordinates": [ -99.159097960218787, 19.416499072685838 ] } },
{ "type": "Feature", "properties": { "track_fid": 0, "track_seg_id": 0, "track_seg_point_id": 1044, "ele": 2259.60009765625, "time": "2025-03-17T19:28:04Z" }, "geometry": { "type": "Point", "coordinates": [ -99.159091422334313, 19.416628321632743 ] } },
{ "type": "Feature", "properties": { "track_fid": 0, "track_seg_id": 0, "track_seg_point_id": 1045, "ele": 2259.0, "time": "2025-03-17T19:28:12Z" }, "geometry": { "type": "Point", "coordinates": [ -99.159094356000423, 19.416645923629403 ] } },
{ "type": "Feature", "properties": { "track_fid": 0, "track_seg_id": 0, "track_seg_point_id": 1046, "ele": 2259.800048828125, "time": "2025-03-17T19:28:22Z" }, "geometry": { "type": "Point", "coordinates": [ -99.159099217504263, 19.416666962206364 ] } },
{ "type": "Feature", "properties": { "track_fid": 0, "track_seg_id": 0, "track_seg_point_id": 1047, "ele": 2261.800048828125, "time": "2025-03-17T19:28:30Z" }, "geometry": { "type": "Point", "coordinates": [ -99.159161327406764, 19.416784895583987 ] } },
{ "type": "Feature", "properties": { "track_fid": 0, "track_seg_id": 0, "track_seg_point_id": 1048, "ele": 2264.199951171875, "time": "2025-03-17T19:28:35Z" }, "geometry": { "type": "Point", "coordinates": [ -99.159277752041817, 19.416816746816039 ] } },
{ "type": "Feature", "properties": { "track_fid": 0, "track_seg_id": 0, "track_seg_point_id": 1049, "ele": 2265.39990234375, "time": "2025-03-17T19:28:40Z" }, "geometry": { "type": "Point", "coordinates": [ -99.159351848065853, 19.416926968842745 ] } },
{ "type": "Feature", "properties": { "track_fid": 0, "track_seg_id": 0, "track_seg_point_id": 1050, "ele": 2265.199951171875, "time": "2025-03-17T19:28:47Z" }, "geometry": { "type": "Point", "coordinates": [ -99.159415634348989, 19.417061917483807 ] } },
{ "type": "Feature", "properties": { "track_fid": 0, "track_seg_id": 0, "track_seg_point_id": 1051, "ele": 2264.800048828125, "time": "2025-03-17T19:28:48Z" }, "geometry": { "type": "Point", "coordinates": [ -99.159422339871526, 19.417081363499165 ] } },
{ "type": "Feature", "properties": { "track_fid": 0, "track_seg_id": 0, "track_seg_point_id": 1052, "ele": 2264.800048828125, "time": "2025-03-17T19:28:51Z" }, "geometry": { "type": "Point", "coordinates": [ -99.159439019858837, 19.417143138125539 ] } },
{ "type": "Feature", "properties": { "track_fid": 0, "track_seg_id": 0, "track_seg_point_id": 1053, "ele": 2264.800048828125, "time": "2025-03-17T19:28:53Z" }, "geometry": { "type": "Point", "coordinates": [ -99.159462656825781, 19.417178174480796 ] } },
{ "type": "Feature", "properties": { "track_fid": 0, "track_seg_id": 0, "track_seg_point_id": 1054, "ele": 2265.0, "time": "2025-03-17T19:28:57Z" }, "geometry": { "type": "Point", "coordinates": [ -99.15950465016067, 19.417306333780289 ] } },
{ "type": "Feature", "properties": { "track_fid": 0, "track_seg_id": 0, "track_seg_point_id": 1055, "ele": 2269.60009765625, "time": "2025-03-17T19:29:03Z" }, "geometry": { "type": "Point", "coordinates": [ -99.159571286290884, 19.417460644617677 ] } },
{ "type": "Feature", "properties": { "track_fid": 0, "track_seg_id": 0, "track_seg_point_id": 1056, "ele": 2275.800048828125, "time": "2025-03-17T19:29:10Z" }, "geometry": { "type": "Point", "coordinates": [ -99.159616632387042, 19.41763817332685 ] } },
{ "type": "Feature", "properties": { "track_fid": 0, "track_seg_id": 0, "track_seg_point_id": 1057, "ele": 2278.60009765625, "time": "2025-03-17T19:29:16Z" }, "geometry": { "type": "Point", "coordinates": [ -99.15962484665215, 19.417756777256727 ] } },
{ "type": "Feature", "properties": { "track_fid": 0, "track_seg_id": 0, "track_seg_point_id": 1058, "ele": 2279.39990234375, "time": "2025-03-17T19:29:21Z" }, "geometry": { "type": "Point", "coordinates": [ -99.159628786146641, 19.417841266840696 ] } },
{ "type": "Feature", "properties": { "track_fid": 0, "track_seg_id": 0, "track_seg_point_id": 1059, "ele": 2271.39990234375, "time": "2025-03-17T19:29:31Z" }, "geometry": { "type": "Point", "coordinates": [ -99.159706570208073, 19.418034972622991 ] } },
{ "type": "Feature", "properties": { "track_fid": 0, "track_seg_id": 0, "track_seg_point_id": 1060, "ele": 2269.199951171875, "time": "2025-03-17T19:29:38Z" }, "geometry": { "type": "Point", "coordinates": [ -99.159755939617753, 19.418088532984257 ] } },
{ "type": "Feature", "properties": { "track_fid": 0, "track_seg_id": 0, "track_seg_point_id": 1061, "ele": 2266.800048828125, "time": "2025-03-17T19:29:46Z" }, "geometry": { "type": "Point", "coordinates": [ -99.159869933500886, 19.418130777776241 ] } },
{ "type": "Feature", "properties": { "track_fid": 0, "track_seg_id": 0, "track_seg_point_id": 1062, "ele": 2264.39990234375, "time": "2025-03-17T19:29:54Z" }, "geometry": { "type": "Point", "coordinates": [ -99.159948220476508, 19.418150223791599 ] } },
{ "type": "Feature", "properties": { "track_fid": 0, "track_seg_id": 0, "track_seg_point_id": 1063, "ele": 2263.39990234375, "time": "2025-03-17T19:30:02Z" }, "geometry": { "type": "Point", "coordinates": [ -99.160007564350963, 19.418169083073735 ] } },
{ "type": "Feature", "properties": { "track_fid": 0, "track_seg_id": 0, "track_seg_point_id": 1064, "ele": 2263.199951171875, "time": "2025-03-17T19:30:04Z" }, "geometry": { "type": "Point", "coordinates": [ -99.160037487745285, 19.418161455541849 ] } },
{ "type": "Feature", "properties": { "track_fid": 0, "track_seg_id": 0, "track_seg_point_id": 1065, "ele": 2265.199951171875, "time": "2025-03-17T19:30:12Z" }, "geometry": { "type": "Point", "coordinates": [ -99.160202778875828, 19.418124658986926 ] } },
{ "type": "Feature", "properties": { "track_fid": 0, "track_seg_id": 0, "track_seg_point_id": 1066, "ele": 2269.39990234375, "time": "2025-03-17T19:30:19Z" }, "geometry": { "type": "Point", "coordinates": [ -99.160306546837091, 19.418113259598613 ] } },
{ "type": "Feature", "properties": { "track_fid": 0, "track_seg_id": 0, "track_seg_point_id": 1067, "ele": 2270.800048828125, "time": "2025-03-17T19:30:24Z" }, "geometry": { "type": "Point", "coordinates": [ -99.160327166318893, 19.418086186051369 ] } },
{ "type": "Feature", "properties": { "track_fid": 0, "track_seg_id": 0, "track_seg_point_id": 1068, "ele": 2266.800048828125, "time": "2025-03-17T19:30:32Z" }, "geometry": { "type": "Point", "coordinates": [ -99.160446776077151, 19.418069589883089 ] } },
{ "type": "Feature", "properties": { "track_fid": 0, "track_seg_id": 0, "track_seg_point_id": 1069, "ele": 2266.39990234375, "time": "2025-03-17T19:30:43Z" }, "geometry": { "type": "Point", "coordinates": [ -99.160470999777317, 19.418077552691102 ] } },
{ "type": "Feature", "properties": { "track_fid": 0, "track_seg_id": 0, "track_seg_point_id": 1070, "ele": 2266.39990234375, "time": "2025-03-17T19:30:56Z" }, "geometry": { "type": "Point", "coordinates": [ -99.160536546260118, 19.418063051998615 ] } },
{ "type": "Feature", "properties": { "track_fid": 0, "track_seg_id": 0, "track_seg_point_id": 1071, "ele": 2265.800048828125, "time": "2025-03-17T19:31:06Z" }, "geometry": { "type": "Point", "coordinates": [ -99.160560853779316, 19.418073948472738 ] } },
{ "type": "Feature", "properties": { "track_fid": 0, "track_seg_id": 0, "track_seg_point_id": 1072, "ele": 2266.0, "time": "2025-03-17T19:31:15Z" }, "geometry": { "type": "Point", "coordinates": [ -99.160587759688497, 19.418077049776912 ] } },
{ "type": "Feature", "properties": { "track_fid": 0, "track_seg_id": 0, "track_seg_point_id": 1073, "ele": 2266.199951171875, "time": "2025-03-17T19:31:25Z" }, "geometry": { "type": "Point", "coordinates": [ -99.160577617585659, 19.418077552691102 ] } },
{ "type": "Feature", "properties": { "track_fid": 0, "track_seg_id": 0, "track_seg_point_id": 1074, "ele": 2265.800048828125, "time": "2025-03-17T19:31:35Z" }, "geometry": { "type": "Point", "coordinates": [ -99.16057082824409, 19.418074367567897 ] } },
{ "type": "Feature", "properties": { "track_fid": 0, "track_seg_id": 0, "track_seg_point_id": 1075, "ele": 2265.800048828125, "time": "2025-03-17T19:31:45Z" }, "geometry": { "type": "Point", "coordinates": [ -99.160564122721553, 19.418076295405626 ] } },
{ "type": "Feature", "properties": { "track_fid": 0, "track_seg_id": 0, "track_seg_point_id": 1076, "ele": 2266.0, "time": "2025-03-17T19:31:55Z" }, "geometry": { "type": "Point", "coordinates": [ -99.16057568974793, 19.418074199929833 ] } },
{ "type": "Feature", "properties": { "track_fid": 0, "track_seg_id": 0, "track_seg_point_id": 1077, "ele": 2266.0, "time": "2025-03-17T19:32:07Z" }, "geometry": { "type": "Point", "coordinates": [ -99.160594549030066, 19.418079480528831 ] } },
{ "type": "Feature", "properties": { "track_fid": 0, "track_seg_id": 0, "track_seg_point_id": 1078, "ele": 2265.800048828125, "time": "2025-03-17T19:32:19Z" }, "geometry": { "type": "Point", "coordinates": [ -99.160618269816041, 19.418082917109132 ] } },
{ "type": "Feature", "properties": { "track_fid": 0, "track_seg_id": 0, "track_seg_point_id": 1079, "ele": 2265.800048828125, "time": "2025-03-17T19:32:27Z" }, "geometry": { "type": "Point", "coordinates": [ -99.160627825185657, 19.418087024241686 ] } },
{ "type": "Feature", "properties": { "track_fid": 0, "track_seg_id": 0, "track_seg_point_id": 1080, "ele": 2265.60009765625, "time": "2025-03-17T19:32:38Z" }, "geometry": { "type": "Point", "coordinates": [ -99.160635620355606, 19.418091969564557 ] } },
{ "type": "Feature", "properties": { "track_fid": 0, "track_seg_id": 0, "track_seg_point_id": 1081, "ele": 2265.39990234375, "time": "2025-03-17T19:32:50Z" }, "geometry": { "type": "Point", "coordinates": [ -99.160644086077809, 19.418093059211969 ] } },
{ "type": "Feature", "properties": { "track_fid": 0, "track_seg_id": 0, "track_seg_point_id": 1082, "ele": 2265.0, "time": "2025-03-17T19:33:01Z" }, "geometry": { "type": "Point", "coordinates": [ -99.160666046664119, 19.418118791654706 ] } },
{ "type": "Feature", "properties": { "track_fid": 0, "track_seg_id": 0, "track_seg_point_id": 1083, "ele": 2265.199951171875, "time": "2025-03-17T19:33:11Z" }, "geometry": { "type": "Point", "coordinates": [ -99.160673590376973, 19.418145027011633 ] } },
{ "type": "Feature", "properties": { "track_fid": 0, "track_seg_id": 0, "track_seg_point_id": 1084, "ele": 2266.800048828125, "time": "2025-03-17T19:33:21Z" }, "geometry": { "type": "Point", "coordinates": [ -99.160684570670128, 19.41811359487474 ] } },
{ "type": "Feature", "properties": { "track_fid": 0, "track_seg_id": 0, "track_seg_point_id": 1085, "ele": 2267.0, "time": "2025-03-17T19:33:35Z" }, "geometry": { "type": "Point", "coordinates": [ -99.160642242059112, 19.417941262945533 ] } },
{ "type": "Feature", "properties": { "track_fid": 0, "track_seg_id": 0, "track_seg_point_id": 1086, "ele": 2267.39990234375, "time": "2025-03-17T19:33:46Z" }, "geometry": { "type": "Point", "coordinates": [ -99.160643080249429, 19.417819892987609 ] } },
{ "type": "Feature", "properties": { "track_fid": 0, "track_seg_id": 0, "track_seg_point_id": 1087, "ele": 2267.39990234375, "time": "2025-03-17T19:33:57Z" }, "geometry": { "type": "Point", "coordinates": [ -99.160658251494169, 19.417800027877092 ] } },
{ "type": "Feature", "properties": { "track_fid": 0, "track_seg_id": 0, "track_seg_point_id": 1088, "ele": 2267.39990234375, "time": "2025-03-17T19:34:09Z" }, "geometry": { "type": "Point", "coordinates": [ -99.160666717216372, 19.417783096432686 ] } },
{ "type": "Feature", "properties": { "track_fid": 0, "track_seg_id": 0, "track_seg_point_id": 1089, "ele": 2267.39990234375, "time": "2025-03-17T19:34:23Z" }, "geometry": { "type": "Point", "coordinates": [ -99.160667974501848, 19.417763482779264 ] } },
{ "type": "Feature", "properties": { "track_fid": 0, "track_seg_id": 0, "track_seg_point_id": 1090, "ele": 2267.39990234375, "time": "2025-03-17T19:34:33Z" }, "geometry": { "type": "Point", "coordinates": [ -99.160669734701514, 19.417753089219332 ] } },
{ "type": "Feature", "properties": { "track_fid": 0, "track_seg_id": 0, "track_seg_point_id": 1091, "ele": 2267.199951171875, "time": "2025-03-17T19:34:47Z" }, "geometry": { "type": "Point", "coordinates": [ -99.16066755540669, 19.417725093662739 ] } },
{ "type": "Feature", "properties": { "track_fid": 0, "track_seg_id": 0, "track_seg_point_id": 1092, "ele": 2267.0, "time": "2025-03-17T19:34:54Z" }, "geometry": { "type": "Point", "coordinates": [ -99.160672416910529, 19.417716879397631 ] } },
{ "type": "Feature", "properties": { "track_fid": 0, "track_seg_id": 0, "track_seg_point_id": 1093, "ele": 2266.39990234375, "time": "2025-03-17T19:35:06Z" }, "geometry": { "type": "Point", "coordinates": [ -99.160680798813701, 19.417702043429017 ] } },
{ "type": "Feature", "properties": { "track_fid": 0, "track_seg_id": 0, "track_seg_point_id": 1094, "ele": 2266.39990234375, "time": "2025-03-17T19:35:18Z" }, "geometry": { "type": "Point", "coordinates": [ -99.160637967288494, 19.417678657919168 ] } },
{ "type": "Feature", "properties": { "track_fid": 0, "track_seg_id": 0, "track_seg_point_id": 1095, "ele": 2266.39990234375, "time": "2025-03-17T19:35:27Z" }, "geometry": { "type": "Point", "coordinates": [ -99.16063972748816, 19.41767924465239 ] } },
{ "type": "Feature", "properties": { "track_fid": 0, "track_seg_id": 0, "track_seg_point_id": 1096, "ele": 2266.39990234375, "time": "2025-03-17T19:35:37Z" }, "geometry": { "type": "Point", "coordinates": [ -99.160623298957944, 19.417663235217333 ] } },
{ "type": "Feature", "properties": { "track_fid": 0, "track_seg_id": 0, "track_seg_point_id": 1097, "ele": 2267.0, "time": "2025-03-17T19:35:44Z" }, "geometry": { "type": "Point", "coordinates": [ -99.160610055550933, 19.41766063682735 ] } },
{ "type": "Feature", "properties": { "track_fid": 0, "track_seg_id": 0, "track_seg_point_id": 1098, "ele": 2267.60009765625, "time": "2025-03-17T19:35:51Z" }, "geometry": { "type": "Point", "coordinates": [ -99.160557920113206, 19.417603891342878 ] } },
{ "type": "Feature", "properties": { "track_fid": 0, "track_seg_id": 0, "track_seg_point_id": 1099, "ele": 2267.800048828125, "time": "2025-03-17T19:35:58Z" }, "geometry": { "type": "Point", "coordinates": [ -99.160545598715544, 19.417587127536535 ] } },
{ "type": "Feature", "properties": { "track_fid": 0, "track_seg_id": 0, "track_seg_point_id": 1100, "ele": 2268.199951171875, "time": "2025-03-17T19:36:06Z" }, "geometry": { "type": "Point", "coordinates": [ -99.160561691969633, 19.417551420629025 ] } },
{ "type": "Feature", "properties": { "track_fid": 0, "track_seg_id": 0, "track_seg_point_id": 1101, "ele": 2268.60009765625, "time": "2025-03-17T19:36:09Z" }, "geometry": { "type": "Point", "coordinates": [ -99.160593459382653, 19.417547145858407 ] } },
{ "type": "Feature", "properties": { "track_fid": 0, "track_seg_id": 0, "track_seg_point_id": 1102, "ele": 2269.199951171875, "time": "2025-03-17T19:36:15Z" }, "geometry": { "type": "Point", "coordinates": [ -99.1605962254107, 19.417524095624685 ] } },
{ "type": "Feature", "properties": { "track_fid": 0, "track_seg_id": 0, "track_seg_point_id": 1103, "ele": 2269.199951171875, "time": "2025-03-17T19:36:24Z" }, "geometry": { "type": "Point", "coordinates": [ -99.160569990053773, 19.417510516941547 ] } },
{ "type": "Feature", "properties": { "track_fid": 0, "track_seg_id": 0, "track_seg_point_id": 1104, "ele": 2268.800048828125, "time": "2025-03-17T19:36:35Z" }, "geometry": { "type": "Point", "coordinates": [ -99.160570576786995, 19.417515462264419 ] } },
{ "type": "Feature", "properties": { "track_fid": 0, "track_seg_id": 0, "track_seg_point_id": 1105, "ele": 2267.199951171875, "time": "2025-03-17T19:36:46Z" }, "geometry": { "type": "Point", "coordinates": [ -99.160561775788665, 19.41754437983036 ] } },
{ "type": "Feature", "properties": { "track_fid": 0, "track_seg_id": 0, "track_seg_point_id": 1106, "ele": 2266.0, "time": "2025-03-17T19:36:54Z" }, "geometry": { "type": "Point", "coordinates": [ -99.160572253167629, 19.417562820017338 ] } },
{ "type": "Feature", "properties": { "track_fid": 0, "track_seg_id": 0, "track_seg_point_id": 1107, "ele": 2266.0, "time": "2025-03-17T19:37:02Z" }, "geometry": { "type": "Point", "coordinates": [ -99.160577533766627, 19.417563658207655 ] } },
{ "type": "Feature", "properties": { "track_fid": 0, "track_seg_id": 0, "track_seg_point_id": 1108, "ele": 2265.800048828125, "time": "2025-03-17T19:37:13Z" }, "geometry": { "type": "Point", "coordinates": [ -99.160581221804023, 19.4176010414958 ] } },
{ "type": "Feature", "properties": { "track_fid": 0, "track_seg_id": 0, "track_seg_point_id": 1109, "ele": 2266.39990234375, "time": "2025-03-17T19:37:24Z" }, "geometry": { "type": "Point", "coordinates": [ -99.160600248724222, 19.417632054537535 ] } },
{ "type": "Feature", "properties": { "track_fid": 0, "track_seg_id": 0, "track_seg_point_id": 1110, "ele": 2267.0, "time": "2025-03-17T19:37:34Z" }, "geometry": { "type": "Point", "coordinates": [ -99.160612821578979, 19.417667090892792 ] } },
{ "type": "Feature", "properties": { "track_fid": 0, "track_seg_id": 0, "track_seg_point_id": 1111, "ele": 2267.39990234375, "time": "2025-03-17T19:37:41Z" }, "geometry": { "type": "Point", "coordinates": [ -99.160614749416709, 19.417677568271756 ] } },
{ "type": "Feature", "properties": { "track_fid": 0, "track_seg_id": 0, "track_seg_point_id": 1112, "ele": 2267.39990234375, "time": "2025-03-17T19:37:51Z" }, "geometry": { "type": "Point", "coordinates": [ -99.160607792437077, 19.417693493887782 ] } },
{ "type": "Feature", "properties": { "track_fid": 0, "track_seg_id": 0, "track_seg_point_id": 1113, "ele": 2267.199951171875, "time": "2025-03-17T19:38:01Z" }, "geometry": { "type": "Point", "coordinates": [ -99.160617683082819, 19.417721154168248 ] } },
{ "type": "Feature", "properties": { "track_fid": 0, "track_seg_id": 0, "track_seg_point_id": 1114, "ele": 2267.199951171875, "time": "2025-03-17T19:38:20Z" }, "geometry": { "type": "Point", "coordinates": [ -99.160590274259448, 19.417678825557232 ] } },
{ "type": "Feature", "properties": { "track_fid": 0, "track_seg_id": 0, "track_seg_point_id": 1115, "ele": 2247.800048828125, "time": "2025-03-17T19:40:43Z" }, "geometry": { "type": "Point", "coordinates": [ -99.160649618133903, 19.417616799473763 ] } },
{ "type": "Feature", "properties": { "track_fid": 0, "track_seg_id": 0, "track_seg_point_id": 1116, "ele": 2248.800048828125, "time": "2025-03-17T19:40:44Z" }, "geometry": { "type": "Point", "coordinates": [ -99.160644421353936, 19.417615123093128 ] } },
{ "type": "Feature", "properties": { "track_fid": 0, "track_seg_id": 0, "track_seg_point_id": 1117, "ele": 2253.60009765625, "time": "2025-03-17T19:40:53Z" }, "geometry": { "type": "Point", "coordinates": [ -99.16062748990953, 19.417606070637703 ] } },
{ "type": "Feature", "properties": { "track_fid": 0, "track_seg_id": 0, "track_seg_point_id": 1118, "ele": 2253.800048828125, "time": "2025-03-17T19:41:05Z" }, "geometry": { "type": "Point", "coordinates": [ -99.160628831014037, 19.417616631835699 ] } },
{ "type": "Feature", "properties": { "track_fid": 0, "track_seg_id": 0, "track_seg_point_id": 1119, "ele": 2253.60009765625, "time": "2025-03-17T19:41:16Z" }, "geometry": { "type": "Point", "coordinates": [ -99.160627070814371, 19.41762057133019 ] } },
{ "type": "Feature", "properties": { "track_fid": 0, "track_seg_id": 0, "track_seg_point_id": 1120, "ele": 2253.60009765625, "time": "2025-03-17T19:41:31Z" }, "geometry": { "type": "Point", "coordinates": [ -99.160618269816041, 19.41762643866241 ] } },
{ "type": "Feature", "properties": { "track_fid": 0, "track_seg_id": 0, "track_seg_point_id": 1121, "ele": 2253.60009765625, "time": "2025-03-17T19:41:47Z" }, "geometry": { "type": "Point", "coordinates": [ -99.16062455624342, 19.417628366500139 ] } },
{ "type": "Feature", "properties": { "track_fid": 0, "track_seg_id": 0, "track_seg_point_id": 1122, "ele": 2253.800048828125, "time": "2025-03-17T19:42:00Z" }, "geometry": { "type": "Point", "coordinates": [ -99.160622963681817, 19.417628198862076 ] } },
{ "type": "Feature", "properties": { "track_fid": 0, "track_seg_id": 0, "track_seg_point_id": 1123, "ele": 2253.800048828125, "time": "2025-03-17T19:42:15Z" }, "geometry": { "type": "Point", "coordinates": [ -99.160614833235741, 19.4176269415766 ] } },
{ "type": "Feature", "properties": { "track_fid": 0, "track_seg_id": 0, "track_seg_point_id": 1124, "ele": 2254.39990234375, "time": "2025-03-17T19:42:29Z" }, "geometry": { "type": "Point", "coordinates": [ -99.16061332449317, 19.417629959061742 ] } },
{ "type": "Feature", "properties": { "track_fid": 0, "track_seg_id": 0, "track_seg_point_id": 1125, "ele": 2254.39990234375, "time": "2025-03-17T19:42:42Z" }, "geometry": { "type": "Point", "coordinates": [ -99.160612653940916, 19.417621744796634 ] } },
{ "type": "Feature", "properties": { "track_fid": 0, "track_seg_id": 0, "track_seg_point_id": 1126, "ele": 2254.39990234375, "time": "2025-03-17T19:42:50Z" }, "geometry": { "type": "Point", "coordinates": [ -99.160613156855106, 19.417623169720173 ] } },
{ "type": "Feature", "properties": { "track_fid": 0, "track_seg_id": 0, "track_seg_point_id": 1127, "ele": 2254.39990234375, "time": "2025-03-17T19:43:01Z" }, "geometry": { "type": "Point", "coordinates": [ -99.160611145198345, 19.417629037052393 ] } },
{ "type": "Feature", "properties": { "track_fid": 0, "track_seg_id": 0, "track_seg_point_id": 1128, "ele": 2255.199951171875, "time": "2025-03-17T19:43:07Z" }, "geometry": { "type": "Point", "coordinates": [ -99.160630675032735, 19.417555192485452 ] } },
{ "type": "Feature", "properties": { "track_fid": 0, "track_seg_id": 0, "track_seg_point_id": 1129, "ele": 2255.39990234375, "time": "2025-03-17T19:43:09Z" }, "geometry": { "type": "Point", "coordinates": [ -99.160626986995339, 19.417549995705485 ] } },
{ "type": "Feature", "properties": { "track_fid": 0, "track_seg_id": 0, "track_seg_point_id": 1130, "ele": 2255.60009765625, "time": "2025-03-17T19:43:16Z" }, "geometry": { "type": "Point", "coordinates": [ -99.160637548193336, 19.417560724541545 ] } },
{ "type": "Feature", "properties": { "track_fid": 0, "track_seg_id": 0, "track_seg_point_id": 1131, "ele": 2255.39990234375, "time": "2025-03-17T19:43:24Z" }, "geometry": { "type": "Point", "coordinates": [ -99.16063042357564, 19.417574051767588 ] } },
{ "type": "Feature", "properties": { "track_fid": 0, "track_seg_id": 0, "track_seg_point_id": 1132, "ele": 2255.199951171875, "time": "2025-03-17T19:43:38Z" }, "geometry": { "type": "Point", "coordinates": [ -99.160626735538244, 19.417590228840709 ] } },
{ "type": "Feature", "properties": { "track_fid": 0, "track_seg_id": 0, "track_seg_point_id": 1133, "ele": 2255.39990234375, "time": "2025-03-17T19:43:51Z" }, "geometry": { "type": "Point", "coordinates": [ -99.160626651719213, 19.417589055374265 ] } },
{ "type": "Feature", "properties": { "track_fid": 0, "track_seg_id": 0, "track_seg_point_id": 1134, "ele": 2255.39990234375, "time": "2025-03-17T19:44:04Z" }, "geometry": { "type": "Point", "coordinates": [ -99.160623550415039, 19.417585283517838 ] } },
{ "type": "Feature", "properties": { "track_fid": 0, "track_seg_id": 0, "track_seg_point_id": 1135, "ele": 2255.60009765625, "time": "2025-03-17T19:44:21Z" }, "geometry": { "type": "Point", "coordinates": [ -99.160621538758278, 19.417591067031026 ] } },
{ "type": "Feature", "properties": { "track_fid": 0, "track_seg_id": 0, "track_seg_point_id": 1136, "ele": 2255.60009765625, "time": "2025-03-17T19:44:34Z" }, "geometry": { "type": "Point", "coordinates": [ -99.160623047500849, 19.41759173758328 ] } },
{ "type": "Feature", "properties": { "track_fid": 0, "track_seg_id": 0, "track_seg_point_id": 1137, "ele": 2255.60009765625, "time": "2025-03-17T19:44:49Z" }, "geometry": { "type": "Point", "coordinates": [ -99.160629920661449, 19.417601879686117 ] } },
{ "type": "Feature", "properties": { "track_fid": 0, "track_seg_id": 0, "track_seg_point_id": 1138, "ele": 2255.60009765625, "time": "2025-03-17T19:44:59Z" }, "geometry": { "type": "Point", "coordinates": [ -99.160629836842418, 19.417604394257069 ] } },
{ "type": "Feature", "properties": { "track_fid": 0, "track_seg_id": 0, "track_seg_point_id": 1139, "ele": 2255.60009765625, "time": "2025-03-17T19:45:10Z" }, "geometry": { "type": "Point", "coordinates": [ -99.16063335724175, 19.417608669027686 ] } },
{ "type": "Feature", "properties": { "track_fid": 0, "track_seg_id": 0, "track_seg_point_id": 1140, "ele": 2255.60009765625, "time": "2025-03-17T19:45:24Z" }, "geometry": { "type": "Point", "coordinates": [ -99.160637129098177, 19.417614787817001 ] } },
{ "type": "Feature", "properties": { "track_fid": 0, "track_seg_id": 0, "track_seg_point_id": 1141, "ele": 2255.39990234375, "time": "2025-03-17T19:45:35Z" }, "geometry": { "type": "Point", "coordinates": [ -99.16063922457397, 19.417624846100807 ] } },
{ "type": "Feature", "properties": { "track_fid": 0, "track_seg_id": 0, "track_seg_point_id": 1142, "ele": 2255.0, "time": "2025-03-17T19:45:50Z" }, "geometry": { "type": "Point", "coordinates": [ -99.160646349191666, 19.417630042880774 ] } },
{ "type": "Feature", "properties": { "track_fid": 0, "track_seg_id": 0, "track_seg_point_id": 1143, "ele": 2254.800048828125, "time": "2025-03-17T19:46:03Z" }, "geometry": { "type": "Point", "coordinates": [ -99.160635452717543, 19.417631635442376 ] } },
{ "type": "Feature", "properties": { "track_fid": 0, "track_seg_id": 0, "track_seg_point_id": 1144, "ele": 2255.0, "time": "2025-03-17T19:46:14Z" }, "geometry": { "type": "Point", "coordinates": [ -99.16062455624342, 19.417631132528186 ] } },
{ "type": "Feature", "properties": { "track_fid": 0, "track_seg_id": 0, "track_seg_point_id": 1145, "ele": 2254.800048828125, "time": "2025-03-17T19:46:25Z" }, "geometry": { "type": "Point", "coordinates": [ -99.160626232624054, 19.417628282681108 ] } },
{ "type": "Feature", "properties": { "track_fid": 0, "track_seg_id": 0, "track_seg_point_id": 1146, "ele": 2254.800048828125, "time": "2025-03-17T19:46:39Z" }, "geometry": { "type": "Point", "coordinates": [ -99.160616425797343, 19.417628031224012 ] } },
{ "type": "Feature", "properties": { "track_fid": 0, "track_seg_id": 0, "track_seg_point_id": 1147, "ele": 2254.800048828125, "time": "2025-03-17T19:46:55Z" }, "geometry": { "type": "Point", "coordinates": [ -99.160628244280815, 19.417631216347218 ] } },
{ "type": "Feature", "properties": { "track_fid": 0, "track_seg_id": 0, "track_seg_point_id": 1148, "ele": 2254.60009765625, "time": "2025-03-17T19:47:04Z" }, "geometry": { "type": "Point", "coordinates": [ -99.160630088299513, 19.417631970718503 ] } },
{ "type": "Feature", "properties": { "track_fid": 0, "track_seg_id": 0, "track_seg_point_id": 1149, "ele": 2254.60009765625, "time": "2025-03-17T19:47:18Z" }, "geometry": { "type": "Point", "coordinates": [ -99.160630339756608, 19.41763767041266 ] } },
{ "type": "Feature", "properties": { "track_fid": 0, "track_seg_id": 0, "track_seg_point_id": 1150, "ele": 2254.60009765625, "time": "2025-03-17T19:47:35Z" }, "geometry": { "type": "Point", "coordinates": [ -99.16062313131988, 19.417635658755898 ] } },
{ "type": "Feature", "properties": { "track_fid": 0, "track_seg_id": 0, "track_seg_point_id": 1151, "ele": 2254.60009765625, "time": "2025-03-17T19:47:46Z" }, "geometry": { "type": "Point", "coordinates": [ -99.160620030015707, 19.417675053700805 ] } },
{ "type": "Feature", "properties": { "track_fid": 0, "track_seg_id": 0, "track_seg_point_id": 1152, "ele": 2254.800048828125, "time": "2025-03-17T19:48:01Z" }, "geometry": { "type": "Point", "coordinates": [ -99.160635033622384, 19.417696762830019 ] } },
{ "type": "Feature", "properties": { "track_fid": 0, "track_seg_id": 0, "track_seg_point_id": 1153, "ele": 2254.60009765625, "time": "2025-03-17T19:48:13Z" }, "geometry": { "type": "Point", "coordinates": [ -99.160634865984321, 19.417698523029685 ] } },
{ "type": "Feature", "properties": { "track_fid": 0, "track_seg_id": 0, "track_seg_point_id": 1154, "ele": 2254.60009765625, "time": "2025-03-17T19:48:32Z" }, "geometry": { "type": "Point", "coordinates": [ -99.160631764680147, 19.417699780315161 ] } },
{ "type": "Feature", "properties": { "track_fid": 0, "track_seg_id": 0, "track_seg_point_id": 1155, "ele": 2254.800048828125, "time": "2025-03-17T19:48:48Z" }, "geometry": { "type": "Point", "coordinates": [ -99.160621287301183, 19.417698858305812 ] } },
{ "type": "Feature", "properties": { "track_fid": 0, "track_seg_id": 0, "track_seg_point_id": 1156, "ele": 2255.0, "time": "2025-03-17T19:48:57Z" }, "geometry": { "type": "Point", "coordinates": [ -99.160625142976642, 19.417696762830019 ] } },
{ "type": "Feature", "properties": { "track_fid": 0, "track_seg_id": 0, "track_seg_point_id": 1157, "ele": 2254.800048828125, "time": "2025-03-17T19:49:09Z" }, "geometry": { "type": "Point", "coordinates": [ -99.160644588992, 19.417692823335528 ] } },
{ "type": "Feature", "properties": { "track_fid": 0, "track_seg_id": 0, "track_seg_point_id": 1158, "ele": 2253.800048828125, "time": "2025-03-17T19:49:22Z" }, "geometry": { "type": "Point", "coordinates": [ -99.160651043057442, 19.417693829163909 ] } },
{ "type": "Feature", "properties": { "track_fid": 0, "track_seg_id": 0, "track_seg_point_id": 1159, "ele": 2253.800048828125, "time": "2025-03-17T19:49:37Z" }, "geometry": { "type": "Point", "coordinates": [ -99.160658922046423, 19.417690057307482 ] } },
{ "type": "Feature", "properties": { "track_fid": 0, "track_seg_id": 0, "track_seg_point_id": 1160, "ele": 2253.60009765625, "time": "2025-03-17T19:49:49Z" }, "geometry": { "type": "Point", "coordinates": [ -99.160655066370964, 19.41768947057426 ] } },
{ "type": "Feature", "properties": { "track_fid": 0, "track_seg_id": 0, "track_seg_point_id": 1161, "ele": 2253.60009765625, "time": "2025-03-17T19:50:02Z" }, "geometry": { "type": "Point", "coordinates": [ -99.16064559482038, 19.417686788365245 ] } },
{ "type": "Feature", "properties": { "track_fid": 0, "track_seg_id": 0, "track_seg_point_id": 1162, "ele": 2253.60009765625, "time": "2025-03-17T19:50:12Z" }, "geometry": { "type": "Point", "coordinates": [ -99.160648779943585, 19.417690560221672 ] } },
{ "type": "Feature", "properties": { "track_fid": 0, "track_seg_id": 0, "track_seg_point_id": 1163, "ele": 2253.39990234375, "time": "2025-03-17T19:50:23Z" }, "geometry": { "type": "Point", "coordinates": [ -99.160645259544253, 19.417693661525846 ] } },
{ "type": "Feature", "properties": { "track_fid": 0, "track_seg_id": 0, "track_seg_point_id": 1164, "ele": 2253.199951171875, "time": "2025-03-17T19:50:32Z" }, "geometry": { "type": "Point", "coordinates": [ -99.160641320049763, 19.417699193581939 ] } },
{ "type": "Feature", "properties": { "track_fid": 0, "track_seg_id": 0, "track_seg_point_id": 1165, "ele": 2253.199951171875, "time": "2025-03-17T19:50:43Z" }, "geometry": { "type": "Point", "coordinates": [ -99.160629669204354, 19.417693661525846 ] } },
{ "type": "Feature", "properties": { "track_fid": 0, "track_seg_id": 0, "track_seg_point_id": 1166, "ele": 2253.199951171875, "time": "2025-03-17T19:50:55Z" }, "geometry": { "type": "Point", "coordinates": [ -99.16062799282372, 19.417682262137532 ] } },
{ "type": "Feature", "properties": { "track_fid": 0, "track_seg_id": 0, "track_seg_point_id": 1167, "ele": 2253.199951171875, "time": "2025-03-17T19:51:09Z" }, "geometry": { "type": "Point", "coordinates": [ -99.160620281472802, 19.417681088671088 ] } },
{ "type": "Feature", "properties": { "track_fid": 0, "track_seg_id": 0, "track_seg_point_id": 1168, "ele": 2253.0, "time": "2025-03-17T19:51:25Z" }, "geometry": { "type": "Point", "coordinates": [ -99.160628747195005, 19.417670359835029 ] } },
{ "type": "Feature", "properties": { "track_fid": 0, "track_seg_id": 0, "track_seg_point_id": 1169, "ele": 2252.800048828125, "time": "2025-03-17T19:51:40Z" }, "geometry": { "type": "Point", "coordinates": [ -99.16063872165978, 19.417667929083109 ] } },
{ "type": "Feature", "properties": { "track_fid": 0, "track_seg_id": 0, "track_seg_point_id": 1170, "ele": 2252.800048828125, "time": "2025-03-17T19:51:49Z" }, "geometry": { "type": "Point", "coordinates": [ -99.160640733316541, 19.417669773101807 ] } },
{ "type": "Feature", "properties": { "track_fid": 0, "track_seg_id": 0, "track_seg_point_id": 1171, "ele": 2253.0, "time": "2025-03-17T19:52:02Z" }, "geometry": { "type": "Point", "coordinates": [ -99.160648863762617, 19.417667090892792 ] } },
{ "type": "Feature", "properties": { "track_fid": 0, "track_seg_id": 0, "track_seg_point_id": 1172, "ele": 2253.199951171875, "time": "2025-03-17T19:52:12Z" }, "geometry": { "type": "Point", "coordinates": [ -99.160631932318211, 19.417658373713493 ] } },
{ "type": "Feature", "properties": { "track_fid": 0, "track_seg_id": 0, "track_seg_point_id": 1173, "ele": 2253.199951171875, "time": "2025-03-17T19:52:24Z" }, "geometry": { "type": "Point", "coordinates": [ -99.160636542364955, 19.417663821950555 ] } },
{ "type": "Feature", "properties": { "track_fid": 0, "track_seg_id": 0, "track_seg_point_id": 1174, "ele": 2253.0, "time": "2025-03-17T19:52:41Z" }, "geometry": { "type": "Point", "coordinates": [ -99.160638554021716, 19.417662061750889 ] } },
{ "type": "Feature", "properties": { "track_fid": 0, "track_seg_id": 0, "track_seg_point_id": 1175, "ele": 2253.0, "time": "2025-03-17T19:52:57Z" }, "geometry": { "type": "Point", "coordinates": [ -99.160646768286824, 19.417657954618335 ] } },
{ "type": "Feature", "properties": { "track_fid": 0, "track_seg_id": 0, "track_seg_point_id": 1176, "ele": 2253.199951171875, "time": "2025-03-17T19:53:07Z" }, "geometry": { "type": "Point", "coordinates": [ -99.160653557628393, 19.417643286287785 ] } },
{ "type": "Feature", "properties": { "track_fid": 0, "track_seg_id": 0, "track_seg_point_id": 1177, "ele": 2253.39990234375, "time": "2025-03-17T19:53:17Z" }, "geometry": { "type": "Point", "coordinates": [ -99.160656658932567, 19.417628534138203 ] } },
{ "type": "Feature", "properties": { "track_fid": 0, "track_seg_id": 0, "track_seg_point_id": 1178, "ele": 2253.39990234375, "time": "2025-03-17T19:53:27Z" }, "geometry": { "type": "Point", "coordinates": [ -99.160655485466123, 19.417617972940207 ] } },
{ "type": "Feature", "properties": { "track_fid": 0, "track_seg_id": 0, "track_seg_point_id": 1179, "ele": 2253.39990234375, "time": "2025-03-17T19:53:40Z" }, "geometry": { "type": "Point", "coordinates": [ -99.160638470202684, 19.417597353458405 ] } },
{ "type": "Feature", "properties": { "track_fid": 0, "track_seg_id": 0, "track_seg_point_id": 1180, "ele": 2253.60009765625, "time": "2025-03-17T19:53:55Z" }, "geometry": { "type": "Point", "coordinates": [ -99.160608295351267, 19.417594419792295 ] } },
{ "type": "Feature", "properties": { "track_fid": 0, "track_seg_id": 0, "track_seg_point_id": 1181, "ele": 2253.60009765625, "time": "2025-03-17T19:54:03Z" }, "geometry": { "type": "Point", "coordinates": [ -99.160599829629064, 19.417598191648722 ] } },
{ "type": "Feature", "properties": { "track_fid": 0, "track_seg_id": 0, "track_seg_point_id": 1182, "ele": 2253.39990234375, "time": "2025-03-17T19:54:18Z" }, "geometry": { "type": "Point", "coordinates": [ -99.16061726398766, 19.417605651542544 ] } },
{ "type": "Feature", "properties": { "track_fid": 0, "track_seg_id": 0, "track_seg_point_id": 1183, "ele": 2253.199951171875, "time": "2025-03-17T19:54:29Z" }, "geometry": { "type": "Point", "coordinates": [ -99.160620616748929, 19.417611351236701 ] } },
{ "type": "Feature", "properties": { "track_fid": 0, "track_seg_id": 0, "track_seg_point_id": 1184, "ele": 2253.0, "time": "2025-03-17T19:54:39Z" }, "geometry": { "type": "Point", "coordinates": [ -99.160617766901851, 19.417613362893462 ] } },
{ "type": "Feature", "properties": { "track_fid": 0, "track_seg_id": 0, "track_seg_point_id": 1185, "ele": 2253.0, "time": "2025-03-17T19:54:53Z" }, "geometry": { "type": "Point", "coordinates": [ -99.16062455624342, 19.41759517416358 ] } },
{ "type": "Feature", "properties": { "track_fid": 0, "track_seg_id": 0, "track_seg_point_id": 1186, "ele": 2252.800048828125, "time": "2025-03-17T19:55:03Z" }, "geometry": { "type": "Point", "coordinates": [ -99.160618772730231, 19.417600035667419 ] } },
{ "type": "Feature", "properties": { "track_fid": 0, "track_seg_id": 0, "track_seg_point_id": 1187, "ele": 2252.60009765625, "time": "2025-03-17T19:55:16Z" }, "geometry": { "type": "Point", "coordinates": [ -99.160621287301183, 19.417602969333529 ] } },
{ "type": "Feature", "properties": { "track_fid": 0, "track_seg_id": 0, "track_seg_point_id": 1188, "ele": 2252.199951171875, "time": "2025-03-17T19:55:32Z" }, "geometry": { "type": "Point", "coordinates": [ -99.160616677254438, 19.417618224397302 ] } },
{ "type": "Feature", "properties": { "track_fid": 0, "track_seg_id": 0, "track_seg_point_id": 1189, "ele": 2252.0, "time": "2025-03-17T19:55:48Z" }, "geometry": { "type": "Point", "coordinates": [ -99.16062455624342, 19.417619481682777 ] } },
{ "type": "Feature", "properties": { "track_fid": 0, "track_seg_id": 0, "track_seg_point_id": 1190, "ele": 2252.0, "time": "2025-03-17T19:56:03Z" }, "geometry": { "type": "Point", "coordinates": [ -99.160630591213703, 19.417622834444046 ] } },
{ "type": "Feature", "properties": { "track_fid": 0, "track_seg_id": 0, "track_seg_point_id": 1191, "ele": 2252.0, "time": "2025-03-17T19:56:12Z" }, "geometry": { "type": "Point", "coordinates": [ -99.160632854327559, 19.417621660977602 ] } },
{ "type": "Feature", "properties": { "track_fid": 0, "track_seg_id": 0, "track_seg_point_id": 1192, "ele": 2251.800048828125, "time": "2025-03-17T19:56:30Z" }, "geometry": { "type": "Point", "coordinates": [ -99.160647355020046, 19.417627528309822 ] } },
{ "type": "Feature", "properties": { "track_fid": 0, "track_seg_id": 0, "track_seg_point_id": 1193, "ele": 2251.800048828125, "time": "2025-03-17T19:56:41Z" }, "geometry": { "type": "Point", "coordinates": [ -99.160647774115205, 19.417634485289454 ] } },
{ "type": "Feature", "properties": { "track_fid": 0, "track_seg_id": 0, "track_seg_point_id": 1194, "ele": 2251.800048828125, "time": "2025-03-17T19:56:52Z" }, "geometry": { "type": "Point", "coordinates": [ -99.160637967288494, 19.417630042880774 ] } },
{ "type": "Feature", "properties": { "track_fid": 0, "track_seg_id": 0, "track_seg_point_id": 1195, "ele": 2252.0, "time": "2025-03-17T19:57:09Z" }, "geometry": { "type": "Point", "coordinates": [ -99.160633189603686, 19.417619397863746 ] } },
{ "type": "Feature", "properties": { "track_fid": 0, "track_seg_id": 0, "track_seg_point_id": 1196, "ele": 2252.0, "time": "2025-03-17T19:57:23Z" }, "geometry": { "type": "Point", "coordinates": [ -99.160624975338578, 19.417625097557902 ] } },
{ "type": "Feature", "properties": { "track_fid": 0, "track_seg_id": 0, "track_seg_point_id": 1197, "ele": 2252.0, "time": "2025-03-17T19:57:32Z" }, "geometry": { "type": "Point", "coordinates": [ -99.160622963681817, 19.417629288509488 ] } },
{ "type": "Feature", "properties": { "track_fid": 0, "track_seg_id": 0, "track_seg_point_id": 1198, "ele": 2251.800048828125, "time": "2025-03-17T19:57:45Z" }, "geometry": { "type": "Point", "coordinates": [ -99.160624137148261, 19.417628785595298 ] } },
{ "type": "Feature", "properties": { "track_fid": 0, "track_seg_id": 0, "track_seg_point_id": 1199, "ele": 2251.800048828125, "time": "2025-03-17T19:57:54Z" }, "geometry": { "type": "Point", "coordinates": [ -99.160624723881483, 19.417628198862076 ] } },
{ "type": "Feature", "properties": { "track_fid": 0, "track_seg_id": 0, "track_seg_point_id": 1200, "ele": 2251.60009765625, "time": "2025-03-17T19:58:15Z" }, "geometry": { "type": "Point", "coordinates": [ -99.160624723881483, 19.417615542188287 ] } },
{ "type": "Feature", "properties": { "track_fid": 0, "track_seg_id": 0, "track_seg_point_id": 1201, "ele": 2251.60009765625, "time": "2025-03-17T19:58:27Z" }, "geometry": { "type": "Point", "coordinates": [ -99.16062313131988, 19.417615123093128 ] } },
{ "type": "Feature", "properties": { "track_fid": 0, "track_seg_id": 0, "track_seg_point_id": 1202, "ele": 2251.199951171875, "time": "2025-03-17T19:58:38Z" }, "geometry": { "type": "Point", "coordinates": [ -99.160635368898511, 19.417614117264748 ] } },
{ "type": "Feature", "properties": { "track_fid": 0, "track_seg_id": 0, "track_seg_point_id": 1203, "ele": 2251.199951171875, "time": "2025-03-17T19:58:50Z" }, "geometry": { "type": "Point", "coordinates": [ -99.160666298121214, 19.417597018182278 ] } },
{ "type": "Feature", "properties": { "track_fid": 0, "track_seg_id": 0, "track_seg_point_id": 1204, "ele": 2251.0, "time": "2025-03-17T19:58:58Z" }, "geometry": { "type": "Point", "coordinates": [ -99.160651629790664, 19.417599616572261 ] } },
{ "type": "Feature", "properties": { "track_fid": 0, "track_seg_id": 0, "track_seg_point_id": 1205, "ele": 2250.60009765625, "time": "2025-03-17T19:59:09Z" }, "geometry": { "type": "Point", "coordinates": [ -99.160645762458444, 19.417592072859406 ] } },
{ "type": "Feature", "properties": { "track_fid": 0, "track_seg_id": 0, "track_seg_point_id": 1206, "ele": 2251.0, "time": "2025-03-17T19:59:25Z" }, "geometry": { "type": "Point", "coordinates": [ -99.16070175357163, 19.417548989877105 ] } },
{ "type": "Feature", "properties": { "track_fid": 0, "track_seg_id": 0, "track_seg_point_id": 1207, "ele": 2251.0, "time": "2025-03-17T19:59:34Z" }, "geometry": { "type": "Point", "coordinates": [ -99.160679960623384, 19.417568519711494 ] } },
{ "type": "Feature", "properties": { "track_fid": 0, "track_seg_id": 0, "track_seg_point_id": 1208, "ele": 2251.60009765625, "time": "2025-03-17T19:59:46Z" }, "geometry": { "type": "Point", "coordinates": [ -99.160650121048093, 19.417623169720173 ] } },
{ "type": "Feature", "properties": { "track_fid": 0, "track_seg_id": 0, "track_seg_point_id": 1209, "ele": 2252.39990234375, "time": "2025-03-17T19:59:54Z" }, "geometry": { "type": "Point", "coordinates": [ -99.160654563456774, 19.417656781151891 ] } },
{ "type": "Feature", "properties": { "track_fid": 0, "track_seg_id": 0, "track_seg_point_id": 1210, "ele": 2252.39990234375, "time": "2025-03-17T20:00:02Z" }, "geometry": { "type": "Point", "coordinates": [ -99.160653725266457, 19.417672958225012 ] } },
{ "type": "Feature", "properties": { "track_fid": 0, "track_seg_id": 0, "track_seg_point_id": 1211, "ele": 2253.0, "time": "2025-03-17T20:00:10Z" }, "geometry": { "type": "Point", "coordinates": [ -99.16065925732255, 19.417691398411989 ] } },
{ "type": "Feature", "properties": { "track_fid": 0, "track_seg_id": 0, "track_seg_point_id": 1212, "ele": 2253.199951171875, "time": "2025-03-17T20:00:19Z" }, "geometry": { "type": "Point", "coordinates": [ -99.160702088847756, 19.417730793356895 ] } },
{ "type": "Feature", "properties": { "track_fid": 0, "track_seg_id": 0, "track_seg_point_id": 1213, "ele": 2253.0, "time": "2025-03-17T20:00:29Z" }, "geometry": { "type": "Point", "coordinates": [ -99.160763695836067, 19.417819892987609 ] } },
{ "type": "Feature", "properties": { "track_fid": 0, "track_seg_id": 0, "track_seg_point_id": 1214, "ele": 2253.39990234375, "time": "2025-03-17T20:00:39Z" }, "geometry": { "type": "Point", "coordinates": [ -99.160755733028054, 19.417883930727839 ] } },
{ "type": "Feature", "properties": { "track_fid": 0, "track_seg_id": 0, "track_seg_point_id": 1215, "ele": 2253.39990234375, "time": "2025-03-17T20:00:50Z" }, "geometry": { "type": "Point", "coordinates": [ -99.160750452429056, 19.417893569916487 ] } },
{ "type": "Feature", "properties": { "track_fid": 0, "track_seg_id": 0, "track_seg_point_id": 1216, "ele": 2253.39990234375, "time": "2025-03-17T20:01:05Z" }, "geometry": { "type": "Point", "coordinates": [ -99.160679122433066, 19.417955260723829 ] } },
{ "type": "Feature", "properties": { "track_fid": 0, "track_seg_id": 0, "track_seg_point_id": 1217, "ele": 2253.199951171875, "time": "2025-03-17T20:01:16Z" }, "geometry": { "type": "Point", "coordinates": [ -99.160620449110866, 19.417995493859053 ] } },
{ "type": "Feature", "properties": { "track_fid": 0, "track_seg_id": 0, "track_seg_point_id": 1218, "ele": 2252.800048828125, "time": "2025-03-17T20:01:26Z" }, "geometry": { "type": "Point", "coordinates": [ -99.160623550415039, 19.417983340099454 ] } },
{ "type": "Feature", "properties": { "track_fid": 0, "track_seg_id": 0, "track_seg_point_id": 1219, "ele": 2252.60009765625, "time": "2025-03-17T20:01:34Z" }, "geometry": { "type": "Point", "coordinates": [ -99.160622293129563, 19.417980741709471 ] } },
{ "type": "Feature", "properties": { "track_fid": 0, "track_seg_id": 0, "track_seg_point_id": 1220, "ele": 2252.60009765625, "time": "2025-03-17T20:01:50Z" }, "geometry": { "type": "Point", "coordinates": [ -99.160628328099847, 19.41797143779695 ] } },
{ "type": "Feature", "properties": { "track_fid": 0, "track_seg_id": 0, "track_seg_point_id": 1221, "ele": 2252.60009765625, "time": "2025-03-17T20:02:00Z" }, "geometry": { "type": "Point", "coordinates": [ -99.160628160461783, 19.417967246845365 ] } },
{ "type": "Feature", "properties": { "track_fid": 0, "track_seg_id": 0, "track_seg_point_id": 1222, "ele": 2252.800048828125, "time": "2025-03-17T20:02:13Z" }, "geometry": { "type": "Point", "coordinates": [ -99.160628076642752, 19.417964983731508 ] } },
{ "type": "Feature", "properties": { "track_fid": 0, "track_seg_id": 0, "track_seg_point_id": 1223, "ele": 2253.0, "time": "2025-03-17T20:02:27Z" }, "geometry": { "type": "Point", "coordinates": [ -99.160618521273136, 19.417964061722159 ] } },
{ "type": "Feature", "properties": { "track_fid": 0, "track_seg_id": 0, "track_seg_point_id": 1224, "ele": 2253.0, "time": "2025-03-17T20:02:38Z" }, "geometry": { "type": "Point", "coordinates": [ -99.160622544586658, 19.417966660112143 ] } },
{ "type": "Feature", "properties": { "track_fid": 0, "track_seg_id": 0, "track_seg_point_id": 1225, "ele": 2252.60009765625, "time": "2025-03-17T20:02:48Z" }, "geometry": { "type": "Point", "coordinates": [ -99.160614833235741, 19.417960373684764 ] } },
{ "type": "Feature", "properties": { "track_fid": 0, "track_seg_id": 0, "track_seg_point_id": 1226, "ele": 2252.0, "time": "2025-03-17T20:02:58Z" }, "geometry": { "type": "Point", "coordinates": [ -99.160619275644422, 19.417968755587935 ] } },
{ "type": "Feature", "properties": { "track_fid": 0, "track_seg_id": 0, "track_seg_point_id": 1227, "ele": 2251.800048828125, "time": "2025-03-17T20:03:10Z" }, "geometry": { "type": "Point", "coordinates": [ -99.160607540979981, 19.41798459738493 ] } },
{ "type": "Feature", "properties": { "track_fid": 0, "track_seg_id": 0, "track_seg_point_id": 1228, "ele": 2251.60009765625, "time": "2025-03-17T20:03:14Z" }, "geometry": { "type": "Point", "coordinates": [ -99.160560937598348, 19.41798317246139 ] } },
{ "type": "Feature", "properties": { "track_fid": 0, "track_seg_id": 0, "track_seg_point_id": 1229, "ele": 2250.800048828125, "time": "2025-03-17T20:03:19Z" }, "geometry": { "type": "Point", "coordinates": [ -99.160486422479153, 19.418075876310468 ] } },
{ "type": "Feature", "properties": { "track_fid": 0, "track_seg_id": 0, "track_seg_point_id": 1230, "ele": 2251.199951171875, "time": "2025-03-17T20:03:22Z" }, "geometry": { "type": "Point", "coordinates": [ -99.160465551540256, 19.418161874637008 ] } },
{ "type": "Feature", "properties": { "track_fid": 0, "track_seg_id": 0, "track_seg_point_id": 1231, "ele": 2251.199951171875, "time": "2025-03-17T20:03:24Z" }, "geometry": { "type": "Point", "coordinates": [ -99.160431437194347, 19.418173357844353 ] } },
{ "type": "Feature", "properties": { "track_fid": 0, "track_seg_id": 0, "track_seg_point_id": 1232, "ele": 2252.199951171875, "time": "2025-03-17T20:03:29Z" }, "geometry": { "type": "Point", "coordinates": [ -99.160336973145604, 19.418220296502113 ] } },
{ "type": "Feature", "properties": { "track_fid": 0, "track_seg_id": 0, "track_seg_point_id": 1233, "ele": 2252.60009765625, "time": "2025-03-17T20:03:30Z" }, "geometry": { "type": "Point", "coordinates": [ -99.160312162712216, 19.418221721425653 ] } },
{ "type": "Feature", "properties": { "track_fid": 0, "track_seg_id": 0, "track_seg_point_id": 1234, "ele": 2253.60009765625, "time": "2025-03-17T20:03:33Z" }, "geometry": { "type": "Point", "coordinates": [ -99.160246616229415, 19.418243849650025 ] } },
{ "type": "Feature", "properties": { "track_fid": 0, "track_seg_id": 0, "track_seg_point_id": 1235, "ele": 2258.60009765625, "time": "2025-03-17T20:03:40Z" }, "geometry": { "type": "Point", "coordinates": [ -99.160105381160975, 19.418308474123478 ] } },
{ "type": "Feature", "properties": { "track_fid": 0, "track_seg_id": 0, "track_seg_point_id": 1236, "ele": 2266.800048828125, "time": "2025-03-17T20:03:48Z" }, "geometry": { "type": "Point", "coordinates": [ -99.159872950986028, 19.418329764157534 ] } },
{ "type": "Feature", "properties": { "track_fid": 0, "track_seg_id": 0, "track_seg_point_id": 1237, "ele": 2272.39990234375, "time": "2025-03-17T20:03:54Z" }, "geometry": { "type": "Point", "coordinates": [ -99.159749820828438, 19.418366057798266 ] } },
{ "type": "Feature", "properties": { "track_fid": 0, "track_seg_id": 0, "track_seg_point_id": 1238, "ele": 2275.800048828125, "time": "2025-03-17T20:03:58Z" }, "geometry": { "type": "Point", "coordinates": [ -99.15966734290123, 19.418406374752522 ] } },
{ "type": "Feature", "properties": { "track_fid": 0, "track_seg_id": 0, "track_seg_point_id": 1239, "ele": 2277.39990234375, "time": "2025-03-17T20:04:00Z" }, "geometry": { "type": "Point", "coordinates": [ -99.159625265747309, 19.418422132730484 ] } },
{ "type": "Feature", "properties": { "track_fid": 0, "track_seg_id": 0, "track_seg_point_id": 1240, "ele": 2280.39990234375, "time": "2025-03-17T20:04:05Z" }, "geometry": { "type": "Point", "coordinates": [ -99.159510685130954, 19.418462365865707 ] } },
{ "type": "Feature", "properties": { "track_fid": 0, "track_seg_id": 0, "track_seg_point_id": 1241, "ele": 2277.0, "time": "2025-03-17T20:04:13Z" }, "geometry": { "type": "Point", "coordinates": [ -99.159176917746663, 19.418509555980563 ] } },
{ "type": "Feature", "properties": { "track_fid": 0, "track_seg_id": 0, "track_seg_point_id": 1242, "ele": 2276.199951171875, "time": "2025-03-17T20:04:17Z" }, "geometry": { "type": "Point", "coordinates": [ -99.159035431221128, 19.418528331443667 ] } },
{ "type": "Feature", "properties": { "track_fid": 0, "track_seg_id": 0, "track_seg_point_id": 1243, "ele": 2275.800048828125, "time": "2025-03-17T20:04:19Z" }, "geometry": { "type": "Point", "coordinates": [ -99.159002490341663, 19.418539395555854 ] } },
{ "type": "Feature", "properties": { "track_fid": 0, "track_seg_id": 0, "track_seg_point_id": 1244, "ele": 2274.39990234375, "time": "2025-03-17T20:04:21Z" }, "geometry": { "type": "Point", "coordinates": [ -99.158982038497925, 19.418535456061363 ] } },
{ "type": "Feature", "properties": { "track_fid": 0, "track_seg_id": 0, "track_seg_point_id": 1245, "ele": 2273.60009765625, "time": "2025-03-17T20:04:23Z" }, "geometry": { "type": "Point", "coordinates": [ -99.158979691565037, 19.418534450232983 ] } },
{ "type": "Feature", "properties": { "track_fid": 0, "track_seg_id": 0, "track_seg_point_id": 1246, "ele": 2273.199951171875, "time": "2025-03-17T20:04:27Z" }, "geometry": { "type": "Point", "coordinates": [ -99.158971393480897, 19.418535623699427 ] } },
{ "type": "Feature", "properties": { "track_fid": 0, "track_seg_id": 0, "track_seg_point_id": 1247, "ele": 2273.0, "time": "2025-03-17T20:04:38Z" }, "geometry": { "type": "Point", "coordinates": [ -99.158955467864871, 19.418528331443667 ] } },
{ "type": "Feature", "properties": { "track_fid": 0, "track_seg_id": 0, "track_seg_point_id": 1248, "ele": 2272.800048828125, "time": "2025-03-17T20:04:50Z" }, "geometry": { "type": "Point", "coordinates": [ -99.158950690180063, 19.418522799387574 ] } },
{ "type": "Feature", "properties": { "track_fid": 0, "track_seg_id": 0, "track_seg_point_id": 1249, "ele": 2273.60009765625, "time": "2025-03-17T20:05:04Z" }, "geometry": { "type": "Point", "coordinates": [ -99.15889092721045, 19.418547190725803 ] } },
{ "type": "Feature", "properties": { "track_fid": 0, "track_seg_id": 0, "track_seg_point_id": 1250, "ele": 2274.800048828125, "time": "2025-03-17T20:05:10Z" }, "geometry": { "type": "Point", "coordinates": [ -99.158741980791092, 19.418596643954515 ] } },
{ "type": "Feature", "properties": { "track_fid": 0, "track_seg_id": 0, "track_seg_point_id": 1251, "ele": 2276.199951171875, "time": "2025-03-17T20:05:16Z" }, "geometry": { "type": "Point", "coordinates": [ -99.158588172867894, 19.418599996715784 ] } },
{ "type": "Feature", "properties": { "track_fid": 0, "track_seg_id": 0, "track_seg_point_id": 1252, "ele": 2275.60009765625, "time": "2025-03-17T20:05:20Z" }, "geometry": { "type": "Point", "coordinates": [ -99.158487841486931, 19.418604774400592 ] } },
{ "type": "Feature", "properties": { "track_fid": 0, "track_seg_id": 0, "track_seg_point_id": 1253, "ele": 2274.39990234375, "time": "2025-03-17T20:05:21Z" }, "geometry": { "type": "Point", "coordinates": [ -99.158461689949036, 19.41859639249742 ] } },
{ "type": "Feature", "properties": { "track_fid": 0, "track_seg_id": 0, "track_seg_point_id": 1254, "ele": 2267.39990234375, "time": "2025-03-17T20:05:27Z" }, "geometry": { "type": "Point", "coordinates": [ -99.158276366069913, 19.418641570955515 ] } },
{ "type": "Feature", "properties": { "track_fid": 0, "track_seg_id": 0, "track_seg_point_id": 1255, "ele": 2262.60009765625, "time": "2025-03-17T20:05:33Z" }, "geometry": { "type": "Point", "coordinates": [ -99.158097328618169, 19.418645678088069 ] } },
{ "type": "Feature", "properties": { "track_fid": 0, "track_seg_id": 0, "track_seg_point_id": 1256, "ele": 2261.60009765625, "time": "2025-03-17T20:05:40Z" }, "geometry": { "type": "Point", "coordinates": [ -99.157936060801148, 19.418691275641322 ] } },
{ "type": "Feature", "properties": { "track_fid": 0, "track_seg_id": 0, "track_seg_point_id": 1257, "ele": 2259.39990234375, "time": "2025-03-17T20:05:46Z" }, "geometry": { "type": "Point", "coordinates": [ -99.157743193209171, 19.418736035004258 ] } },
{ "type": "Feature", "properties": { "track_fid": 0, "track_seg_id": 0, "track_seg_point_id": 1258, "ele": 2260.0, "time": "2025-03-17T20:05:52Z" }, "geometry": { "type": "Point", "coordinates": [ -99.157506739720702, 19.418764617294073 ] } },
{ "type": "Feature", "properties": { "track_fid": 0, "track_seg_id": 0, "track_seg_point_id": 1259, "ele": 2258.60009765625, "time": "2025-03-17T20:05:58Z" }, "geometry": { "type": "Point", "coordinates": [ -99.157326947897673, 19.418754391372204 ] } },
{ "type": "Feature", "properties": { "track_fid": 0, "track_seg_id": 0, "track_seg_point_id": 1260, "ele": 2260.39990234375, "time": "2025-03-17T20:06:03Z" }, "geometry": { "type": "Point", "coordinates": [ -99.157215636223555, 19.41876545548439 ] } },
{ "type": "Feature", "properties": { "track_fid": 0, "track_seg_id": 0, "track_seg_point_id": 1261, "ele": 2263.39990234375, "time": "2025-03-17T20:06:08Z" }, "geometry": { "type": "Point", "coordinates": [ -99.157092673704028, 19.418811891227961 ] } },
{ "type": "Feature", "properties": { "track_fid": 0, "track_seg_id": 0, "track_seg_point_id": 1262, "ele": 2270.39990234375, "time": "2025-03-17T20:06:15Z" }, "geometry": { "type": "Point", "coordinates": [ -99.156919252127409, 19.418895877897739 ] } },
{ "type": "Feature", "properties": { "track_fid": 0, "track_seg_id": 0, "track_seg_point_id": 1263, "ele": 2277.800048828125, "time": "2025-03-17T20:06:20Z" }, "geometry": { "type": "Point", "coordinates": [ -99.156856723129749, 19.418953880667686 ] } },
{ "type": "Feature", "properties": { "track_fid": 0, "track_seg_id": 0, "track_seg_point_id": 1264, "ele": 2280.0, "time": "2025-03-17T20:06:22Z" }, "geometry": { "type": "Point", "coordinates": [ -99.156832583248615, 19.41897994838655 ] } },
{ "type": "Feature", "properties": { "track_fid": 0, "track_seg_id": 0, "track_seg_point_id": 1265, "ele": 2283.39990234375, "time": "2025-03-17T20:06:26Z" }, "geometry": { "type": "Point", "coordinates": [ -99.156737197190523, 19.419025462120771 ] } },
{ "type": "Feature", "properties": { "track_fid": 0, "track_seg_id": 0, "track_seg_point_id": 1266, "ele": 2280.800048828125, "time": "2025-03-17T20:06:30Z" }, "geometry": { "type": "Point", "coordinates": [ -99.156554220244288, 19.418990844860673 ] } },
{ "type": "Feature", "properties": { "track_fid": 0, "track_seg_id": 0, "track_seg_point_id": 1267, "ele": 2276.800048828125, "time": "2025-03-17T20:06:32Z" }, "geometry": { "type": "Point", "coordinates": [ -99.156451290473342, 19.418968129903078 ] } },
{ "type": "Feature", "properties": { "track_fid": 0, "track_seg_id": 0, "track_seg_point_id": 1268, "ele": 2272.800048828125, "time": "2025-03-17T20:06:34Z" }, "geometry": { "type": "Point", "coordinates": [ -99.156372584402561, 19.418945163488388 ] } },
{ "type": "Feature", "properties": { "track_fid": 0, "track_seg_id": 0, "track_seg_point_id": 1269, "ele": 2270.39990234375, "time": "2025-03-17T20:06:36Z" }, "geometry": { "type": "Point", "coordinates": [ -99.156318688765168, 19.418945498764515 ] } },
{ "type": "Feature", "properties": { "track_fid": 0, "track_seg_id": 0, "track_seg_point_id": 1270, "ele": 2267.60009765625, "time": "2025-03-17T20:06:42Z" }, "geometry": { "type": "Point", "coordinates": [ -99.156253645196557, 19.418952958658338 ] } },
{ "type": "Feature", "properties": { "track_fid": 0, "track_seg_id": 0, "track_seg_point_id": 1271, "ele": 2260.800048828125, "time": "2025-03-17T20:06:53Z" }, "geometry": { "type": "Point", "coordinates": [ -99.156134454533458, 19.418913647532463 ] } },
{ "type": "Feature", "properties": { "track_fid": 0, "track_seg_id": 0, "track_seg_point_id": 1272, "ele": 2261.800048828125, "time": "2025-03-17T20:07:00Z" }, "geometry": { "type": "Point", "coordinates": [ -99.15602657943964, 19.418984977528453 ] } },
{ "type": "Feature", "properties": { "track_fid": 0, "track_seg_id": 0, "track_seg_point_id": 1273, "ele": 2262.39990234375, "time": "2025-03-17T20:07:01Z" }, "geometry": { "type": "Point", "coordinates": [ -99.15600654669106, 19.41899067722261 ] } },
{ "type": "Feature", "properties": { "track_fid": 0, "track_seg_id": 0, "track_seg_point_id": 1274, "ele": 2262.60009765625, "time": "2025-03-17T20:07:02Z" }, "geometry": { "type": "Point", "coordinates": [ -99.15598995052278, 19.41898925229907 ] } },
{ "type": "Feature", "properties": { "track_fid": 0, "track_seg_id": 0, "track_seg_point_id": 1275, "ele": 2264.0, "time": "2025-03-17T20:07:05Z" }, "geometry": { "type": "Point", "coordinates": [ -99.155932785943151, 19.418932255357504 ] } },
{ "type": "Feature", "properties": { "track_fid": 0, "track_seg_id": 0, "track_seg_point_id": 1276, "ele": 2265.800048828125, "time": "2025-03-17T20:07:11Z" }, "geometry": { "type": "Point", "coordinates": [ -99.155842429026961, 19.418795881792903 ] } },
{ "type": "Feature", "properties": { "track_fid": 0, "track_seg_id": 0, "track_seg_point_id": 1277, "ele": 2263.199951171875, "time": "2025-03-17T20:07:17Z" }, "geometry": { "type": "Point", "coordinates": [ -99.155747797340155, 19.418618185445666 ] } },
{ "type": "Feature", "properties": { "track_fid": 0, "track_seg_id": 0, "track_seg_point_id": 1278, "ele": 2260.800048828125, "time": "2025-03-17T20:07:24Z" }, "geometry": { "type": "Point", "coordinates": [ -99.155681161209941, 19.418417941778898 ] } },
{ "type": "Feature", "properties": { "track_fid": 0, "track_seg_id": 0, "track_seg_point_id": 1279, "ele": 2259.800048828125, "time": "2025-03-17T20:07:29Z" }, "geometry": { "type": "Point", "coordinates": [ -99.155660960823298, 19.418284418061376 ] } },
{ "type": "Feature", "properties": { "track_fid": 0, "track_seg_id": 0, "track_seg_point_id": 1280, "ele": 2257.60009765625, "time": "2025-03-17T20:07:36Z" }, "geometry": { "type": "Point", "coordinates": [ -99.155600778758526, 19.41812876611948 ] } },
{ "type": "Feature", "properties": { "track_fid": 0, "track_seg_id": 0, "track_seg_point_id": 1281, "ele": 2256.39990234375, "time": "2025-03-17T20:07:42Z" }, "geometry": { "type": "Point", "coordinates": [ -99.155562557280064, 19.418010581284761 ] } },
{ "type": "Feature", "properties": { "track_fid": 0, "track_seg_id": 0, "track_seg_point_id": 1282, "ele": 2253.199951171875, "time": "2025-03-17T20:07:49Z" }, "geometry": { "type": "Point", "coordinates": [ -99.155516540631652, 19.417793657630682 ] } },
{ "type": "Feature", "properties": { "track_fid": 0, "track_seg_id": 0, "track_seg_point_id": 1283, "ele": 2250.800048828125, "time": "2025-03-17T20:07:52Z" }, "geometry": { "type": "Point", "coordinates": [ -99.155576387420297, 19.417699528858066 ] } },
{ "type": "Feature", "properties": { "track_fid": 0, "track_seg_id": 0, "track_seg_point_id": 1284, "ele": 2251.0, "time": "2025-03-17T20:07:53Z" }, "geometry": { "type": "Point", "coordinates": [ -99.155597928911448, 19.417687458917499 ] } },
{ "type": "Feature", "properties": { "track_fid": 0, "track_seg_id": 0, "track_seg_point_id": 1285, "ele": 2252.60009765625, "time": "2025-03-17T20:08:01Z" }, "geometry": { "type": "Point", "coordinates": [ -99.155803788453341, 19.417613362893462 ] } },
{ "type": "Feature", "properties": { "track_fid": 0, "track_seg_id": 0, "track_seg_point_id": 1286, "ele": 2254.0, "time": "2025-03-17T20:08:06Z" }, "geometry": { "type": "Point", "coordinates": [ -99.155887020751834, 19.417545553296804 ] } },
{ "type": "Feature", "properties": { "track_fid": 0, "track_seg_id": 0, "track_seg_point_id": 1287, "ele": 2252.800048828125, "time": "2025-03-17T20:08:13Z" }, "geometry": { "type": "Point", "coordinates": [ -99.156089695170522, 19.417490987107158 ] } },
{ "type": "Feature", "properties": { "track_fid": 0, "track_seg_id": 0, "track_seg_point_id": 1288, "ele": 2249.800048828125, "time": "2025-03-17T20:08:21Z" }, "geometry": { "type": "Point", "coordinates": [ -99.156287172809243, 19.41747447475791 ] } },
{ "type": "Feature", "properties": { "track_fid": 0, "track_seg_id": 0, "track_seg_point_id": 1289, "ele": 2251.800048828125, "time": "2025-03-17T20:08:28Z" }, "geometry": { "type": "Point", "coordinates": [ -99.156406363472342, 19.417426865547895 ] } },
{ "type": "Feature", "properties": { "track_fid": 0, "track_seg_id": 0, "track_seg_point_id": 1290, "ele": 2252.39990234375, "time": "2025-03-17T20:08:29Z" }, "geometry": { "type": "Point", "coordinates": [ -99.156416757032275, 19.41742368042469 ] } },
{ "type": "Feature", "properties": { "track_fid": 0, "track_seg_id": 0, "track_seg_point_id": 1291, "ele": 2252.60009765625, "time": "2025-03-17T20:08:30Z" }, "geometry": { "type": "Point", "coordinates": [ -99.156423797830939, 19.417416471987963 ] } },
{ "type": "Feature", "properties": { "track_fid": 0, "track_seg_id": 0, "track_seg_point_id": 1292, "ele": 2253.800048828125, "time": "2025-03-17T20:08:34Z" }, "geometry": { "type": "Point", "coordinates": [ -99.156467132270336, 19.417404485866427 ] } },
{ "type": "Feature", "properties": { "track_fid": 0, "track_seg_id": 0, "track_seg_point_id": 1293, "ele": 2258.39990234375, "time": "2025-03-17T20:08:44Z" }, "geometry": { "type": "Point", "coordinates": [ -99.156541228294373, 19.417396271601319 ] } },
{ "type": "Feature", "properties": { "track_fid": 0, "track_seg_id": 0, "track_seg_point_id": 1294, "ele": 2258.199951171875, "time": "2025-03-17T20:08:54Z" }, "geometry": { "type": "Point", "coordinates": [ -99.156620856374502, 19.417402977123857 ] } },
{ "type": "Feature", "properties": { "track_fid": 0, "track_seg_id": 0, "track_seg_point_id": 1295, "ele": 2259.0, "time": "2025-03-17T20:09:03Z" }, "geometry": { "type": "Point", "coordinates": [ -99.156681038439274, 19.417397361248732 ] } },
{ "type": "Feature", "properties": { "track_fid": 0, "track_seg_id": 0, "track_seg_point_id": 1296, "ele": 2259.199951171875, "time": "2025-03-17T20:09:05Z" }, "geometry": { "type": "Point", "coordinates": [ -99.156700568273664, 19.417390739545226 ] } },
{ "type": "Feature", "properties": { "track_fid": 0, "track_seg_id": 0, "track_seg_point_id": 1297, "ele": 2259.39990234375, "time": "2025-03-17T20:09:15Z" }, "geometry": { "type": "Point", "coordinates": [ -99.156733341515064, 19.417361738160253 ] } },
{ "type": "Feature", "properties": { "track_fid": 0, "track_seg_id": 0, "track_seg_point_id": 1298, "ele": 2259.0, "time": "2025-03-17T20:09:26Z" }, "geometry": { "type": "Point", "coordinates": [ -99.156748093664646, 19.417356289923191 ] } },
{ "type": "Feature", "properties": { "track_fid": 0, "track_seg_id": 0, "track_seg_point_id": 1299, "ele": 2258.800048828125, "time": "2025-03-17T20:09:36Z" }, "geometry": { "type": "Point", "coordinates": [ -99.156764438375831, 19.417359391227365 ] } },
{ "type": "Feature", "properties": { "track_fid": 0, "track_seg_id": 0, "track_seg_point_id": 1300, "ele": 2258.0, "time": "2025-03-17T20:09:46Z" }, "geometry": { "type": "Point", "coordinates": [ -99.156789164990187, 19.417360397055745 ] } },
{ "type": "Feature", "properties": { "track_fid": 0, "track_seg_id": 0, "track_seg_point_id": 1301, "ele": 2258.0, "time": "2025-03-17T20:09:54Z" }, "geometry": { "type": "Point", "coordinates": [ -99.156789248809218, 19.417359894141555 ] } },
{ "type": "Feature", "properties": { "track_fid": 0, "track_seg_id": 0, "track_seg_point_id": 1302, "ele": 2257.800048828125, "time": "2025-03-17T20:10:10Z" }, "geometry": { "type": "Point", "coordinates": [ -99.156775670126081, 19.41737238317728 ] } },
{ "type": "Feature", "properties": { "track_fid": 0, "track_seg_id": 0, "track_seg_point_id": 1303, "ele": 2257.800048828125, "time": "2025-03-17T20:10:20Z" }, "geometry": { "type": "Point", "coordinates": [ -99.156776759773493, 19.417369868606329 ] } },
{ "type": "Feature", "properties": { "track_fid": 0, "track_seg_id": 0, "track_seg_point_id": 1304, "ele": 2257.800048828125, "time": "2025-03-17T20:10:37Z" }, "geometry": { "type": "Point", "coordinates": [ -99.15677173063159, 19.417384034022689 ] } },
{ "type": "Feature", "properties": { "track_fid": 0, "track_seg_id": 0, "track_seg_point_id": 1305, "ele": 2258.0, "time": "2025-03-17T20:10:44Z" }, "geometry": { "type": "Point", "coordinates": [ -99.15677223354578, 19.417385123670101 ] } },
{ "type": "Feature", "properties": { "track_fid": 0, "track_seg_id": 0, "track_seg_point_id": 1306, "ele": 2258.0, "time": "2025-03-17T20:10:56Z" }, "geometry": { "type": "Point", "coordinates": [ -99.15677173063159, 19.417388727888465 ] } },
{ "type": "Feature", "properties": { "track_fid": 0, "track_seg_id": 0, "track_seg_point_id": 1307, "ele": 2258.199951171875, "time": "2025-03-17T20:11:07Z" }, "geometry": { "type": "Point", "coordinates": [ -99.156770473346114, 19.417387638241053 ] } },
{ "type": "Feature", "properties": { "track_fid": 0, "track_seg_id": 0, "track_seg_point_id": 1308, "ele": 2258.60009765625, "time": "2025-03-17T20:11:21Z" }, "geometry": { "type": "Point", "coordinates": [ -99.156758990138769, 19.417361319065094 ] } },
{ "type": "Feature", "properties": { "track_fid": 0, "track_seg_id": 0, "track_seg_point_id": 1309, "ele": 2258.39990234375, "time": "2025-03-17T20:11:30Z" }, "geometry": { "type": "Point", "coordinates": [ -99.156758654862642, 19.417362324893475 ] } },
{ "type": "Feature", "properties": { "track_fid": 0, "track_seg_id": 0, "track_seg_point_id": 1310, "ele": 2258.60009765625, "time": "2025-03-17T20:11:38Z" }, "geometry": { "type": "Point", "coordinates": [ -99.156756643205881, 19.417361989617348 ] } },
{ "type": "Feature", "properties": { "track_fid": 0, "track_seg_id": 0, "track_seg_point_id": 1311, "ele": 2258.60009765625, "time": "2025-03-17T20:11:50Z" }, "geometry": { "type": "Point", "coordinates": [ -99.15675169788301, 19.417377160862088 ] } },
{ "type": "Feature", "properties": { "track_fid": 0, "track_seg_id": 0, "track_seg_point_id": 1312, "ele": 2258.60009765625, "time": "2025-03-17T20:11:56Z" }, "geometry": { "type": "Point", "coordinates": [ -99.156755050644279, 19.417373389005661 ] } },
{ "type": "Feature", "properties": { "track_fid": 0, "track_seg_id": 0, "track_seg_point_id": 1313, "ele": 2258.60009765625, "time": "2025-03-17T20:12:04Z" }, "geometry": { "type": "Point", "coordinates": [ -99.156765528023243, 19.417366934940219 ] } },
{ "type": "Feature", "properties": { "track_fid": 0, "track_seg_id": 0, "track_seg_point_id": 1314, "ele": 2258.39990234375, "time": "2025-03-17T20:12:11Z" }, "geometry": { "type": "Point", "coordinates": [ -99.156776424497366, 19.417373472824693 ] } },
{ "type": "Feature", "properties": { "track_fid": 0, "track_seg_id": 0, "track_seg_point_id": 1315, "ele": 2258.39990234375, "time": "2025-03-17T20:12:24Z" }, "geometry": { "type": "Point", "coordinates": [ -99.156768629327416, 19.417374562472105 ] } },
{ "type": "Feature", "properties": { "track_fid": 0, "track_seg_id": 0, "track_seg_point_id": 1316, "ele": 2258.199951171875, "time": "2025-03-17T20:12:34Z" }, "geometry": { "type": "Point", "coordinates": [ -99.156764438375831, 19.417385123670101 ] } },
{ "type": "Feature", "properties": { "track_fid": 0, "track_seg_id": 0, "track_seg_point_id": 1317, "ele": 2258.199951171875, "time": "2025-03-17T20:12:43Z" }, "geometry": { "type": "Point", "coordinates": [ -99.15676636621356, 19.417390991002321 ] } },
{ "type": "Feature", "properties": { "track_fid": 0, "track_seg_id": 0, "track_seg_point_id": 1318, "ele": 2258.800048828125, "time": "2025-03-17T20:12:48Z" }, "geometry": { "type": "Point", "coordinates": [ -99.156752033159137, 19.417389817535877 ] } },
{ "type": "Feature", "properties": { "track_fid": 0, "track_seg_id": 0, "track_seg_point_id": 1319, "ele": 2258.800048828125, "time": "2025-03-17T20:12:57Z" }, "geometry": { "type": "Point", "coordinates": [ -99.156744237989187, 19.417375987395644 ] } },
{ "type": "Feature", "properties": { "track_fid": 0, "track_seg_id": 0, "track_seg_point_id": 1320, "ele": 2258.800048828125, "time": "2025-03-17T20:13:08Z" }, "geometry": { "type": "Point", "coordinates": [ -99.156733090057969, 19.417373221367598 ] } },
{ "type": "Feature", "properties": { "track_fid": 0, "track_seg_id": 0, "track_seg_point_id": 1321, "ele": 2258.800048828125, "time": "2025-03-17T20:13:19Z" }, "geometry": { "type": "Point", "coordinates": [ -99.156726133078337, 19.417387135326862 ] } },
{ "type": "Feature", "properties": { "track_fid": 0, "track_seg_id": 0, "track_seg_point_id": 1322, "ele": 2258.800048828125, "time": "2025-03-17T20:13:30Z" }, "geometry": { "type": "Point", "coordinates": [ -99.156724121421576, 19.417398031800985 ] } },
{ "type": "Feature", "properties": { "track_fid": 0, "track_seg_id": 0, "track_seg_point_id": 1323, "ele": 2258.60009765625, "time": "2025-03-17T20:13:39Z" }, "geometry": { "type": "Point", "coordinates": [ -99.156729066744447, 19.417394259944558 ] } },
{ "type": "Feature", "properties": { "track_fid": 0, "track_seg_id": 0, "track_seg_point_id": 1324, "ele": 2258.800048828125, "time": "2025-03-17T20:13:51Z" }, "geometry": { "type": "Point", "coordinates": [ -99.156725043430924, 19.417398367077112 ] } },
{ "type": "Feature", "properties": { "track_fid": 0, "track_seg_id": 0, "track_seg_point_id": 1325, "ele": 2258.800048828125, "time": "2025-03-17T20:14:04Z" }, "geometry": { "type": "Point", "coordinates": [ -99.156718840822577, 19.417402055114508 ] } },
{ "type": "Feature", "properties": { "track_fid": 0, "track_seg_id": 0, "track_seg_point_id": 1326, "ele": 2258.800048828125, "time": "2025-03-17T20:14:25Z" }, "geometry": { "type": "Point", "coordinates": [ -99.156696628779173, 19.417410185560584 ] } },
{ "type": "Feature", "properties": { "track_fid": 0, "track_seg_id": 0, "track_seg_point_id": 1327, "ele": 2258.60009765625, "time": "2025-03-17T20:14:38Z" }, "geometry": { "type": "Point", "coordinates": [ -99.156684391200542, 19.417395265772939 ] } },
{ "type": "Feature", "properties": { "track_fid": 0, "track_seg_id": 0, "track_seg_point_id": 1328, "ele": 2258.800048828125, "time": "2025-03-17T20:14:48Z" }, "geometry": { "type": "Point", "coordinates": [ -99.156681541353464, 19.417400546371937 ] } },
{ "type": "Feature", "properties": { "track_fid": 0, "track_seg_id": 0, "track_seg_point_id": 1329, "ele": 2258.800048828125, "time": "2025-03-17T20:14:59Z" }, "geometry": { "type": "Point", "coordinates": [ -99.156690761446953, 19.417400881648064 ] } },
{ "type": "Feature", "properties": { "track_fid": 0, "track_seg_id": 0, "track_seg_point_id": 1330, "ele": 2259.0, "time": "2025-03-17T20:15:08Z" }, "geometry": { "type": "Point", "coordinates": [ -99.156696544960141, 19.417402725666761 ] } },
{ "type": "Feature", "properties": { "track_fid": 0, "track_seg_id": 0, "track_seg_point_id": 1331, "ele": 2259.39990234375, "time": "2025-03-17T20:15:27Z" }, "geometry": { "type": "Point", "coordinates": [ -99.156700316816568, 19.417403899133205 ] } },
{ "type": "Feature", "properties": { "track_fid": 0, "track_seg_id": 0, "track_seg_point_id": 1332, "ele": 2259.39990234375, "time": "2025-03-17T20:15:40Z" }, "geometry": { "type": "Point", "coordinates": [ -99.156700316816568, 19.417403480038047 ] } },
{ "type": "Feature", "properties": { "track_fid": 0, "track_seg_id": 0, "track_seg_point_id": 1333, "ele": 2259.39990234375, "time": "2025-03-17T20:15:55Z" }, "geometry": { "type": "Point", "coordinates": [ -99.156699059531093, 19.417406246066093 ] } },
{ "type": "Feature", "properties": { "track_fid": 0, "track_seg_id": 0, "track_seg_point_id": 1334, "ele": 2259.39990234375, "time": "2025-03-17T20:16:08Z" }, "geometry": { "type": "Point", "coordinates": [ -99.156675254926085, 19.417407922446728 ] } },
{ "type": "Feature", "properties": { "track_fid": 0, "track_seg_id": 0, "track_seg_point_id": 1335, "ele": 2259.39990234375, "time": "2025-03-17T20:16:19Z" }, "geometry": { "type": "Point", "coordinates": [ -99.156674835830927, 19.417409347370267 ] } },
{ "type": "Feature", "properties": { "track_fid": 0, "track_seg_id": 0, "track_seg_point_id": 1336, "ele": 2259.39990234375, "time": "2025-03-17T20:16:29Z" }, "geometry": { "type": "Point", "coordinates": [ -99.156674081459641, 19.417410353198647 ] } },
{ "type": "Feature", "properties": { "track_fid": 0, "track_seg_id": 0, "track_seg_point_id": 1337, "ele": 2259.60009765625, "time": "2025-03-17T20:16:43Z" }, "geometry": { "type": "Point", "coordinates": [ -99.156678272411227, 19.417417645454407 ] } },
{ "type": "Feature", "properties": { "track_fid": 0, "track_seg_id": 0, "track_seg_point_id": 1338, "ele": 2259.60009765625, "time": "2025-03-17T20:16:54Z" }, "geometry": { "type": "Point", "coordinates": [ -99.156675254926085, 19.417416723445058 ] } },
{ "type": "Feature", "properties": { "track_fid": 0, "track_seg_id": 0, "track_seg_point_id": 1339, "ele": 2259.60009765625, "time": "2025-03-17T20:17:04Z" }, "geometry": { "type": "Point", "coordinates": [ -99.15667693130672, 19.417412197217345 ] } },
{ "type": "Feature", "properties": { "track_fid": 0, "track_seg_id": 0, "track_seg_point_id": 1340, "ele": 2259.60009765625, "time": "2025-03-17T20:17:15Z" }, "geometry": { "type": "Point", "coordinates": [ -99.156675674021244, 19.417412197217345 ] } },
{ "type": "Feature", "properties": { "track_fid": 0, "track_seg_id": 0, "track_seg_point_id": 1341, "ele": 2259.60009765625, "time": "2025-03-17T20:17:27Z" }, "geometry": { "type": "Point", "coordinates": [ -99.156675757840276, 19.417425021529198 ] } },
{ "type": "Feature", "properties": { "track_fid": 0, "track_seg_id": 0, "track_seg_point_id": 1342, "ele": 2259.800048828125, "time": "2025-03-17T20:17:40Z" }, "geometry": { "type": "Point", "coordinates": [ -99.156681625172496, 19.417428793385625 ] } },
{ "type": "Feature", "properties": { "track_fid": 0, "track_seg_id": 0, "track_seg_point_id": 1343, "ele": 2259.800048828125, "time": "2025-03-17T20:17:52Z" }, "geometry": { "type": "Point", "coordinates": [ -99.156678523868322, 19.417427955195308 ] } },
{ "type": "Feature", "properties": { "track_fid": 0, "track_seg_id": 0, "track_seg_point_id": 1344, "ele": 2259.800048828125, "time": "2025-03-17T20:18:02Z" }, "geometry": { "type": "Point", "coordinates": [ -99.156673578545451, 19.417419154196978 ] } },
{ "type": "Feature", "properties": { "track_fid": 0, "track_seg_id": 0, "track_seg_point_id": 1345, "ele": 2260.0, "time": "2025-03-17T20:18:13Z" }, "geometry": { "type": "Point", "coordinates": [ -99.156665531918406, 19.417413789778948 ] } },
{ "type": "Feature", "properties": { "track_fid": 0, "track_seg_id": 0, "track_seg_point_id": 1346, "ele": 2260.0, "time": "2025-03-17T20:18:26Z" }, "geometry": { "type": "Point", "coordinates": [ -99.156667795032263, 19.417415969073772 ] } },
{ "type": "Feature", "properties": { "track_fid": 0, "track_seg_id": 0, "track_seg_point_id": 1347, "ele": 2260.199951171875, "time": "2025-03-17T20:18:40Z" }, "geometry": { "type": "Point", "coordinates": [ -99.156668381765485, 19.417409095913172 ] } },
{ "type": "Feature", "properties": { "track_fid": 0, "track_seg_id": 0, "track_seg_point_id": 1348, "ele": 2260.199951171875, "time": "2025-03-17T20:18:52Z" }, "geometry": { "type": "Point", "coordinates": [ -99.156666956841946, 19.417406832799315 ] } },
{ "type": "Feature", "properties": { "track_fid": 0, "track_seg_id": 0, "track_seg_point_id": 1349, "ele": 2260.0, "time": "2025-03-17T20:19:02Z" }, "geometry": { "type": "Point", "coordinates": [ -99.156665531918406, 19.417404234409332 ] } },
{ "type": "Feature", "properties": { "track_fid": 0, "track_seg_id": 0, "track_seg_point_id": 1350, "ele": 2260.0, "time": "2025-03-17T20:19:13Z" }, "geometry": { "type": "Point", "coordinates": [ -99.156658491119742, 19.41740557551384 ] } },
{ "type": "Feature", "properties": { "track_fid": 0, "track_seg_id": 0, "track_seg_point_id": 1351, "ele": 2260.199951171875, "time": "2025-03-17T20:19:24Z" }, "geometry": { "type": "Point", "coordinates": [ -99.156666034832597, 19.417400127276778 ] } },
{ "type": "Feature", "properties": { "track_fid": 0, "track_seg_id": 0, "track_seg_point_id": 1352, "ele": 2260.199951171875, "time": "2025-03-17T20:19:36Z" }, "geometry": { "type": "Point", "coordinates": [ -99.156671734526753, 19.41739778034389 ] } },
{ "type": "Feature", "properties": { "track_fid": 0, "track_seg_id": 0, "track_seg_point_id": 1353, "ele": 2260.60009765625, "time": "2025-03-17T20:19:51Z" }, "geometry": { "type": "Point", "coordinates": [ -99.156672488898039, 19.417396690696478 ] } },
{ "type": "Feature", "properties": { "track_fid": 0, "track_seg_id": 0, "track_seg_point_id": 1354, "ele": 2260.39990234375, "time": "2025-03-17T20:20:06Z" }, "geometry": { "type": "Point", "coordinates": [ -99.15666813030839, 19.417389985173941 ] } },
{ "type": "Feature", "properties": { "track_fid": 0, "track_seg_id": 0, "track_seg_point_id": 1355, "ele": 2260.39990234375, "time": "2025-03-17T20:20:20Z" }, "geometry": { "type": "Point", "coordinates": [ -99.15666569955647, 19.417385626584291 ] } },
{ "type": "Feature", "properties": { "track_fid": 0, "track_seg_id": 0, "track_seg_point_id": 1356, "ele": 2260.60009765625, "time": "2025-03-17T20:20:30Z" }, "geometry": { "type": "Point", "coordinates": [ -99.156662933528423, 19.417392583563924 ] } },
{ "type": "Feature", "properties": { "track_fid": 0, "track_seg_id": 0, "track_seg_point_id": 1357, "ele": 2260.60009765625, "time": "2025-03-17T20:20:45Z" }, "geometry": { "type": "Point", "coordinates": [ -99.156661676242948, 19.417405826970935 ] } },
{ "type": "Feature", "properties": { "track_fid": 0, "track_seg_id": 0, "track_seg_point_id": 1358, "ele": 2260.60009765625, "time": "2025-03-17T20:20:55Z" }, "geometry": { "type": "Point", "coordinates": [ -99.156664190813899, 19.417403396219015 ] } },
{ "type": "Feature", "properties": { "track_fid": 0, "track_seg_id": 0, "track_seg_point_id": 1359, "ele": 2260.60009765625, "time": "2025-03-17T20:21:07Z" }, "geometry": { "type": "Point", "coordinates": [ -99.156666286289692, 19.417401636019349 ] } },
{ "type": "Feature", "properties": { "track_fid": 0, "track_seg_id": 0, "track_seg_point_id": 1360, "ele": 2260.800048828125, "time": "2025-03-17T20:21:19Z" }, "geometry": { "type": "Point", "coordinates": [ -99.156666370108724, 19.417405994608998 ] } },
{ "type": "Feature", "properties": { "track_fid": 0, "track_seg_id": 0, "track_seg_point_id": 1361, "ele": 2261.0, "time": "2025-03-17T20:21:28Z" }, "geometry": { "type": "Point", "coordinates": [ -99.156669387593865, 19.417406748980284 ] } },
{ "type": "Feature", "properties": { "track_fid": 0, "track_seg_id": 0, "track_seg_point_id": 1362, "ele": 2261.0, "time": "2025-03-17T20:21:39Z" }, "geometry": { "type": "Point", "coordinates": [ -99.156672824174166, 19.417412951588631 ] } },
{ "type": "Feature", "properties": { "track_fid": 0, "track_seg_id": 0, "track_seg_point_id": 1363, "ele": 2261.0, "time": "2025-03-17T20:21:47Z" }, "geometry": { "type": "Point", "coordinates": [ -99.156679026782513, 19.417413957417011 ] } },
{ "type": "Feature", "properties": { "track_fid": 0, "track_seg_id": 0, "track_seg_point_id": 1364, "ele": 2260.800048828125, "time": "2025-03-17T20:21:57Z" }, "geometry": { "type": "Point", "coordinates": [ -99.156684977933764, 19.417419992387295 ] } },
{ "type": "Feature", "properties": { "track_fid": 0, "track_seg_id": 0, "track_seg_point_id": 1365, "ele": 2261.0, "time": "2025-03-17T20:22:08Z" }, "geometry": { "type": "Point", "coordinates": [ -99.156688917428255, 19.417426278814673 ] } },
{ "type": "Feature", "properties": { "track_fid": 0, "track_seg_id": 0, "track_seg_point_id": 1366, "ele": 2260.800048828125, "time": "2025-03-17T20:22:18Z" }, "geometry": { "type": "Point", "coordinates": [ -99.156688582152128, 19.417440360412002 ] } },
{ "type": "Feature", "properties": { "track_fid": 0, "track_seg_id": 0, "track_seg_point_id": 1367, "ele": 2261.0, "time": "2025-03-17T20:22:27Z" }, "geometry": { "type": "Point", "coordinates": [ -99.156688246876001, 19.417448239400983 ] } },
{ "type": "Feature", "properties": { "track_fid": 0, "track_seg_id": 0, "track_seg_point_id": 1368, "ele": 2261.0, "time": "2025-03-17T20:22:42Z" }, "geometry": { "type": "Point", "coordinates": [ -99.156693862751126, 19.417449329048395 ] } },
{ "type": "Feature", "properties": { "track_fid": 0, "track_seg_id": 0, "track_seg_point_id": 1369, "ele": 2261.0, "time": "2025-03-17T20:22:57Z" }, "geometry": { "type": "Point", "coordinates": [ -99.156702496111393, 19.417448742315173 ] } },
{ "type": "Feature", "properties": { "track_fid": 0, "track_seg_id": 0, "track_seg_point_id": 1370, "ele": 2260.800048828125, "time": "2025-03-17T20:23:11Z" }, "geometry": { "type": "Point", "coordinates": [ -99.156695287674665, 19.417443377897143 ] } },
{ "type": "Feature", "properties": { "track_fid": 0, "track_seg_id": 0, "track_seg_point_id": 1371, "ele": 2260.60009765625, "time": "2025-03-17T20:23:26Z" }, "geometry": { "type": "Point", "coordinates": [ -99.156672321259975, 19.417442539706826 ] } },
{ "type": "Feature", "properties": { "track_fid": 0, "track_seg_id": 0, "track_seg_point_id": 1372, "ele": 2260.60009765625, "time": "2025-03-17T20:23:40Z" }, "geometry": { "type": "Point", "coordinates": [ -99.156669052317739, 19.417445138096809 ] } },
{ "type": "Feature", "properties": { "track_fid": 0, "track_seg_id": 0, "track_seg_point_id": 1373, "ele": 2260.60009765625, "time": "2025-03-17T20:23:50Z" }, "geometry": { "type": "Point", "coordinates": [ -99.156668297946453, 19.417441617697477 ] } },
{ "type": "Feature", "properties": { "track_fid": 0, "track_seg_id": 0, "track_seg_point_id": 1374, "ele": 2260.60009765625, "time": "2025-03-17T20:24:04Z" }, "geometry": { "type": "Point", "coordinates": [ -99.156660586595535, 19.417438097298145 ] } },
{ "type": "Feature", "properties": { "track_fid": 0, "track_seg_id": 0, "track_seg_point_id": 1375, "ele": 2260.800048828125, "time": "2025-03-17T20:24:16Z" }, "geometry": { "type": "Point", "coordinates": [ -99.156654048711061, 19.417427536100149 ] } },
{ "type": "Feature", "properties": { "track_fid": 0, "track_seg_id": 0, "track_seg_point_id": 1376, "ele": 2260.60009765625, "time": "2025-03-17T20:24:27Z" }, "geometry": { "type": "Point", "coordinates": [ -99.156667627394199, 19.417420327663422 ] } },
{ "type": "Feature", "properties": { "track_fid": 0, "track_seg_id": 0, "track_seg_point_id": 1377, "ele": 2260.199951171875, "time": "2025-03-17T20:24:38Z" }, "geometry": { "type": "Point", "coordinates": [ -99.15665396489203, 19.41740314476192 ] } },
{ "type": "Feature", "properties": { "track_fid": 0, "track_seg_id": 0, "track_seg_point_id": 1378, "ele": 2260.0, "time": "2025-03-17T20:24:47Z" }, "geometry": { "type": "Point", "coordinates": [ -99.156659496948123, 19.417408341541886 ] } },
{ "type": "Feature", "properties": { "track_fid": 0, "track_seg_id": 0, "track_seg_point_id": 1379, "ele": 2260.0, "time": "2025-03-17T20:24:58Z" }, "geometry": { "type": "Point", "coordinates": [ -99.156665867194533, 19.417408425360918 ] } },
{ "type": "Feature", "properties": { "track_fid": 0, "track_seg_id": 0, "track_seg_point_id": 1380, "ele": 2260.0, "time": "2025-03-17T20:25:09Z" }, "geometry": { "type": "Point", "coordinates": [ -99.156669219955802, 19.417418651282787 ] } },
{ "type": "Feature", "properties": { "track_fid": 0, "track_seg_id": 0, "track_seg_point_id": 1381, "ele": 2260.0, "time": "2025-03-17T20:25:18Z" }, "geometry": { "type": "Point", "coordinates": [ -99.156665951013565, 19.417421668767929 ] } },
{ "type": "Feature", "properties": { "track_fid": 0, "track_seg_id": 0, "track_seg_point_id": 1382, "ele": 2260.0, "time": "2025-03-17T20:25:31Z" }, "geometry": { "type": "Point", "coordinates": [ -99.156661257147789, 19.417429128661752 ] } },
{ "type": "Feature", "properties": { "track_fid": 0, "track_seg_id": 0, "track_seg_point_id": 1383, "ele": 2260.199951171875, "time": "2025-03-17T20:25:42Z" }, "geometry": { "type": "Point", "coordinates": [ -99.156663687899709, 19.417434241622686 ] } },
{ "type": "Feature", "properties": { "track_fid": 0, "track_seg_id": 0, "track_seg_point_id": 1384, "ele": 2260.39990234375, "time": "2025-03-17T20:25:51Z" }, "geometry": { "type": "Point", "coordinates": [ -99.156664945185184, 19.417430972680449 ] } },
{ "type": "Feature", "properties": { "track_fid": 0, "track_seg_id": 0, "track_seg_point_id": 1385, "ele": 2260.199951171875, "time": "2025-03-17T20:26:06Z" }, "geometry": { "type": "Point", "coordinates": [ -99.156664023175836, 19.417428625747561 ] } },
{ "type": "Feature", "properties": { "track_fid": 0, "track_seg_id": 0, "track_seg_point_id": 1386, "ele": 2260.0, "time": "2025-03-17T20:26:17Z" }, "geometry": { "type": "Point", "coordinates": [ -99.156674165278673, 19.417419238016009 ] } },
{ "type": "Feature", "properties": { "track_fid": 0, "track_seg_id": 0, "track_seg_point_id": 1387, "ele": 2259.800048828125, "time": "2025-03-17T20:26:29Z" }, "geometry": { "type": "Point", "coordinates": [ -99.156673243269324, 19.417420830577612 ] } },
{ "type": "Feature", "properties": { "track_fid": 0, "track_seg_id": 0, "track_seg_point_id": 1388, "ele": 2259.60009765625, "time": "2025-03-17T20:26:41Z" }, "geometry": { "type": "Point", "coordinates": [ -99.156673578545451, 19.417425775900483 ] } },
{ "type": "Feature", "properties": { "track_fid": 0, "track_seg_id": 0, "track_seg_point_id": 1389, "ele": 2259.39990234375, "time": "2025-03-17T20:26:52Z" }, "geometry": { "type": "Point", "coordinates": [ -99.156686151400208, 19.417430050671101 ] } },
{ "type": "Feature", "properties": { "track_fid": 0, "track_seg_id": 0, "track_seg_point_id": 1390, "ele": 2259.39990234375, "time": "2025-03-17T20:27:03Z" }, "geometry": { "type": "Point", "coordinates": [ -99.156695120036602, 19.417437929660082 ] } },
{ "type": "Feature", "properties": { "track_fid": 0, "track_seg_id": 0, "track_seg_point_id": 1391, "ele": 2259.199951171875, "time": "2025-03-17T20:27:17Z" }, "geometry": { "type": "Point", "coordinates": [ -99.156698975712061, 19.417439522221684 ] } },
{ "type": "Feature", "properties": { "track_fid": 0, "track_seg_id": 0, "track_seg_point_id": 1392, "ele": 2259.39990234375, "time": "2025-03-17T20:27:31Z" }, "geometry": { "type": "Point", "coordinates": [ -99.156694198027253, 19.417452346533537 ] } },
{ "type": "Feature", "properties": { "track_fid": 0, "track_seg_id": 0, "track_seg_point_id": 1393, "ele": 2259.199951171875, "time": "2025-03-17T20:27:42Z" }, "geometry": { "type": "Point", "coordinates": [ -99.156702160835266, 19.417452430352569 ] } },
{ "type": "Feature", "properties": { "track_fid": 0, "track_seg_id": 0, "track_seg_point_id": 1394, "ele": 2259.199951171875, "time": "2025-03-17T20:27:52Z" }, "geometry": { "type": "Point", "coordinates": [ -99.156697634607553, 19.417448742315173 ] } },
{ "type": "Feature", "properties": { "track_fid": 0, "track_seg_id": 0, "track_seg_point_id": 1395, "ele": 2259.39990234375, "time": "2025-03-17T20:28:04Z" }, "geometry": { "type": "Point", "coordinates": [ -99.156695622950792, 19.417445221915841 ] } },
{ "type": "Feature", "properties": { "track_fid": 0, "track_seg_id": 0, "track_seg_point_id": 1396, "ele": 2259.0, "time": "2025-03-17T20:28:14Z" }, "geometry": { "type": "Point", "coordinates": [ -99.156692270189524, 19.417445054277778 ] } },
{ "type": "Feature", "properties": { "track_fid": 0, "track_seg_id": 0, "track_seg_point_id": 1397, "ele": 2259.0, "time": "2025-03-17T20:28:25Z" }, "geometry": { "type": "Point", "coordinates": [ -99.156694952398539, 19.417431643232703 ] } },
{ "type": "Feature", "properties": { "track_fid": 0, "track_seg_id": 0, "track_seg_point_id": 1398, "ele": 2259.199951171875, "time": "2025-03-17T20:28:35Z" }, "geometry": { "type": "Point", "coordinates": [ -99.15669989772141, 19.417430385947227 ] } },
{ "type": "Feature", "properties": { "track_fid": 0, "track_seg_id": 0, "track_seg_point_id": 1399, "ele": 2259.199951171875, "time": "2025-03-17T20:28:47Z" }, "geometry": { "type": "Point", "coordinates": [ -99.156703585758805, 19.417435331270099 ] } },
{ "type": "Feature", "properties": { "track_fid": 0, "track_seg_id": 0, "track_seg_point_id": 1400, "ele": 2258.800048828125, "time": "2025-03-17T20:29:00Z" }, "geometry": { "type": "Point", "coordinates": [ -99.156711464747787, 19.41744128242135 ] } },
{ "type": "Feature", "properties": { "track_fid": 0, "track_seg_id": 0, "track_seg_point_id": 1401, "ele": 2258.800048828125, "time": "2025-03-17T20:29:11Z" }, "geometry": { "type": "Point", "coordinates": [ -99.15671163238585, 19.41744027659297 ] } },
{ "type": "Feature", "properties": { "track_fid": 0, "track_seg_id": 0, "track_seg_point_id": 1402, "ele": 2258.800048828125, "time": "2025-03-17T20:29:22Z" }, "geometry": { "type": "Point", "coordinates": [ -99.156715571880341, 19.417436085641384 ] } },
{ "type": "Feature", "properties": { "track_fid": 0, "track_seg_id": 0, "track_seg_point_id": 1403, "ele": 2258.60009765625, "time": "2025-03-17T20:29:32Z" }, "geometry": { "type": "Point", "coordinates": [ -99.156720684841275, 19.417428793385625 ] } },
{ "type": "Feature", "properties": { "track_fid": 0, "track_seg_id": 0, "track_seg_point_id": 1404, "ele": 2258.39990234375, "time": "2025-03-17T20:29:42Z" }, "geometry": { "type": "Point", "coordinates": [ -99.156718589365482, 19.417433571070433 ] } },
{ "type": "Feature", "properties": { "track_fid": 0, "track_seg_id": 0, "track_seg_point_id": 1405, "ele": 2258.39990234375, "time": "2025-03-17T20:29:56Z" }, "geometry": { "type": "Point", "coordinates": [ -99.156719343736768, 19.417437678202987 ] } },
{ "type": "Feature", "properties": { "track_fid": 0, "track_seg_id": 0, "track_seg_point_id": 1406, "ele": 2258.60009765625, "time": "2025-03-17T20:30:09Z" }, "geometry": { "type": "Point", "coordinates": [ -99.156722277402878, 19.417451927438378 ] } },
{ "type": "Feature", "properties": { "track_fid": 0, "track_seg_id": 0, "track_seg_point_id": 1407, "ele": 2258.60009765625, "time": "2025-03-17T20:30:19Z" }, "geometry": { "type": "Point", "coordinates": [ -99.156718170270324, 19.417449831962585 ] } },
{ "type": "Feature", "properties": { "track_fid": 0, "track_seg_id": 0, "track_seg_point_id": 1408, "ele": 2258.60009765625, "time": "2025-03-17T20:30:28Z" }, "geometry": { "type": "Point", "coordinates": [ -99.156727893278003, 19.417448826134205 ] } },
{ "type": "Feature", "properties": { "track_fid": 0, "track_seg_id": 0, "track_seg_point_id": 1409, "ele": 2258.60009765625, "time": "2025-03-17T20:30:41Z" }, "geometry": { "type": "Point", "coordinates": [ -99.156717583537102, 19.41744857467711 ] } },
{ "type": "Feature", "properties": { "track_fid": 0, "track_seg_id": 0, "track_seg_point_id": 1410, "ele": 2258.60009765625, "time": "2025-03-17T20:30:55Z" }, "geometry": { "type": "Point", "coordinates": [ -99.156693695113063, 19.417452681809664 ] } },
{ "type": "Feature", "properties": { "track_fid": 0, "track_seg_id": 0, "track_seg_point_id": 1411, "ele": 2258.60009765625, "time": "2025-03-17T20:31:08Z" }, "geometry": { "type": "Point", "coordinates": [ -99.156688582152128, 19.417447065934539 ] } },
{ "type": "Feature", "properties": { "track_fid": 0, "track_seg_id": 0, "track_seg_point_id": 1412, "ele": 2258.39990234375, "time": "2025-03-17T20:31:19Z" }, "geometry": { "type": "Point", "coordinates": [ -99.156689336523414, 19.417449496686459 ] } },
{ "type": "Feature", "properties": { "track_fid": 0, "track_seg_id": 0, "track_seg_point_id": 1413, "ele": 2258.39990234375, "time": "2025-03-17T20:31:34Z" }, "geometry": { "type": "Point", "coordinates": [ -99.156706687062979, 19.417424853891134 ] } },
{ "type": "Feature", "properties": { "track_fid": 0, "track_seg_id": 0, "track_seg_point_id": 1414, "ele": 2258.39990234375, "time": "2025-03-17T20:31:45Z" }, "geometry": { "type": "Point", "coordinates": [ -99.156704675406218, 19.417423261329532 ] } },
{ "type": "Feature", "properties": { "track_fid": 0, "track_seg_id": 0, "track_seg_point_id": 1415, "ele": 2258.199951171875, "time": "2025-03-17T20:31:56Z" }, "geometry": { "type": "Point", "coordinates": [ -99.156712470576167, 19.417433319613338 ] } },
{ "type": "Feature", "properties": { "track_fid": 0, "track_seg_id": 0, "track_seg_point_id": 1416, "ele": 2257.800048828125, "time": "2025-03-17T20:32:07Z" }, "geometry": { "type": "Point", "coordinates": [ -99.15676536038518, 19.41740364767611 ] } },
{ "type": "Feature", "properties": { "track_fid": 0, "track_seg_id": 0, "track_seg_point_id": 1417, "ele": 2257.800048828125, "time": "2025-03-17T20:32:13Z" }, "geometry": { "type": "Point", "coordinates": [ -99.156768042594194, 19.417399121448398 ] } },
{ "type": "Feature", "properties": { "track_fid": 0, "track_seg_id": 0, "track_seg_point_id": 1418, "ele": 2257.60009765625, "time": "2025-03-17T20:32:23Z" }, "geometry": { "type": "Point", "coordinates": [ -99.156764522194862, 19.417391493916512 ] } },
{ "type": "Feature", "properties": { "track_fid": 0, "track_seg_id": 0, "track_seg_point_id": 1419, "ele": 2258.800048828125, "time": "2025-03-17T20:32:34Z" }, "geometry": { "type": "Point", "coordinates": [ -99.156823363155127, 19.417373891919851 ] } },
{ "type": "Feature", "properties": { "track_fid": 0, "track_seg_id": 0, "track_seg_point_id": 1420, "ele": 2259.199951171875, "time": "2025-03-17T20:32:39Z" }, "geometry": { "type": "Point", "coordinates": [ -99.156844820827246, 19.417363163083792 ] } },
{ "type": "Feature", "properties": { "track_fid": 0, "track_seg_id": 0, "track_seg_point_id": 1421, "ele": 2259.0, "time": "2025-03-17T20:32:48Z" }, "geometry": { "type": "Point", "coordinates": [ -99.156853621825576, 19.417381687089801 ] } },
{ "type": "Feature", "properties": { "track_fid": 0, "track_seg_id": 0, "track_seg_point_id": 1422, "ele": 2259.39990234375, "time": "2025-03-17T20:32:57Z" }, "geometry": { "type": "Point", "coordinates": [ -99.156931489706039, 19.417451927438378 ] } },
{ "type": "Feature", "properties": { "track_fid": 0, "track_seg_id": 0, "track_seg_point_id": 1423, "ele": 2259.800048828125, "time": "2025-03-17T20:32:58Z" }, "geometry": { "type": "Point", "coordinates": [ -99.156944984570146, 19.417467098683119 ] } },
{ "type": "Feature", "properties": { "track_fid": 0, "track_seg_id": 0, "track_seg_point_id": 1424, "ele": 2257.0, "time": "2025-03-17T20:33:03Z" }, "geometry": { "type": "Point", "coordinates": [ -99.157019918784499, 19.41760154440999 ] } },
{ "type": "Feature", "properties": { "track_fid": 0, "track_seg_id": 0, "track_seg_point_id": 1425, "ele": 2257.39990234375, "time": "2025-03-17T20:33:10Z" }, "geometry": { "type": "Point", "coordinates": [ -99.157090662047267, 19.417785024270415 ] } },
{ "type": "Feature", "properties": { "track_fid": 0, "track_seg_id": 0, "track_seg_point_id": 1426, "ele": 2259.199951171875, "time": "2025-03-17T20:33:15Z" }, "geometry": { "type": "Point", "coordinates": [ -99.157147156074643, 19.417912345379591 ] } },
{ "type": "Feature", "properties": { "track_fid": 0, "track_seg_id": 0, "track_seg_point_id": 1427, "ele": 2264.39990234375, "time": "2025-03-17T20:33:24Z" }, "geometry": { "type": "Point", "coordinates": [ -99.157199542969465, 19.418132118880749 ] } },
{ "type": "Feature", "properties": { "track_fid": 0, "track_seg_id": 0, "track_seg_point_id": 1428, "ele": 2265.0, "time": "2025-03-17T20:33:26Z" }, "geometry": { "type": "Point", "coordinates": [ -99.157194597646594, 19.418162880465388 ] } },
{ "type": "Feature", "properties": { "track_fid": 0, "track_seg_id": 0, "track_seg_point_id": 1429, "ele": 2266.60009765625, "time": "2025-03-17T20:33:28Z" }, "geometry": { "type": "Point", "coordinates": [ -99.157186383381486, 19.418174866586924 ] } },
{ "type": "Feature", "properties": { "track_fid": 0, "track_seg_id": 0, "track_seg_point_id": 1430, "ele": 2267.39990234375, "time": "2025-03-17T20:33:31Z" }, "geometry": { "type": "Point", "coordinates": [ -99.157181521877646, 19.418203281238675 ] } },
{ "type": "Feature", "properties": { "track_fid": 0, "track_seg_id": 0, "track_seg_point_id": 1431, "ele": 2267.60009765625, "time": "2025-03-17T20:33:37Z" }, "geometry": { "type": "Point", "coordinates": [ -99.157175570726395, 19.41821526736021 ] } },
{ "type": "Feature", "properties": { "track_fid": 0, "track_seg_id": 0, "track_seg_point_id": 1432, "ele": 2267.60009765625, "time": "2025-03-17T20:33:50Z" }, "geometry": { "type": "Point", "coordinates": [ -99.157168278470635, 19.418219290673733 ] } },
{ "type": "Feature", "properties": { "track_fid": 0, "track_seg_id": 0, "track_seg_point_id": 1433, "ele": 2267.60009765625, "time": "2025-03-17T20:34:05Z" }, "geometry": { "type": "Point", "coordinates": [ -99.157159142196178, 19.418222056701779 ] } },
{ "type": "Feature", "properties": { "track_fid": 0, "track_seg_id": 0, "track_seg_point_id": 1434, "ele": 2268.60009765625, "time": "2025-03-17T20:34:14Z" }, "geometry": { "type": "Point", "coordinates": [ -99.157192585989833, 19.418325824663043 ] } },
{ "type": "Feature", "properties": { "track_fid": 0, "track_seg_id": 0, "track_seg_point_id": 1435, "ele": 2269.0, "time": "2025-03-17T20:34:16Z" }, "geometry": { "type": "Point", "coordinates": [ -99.157211529091001, 19.418367817997932 ] } },
{ "type": "Feature", "properties": { "track_fid": 0, "track_seg_id": 0, "track_seg_point_id": 1436, "ele": 2266.800048828125, "time": "2025-03-17T20:34:20Z" }, "geometry": { "type": "Point", "coordinates": [ -99.157278081402183, 19.41850352101028 ] } },
{ "type": "Feature", "properties": { "track_fid": 0, "track_seg_id": 0, "track_seg_point_id": 1437, "ele": 2262.0, "time": "2025-03-17T20:34:26Z" }, "geometry": { "type": "Point", "coordinates": [ -99.157342119142413, 19.418658586218953 ] } },
{ "type": "Feature", "properties": { "track_fid": 0, "track_seg_id": 0, "track_seg_point_id": 1438, "ele": 2255.0, "time": "2025-03-17T20:34:33Z" }, "geometry": { "type": "Point", "coordinates": [ -99.157463992014527, 19.418812729418278 ] } },
{ "type": "Feature", "properties": { "track_fid": 0, "track_seg_id": 0, "track_seg_point_id": 1439, "ele": 2249.60009765625, "time": "2025-03-17T20:34:39Z" }, "geometry": { "type": "Point", "coordinates": [ -99.157651998102665, 19.418815663084388 ] } },
{ "type": "Feature", "properties": { "track_fid": 0, "track_seg_id": 0, "track_seg_point_id": 1440, "ele": 2248.199951171875, "time": "2025-03-17T20:34:46Z" }, "geometry": { "type": "Point", "coordinates": [ -99.157836986705661, 19.418775597587228 ] } },
{ "type": "Feature", "properties": { "track_fid": 0, "track_seg_id": 0, "track_seg_point_id": 1441, "ele": 2250.199951171875, "time": "2025-03-17T20:34:52Z" }, "geometry": { "type": "Point", "coordinates": [ -99.157964223995805, 19.418717678636312 ] } },
{ "type": "Feature", "properties": { "track_fid": 0, "track_seg_id": 0, "track_seg_point_id": 1442, "ele": 2250.0, "time": "2025-03-17T20:34:57Z" }, "geometry": { "type": "Point", "coordinates": [ -99.15808467194438, 19.418702675029635 ] } },
{ "type": "Feature", "properties": { "track_fid": 0, "track_seg_id": 0, "track_seg_point_id": 1443, "ele": 2254.199951171875, "time": "2025-03-17T20:35:03Z" }, "geometry": { "type": "Point", "coordinates": [ -99.158239150419831, 19.418690521270037 ] } },
{ "type": "Feature", "properties": { "track_fid": 0, "track_seg_id": 0, "track_seg_point_id": 1444, "ele": 2259.39990234375, "time": "2025-03-17T20:35:10Z" }, "geometry": { "type": "Point", "coordinates": [ -99.158450374379754, 19.418651461601257 ] } },
{ "type": "Feature", "properties": { "track_fid": 0, "track_seg_id": 0, "track_seg_point_id": 1445, "ele": 2257.800048828125, "time": "2025-03-17T20:35:18Z" }, "geometry": { "type": "Point", "coordinates": [ -99.158750362694263, 19.418589854612947 ] } },
{ "type": "Feature", "properties": { "track_fid": 0, "track_seg_id": 0, "track_seg_point_id": 1446, "ele": 2253.39990234375, "time": "2025-03-17T20:35:23Z" }, "geometry": { "type": "Point", "coordinates": [ -99.158921437337995, 19.418570827692747 ] } },
{ "type": "Feature", "properties": { "track_fid": 0, "track_seg_id": 0, "track_seg_point_id": 1447, "ele": 2250.60009765625, "time": "2025-03-17T20:35:30Z" }, "geometry": { "type": "Point", "coordinates": [ -99.15919242426753, 19.41852455958724 ] } },
{ "type": "Feature", "properties": { "track_fid": 0, "track_seg_id": 0, "track_seg_point_id": 1448, "ele": 2247.39990234375, "time": "2025-03-17T20:35:36Z" }, "geometry": { "type": "Point", "coordinates": [ -99.159411359578371, 19.418487343937159 ] } },
{ "type": "Feature", "properties": { "track_fid": 0, "track_seg_id": 0, "track_seg_point_id": 1449, "ele": 2245.60009765625, "time": "2025-03-17T20:35:41Z" }, "geometry": { "type": "Point", "coordinates": [ -99.15956768207252, 19.418468065559864 ] } },
{ "type": "Feature", "properties": { "track_fid": 0, "track_seg_id": 0, "track_seg_point_id": 1450, "ele": 2245.39990234375, "time": "2025-03-17T20:35:42Z" }, "geometry": { "type": "Point", "coordinates": [ -99.159594839438796, 19.418461695313454 ] } },
{ "type": "Feature", "properties": { "track_fid": 0, "track_seg_id": 0, "track_seg_point_id": 1451, "ele": 2247.60009765625, "time": "2025-03-17T20:35:49Z" }, "geometry": { "type": "Point", "coordinates": [ -99.159808745607734, 19.418412996456027 ] } },
{ "type": "Feature", "properties": { "track_fid": 0, "track_seg_id": 0, "track_seg_point_id": 1452, "ele": 2250.800048828125, "time": "2025-03-17T20:35:55Z" }, "geometry": { "type": "Point", "coordinates": [ -99.159982334822416, 19.418379468843341 ] } },
{ "type": "Feature", "properties": { "track_fid": 0, "track_seg_id": 0, "track_seg_point_id": 1453, "ele": 2251.0, "time": "2025-03-17T20:36:02Z" }, "geometry": { "type": "Point", "coordinates": [ -99.160138238221407, 19.418334625661373 ] } },
{ "type": "Feature", "properties": { "track_fid": 0, "track_seg_id": 0, "track_seg_point_id": 1454, "ele": 2244.0, "time": "2025-03-17T20:36:09Z" }, "geometry": { "type": "Point", "coordinates": [ -99.160425653681159, 19.418322639539838 ] } },
{ "type": "Feature", "properties": { "track_fid": 0, "track_seg_id": 0, "track_seg_point_id": 1455, "ele": 2237.0, "time": "2025-03-17T20:36:15Z" }, "geometry": { "type": "Point", "coordinates": [ -99.160638218745589, 19.418266899883747 ] } },
{ "type": "Feature", "properties": { "track_fid": 0, "track_seg_id": 0, "track_seg_point_id": 1456, "ele": 2232.39990234375, "time": "2025-03-17T20:36:21Z" }, "geometry": { "type": "Point", "coordinates": [ -99.160757744684815, 19.418253153562546 ] } },
{ "type": "Feature", "properties": { "track_fid": 0, "track_seg_id": 0, "track_seg_point_id": 1457, "ele": 2236.39990234375, "time": "2025-03-17T20:36:27Z" }, "geometry": { "type": "Point", "coordinates": [ -99.16081172414124, 19.41823236644268 ] } },
{ "type": "Feature", "properties": { "track_fid": 0, "track_seg_id": 0, "track_seg_point_id": 1458, "ele": 2238.800048828125, "time": "2025-03-17T20:36:36Z" }, "geometry": { "type": "Point", "coordinates": [ -99.160819938406348, 19.418237144127488 ] } },
{ "type": "Feature", "properties": { "track_fid": 0, "track_seg_id": 0, "track_seg_point_id": 1459, "ele": 2240.0, "time": "2025-03-17T20:36:47Z" }, "geometry": { "type": "Point", "coordinates": [ -99.160817675292492, 19.418246699497104 ] } },
{ "type": "Feature", "properties": { "track_fid": 0, "track_seg_id": 0, "track_seg_point_id": 1460, "ele": 2240.199951171875, "time": "2025-03-17T20:36:57Z" }, "geometry": { "type": "Point", "coordinates": [ -99.160812981426716, 19.418256422504783 ] } },
{ "type": "Feature", "properties": { "track_fid": 0, "track_seg_id": 0, "track_seg_point_id": 1461, "ele": 2240.39990234375, "time": "2025-03-17T20:37:09Z" }, "geometry": { "type": "Point", "coordinates": [ -99.160812478512526, 19.41825969144702 ] } },
{ "type": "Feature", "properties": { "track_fid": 0, "track_seg_id": 0, "track_seg_point_id": 1462, "ele": 2242.39990234375, "time": "2025-03-17T20:37:18Z" }, "geometry": { "type": "Point", "coordinates": [ -99.160970980301499, 19.418206717818975 ] } },
{ "type": "Feature", "properties": { "track_fid": 0, "track_seg_id": 0, "track_seg_point_id": 1463, "ele": 2247.199951171875, "time": "2025-03-17T20:37:26Z" }, "geometry": { "type": "Point", "coordinates": [ -99.161128895357251, 19.418153576552868 ] } },
{ "type": "Feature", "properties": { "track_fid": 0, "track_seg_id": 0, "track_seg_point_id": 1464, "ele": 2250.0, "time": "2025-03-17T20:37:33Z" }, "geometry": { "type": "Point", "coordinates": [ -99.161273734644055, 19.418117618188262 ] } },
{ "type": "Feature", "properties": { "track_fid": 0, "track_seg_id": 0, "track_seg_point_id": 1465, "ele": 2250.60009765625, "time": "2025-03-17T20:37:42Z" }, "geometry": { "type": "Point", "coordinates": [ -99.161560731008649, 19.418048299849033 ] } },
{ "type": "Feature", "properties": { "track_fid": 0, "track_seg_id": 0, "track_seg_point_id": 1466, "ele": 2252.0, "time": "2025-03-17T20:37:48Z" }, "geometry": { "type": "Point", "coordinates": [ -99.161668019369245, 19.417983675375581 ] } },
{ "type": "Feature", "properties": { "track_fid": 0, "track_seg_id": 0, "track_seg_point_id": 1467, "ele": 2254.60009765625, "time": "2025-03-17T20:37:53Z" }, "geometry": { "type": "Point", "coordinates": [ -99.16172836907208, 19.417943777516484 ] } },
{ "type": "Feature", "properties": { "track_fid": 0, "track_seg_id": 0, "track_seg_point_id": 1468, "ele": 2254.60009765625, "time": "2025-03-17T20:37:54Z" }, "geometry": { "type": "Point", "coordinates": [ -99.161734320223331, 19.417941933497787 ] } },
{ "type": "Feature", "properties": { "track_fid": 0, "track_seg_id": 0, "track_seg_point_id": 1469, "ele": 2255.60009765625, "time": "2025-03-17T20:37:55Z" }, "geometry": { "type": "Point", "coordinates": [ -99.161758460104465, 19.417944783344865 ] } },
{ "type": "Feature", "properties": { "track_fid": 0, "track_seg_id": 0, "track_seg_point_id": 1470, "ele": 2256.60009765625, "time": "2025-03-17T20:37:57Z" }, "geometry": { "type": "Point", "coordinates": [ -99.161790981888771, 19.417951237410307 ] } },
{ "type": "Feature", "properties": { "track_fid": 0, "track_seg_id": 0, "track_seg_point_id": 1471, "ele": 2258.0, "time": "2025-03-17T20:37:59Z" }, "geometry": { "type": "Point", "coordinates": [ -99.161821072921157, 19.417955344542861 ] } },
{ "type": "Feature", "properties": { "track_fid": 0, "track_seg_id": 0, "track_seg_point_id": 1472, "ele": 2264.60009765625, "time": "2025-03-17T20:38:10Z" }, "geometry": { "type": "Point", "coordinates": [ -99.162057442590594, 19.417922738939524 ] } },
{ "type": "Feature", "properties": { "track_fid": 0, "track_seg_id": 0, "track_seg_point_id": 1473, "ele": 2268.39990234375, "time": "2025-03-17T20:38:16Z" }, "geometry": { "type": "Point", "coordinates": [ -99.162180740386248, 19.417912177741528 ] } },
{ "type": "Feature", "properties": { "track_fid": 0, "track_seg_id": 0, "track_seg_point_id": 1474, "ele": 2268.0, "time": "2025-03-17T20:38:18Z" }, "geometry": { "type": "Point", "coordinates": [ -99.16220236569643, 19.417920894920826 ] } },
{ "type": "Feature", "properties": { "track_fid": 0, "track_seg_id": 0, "track_seg_point_id": 1475, "ele": 2267.39990234375, "time": "2025-03-17T20:38:20Z" }, "geometry": { "type": "Point", "coordinates": [ -99.16221309453249, 19.417934222146869 ] } },
{ "type": "Feature", "properties": { "track_fid": 0, "track_seg_id": 0, "track_seg_point_id": 1476, "ele": 2268.0, "time": "2025-03-17T20:38:26Z" }, "geometry": { "type": "Point", "coordinates": [ -99.162211082875729, 19.417934725061059 ] } },
{ "type": "Feature", "properties": { "track_fid": 0, "track_seg_id": 0, "track_seg_point_id": 1477, "ele": 2267.39990234375, "time": "2025-03-17T20:38:48Z" }, "geometry": { "type": "Point", "coordinates": [ -99.162201946601272, 19.417934557422996 ] } },
{ "type": "Feature", "properties": { "track_fid": 0, "track_seg_id": 0, "track_seg_point_id": 1478, "ele": 2268.60009765625, "time": "2025-03-17T20:38:55Z" }, "geometry": { "type": "Point", "coordinates": [ -99.16238316334784, 19.41789566539228 ] } },
{ "type": "Feature", "properties": { "track_fid": 0, "track_seg_id": 0, "track_seg_point_id": 1479, "ele": 2268.0, "time": "2025-03-17T20:39:01Z" }, "geometry": { "type": "Point", "coordinates": [ -99.162568487226963, 19.417872866615653 ] } },
{ "type": "Feature", "properties": { "track_fid": 0, "track_seg_id": 0, "track_seg_point_id": 1480, "ele": 2265.800048828125, "time": "2025-03-17T20:39:07Z" }, "geometry": { "type": "Point", "coordinates": [ -99.162840647622943, 19.417827017605305 ] } },
{ "type": "Feature", "properties": { "track_fid": 0, "track_seg_id": 0, "track_seg_point_id": 1481, "ele": 2262.199951171875, "time": "2025-03-17T20:39:13Z" }, "geometry": { "type": "Point", "coordinates": [ -99.163124626502395, 19.417759627103806 ] } },
{ "type": "Feature", "properties": { "track_fid": 0, "track_seg_id": 0, "track_seg_point_id": 1482, "ele": 2262.199951171875, "time": "2025-03-17T20:39:21Z" }, "geometry": { "type": "Point", "coordinates": [ -99.16343467310071, 19.417663067579269 ] } },
{ "type": "Feature", "properties": { "track_fid": 0, "track_seg_id": 0, "track_seg_point_id": 1483, "ele": 2251.60009765625, "time": "2025-03-17T20:39:27Z" }, "geometry": { "type": "Point", "coordinates": [ -99.163693338632584, 19.417649069800973 ] } },
{ "type": "Feature", "properties": { "track_fid": 0, "track_seg_id": 0, "track_seg_point_id": 1484, "ele": 2247.800048828125, "time": "2025-03-17T20:39:33Z" }, "geometry": { "type": "Point", "coordinates": [ -99.163892157375813, 19.41761177033186 ] } },
{ "type": "Feature", "properties": { "track_fid": 0, "track_seg_id": 0, "track_seg_point_id": 1485, "ele": 2248.199951171875, "time": "2025-03-17T20:39:41Z" }, "geometry": { "type": "Point", "coordinates": [ -99.164134562015533, 19.417571956291795 ] } },
{ "type": "Feature", "properties": { "track_fid": 0, "track_seg_id": 0, "track_seg_point_id": 1486, "ele": 2248.39990234375, "time": "2025-03-17T20:39:47Z" }, "geometry": { "type": "Point", "coordinates": [ -99.164243945851922, 19.417542451992631 ] } },
{ "type": "Feature", "properties": { "track_fid": 0, "track_seg_id": 0, "track_seg_point_id": 1487, "ele": 2253.60009765625, "time": "2025-03-17T20:39:55Z" }, "geometry": { "type": "Point", "coordinates": [ -99.164290130138397, 19.417519317939878 ] } },
{ "type": "Feature", "properties": { "track_fid": 0, "track_seg_id": 0, "track_seg_point_id": 1488, "ele": 2254.0, "time": "2025-03-17T20:40:04Z" }, "geometry": { "type": "Point", "coordinates": [ -99.164308486506343, 19.417515797540545 ] } },
{ "type": "Feature", "properties": { "track_fid": 0, "track_seg_id": 0, "track_seg_point_id": 1489, "ele": 2254.0, "time": "2025-03-17T20:40:19Z" }, "geometry": { "type": "Point", "coordinates": [ -99.164326759055257, 19.417516468092799 ] } },
{ "type": "Feature", "properties": { "track_fid": 0, "track_seg_id": 0, "track_seg_point_id": 1490, "ele": 2254.800048828125, "time": "2025-03-17T20:40:29Z" }, "geometry": { "type": "Point", "coordinates": [ -99.164510574191809, 19.417498363181949 ] } },
{ "type": "Feature", "properties": { "track_fid": 0, "track_seg_id": 0, "track_seg_point_id": 1491, "ele": 2258.0, "time": "2025-03-17T20:40:37Z" }, "geometry": { "type": "Point", "coordinates": [ -99.164747865870595, 19.417462153360248 ] } },
{ "type": "Feature", "properties": { "track_fid": 0, "track_seg_id": 0, "track_seg_point_id": 1492, "ele": 2256.39990234375, "time": "2025-03-17T20:40:46Z" }, "geometry": { "type": "Point", "coordinates": [ -99.165037795901299, 19.417412029579282 ] } },
{ "type": "Feature", "properties": { "track_fid": 0, "track_seg_id": 0, "track_seg_point_id": 1493, "ele": 2255.60009765625, "time": "2025-03-17T20:40:53Z" }, "geometry": { "type": "Point", "coordinates": [ -99.165153717622161, 19.417369281873107 ] } },
{ "type": "Feature", "properties": { "track_fid": 0, "track_seg_id": 0, "track_seg_point_id": 1494, "ele": 2256.39990234375, "time": "2025-03-17T20:40:57Z" }, "geometry": { "type": "Point", "coordinates": [ -99.165243320167065, 19.417360983788967 ] } },
{ "type": "Feature", "properties": { "track_fid": 0, "track_seg_id": 0, "track_seg_point_id": 1495, "ele": 2256.60009765625, "time": "2025-03-17T20:40:58Z" }, "geometry": { "type": "Point", "coordinates": [ -99.165273159742355, 19.417353440076113 ] } },
{ "type": "Feature", "properties": { "track_fid": 0, "track_seg_id": 0, "track_seg_point_id": 1496, "ele": 2257.60009765625, "time": "2025-03-17T20:41:06Z" }, "geometry": { "type": "Point", "coordinates": [ -99.165555043146014, 19.417259730398655 ] } },
{ "type": "Feature", "properties": { "track_fid": 0, "track_seg_id": 0, "track_seg_point_id": 1497, "ele": 2256.199951171875, "time": "2025-03-17T20:41:08Z" }, "geometry": { "type": "Point", "coordinates": [ -99.165630731731653, 19.417235590517521 ] } },
{ "type": "Feature", "properties": { "track_fid": 0, "track_seg_id": 0, "track_seg_point_id": 1498, "ele": 2256.60009765625, "time": "2025-03-17T20:41:12Z" }, "geometry": { "type": "Point", "coordinates": [ -99.165792586281896, 19.417211366817355 ] } },
{ "type": "Feature", "properties": { "track_fid": 0, "track_seg_id": 0, "track_seg_point_id": 1499, "ele": 2256.39990234375, "time": "2025-03-17T20:41:19Z" }, "geometry": { "type": "Point", "coordinates": [ -99.166021747514606, 19.417130732908845 ] } },
{ "type": "Feature", "properties": { "track_fid": 0, "track_seg_id": 0, "track_seg_point_id": 1500, "ele": 2256.39990234375, "time": "2025-03-17T20:41:24Z" }, "geometry": { "type": "Point", "coordinates": [ -99.166150745004416, 19.417087230831385 ] } },
{ "type": "Feature", "properties": { "track_fid": 0, "track_seg_id": 0, "track_seg_point_id": 1501, "ele": 2258.800048828125, "time": "2025-03-17T20:41:30Z" }, "geometry": { "type": "Point", "coordinates": [ -99.166295249015093, 19.417061079293489 ] } },
{ "type": "Feature", "properties": { "track_fid": 0, "track_seg_id": 0, "track_seg_point_id": 1502, "ele": 2260.800048828125, "time": "2025-03-17T20:41:37Z" }, "geometry": { "type": "Point", "coordinates": [ -99.166523739695549, 19.417004585266113 ] } },
{ "type": "Feature", "properties": { "track_fid": 0, "track_seg_id": 0, "track_seg_point_id": 1503, "ele": 2253.800048828125, "time": "2025-03-17T20:41:44Z" }, "geometry": { "type": "Point", "coordinates": [ -99.166845520958304, 19.416942643001676 ] } },
{ "type": "Feature", "properties": { "track_fid": 0, "track_seg_id": 0, "track_seg_point_id": 1504, "ele": 2253.0, "time": "2025-03-17T20:41:51Z" }, "geometry": { "type": "Point", "coordinates": [ -99.167072083801031, 19.416887070983648 ] } },
{ "type": "Feature", "properties": { "track_fid": 0, "track_seg_id": 0, "track_seg_point_id": 1505, "ele": 2254.39990234375, "time": "2025-03-17T20:41:56Z" }, "geometry": { "type": "Point", "coordinates": [ -99.16718834079802, 19.416861338540912 ] } },
{ "type": "Feature", "properties": { "track_fid": 0, "track_seg_id": 0, "track_seg_point_id": 1506, "ele": 2256.60009765625, "time": "2025-03-17T20:41:58Z" }, "geometry": { "type": "Point", "coordinates": [ -99.167225137352943, 19.416841976344585 ] } },
{ "type": "Feature", "properties": { "track_fid": 0, "track_seg_id": 0, "track_seg_point_id": 1507, "ele": 2258.800048828125, "time": "2025-03-17T20:42:02Z" }, "geometry": { "type": "Point", "coordinates": [ -99.167315158993006, 19.416801324114203 ] } },
{ "type": "Feature", "properties": { "track_fid": 0, "track_seg_id": 0, "track_seg_point_id": 1508, "ele": 2258.60009765625, "time": "2025-03-17T20:42:04Z" }, "geometry": { "type": "Point", "coordinates": [ -99.167366120964289, 19.416792858392 ] } },
{ "type": "Feature", "properties": { "track_fid": 0, "track_seg_id": 0, "track_seg_point_id": 1509, "ele": 2259.60009765625, "time": "2025-03-17T20:42:11Z" }, "geometry": { "type": "Point", "coordinates": [ -99.16759142652154, 19.416804676875472 ] } },
{ "type": "Feature", "properties": { "track_fid": 0, "track_seg_id": 0, "track_seg_point_id": 1510, "ele": 2260.199951171875, "time": "2025-03-17T20:42:18Z" }, "geometry": { "type": "Point", "coordinates": [ -99.16781916283071, 19.416785733774304 ] } },
{ "type": "Feature", "properties": { "track_fid": 0, "track_seg_id": 0, "track_seg_point_id": 1511, "ele": 2263.60009765625, "time": "2025-03-17T20:42:25Z" }, "geometry": { "type": "Point", "coordinates": [ -99.168004654347897, 19.4167410582304 ] } },
{ "type": "Feature", "properties": { "track_fid": 0, "track_seg_id": 0, "track_seg_point_id": 1512, "ele": 2261.199951171875, "time": "2025-03-17T20:42:32Z" }, "geometry": { "type": "Point", "coordinates": [ -99.168189223855734, 19.416662687435746 ] } },
{ "type": "Feature", "properties": { "track_fid": 0, "track_seg_id": 0, "track_seg_point_id": 1513, "ele": 2259.60009765625, "time": "2025-03-17T20:42:38Z" }, "geometry": { "type": "Point", "coordinates": [ -99.168257620185614, 19.416636787354946 ] } },
{ "type": "Feature", "properties": { "track_fid": 0, "track_seg_id": 0, "track_seg_point_id": 1514, "ele": 2259.199951171875, "time": "2025-03-17T20:42:42Z" }, "geometry": { "type": "Point", "coordinates": [ -99.168285364285111, 19.416641062125564 ] } },
{ "type": "Feature", "properties": { "track_fid": 0, "track_seg_id": 0, "track_seg_point_id": 1515, "ele": 2259.199951171875, "time": "2025-03-17T20:42:51Z" }, "geometry": { "type": "Point", "coordinates": [ -99.168298523873091, 19.416650449857116 ] } },
{ "type": "Feature", "properties": { "track_fid": 0, "track_seg_id": 0, "track_seg_point_id": 1516, "ele": 2259.0, "time": "2025-03-17T20:42:59Z" }, "geometry": { "type": "Point", "coordinates": [ -99.168300367891788, 19.41665455698967 ] } },
{ "type": "Feature", "properties": { "track_fid": 0, "track_seg_id": 0, "track_seg_point_id": 1517, "ele": 2259.0, "time": "2025-03-17T20:43:12Z" }, "geometry": { "type": "Point", "coordinates": [ -99.168310845270753, 19.416666375473142 ] } },
{ "type": "Feature", "properties": { "track_fid": 0, "track_seg_id": 0, "track_seg_point_id": 1518, "ele": 2258.800048828125, "time": "2025-03-17T20:43:24Z" }, "geometry": { "type": "Point", "coordinates": [ -99.168315036222339, 19.416662938892841 ] } },
{ "type": "Feature", "properties": { "track_fid": 0, "track_seg_id": 0, "track_seg_point_id": 1519, "ele": 2259.0, "time": "2025-03-17T20:43:35Z" }, "geometry": { "type": "Point", "coordinates": [ -99.168323250487447, 19.416660256683826 ] } },
{ "type": "Feature", "properties": { "track_fid": 0, "track_seg_id": 0, "track_seg_point_id": 1520, "ele": 2259.39990234375, "time": "2025-03-17T20:43:47Z" }, "geometry": { "type": "Point", "coordinates": [ -99.168343869969249, 19.416648019105196 ] } },
{ "type": "Feature", "properties": { "track_fid": 0, "track_seg_id": 0, "track_seg_point_id": 1521, "ele": 2261.199951171875, "time": "2025-03-17T20:43:57Z" }, "geometry": { "type": "Point", "coordinates": [ -99.168471777811646, 19.416645420715213 ] } },
{ "type": "Feature", "properties": { "track_fid": 0, "track_seg_id": 0, "track_seg_point_id": 1522, "ele": 2263.39990234375, "time": "2025-03-17T20:44:03Z" }, "geometry": { "type": "Point", "coordinates": [ -99.168656095862389, 19.416629746556282 ] } },
{ "type": "Feature", "properties": { "track_fid": 0, "track_seg_id": 0, "track_seg_point_id": 1523, "ele": 2264.39990234375, "time": "2025-03-17T20:44:11Z" }, "geometry": { "type": "Point", "coordinates": [ -99.16889606975019, 19.416595045477152 ] } },
{ "type": "Feature", "properties": { "track_fid": 0, "track_seg_id": 0, "track_seg_point_id": 1524, "ele": 2265.199951171875, "time": "2025-03-17T20:44:17Z" }, "geometry": { "type": "Point", "coordinates": [ -99.169081561267376, 19.416599655523896 ] } },
{ "type": "Feature", "properties": { "track_fid": 0, "track_seg_id": 0, "track_seg_point_id": 1525, "ele": 2263.0, "time": "2025-03-17T20:44:23Z" }, "geometry": { "type": "Point", "coordinates": [ -99.169308124110103, 19.416580041870475 ] } },
{ "type": "Feature", "properties": { "track_fid": 0, "track_seg_id": 0, "track_seg_point_id": 1526, "ele": 2264.60009765625, "time": "2025-03-17T20:44:28Z" }, "geometry": { "type": "Point", "coordinates": [ -99.169443491846323, 19.416518937796354 ] } },
{ "type": "Feature", "properties": { "track_fid": 0, "track_seg_id": 0, "track_seg_point_id": 1527, "ele": 2267.800048828125, "time": "2025-03-17T20:44:35Z" }, "geometry": { "type": "Point", "coordinates": [ -99.169622696936131, 19.416476190090179 ] } },
{ "type": "Feature", "properties": { "track_fid": 0, "track_seg_id": 0, "track_seg_point_id": 1528, "ele": 2270.39990234375, "time": "2025-03-17T20:44:42Z" }, "geometry": { "type": "Point", "coordinates": [ -99.169834591448307, 19.416406117379665 ] } },
{ "type": "Feature", "properties": { "track_fid": 0, "track_seg_id": 0, "track_seg_point_id": 1529, "ele": 2270.0, "time": "2025-03-17T20:44:48Z" }, "geometry": { "type": "Point", "coordinates": [ -99.170034248381853, 19.416388431563973 ] } },
{ "type": "Feature", "properties": { "track_fid": 0, "track_seg_id": 0, "track_seg_point_id": 1530, "ele": 2268.800048828125, "time": "2025-03-17T20:44:49Z" }, "geometry": { "type": "Point", "coordinates": [ -99.170075068250299, 19.416404189541936 ] } },
{ "type": "Feature", "properties": { "track_fid": 0, "track_seg_id": 0, "track_seg_point_id": 1531, "ele": 2262.60009765625, "time": "2025-03-17T20:44:55Z" }, "geometry": { "type": "Point", "coordinates": [ -99.170275395736098, 19.416555147618055 ] } },
{ "type": "Feature", "properties": { "track_fid": 0, "track_seg_id": 0, "track_seg_point_id": 1532, "ele": 2262.39990234375, "time": "2025-03-17T20:45:00Z" }, "geometry": { "type": "Point", "coordinates": [ -99.170401962473989, 19.416639050468802 ] } },
{ "type": "Feature", "properties": { "track_fid": 0, "track_seg_id": 0, "track_seg_point_id": 1533, "ele": 2263.0, "time": "2025-03-17T20:45:06Z" }, "geometry": { "type": "Point", "coordinates": [ -99.170544119551778, 19.416725551709533 ] } },
{ "type": "Feature", "properties": { "track_fid": 0, "track_seg_id": 0, "track_seg_point_id": 1534, "ele": 2265.199951171875, "time": "2025-03-17T20:45:13Z" }, "geometry": { "type": "Point", "coordinates": [ -99.170650318264961, 19.41680752672255 ] } },
{ "type": "Feature", "properties": { "track_fid": 0, "track_seg_id": 0, "track_seg_point_id": 1535, "ele": 2266.800048828125, "time": "2025-03-17T20:45:18Z" }, "geometry": { "type": "Point", "coordinates": [ -99.170725168660283, 19.416876174509525 ] } },
{ "type": "Feature", "properties": { "track_fid": 0, "track_seg_id": 0, "track_seg_point_id": 1536, "ele": 2267.60009765625, "time": "2025-03-17T20:45:20Z" }, "geometry": { "type": "Point", "coordinates": [ -99.17077487334609, 19.41689788363874 ] } },
{ "type": "Feature", "properties": { "track_fid": 0, "track_seg_id": 0, "track_seg_point_id": 1537, "ele": 2268.39990234375, "time": "2025-03-17T20:45:23Z" }, "geometry": { "type": "Point", "coordinates": [ -99.17083396576345, 19.416949432343245 ] } },
{ "type": "Feature", "properties": { "track_fid": 0, "track_seg_id": 0, "track_seg_point_id": 1538, "ele": 2266.800048828125, "time": "2025-03-17T20:45:26Z" }, "geometry": { "type": "Point", "coordinates": [ -99.170892974361777, 19.417004249989986 ] } },
{ "type": "Feature", "properties": { "track_fid": 0, "track_seg_id": 0, "track_seg_point_id": 1539, "ele": 2266.0, "time": "2025-03-17T20:45:33Z" }, "geometry": { "type": "Point", "coordinates": [ -99.170921137556434, 19.417048254981637 ] } },
{ "type": "Feature", "properties": { "track_fid": 0, "track_seg_id": 0, "track_seg_point_id": 1540, "ele": 2266.0, "time": "2025-03-17T20:45:45Z" }, "geometry": { "type": "Point", "coordinates": [ -99.170930441468954, 19.417061079293489 ] } },
{ "type": "Feature", "properties": { "track_fid": 0, "track_seg_id": 0, "track_seg_point_id": 1541, "ele": 2265.60009765625, "time": "2025-03-17T20:45:54Z" }, "geometry": { "type": "Point", "coordinates": [ -99.171019457280636, 19.417200637981296 ] } },
{ "type": "Feature", "properties": { "track_fid": 0, "track_seg_id": 0, "track_seg_point_id": 1542, "ele": 2262.800048828125, "time": "2025-03-17T20:46:01Z" }, "geometry": { "type": "Point", "coordinates": [ -99.171138983219862, 19.417347321286798 ] } },
{ "type": "Feature", "properties": { "track_fid": 0, "track_seg_id": 0, "track_seg_point_id": 1543, "ele": 2260.0, "time": "2025-03-17T20:46:07Z" }, "geometry": { "type": "Point", "coordinates": [ -99.171212995424867, 19.417488137260079 ] } },
{ "type": "Feature", "properties": { "track_fid": 0, "track_seg_id": 0, "track_seg_point_id": 1544, "ele": 2257.60009765625, "time": "2025-03-17T20:46:13Z" }, "geometry": { "type": "Point", "coordinates": [ -99.171348698437214, 19.417665330693126 ] } },
{ "type": "Feature", "properties": { "track_fid": 0, "track_seg_id": 0, "track_seg_point_id": 1545, "ele": 2254.199951171875, "time": "2025-03-17T20:46:20Z" }, "geometry": { "type": "Point", "coordinates": [ -99.171526059508324, 19.41793967038393 ] } },
{ "type": "Feature", "properties": { "track_fid": 0, "track_seg_id": 0, "track_seg_point_id": 1546, "ele": 2251.800048828125, "time": "2025-03-17T20:46:26Z" }, "geometry": { "type": "Point", "coordinates": [ -99.171684561297297, 19.418072020635009 ] } },
{ "type": "Feature", "properties": { "track_fid": 0, "track_seg_id": 0, "track_seg_point_id": 1547, "ele": 2255.199951171875, "time": "2025-03-17T20:46:32Z" }, "geometry": { "type": "Point", "coordinates": [ -99.171796459704638, 19.418173776939511 ] } },
{ "type": "Feature", "properties": { "track_fid": 0, "track_seg_id": 0, "track_seg_point_id": 1548, "ele": 2255.800048828125, "time": "2025-03-17T20:46:33Z" }, "geometry": { "type": "Point", "coordinates": [ -99.171806517988443, 19.418184589594603 ] } },
{ "type": "Feature", "properties": { "track_fid": 0, "track_seg_id": 0, "track_seg_point_id": 1549, "ele": 2255.39990234375, "time": "2025-03-17T20:46:34Z" }, "geometry": { "type": "Point", "coordinates": [ -99.171828897669911, 19.418197833001614 ] } },
{ "type": "Feature", "properties": { "track_fid": 0, "track_seg_id": 0, "track_seg_point_id": 1550, "ele": 2253.800048828125, "time": "2025-03-17T20:46:37Z" }, "geometry": { "type": "Point", "coordinates": [ -99.171874662861228, 19.418226834386587 ] } },
{ "type": "Feature", "properties": { "track_fid": 0, "track_seg_id": 0, "track_seg_point_id": 1551, "ele": 2256.60009765625, "time": "2025-03-17T20:46:43Z" }, "geometry": { "type": "Point", "coordinates": [ -99.171895952895284, 19.41826262511313 ] } },
{ "type": "Feature", "properties": { "track_fid": 0, "track_seg_id": 0, "track_seg_point_id": 1552, "ele": 2257.0, "time": "2025-03-17T20:46:51Z" }, "geometry": { "type": "Point", "coordinates": [ -99.171908022835851, 19.418286345899105 ] } },
{ "type": "Feature", "properties": { "track_fid": 0, "track_seg_id": 0, "track_seg_point_id": 1553, "ele": 2257.0, "time": "2025-03-17T20:47:02Z" }, "geometry": { "type": "Point", "coordinates": [ -99.171910118311644, 19.418294979259372 ] } },
{ "type": "Feature", "properties": { "track_fid": 0, "track_seg_id": 0, "track_seg_point_id": 1554, "ele": 2257.0, "time": "2025-03-17T20:47:14Z" }, "geometry": { "type": "Point", "coordinates": [ -99.171906597912312, 19.418303780257702 ] } },
{ "type": "Feature", "properties": { "track_fid": 0, "track_seg_id": 0, "track_seg_point_id": 1555, "ele": 2257.0, "time": "2025-03-17T20:47:27Z" }, "geometry": { "type": "Point", "coordinates": [ -99.171904167160392, 19.418313670903444 ] } },
{ "type": "Feature", "properties": { "track_fid": 0, "track_seg_id": 0, "track_seg_point_id": 1556, "ele": 2257.0, "time": "2025-03-17T20:47:37Z" }, "geometry": { "type": "Point", "coordinates": [ -99.171906933188438, 19.418318616226315 ] } },
{ "type": "Feature", "properties": { "track_fid": 0, "track_seg_id": 0, "track_seg_point_id": 1557, "ele": 2257.199951171875, "time": "2025-03-17T20:47:54Z" }, "geometry": { "type": "Point", "coordinates": [ -99.171909280121326, 19.418332781642675 ] } },
{ "type": "Feature", "properties": { "track_fid": 0, "track_seg_id": 0, "track_seg_point_id": 1558, "ele": 2258.199951171875, "time": "2025-03-17T20:48:06Z" }, "geometry": { "type": "Point", "coordinates": [ -99.17196367867291, 19.418420121073723 ] } },
{ "type": "Feature", "properties": { "track_fid": 0, "track_seg_id": 0, "track_seg_point_id": 1559, "ele": 2257.800048828125, "time": "2025-03-17T20:48:13Z" }, "geometry": { "type": "Point", "coordinates": [ -99.172065518796444, 19.418573845177889 ] } },
{ "type": "Feature", "properties": { "track_fid": 0, "track_seg_id": 0, "track_seg_point_id": 1560, "ele": 2256.39990234375, "time": "2025-03-17T20:48:20Z" }, "geometry": { "type": "Point", "coordinates": [ -99.172201054170728, 19.418765036389232 ] } },
{ "type": "Feature", "properties": { "track_fid": 0, "track_seg_id": 0, "track_seg_point_id": 1561, "ele": 2256.60009765625, "time": "2025-03-17T20:48:24Z" }, "geometry": { "type": "Point", "coordinates": [ -99.172254363074899, 19.418851286172867 ] } },
{ "type": "Feature", "properties": { "track_fid": 0, "track_seg_id": 0, "track_seg_point_id": 1562, "ele": 2257.0, "time": "2025-03-17T20:48:26Z" }, "geometry": { "type": "Point", "coordinates": [ -99.172288393601775, 19.418876934796572 ] } },
{ "type": "Feature", "properties": { "track_fid": 0, "track_seg_id": 0, "track_seg_point_id": 1563, "ele": 2258.60009765625, "time": "2025-03-17T20:48:30Z" }, "geometry": { "type": "Point", "coordinates": [ -99.172344887629151, 19.418928818777204 ] } },
{ "type": "Feature", "properties": { "track_fid": 0, "track_seg_id": 0, "track_seg_point_id": 1564, "ele": 2258.60009765625, "time": "2025-03-17T20:48:31Z" }, "geometry": { "type": "Point", "coordinates": [ -99.172358885407448, 19.418961843475699 ] } },
{ "type": "Feature", "properties": { "track_fid": 0, "track_seg_id": 0, "track_seg_point_id": 1565, "ele": 2258.60009765625, "time": "2025-03-17T20:48:37Z" }, "geometry": { "type": "Point", "coordinates": [ -99.172434154897928, 19.419136773794889 ] } },
{ "type": "Feature", "properties": { "track_fid": 0, "track_seg_id": 0, "track_seg_point_id": 1566, "ele": 2257.0, "time": "2025-03-17T20:48:44Z" }, "geometry": { "type": "Point", "coordinates": [ -99.172506825998425, 19.419358558952808 ] } },
{ "type": "Feature", "properties": { "track_fid": 0, "track_seg_id": 0, "track_seg_point_id": 1567, "ele": 2259.800048828125, "time": "2025-03-17T20:48:49Z" }, "geometry": { "type": "Point", "coordinates": [ -99.172495929524302, 19.419501051306725 ] } },
{ "type": "Feature", "properties": { "track_fid": 0, "track_seg_id": 0, "track_seg_point_id": 1568, "ele": 2269.0, "time": "2025-03-17T20:48:56Z" }, "geometry": { "type": "Point", "coordinates": [ -99.172450918704271, 19.419549331068993 ] } },
{ "type": "Feature", "properties": { "track_fid": 0, "track_seg_id": 0, "track_seg_point_id": 1569, "ele": 2278.39990234375, "time": "2025-03-17T20:49:03Z" }, "geometry": { "type": "Point", "coordinates": [ -99.172349330037832, 19.419588390737772 ] } },
{ "type": "Feature", "properties": { "track_fid": 0, "track_seg_id": 0, "track_seg_point_id": 1570, "ele": 2272.0, "time": "2025-03-17T20:49:08Z" }, "geometry": { "type": "Point", "coordinates": [ -99.172238688915968, 19.419630970805883 ] } },
{ "type": "Feature", "properties": { "track_fid": 0, "track_seg_id": 0, "track_seg_point_id": 1571, "ele": 2267.39990234375, "time": "2025-03-17T20:49:18Z" }, "geometry": { "type": "Point", "coordinates": [ -99.172135926783085, 19.419680340215564 ] } },
{ "type": "Feature", "properties": { "track_fid": 0, "track_seg_id": 0, "track_seg_point_id": 1572, "ele": 2277.0, "time": "2025-03-17T20:50:37Z" }, "geometry": { "type": "Point", "coordinates": [ -99.172053951770067, 19.419734738767147 ] } },
{ "type": "Feature", "properties": { "track_fid": 0, "track_seg_id": 0, "track_seg_point_id": 1573, "ele": 2247.199951171875, "time": "2025-03-17T20:50:42Z" }, "geometry": { "type": "Point", "coordinates": [ -99.172205496579409, 19.419686291366816 ] } },
{ "type": "Feature", "properties": { "track_fid": 0, "track_seg_id": 0, "track_seg_point_id": 1574, "ele": 2245.39990234375, "time": "2025-03-17T20:50:52Z" }, "geometry": { "type": "Point", "coordinates": [ -99.172180099412799, 19.419721327722073 ] } },
{ "type": "Feature", "properties": { "track_fid": 0, "track_seg_id": 0, "track_seg_point_id": 1575, "ele": 2245.39990234375, "time": "2025-03-17T20:51:00Z" }, "geometry": { "type": "Point", "coordinates": [ -99.172176998108625, 19.419719064608216 ] } },
{ "type": "Feature", "properties": { "track_fid": 0, "track_seg_id": 0, "track_seg_point_id": 1576, "ele": 2245.39990234375, "time": "2025-03-17T20:51:12Z" }, "geometry": { "type": "Point", "coordinates": [ -99.172175070270896, 19.419723339378834 ] } },
{ "type": "Feature", "properties": { "track_fid": 0, "track_seg_id": 0, "track_seg_point_id": 1577, "ele": 2245.199951171875, "time": "2025-03-17T20:51:25Z" }, "geometry": { "type": "Point", "coordinates": [ -99.172133579850197, 19.419738259166479 ] } },
{ "type": "Feature", "properties": { "track_fid": 0, "track_seg_id": 0, "track_seg_point_id": 1578, "ele": 2245.199951171875, "time": "2025-03-17T20:51:40Z" }, "geometry": { "type": "Point", "coordinates": [ -99.172069961205125, 19.419781761243939 ] } },
{ "type": "Feature", "properties": { "track_fid": 0, "track_seg_id": 0, "track_seg_point_id": 1579, "ele": 2245.39990234375, "time": "2025-03-17T20:51:47Z" }, "geometry": { "type": "Point", "coordinates": [ -99.172072140499949, 19.419779665768147 ] } },
{ "type": "Feature", "properties": { "track_fid": 0, "track_seg_id": 0, "track_seg_point_id": 1580, "ele": 2245.39990234375, "time": "2025-03-17T20:52:04Z" }, "geometry": { "type": "Point", "coordinates": [ -99.172078343108296, 19.419773044064641 ] } },
{ "type": "Feature", "properties": { "track_fid": 0, "track_seg_id": 0, "track_seg_point_id": 1581, "ele": 2245.39990234375, "time": "2025-03-17T20:52:20Z" }, "geometry": { "type": "Point", "coordinates": [ -99.172076750546694, 19.419774385169148 ] } },
{ "type": "Feature", "properties": { "track_fid": 0, "track_seg_id": 0, "track_seg_point_id": 1582, "ele": 2245.800048828125, "time": "2025-03-17T20:52:34Z" }, "geometry": { "type": "Point", "coordinates": [ -99.172073565423489, 19.419735576957464 ] } },
{ "type": "Feature", "properties": { "track_fid": 0, "track_seg_id": 0, "track_seg_point_id": 1583, "ele": 2245.800048828125, "time": "2025-03-17T20:52:45Z" }, "geometry": { "type": "Point", "coordinates": [ -99.172081528231502, 19.41972803324461 ] } },
{ "type": "Feature", "properties": { "track_fid": 0, "track_seg_id": 0, "track_seg_point_id": 1584, "ele": 2246.0, "time": "2025-03-17T20:52:59Z" }, "geometry": { "type": "Point", "coordinates": [ -99.172086976468563, 19.419720657169819 ] } },
{ "type": "Feature", "properties": { "track_fid": 0, "track_seg_id": 0, "track_seg_point_id": 1585, "ele": 2246.199951171875, "time": "2025-03-17T20:53:09Z" }, "geometry": { "type": "Point", "coordinates": [ -99.172088066115975, 19.419709341600537 ] } },
{ "type": "Feature", "properties": { "track_fid": 0, "track_seg_id": 0, "track_seg_point_id": 1586, "ele": 2246.60009765625, "time": "2025-03-17T20:53:21Z" }, "geometry": { "type": "Point", "coordinates": [ -99.17207314632833, 19.419694589450955 ] } },
{ "type": "Feature", "properties": { "track_fid": 0, "track_seg_id": 0, "track_seg_point_id": 1587, "ele": 2246.60009765625, "time": "2025-03-17T20:53:32Z" }, "geometry": { "type": "Point", "coordinates": [ -99.172070967033505, 19.419684279710054 ] } },
{ "type": "Feature", "properties": { "track_fid": 0, "track_seg_id": 0, "track_seg_point_id": 1588, "ele": 2246.800048828125, "time": "2025-03-17T20:53:43Z" }, "geometry": { "type": "Point", "coordinates": [ -99.172081695869565, 19.419688135385513 ] } },
{ "type": "Feature", "properties": { "track_fid": 0, "track_seg_id": 0, "track_seg_point_id": 1589, "ele": 2247.0, "time": "2025-03-17T20:53:52Z" }, "geometry": { "type": "Point", "coordinates": [ -99.172086976468563, 19.419683776795864 ] } },
{ "type": "Feature", "properties": { "track_fid": 0, "track_seg_id": 0, "track_seg_point_id": 1590, "ele": 2247.199951171875, "time": "2025-03-17T20:54:08Z" }, "geometry": { "type": "Point", "coordinates": [ -99.172091670334339, 19.419704480096698 ] } },
{ "type": "Feature", "properties": { "track_fid": 0, "track_seg_id": 0, "track_seg_point_id": 1591, "ele": 2247.39990234375, "time": "2025-03-17T20:54:18Z" }, "geometry": { "type": "Point", "coordinates": [ -99.172091586515307, 19.419711269438267 ] } },
{ "type": "Feature", "properties": { "track_fid": 0, "track_seg_id": 0, "track_seg_point_id": 1592, "ele": 2247.199951171875, "time": "2025-03-17T20:54:33Z" }, "geometry": { "type": "Point", "coordinates": [ -99.172096196562052, 19.41972023807466 ] } },
{ "type": "Feature", "properties": { "track_fid": 0, "track_seg_id": 0, "track_seg_point_id": 1593, "ele": 2247.39990234375, "time": "2025-03-17T20:54:49Z" }, "geometry": { "type": "Point", "coordinates": [ -99.172096196562052, 19.419723674654961 ] } },
{ "type": "Feature", "properties": { "track_fid": 0, "track_seg_id": 0, "track_seg_point_id": 1594, "ele": 2247.199951171875, "time": "2025-03-17T20:55:07Z" }, "geometry": { "type": "Point", "coordinates": [ -99.172086473554373, 19.419717891141772 ] } },
{ "type": "Feature", "properties": { "track_fid": 0, "track_seg_id": 0, "track_seg_point_id": 1595, "ele": 2247.60009765625, "time": "2025-03-17T20:55:21Z" }, "geometry": { "type": "Point", "coordinates": [ -99.172090329229832, 19.419737253338099 ] } },
{ "type": "Feature", "properties": { "track_fid": 0, "track_seg_id": 0, "track_seg_point_id": 1596, "ele": 2248.0, "time": "2025-03-17T20:55:33Z" }, "geometry": { "type": "Point", "coordinates": [ -99.172068452462554, 19.419755022972822 ] } },
{ "type": "Feature", "properties": { "track_fid": 0, "track_seg_id": 0, "track_seg_point_id": 1597, "ele": 2248.0, "time": "2025-03-17T20:55:46Z" }, "geometry": { "type": "Point", "coordinates": [ -99.172047581523657, 19.419728117063642 ] } },
{ "type": "Feature", "properties": { "track_fid": 0, "track_seg_id": 0, "track_seg_point_id": 1598, "ele": 2247.800048828125, "time": "2025-03-17T20:56:03Z" }, "geometry": { "type": "Point", "coordinates": [ -99.172020675614476, 19.419712359085679 ] } },
{ "type": "Feature", "properties": { "track_fid": 0, "track_seg_id": 0, "track_seg_point_id": 1599, "ele": 2247.800048828125, "time": "2025-03-17T20:56:15Z" }, "geometry": { "type": "Point", "coordinates": [ -99.172025872394443, 19.419706491753459 ] } },
{ "type": "Feature", "properties": { "track_fid": 0, "track_seg_id": 0, "track_seg_point_id": 1600, "ele": 2247.800048828125, "time": "2025-03-17T20:56:27Z" }, "geometry": { "type": "Point", "coordinates": [ -99.172022519633174, 19.419696517288685 ] } },
{ "type": "Feature", "properties": { "track_fid": 0, "track_seg_id": 0, "track_seg_point_id": 1601, "ele": 2247.60009765625, "time": "2025-03-17T20:56:37Z" }, "geometry": { "type": "Point", "coordinates": [ -99.17202964425087, 19.41968796774745 ] } },
{ "type": "Feature", "properties": { "track_fid": 0, "track_seg_id": 0, "track_seg_point_id": 1602, "ele": 2248.0, "time": "2025-03-17T20:56:50Z" }, "geometry": { "type": "Point", "coordinates": [ -99.172044396400452, 19.419709257781506 ] } },
{ "type": "Feature", "properties": { "track_fid": 0, "track_seg_id": 0, "track_seg_point_id": 1603, "ele": 2248.0, "time": "2025-03-17T20:57:01Z" }, "geometry": { "type": "Point", "coordinates": [ -99.172041462734342, 19.419711185619235 ] } },
{ "type": "Feature", "properties": { "track_fid": 0, "track_seg_id": 0, "track_seg_point_id": 1604, "ele": 2248.0, "time": "2025-03-17T20:57:13Z" }, "geometry": { "type": "Point", "coordinates": [ -99.172045066952705, 19.419718561694026 ] } },
{ "type": "Feature", "properties": { "track_fid": 0, "track_seg_id": 0, "track_seg_point_id": 1605, "ele": 2248.0, "time": "2025-03-17T20:57:25Z" }, "geometry": { "type": "Point", "coordinates": [ -99.172046491876245, 19.419742533937097 ] } },
{ "type": "Feature", "properties": { "track_fid": 0, "track_seg_id": 0, "track_seg_point_id": 1606, "ele": 2248.0, "time": "2025-03-17T20:57:37Z" }, "geometry": { "type": "Point", "coordinates": [ -99.172033499926329, 19.419751921668649 ] } },
{ "type": "Feature", "properties": { "track_fid": 0, "track_seg_id": 0, "track_seg_point_id": 1607, "ele": 2248.39990234375, "time": "2025-03-17T20:57:53Z" }, "geometry": { "type": "Point", "coordinates": [ -99.172062082216144, 19.419732140377164 ] } },
{ "type": "Feature", "properties": { "track_fid": 0, "track_seg_id": 0, "track_seg_point_id": 1608, "ele": 2248.39990234375, "time": "2025-03-17T20:58:02Z" }, "geometry": { "type": "Point", "coordinates": [ -99.172059064731002, 19.419716717675328 ] } },
{ "type": "Feature", "properties": { "track_fid": 0, "track_seg_id": 0, "track_seg_point_id": 1609, "ele": 2248.199951171875, "time": "2025-03-17T20:58:17Z" }, "geometry": { "type": "Point", "coordinates": [ -99.172049174085259, 19.419715963304043 ] } },
{ "type": "Feature", "properties": { "track_fid": 0, "track_seg_id": 0, "track_seg_point_id": 1610, "ele": 2248.800048828125, "time": "2025-03-17T20:58:33Z" }, "geometry": { "type": "Point", "coordinates": [ -99.172097872942686, 19.419725351035595 ] } },
{ "type": "Feature", "properties": { "track_fid": 0, "track_seg_id": 0, "track_seg_point_id": 1611, "ele": 2248.800048828125, "time": "2025-03-17T20:58:44Z" }, "geometry": { "type": "Point", "coordinates": [ -99.172099716961384, 19.419738845899701 ] } },
{ "type": "Feature", "properties": { "track_fid": 0, "track_seg_id": 0, "track_seg_point_id": 1612, "ele": 2248.800048828125, "time": "2025-03-17T20:58:57Z" }, "geometry": { "type": "Point", "coordinates": [ -99.172107260674238, 19.419744964689016 ] } },
{ "type": "Feature", "properties": { "track_fid": 0, "track_seg_id": 0, "track_seg_point_id": 1613, "ele": 2248.800048828125, "time": "2025-03-17T20:59:09Z" }, "geometry": { "type": "Point", "coordinates": [ -99.172089071944356, 19.419742785394192 ] } },
{ "type": "Feature", "properties": { "track_fid": 0, "track_seg_id": 0, "track_seg_point_id": 1614, "ele": 2248.800048828125, "time": "2025-03-17T20:59:19Z" }, "geometry": { "type": "Point", "coordinates": [ -99.172077672556043, 19.419743623584509 ] } },
{ "type": "Feature", "properties": { "track_fid": 0, "track_seg_id": 0, "track_seg_point_id": 1615, "ele": 2248.60009765625, "time": "2025-03-17T20:59:33Z" }, "geometry": { "type": "Point", "coordinates": [ -99.172072727233171, 19.419741192832589 ] } },
{ "type": "Feature", "properties": { "track_fid": 0, "track_seg_id": 0, "track_seg_point_id": 1616, "ele": 2248.39990234375, "time": "2025-03-17T20:59:49Z" }, "geometry": { "type": "Point", "coordinates": [ -99.172052778303623, 19.419727781787515 ] } },
{ "type": "Feature", "properties": { "track_fid": 0, "track_seg_id": 0, "track_seg_point_id": 1617, "ele": 2248.39990234375, "time": "2025-03-17T20:59:58Z" }, "geometry": { "type": "Point", "coordinates": [ -99.172044396400452, 19.419734235852957 ] } },
{ "type": "Feature", "properties": { "track_fid": 0, "track_seg_id": 0, "track_seg_point_id": 1618, "ele": 2248.39990234375, "time": "2025-03-17T21:00:13Z" }, "geometry": { "type": "Point", "coordinates": [ -99.172028638422489, 19.419714538380504 ] } },
{ "type": "Feature", "properties": { "track_fid": 0, "track_seg_id": 0, "track_seg_point_id": 1619, "ele": 2248.39990234375, "time": "2025-03-17T21:00:25Z" }, "geometry": { "type": "Point", "coordinates": [ -99.172031655907631, 19.419709928333759 ] } },
{ "type": "Feature", "properties": { "track_fid": 0, "track_seg_id": 0, "track_seg_point_id": 1620, "ele": 2248.39990234375, "time": "2025-03-17T21:00:35Z" }, "geometry": { "type": "Point", "coordinates": [ -99.172028722241521, 19.419706324115396 ] } },
{ "type": "Feature", "properties": { "track_fid": 0, "track_seg_id": 0, "track_seg_point_id": 1621, "ele": 2248.199951171875, "time": "2025-03-17T21:00:48Z" }, "geometry": { "type": "Point", "coordinates": [ -99.172023944556713, 19.419715376570821 ] } },
{ "type": "Feature", "properties": { "track_fid": 0, "track_seg_id": 0, "track_seg_point_id": 1622, "ele": 2248.199951171875, "time": "2025-03-17T21:01:01Z" }, "geometry": { "type": "Point", "coordinates": [ -99.172010365873575, 19.419703390449286 ] } },
{ "type": "Feature", "properties": { "track_fid": 0, "track_seg_id": 0, "track_seg_point_id": 1623, "ele": 2248.199951171875, "time": "2025-03-17T21:01:17Z" }, "geometry": { "type": "Point", "coordinates": [ -99.172003241255879, 19.419711269438267 ] } },
{ "type": "Feature", "properties": { "track_fid": 0, "track_seg_id": 0, "track_seg_point_id": 1624, "ele": 2248.39990234375, "time": "2025-03-17T21:01:29Z" }, "geometry": { "type": "Point", "coordinates": [ -99.172001481056213, 19.419689476490021 ] } },
{ "type": "Feature", "properties": { "track_fid": 0, "track_seg_id": 0, "track_seg_point_id": 1625, "ele": 2248.39990234375, "time": "2025-03-17T21:01:37Z" }, "geometry": { "type": "Point", "coordinates": [ -99.17199058458209, 19.419712191447616 ] } },
{ "type": "Feature", "properties": { "track_fid": 0, "track_seg_id": 0, "track_seg_point_id": 1626, "ele": 2248.39990234375, "time": "2025-03-17T21:01:52Z" }, "geometry": { "type": "Point", "coordinates": [ -99.171980945393443, 19.419720489531755 ] } },
{ "type": "Feature", "properties": { "track_fid": 0, "track_seg_id": 0, "track_seg_point_id": 1627, "ele": 2248.39990234375, "time": "2025-03-17T21:02:04Z" }, "geometry": { "type": "Point", "coordinates": [ -99.171984633430839, 19.419717974960804 ] } },
{ "type": "Feature", "properties": { "track_fid": 0, "track_seg_id": 0, "track_seg_point_id": 1628, "ele": 2248.60009765625, "time": "2025-03-17T21:02:16Z" }, "geometry": { "type": "Point", "coordinates": [ -99.171989997848868, 19.41970313899219 ] } },
{ "type": "Feature", "properties": { "track_fid": 0, "track_seg_id": 0, "track_seg_point_id": 1629, "ele": 2248.60009765625, "time": "2025-03-17T21:02:27Z" }, "geometry": { "type": "Point", "coordinates": [ -99.171986561268568, 19.419682854786515 ] } },
{ "type": "Feature", "properties": { "track_fid": 0, "track_seg_id": 0, "track_seg_point_id": 1630, "ele": 2248.800048828125, "time": "2025-03-17T21:02:37Z" }, "geometry": { "type": "Point", "coordinates": [ -99.171983124688268, 19.419681262224913 ] } },
{ "type": "Feature", "properties": { "track_fid": 0, "track_seg_id": 0, "track_seg_point_id": 1631, "ele": 2249.800048828125, "time": "2025-03-17T21:02:48Z" }, "geometry": { "type": "Point", "coordinates": [ -99.172037355601788, 19.419703977182508 ] } },
{ "type": "Feature", "properties": { "track_fid": 0, "track_seg_id": 0, "track_seg_point_id": 1632, "ele": 2250.0, "time": "2025-03-17T21:02:50Z" }, "geometry": { "type": "Point", "coordinates": [ -99.172054454684258, 19.419698445126414 ] } },
{ "type": "Feature", "properties": { "track_fid": 0, "track_seg_id": 0, "track_seg_point_id": 1633, "ele": 2252.199951171875, "time": "2025-03-17T21:03:01Z" }, "geometry": { "type": "Point", "coordinates": [ -99.172140369191766, 19.419708587229252 ] } },
{ "type": "Feature", "properties": { "track_fid": 0, "track_seg_id": 0, "track_seg_point_id": 1634, "ele": 2254.800048828125, "time": "2025-03-17T21:03:12Z" }, "geometry": { "type": "Point", "coordinates": [ -99.172221170738339, 19.419722920283675 ] } },
{ "type": "Feature", "properties": { "track_fid": 0, "track_seg_id": 0, "track_seg_point_id": 1635, "ele": 2257.0, "time": "2025-03-17T21:03:22Z" }, "geometry": { "type": "Point", "coordinates": [ -99.172304989770055, 19.41975636407733 ] } },
{ "type": "Feature", "properties": { "track_fid": 0, "track_seg_id": 0, "track_seg_point_id": 1636, "ele": 2259.800048828125, "time": "2025-03-17T21:03:35Z" }, "geometry": { "type": "Point", "coordinates": [ -99.172412948682904, 19.419691991060972 ] } },
{ "type": "Feature", "properties": { "track_fid": 0, "track_seg_id": 0, "track_seg_point_id": 1637, "ele": 2260.60009765625, "time": "2025-03-17T21:03:41Z" }, "geometry": { "type": "Point", "coordinates": [ -99.172467766329646, 19.419666174799204 ] } },
{ "type": "Feature", "properties": { "track_fid": 0, "track_seg_id": 0, "track_seg_point_id": 1638, "ele": 2260.39990234375, "time": "2025-03-17T21:03:51Z" }, "geometry": { "type": "Point", "coordinates": [ -99.172483775764704, 19.419632479548454 ] } },
{ "type": "Feature", "properties": { "track_fid": 0, "track_seg_id": 0, "track_seg_point_id": 1639, "ele": 2260.199951171875, "time": "2025-03-17T21:04:03Z" }, "geometry": { "type": "Point", "coordinates": [ -99.172497773543, 19.419615883380175 ] } },
{ "type": "Feature", "properties": { "track_fid": 0, "track_seg_id": 0, "track_seg_point_id": 1640, "ele": 2260.199951171875, "time": "2025-03-17T21:04:14Z" }, "geometry": { "type": "Point", "coordinates": [ -99.172515962272882, 19.419611860066652 ] } },
{ "type": "Feature", "properties": { "track_fid": 0, "track_seg_id": 0, "track_seg_point_id": 1641, "ele": 2260.199951171875, "time": "2025-03-17T21:04:24Z" }, "geometry": { "type": "Point", "coordinates": [ -99.172526020556688, 19.419611440971494 ] } },
{ "type": "Feature", "properties": { "track_fid": 0, "track_seg_id": 0, "track_seg_point_id": 1642, "ele": 2260.199951171875, "time": "2025-03-17T21:04:37Z" }, "geometry": { "type": "Point", "coordinates": [ -99.172530127689242, 19.419606244191527 ] } },
{ "type": "Feature", "properties": { "track_fid": 0, "track_seg_id": 0, "track_seg_point_id": 1643, "ele": 2261.0, "time": "2025-03-17T21:04:46Z" }, "geometry": { "type": "Point", "coordinates": [ -99.172551333904266, 19.419579841196537 ] } },
{ "type": "Feature", "properties": { "track_fid": 0, "track_seg_id": 0, "track_seg_point_id": 1644, "ele": 2261.60009765625, "time": "2025-03-17T21:04:52Z" }, "geometry": { "type": "Point", "coordinates": [ -99.172558961436152, 19.419558132067323 ] } },
{ "type": "Feature", "properties": { "track_fid": 0, "track_seg_id": 0, "track_seg_point_id": 1645, "ele": 2263.39990234375, "time": "2025-03-17T21:05:00Z" }, "geometry": { "type": "Point", "coordinates": [ -99.17260967195034, 19.419539021328092 ] } },
{ "type": "Feature", "properties": { "track_fid": 0, "track_seg_id": 0, "track_seg_point_id": 1646, "ele": 2265.800048828125, "time": "2025-03-17T21:05:10Z" }, "geometry": { "type": "Point", "coordinates": [ -99.172677733004093, 19.419507253915071 ] } },
{ "type": "Feature", "properties": { "track_fid": 0, "track_seg_id": 0, "track_seg_point_id": 1647, "ele": 2266.800048828125, "time": "2025-03-17T21:05:19Z" }, "geometry": { "type": "Point", "coordinates": [ -99.172737244516611, 19.419517982751131 ] } },
{ "type": "Feature", "properties": { "track_fid": 0, "track_seg_id": 0, "track_seg_point_id": 1648, "ele": 2267.39990234375, "time": "2025-03-17T21:05:29Z" }, "geometry": { "type": "Point", "coordinates": [ -99.172848556190729, 19.419554276391864 ] } },
{ "type": "Feature", "properties": { "track_fid": 0, "track_seg_id": 0, "track_seg_point_id": 1649, "ele": 2267.0, "time": "2025-03-17T21:05:44Z" }, "geometry": { "type": "Point", "coordinates": [ -99.173040837049484, 19.419475989416242 ] } },
{ "type": "Feature", "properties": { "track_fid": 0, "track_seg_id": 0, "track_seg_point_id": 1650, "ele": 2266.800048828125, "time": "2025-03-17T21:05:52Z" }, "geometry": { "type": "Point", "coordinates": [ -99.173111245036125, 19.41946174018085 ] } },
{ "type": "Feature", "properties": { "track_fid": 0, "track_seg_id": 0, "track_seg_point_id": 1651, "ele": 2267.800048828125, "time": "2025-03-17T21:06:04Z" }, "geometry": { "type": "Point", "coordinates": [ -99.173228675499558, 19.419449837878346 ] } },
{ "type": "Feature", "properties": { "track_fid": 0, "track_seg_id": 0, "track_seg_point_id": 1652, "ele": 2267.60009765625, "time": "2025-03-17T21:06:13Z" }, "geometry": { "type": "Point", "coordinates": [ -99.173320373520255, 19.419443467631936 ] } },
{ "type": "Feature", "properties": { "track_fid": 0, "track_seg_id": 0, "track_seg_point_id": 1653, "ele": 2268.39990234375, "time": "2025-03-17T21:06:25Z" }, "geometry": { "type": "Point", "coordinates": [ -99.173429673537612, 19.419445898383856 ] } },
{ "type": "Feature", "properties": { "track_fid": 0, "track_seg_id": 0, "track_seg_point_id": 1654, "ele": 2269.39990234375, "time": "2025-03-17T21:06:35Z" }, "geometry": { "type": "Point", "coordinates": [ -99.173566717654467, 19.419424189254642 ] } },
{ "type": "Feature", "properties": { "track_fid": 0, "track_seg_id": 0, "track_seg_point_id": 1655, "ele": 2270.39990234375, "time": "2025-03-17T21:06:44Z" }, "geometry": { "type": "Point", "coordinates": [ -99.173641484230757, 19.419424943625927 ] } },
{ "type": "Feature", "properties": { "track_fid": 0, "track_seg_id": 0, "track_seg_point_id": 1656, "ele": 2272.39990234375, "time": "2025-03-17T21:06:54Z" }, "geometry": { "type": "Point", "coordinates": [ -99.173739971593022, 19.419407760724425 ] } },
{ "type": "Feature", "properties": { "track_fid": 0, "track_seg_id": 0, "track_seg_point_id": 1657, "ele": 2273.199951171875, "time": "2025-03-17T21:07:06Z" }, "geometry": { "type": "Point", "coordinates": [ -99.173889672383666, 19.419390996918082 ] } },
{ "type": "Feature", "properties": { "track_fid": 0, "track_seg_id": 0, "track_seg_point_id": 1658, "ele": 2271.60009765625, "time": "2025-03-17T21:07:15Z" }, "geometry": { "type": "Point", "coordinates": [ -99.174015317112207, 19.41930927336216 ] } },
{ "type": "Feature", "properties": { "track_fid": 0, "track_seg_id": 0, "track_seg_point_id": 1659, "ele": 2271.0, "time": "2025-03-17T21:07:20Z" }, "geometry": { "type": "Point", "coordinates": [ -99.174055466428399, 19.419286223128438 ] } },
{ "type": "Feature", "properties": { "track_fid": 0, "track_seg_id": 0, "track_seg_point_id": 1660, "ele": 2271.199951171875, "time": "2025-03-17T21:07:29Z" }, "geometry": { "type": "Point", "coordinates": [ -99.174103327095509, 19.419280020520091 ] } },
{ "type": "Feature", "properties": { "track_fid": 0, "track_seg_id": 0, "track_seg_point_id": 1661, "ele": 2272.0, "time": "2025-03-17T21:07:37Z" }, "geometry": { "type": "Point", "coordinates": [ -99.174175998196006, 19.419277254492044 ] } },
{ "type": "Feature", "properties": { "track_fid": 0, "track_seg_id": 0, "track_seg_point_id": 1662, "ele": 2273.39990234375, "time": "2025-03-17T21:07:47Z" }, "geometry": { "type": "Point", "coordinates": [ -99.174279766157269, 19.419238781556487 ] } },
{ "type": "Feature", "properties": { "track_fid": 0, "track_seg_id": 0, "track_seg_point_id": 1663, "ele": 2274.60009765625, "time": "2025-03-17T21:07:53Z" }, "geometry": { "type": "Point", "coordinates": [ -99.174331147223711, 19.419208522886038 ] } },
{ "type": "Feature", "properties": { "track_fid": 0, "track_seg_id": 0, "track_seg_point_id": 1664, "ele": 2276.39990234375, "time": "2025-03-17T21:08:02Z" }, "geometry": { "type": "Point", "coordinates": [ -99.17441613972187, 19.419201230630279 ] } },
{ "type": "Feature", "properties": { "track_fid": 0, "track_seg_id": 0, "track_seg_point_id": 1665, "ele": 2277.39990234375, "time": "2025-03-17T21:08:12Z" }, "geometry": { "type": "Point", "coordinates": [ -99.174467772245407, 19.419186059385538 ] } },
{ "type": "Feature", "properties": { "track_fid": 0, "track_seg_id": 0, "track_seg_point_id": 1666, "ele": 2280.60009765625, "time": "2025-03-17T21:08:23Z" }, "geometry": { "type": "Point", "coordinates": [ -99.174544466659427, 19.41918077878654 ] } },
{ "type": "Feature", "properties": { "track_fid": 0, "track_seg_id": 0, "track_seg_point_id": 1667, "ele": 2280.60009765625, "time": "2025-03-17T21:08:31Z" }, "geometry": { "type": "Point", "coordinates": [ -99.1746770683676, 19.419198129326105 ] } },
{ "type": "Feature", "properties": { "track_fid": 0, "track_seg_id": 0, "track_seg_point_id": 1668, "ele": 2280.60009765625, "time": "2025-03-17T21:08:42Z" }, "geometry": { "type": "Point", "coordinates": [ -99.174768347293139, 19.419195530936122 ] } },
{ "type": "Feature", "properties": { "track_fid": 0, "track_seg_id": 0, "track_seg_point_id": 1669, "ele": 2278.199951171875, "time": "2025-03-17T21:08:48Z" }, "geometry": { "type": "Point", "coordinates": [ -99.17482609860599, 19.419162925332785 ] } },
{ "type": "Feature", "properties": { "track_fid": 0, "track_seg_id": 0, "track_seg_point_id": 1670, "ele": 2275.0, "time": "2025-03-17T21:08:59Z" }, "geometry": { "type": "Point", "coordinates": [ -99.174943445250392, 19.419114477932453 ] } },
{ "type": "Feature", "properties": { "track_fid": 0, "track_seg_id": 0, "track_seg_point_id": 1671, "ele": 2274.800048828125, "time": "2025-03-17T21:09:11Z" }, "geometry": { "type": "Point", "coordinates": [ -99.175000777468085, 19.419084386900067 ] } },
{ "type": "Feature", "properties": { "track_fid": 0, "track_seg_id": 0, "track_seg_point_id": 1672, "ele": 2273.60009765625, "time": "2025-03-17T21:09:25Z" }, "geometry": { "type": "Point", "coordinates": [ -99.175119549036026, 19.41905957646668 ] } },
{ "type": "Feature", "properties": { "track_fid": 0, "track_seg_id": 0, "track_seg_point_id": 1673, "ele": 2271.199951171875, "time": "2025-03-17T21:09:34Z" }, "geometry": { "type": "Point", "coordinates": [ -99.175204960629344, 19.41906108520925 ] } },
{ "type": "Feature", "properties": { "track_fid": 0, "track_seg_id": 0, "track_seg_point_id": 1674, "ele": 2270.60009765625, "time": "2025-03-17T21:09:38Z" }, "geometry": { "type": "Point", "coordinates": [ -99.175239158794284, 19.419064689427614 ] } },
{ "type": "Feature", "properties": { "track_fid": 0, "track_seg_id": 0, "track_seg_point_id": 1675, "ele": 2266.800048828125, "time": "2025-03-17T21:09:48Z" }, "geometry": { "type": "Point", "coordinates": [ -99.175326582044363, 19.419000232592225 ] } },
{ "type": "Feature", "properties": { "track_fid": 0, "track_seg_id": 0, "track_seg_point_id": 1676, "ele": 2264.800048828125, "time": "2025-03-17T21:09:54Z" }, "geometry": { "type": "Point", "coordinates": [ -99.175349297001958, 19.418976847082376 ] } },
{ "type": "Feature", "properties": { "track_fid": 0, "track_seg_id": 0, "track_seg_point_id": 1677, "ele": 2264.60009765625, "time": "2025-03-17T21:09:59Z" }, "geometry": { "type": "Point", "coordinates": [ -99.175379555672407, 19.418985061347485 ] } },
{ "type": "Feature", "properties": { "track_fid": 0, "track_seg_id": 0, "track_seg_point_id": 1678, "ele": 2263.60009765625, "time": "2025-03-17T21:10:05Z" }, "geometry": { "type": "Point", "coordinates": [ -99.1754593513906, 19.418987827375531 ] } },
{ "type": "Feature", "properties": { "track_fid": 0, "track_seg_id": 0, "track_seg_point_id": 1679, "ele": 2262.60009765625, "time": "2025-03-17T21:10:12Z" }, "geometry": { "type": "Point", "coordinates": [ -99.175493465736508, 19.418997466564178 ] } },
{ "type": "Feature", "properties": { "track_fid": 0, "track_seg_id": 0, "track_seg_point_id": 1680, "ele": 2261.800048828125, "time": "2025-03-17T21:10:19Z" }, "geometry": { "type": "Point", "coordinates": [ -99.17550285346806, 19.419003585353494 ] } },
{ "type": "Feature", "properties": { "track_fid": 0, "track_seg_id": 0, "track_seg_point_id": 1681, "ele": 2261.60009765625, "time": "2025-03-17T21:10:30Z" }, "geometry": { "type": "Point", "coordinates": [ -99.175466727465391, 19.419001238420606 ] } },
{ "type": "Feature", "properties": { "track_fid": 0, "track_seg_id": 0, "track_seg_point_id": 1682, "ele": 2260.39990234375, "time": "2025-03-17T21:10:44Z" }, "geometry": { "type": "Point", "coordinates": [ -99.175481982529163, 19.418888753280044 ] } },
{ "type": "Feature", "properties": { "track_fid": 0, "track_seg_id": 0, "track_seg_point_id": 1683, "ele": 2260.0, "time": "2025-03-17T21:10:55Z" }, "geometry": { "type": "Point", "coordinates": [ -99.175439653918147, 19.418823877349496 ] } },
{ "type": "Feature", "properties": { "track_fid": 0, "track_seg_id": 0, "track_seg_point_id": 1684, "ele": 2260.0, "time": "2025-03-17T21:11:05Z" }, "geometry": { "type": "Point", "coordinates": [ -99.175410652533174, 19.418777776882052 ] } },
{ "type": "Feature", "properties": { "track_fid": 0, "track_seg_id": 0, "track_seg_point_id": 1685, "ele": 2259.60009765625, "time": "2025-03-17T21:11:16Z" }, "geometry": { "type": "Point", "coordinates": [ -99.175399336963892, 19.418768221512437 ] } },
{ "type": "Feature", "properties": { "track_fid": 0, "track_seg_id": 0, "track_seg_point_id": 1686, "ele": 2259.60009765625, "time": "2025-03-17T21:11:27Z" }, "geometry": { "type": "Point", "coordinates": [ -99.17537628673017, 19.41875665448606 ] } },
{ "type": "Feature", "properties": { "track_fid": 0, "track_seg_id": 0, "track_seg_point_id": 1687, "ele": 2259.39990234375, "time": "2025-03-17T21:11:34Z" }, "geometry": { "type": "Point", "coordinates": [ -99.175362540408969, 19.418724048882723 ] } },
{ "type": "Feature", "properties": { "track_fid": 0, "track_seg_id": 0, "track_seg_point_id": 1688, "ele": 2259.199951171875, "time": "2025-03-17T21:11:45Z" }, "geometry": { "type": "Point", "coordinates": [ -99.175359522923827, 19.418711140751839 ] } },
{ "type": "Feature", "properties": { "track_fid": 0, "track_seg_id": 0, "track_seg_point_id": 1689, "ele": 2259.0, "time": "2025-03-17T21:11:58Z" }, "geometry": { "type": "Point", "coordinates": [ -99.175355164334178, 19.418696137145162 ] } },
{ "type": "Feature", "properties": { "track_fid": 0, "track_seg_id": 0, "track_seg_point_id": 1690, "ele": 2258.800048828125, "time": "2025-03-17T21:12:12Z" }, "geometry": { "type": "Point", "coordinates": [ -99.175344351679087, 19.41869261674583 ] } },
{ "type": "Feature", "properties": { "track_fid": 0, "track_seg_id": 0, "track_seg_point_id": 1691, "ele": 2258.60009765625, "time": "2025-03-17T21:12:24Z" }, "geometry": { "type": "Point", "coordinates": [ -99.175340663641691, 19.418688593432307 ] } },
{ "type": "Feature", "properties": { "track_fid": 0, "track_seg_id": 0, "track_seg_point_id": 1692, "ele": 2258.60009765625, "time": "2025-03-17T21:12:39Z" }, "geometry": { "type": "Point", "coordinates": [ -99.175341334193945, 19.418686078861356 ] } },
{ "type": "Feature", "properties": { "track_fid": 0, "track_seg_id": 0, "track_seg_point_id": 1693, "ele": 2258.39990234375, "time": "2025-03-17T21:12:50Z" }, "geometry": { "type": "Point", "coordinates": [ -99.17534158565104, 19.418681217357516 ] } },
{ "type": "Feature", "properties": { "track_fid": 0, "track_seg_id": 0, "track_seg_point_id": 1694, "ele": 2258.199951171875, "time": "2025-03-17T21:13:01Z" }, "geometry": { "type": "Point", "coordinates": [ -99.175340244546533, 19.418678618967533 ] } },
{ "type": "Feature", "properties": { "track_fid": 0, "track_seg_id": 0, "track_seg_point_id": 1695, "ele": 2258.199951171875, "time": "2025-03-17T21:13:16Z" }, "geometry": { "type": "Point", "coordinates": [ -99.175338484346867, 19.418679373338819 ] } },
{ "type": "Feature", "properties": { "track_fid": 0, "track_seg_id": 0, "track_seg_point_id": 1696, "ele": 2258.199951171875, "time": "2025-03-17T21:13:32Z" }, "geometry": { "type": "Point", "coordinates": [ -99.175341250374913, 19.41867551766336 ] } },
{ "type": "Feature", "properties": { "track_fid": 0, "track_seg_id": 0, "track_seg_point_id": 1697, "ele": 2258.199951171875, "time": "2025-03-17T21:13:50Z" }, "geometry": { "type": "Point", "coordinates": [ -99.175343932583928, 19.418674176558852 ] } },
{ "type": "Feature", "properties": { "track_fid": 0, "track_seg_id": 0, "track_seg_point_id": 1698, "ele": 2258.199951171875, "time": "2025-03-17T21:14:02Z" }, "geometry": { "type": "Point", "coordinates": [ -99.175357427448034, 19.41867358982563 ] } },
{ "type": "Feature", "properties": { "track_fid": 0, "track_seg_id": 0, "track_seg_point_id": 1699, "ele": 2258.199951171875, "time": "2025-03-17T21:14:13Z" }, "geometry": { "type": "Point", "coordinates": [ -99.175357259809971, 19.418677445501089 ] } },
{ "type": "Feature", "properties": { "track_fid": 0, "track_seg_id": 0, "track_seg_point_id": 1700, "ele": 2258.199951171875, "time": "2025-03-17T21:14:24Z" }, "geometry": { "type": "Point", "coordinates": [ -99.175348877906799, 19.41868188790977 ] } },
{ "type": "Feature", "properties": { "track_fid": 0, "track_seg_id": 0, "track_seg_point_id": 1701, "ele": 2258.199951171875, "time": "2025-03-17T21:14:35Z" }, "geometry": { "type": "Point", "coordinates": [ -99.175340244546533, 19.41868431866169 ] } },
{ "type": "Feature", "properties": { "track_fid": 0, "track_seg_id": 0, "track_seg_point_id": 1702, "ele": 2258.39990234375, "time": "2025-03-17T21:14:49Z" }, "geometry": { "type": "Point", "coordinates": [ -99.175342172384262, 19.418685659766197 ] } },
{ "type": "Feature", "properties": { "track_fid": 0, "track_seg_id": 0, "track_seg_point_id": 1703, "ele": 2258.39990234375, "time": "2025-03-17T21:15:01Z" }, "geometry": { "type": "Point", "coordinates": [ -99.175334628671408, 19.418689599260688 ] } },
{ "type": "Feature", "properties": { "track_fid": 0, "track_seg_id": 0, "track_seg_point_id": 1704, "ele": 2258.39990234375, "time": "2025-03-17T21:15:14Z" }, "geometry": { "type": "Point", "coordinates": [ -99.175331359729171, 19.418687336146832 ] } },
{ "type": "Feature", "properties": { "track_fid": 0, "track_seg_id": 0, "track_seg_point_id": 1705, "ele": 2258.39990234375, "time": "2025-03-17T21:15:28Z" }, "geometry": { "type": "Point", "coordinates": [ -99.175320127978921, 19.418691778555512 ] } },
{ "type": "Feature", "properties": { "track_fid": 0, "track_seg_id": 0, "track_seg_point_id": 1706, "ele": 2258.60009765625, "time": "2025-03-17T21:15:43Z" }, "geometry": { "type": "Point", "coordinates": [ -99.175329431891441, 19.418699322268367 ] } },
{ "type": "Feature", "properties": { "track_fid": 0, "track_seg_id": 0, "track_seg_point_id": 1707, "ele": 2258.800048828125, "time": "2025-03-17T21:15:58Z" }, "geometry": { "type": "Point", "coordinates": [ -99.175313841551542, 19.418708542361856 ] } },
{ "type": "Feature", "properties": { "track_fid": 0, "track_seg_id": 0, "track_seg_point_id": 1708, "ele": 2259.0, "time": "2025-03-17T21:16:08Z" }, "geometry": { "type": "Point", "coordinates": [ -99.175304118543863, 19.418709464371204 ] } },
{ "type": "Feature", "properties": { "track_fid": 0, "track_seg_id": 0, "track_seg_point_id": 1709, "ele": 2259.0, "time": "2025-03-17T21:16:21Z" }, "geometry": { "type": "Point", "coordinates": [ -99.175307052209973, 19.418712481856346 ] } },
{ "type": "Feature", "properties": { "track_fid": 0, "track_seg_id": 0, "track_seg_point_id": 1710, "ele": 2259.199951171875, "time": "2025-03-17T21:16:34Z" }, "geometry": { "type": "Point", "coordinates": [ -99.175309566780925, 19.418705692514777 ] } },
{ "type": "Feature", "properties": { "track_fid": 0, "track_seg_id": 0, "track_seg_point_id": 1711, "ele": 2259.199951171875, "time": "2025-03-17T21:16:45Z" }, "geometry": { "type": "Point", "coordinates": [ -99.175311494618654, 19.418701669201255 ] } },
{ "type": "Feature", "properties": { "track_fid": 0, "track_seg_id": 0, "track_seg_point_id": 1712, "ele": 2259.199951171875, "time": "2025-03-17T21:16:56Z" }, "geometry": { "type": "Point", "coordinates": [ -99.175317361950874, 19.418700998649001 ] } },
{ "type": "Feature", "properties": { "track_fid": 0, "track_seg_id": 0, "track_seg_point_id": 1713, "ele": 2259.0, "time": "2025-03-17T21:17:09Z" }, "geometry": { "type": "Point", "coordinates": [ -99.175310656428337, 19.418706027790904 ] } },
{ "type": "Feature", "properties": { "track_fid": 0, "track_seg_id": 0, "track_seg_point_id": 1714, "ele": 2259.0, "time": "2025-03-17T21:17:23Z" }, "geometry": { "type": "Point", "coordinates": [ -99.175313087180257, 19.418697478249669 ] } },
{ "type": "Feature", "properties": { "track_fid": 0, "track_seg_id": 0, "track_seg_point_id": 1715, "ele": 2259.0, "time": "2025-03-17T21:17:37Z" }, "geometry": { "type": "Point", "coordinates": [ -99.17531861923635, 19.418686497956514 ] } },
{ "type": "Feature", "properties": { "track_fid": 0, "track_seg_id": 0, "track_seg_point_id": 1716, "ele": 2259.0, "time": "2025-03-17T21:17:52Z" }, "geometry": { "type": "Point", "coordinates": [ -99.175325827673078, 19.418675852939487 ] } },
{ "type": "Feature", "properties": { "track_fid": 0, "track_seg_id": 0, "track_seg_point_id": 1717, "ele": 2259.199951171875, "time": "2025-03-17T21:18:07Z" }, "geometry": { "type": "Point", "coordinates": [ -99.175338316708803, 19.418673254549503 ] } },
{ "type": "Feature", "properties": { "track_fid": 0, "track_seg_id": 0, "track_seg_point_id": 1718, "ele": 2259.39990234375, "time": "2025-03-17T21:18:22Z" }, "geometry": { "type": "Point", "coordinates": [ -99.175339993089437, 19.418678535148501 ] } },
{ "type": "Feature", "properties": { "track_fid": 0, "track_seg_id": 0, "track_seg_point_id": 1719, "ele": 2259.800048828125, "time": "2025-03-17T21:18:39Z" }, "geometry": { "type": "Point", "coordinates": [ -99.175356756895781, 19.418681971728802 ] } },
{ "type": "Feature", "properties": { "track_fid": 0, "track_seg_id": 0, "track_seg_point_id": 1720, "ele": 2260.0, "time": "2025-03-17T21:18:54Z" }, "geometry": { "type": "Point", "coordinates": [ -99.175342842936516, 19.418680379167199 ] } },
{ "type": "Feature", "properties": { "track_fid": 0, "track_seg_id": 0, "track_seg_point_id": 1721, "ele": 2260.0, "time": "2025-03-17T21:19:11Z" }, "geometry": { "type": "Point", "coordinates": [ -99.175337646156549, 19.418681217357516 ] } },
{ "type": "Feature", "properties": { "track_fid": 0, "track_seg_id": 0, "track_seg_point_id": 1722, "ele": 2259.60009765625, "time": "2025-03-17T21:19:28Z" }, "geometry": { "type": "Point", "coordinates": [ -99.175354074686766, 19.418690353631973 ] } },
{ "type": "Feature", "properties": { "track_fid": 0, "track_seg_id": 0, "track_seg_point_id": 1723, "ele": 2259.39990234375, "time": "2025-03-17T21:19:43Z" }, "geometry": { "type": "Point", "coordinates": [ -99.175362456589937, 19.418688761070371 ] } },
{ "type": "Feature", "properties": { "track_fid": 0, "track_seg_id": 0, "track_seg_point_id": 1724, "ele": 2259.39990234375, "time": "2025-03-17T21:19:57Z" }, "geometry": { "type": "Point", "coordinates": [ -99.175358936190605, 19.418691443279386 ] } },
{ "type": "Feature", "properties": { "track_fid": 0, "track_seg_id": 0, "track_seg_point_id": 1725, "ele": 2259.39990234375, "time": "2025-03-17T21:20:13Z" }, "geometry": { "type": "Point", "coordinates": [ -99.175358852371573, 19.418688341975212 ] } },
{ "type": "Feature", "properties": { "track_fid": 0, "track_seg_id": 0, "track_seg_point_id": 1726, "ele": 2259.39990234375, "time": "2025-03-17T21:20:27Z" }, "geometry": { "type": "Point", "coordinates": [ -99.175354745239019, 19.41868431866169 ] } },
{ "type": "Feature", "properties": { "track_fid": 0, "track_seg_id": 0, "track_seg_point_id": 1727, "ele": 2259.39990234375, "time": "2025-03-17T21:20:37Z" }, "geometry": { "type": "Point", "coordinates": [ -99.175356756895781, 19.418684989213943 ] } },
{ "type": "Feature", "properties": { "track_fid": 0, "track_seg_id": 0, "track_seg_point_id": 1728, "ele": 2259.39990234375, "time": "2025-03-17T21:20:55Z" }, "geometry": { "type": "Point", "coordinates": [ -99.175346195697784, 19.418686665594578 ] } },
{ "type": "Feature", "properties": { "track_fid": 0, "track_seg_id": 0, "track_seg_point_id": 1729, "ele": 2259.60009765625, "time": "2025-03-17T21:21:11Z" }, "geometry": { "type": "Point", "coordinates": [ -99.175339573994279, 19.418689180165529 ] } },
{ "type": "Feature", "properties": { "track_fid": 0, "track_seg_id": 0, "track_seg_point_id": 1730, "ele": 2259.800048828125, "time": "2025-03-17T21:21:29Z" }, "geometry": { "type": "Point", "coordinates": [ -99.175327336415648, 19.418692197650671 ] } },
{ "type": "Feature", "properties": { "track_fid": 0, "track_seg_id": 0, "track_seg_point_id": 1731, "ele": 2259.800048828125, "time": "2025-03-17T21:21:45Z" }, "geometry": { "type": "Point", "coordinates": [ -99.175325827673078, 19.418698651716113 ] } },
{ "type": "Feature", "properties": { "track_fid": 0, "track_seg_id": 0, "track_seg_point_id": 1732, "ele": 2259.60009765625, "time": "2025-03-17T21:22:02Z" }, "geometry": { "type": "Point", "coordinates": [ -99.175325827673078, 19.41869655624032 ] } },
{ "type": "Feature", "properties": { "track_fid": 0, "track_seg_id": 0, "track_seg_point_id": 1733, "ele": 2259.60009765625, "time": "2025-03-17T21:22:17Z" }, "geometry": { "type": "Point", "coordinates": [ -99.175323145464063, 19.418692449107766 ] } },
{ "type": "Feature", "properties": { "track_fid": 0, "track_seg_id": 0, "track_seg_point_id": 1734, "ele": 2259.39990234375, "time": "2025-03-17T21:22:27Z" }, "geometry": { "type": "Point", "coordinates": [ -99.175331443548203, 19.418700747191906 ] } },
{ "type": "Feature", "properties": { "track_fid": 0, "track_seg_id": 0, "track_seg_point_id": 1735, "ele": 2259.39990234375, "time": "2025-03-17T21:22:36Z" }, "geometry": { "type": "Point", "coordinates": [ -99.175334628671408, 19.418698819354177 ] } },
{ "type": "Feature", "properties": { "track_fid": 0, "track_seg_id": 0, "track_seg_point_id": 1736, "ele": 2259.0, "time": "2025-03-17T21:22:48Z" }, "geometry": { "type": "Point", "coordinates": [ -99.175365557894111, 19.41870535723865 ] } },
{ "type": "Feature", "properties": { "track_fid": 0, "track_seg_id": 0, "track_seg_point_id": 1737, "ele": 2258.39990234375, "time": "2025-03-17T21:23:03Z" }, "geometry": { "type": "Point", "coordinates": [ -99.175408221781254, 19.418705860152841 ] } },
{ "type": "Feature", "properties": { "track_fid": 0, "track_seg_id": 0, "track_seg_point_id": 1738, "ele": 2258.60009765625, "time": "2025-03-17T21:23:18Z" }, "geometry": { "type": "Point", "coordinates": [ -99.175401097163558, 19.418706865981221 ] } },
{ "type": "Feature", "properties": { "track_fid": 0, "track_seg_id": 0, "track_seg_point_id": 1739, "ele": 2258.39990234375, "time": "2025-03-17T21:23:32Z" }, "geometry": { "type": "Point", "coordinates": [ -99.175395481288433, 19.418703261762857 ] } },
{ "type": "Feature", "properties": { "track_fid": 0, "track_seg_id": 0, "track_seg_point_id": 1740, "ele": 2258.39990234375, "time": "2025-03-17T21:23:49Z" }, "geometry": { "type": "Point", "coordinates": [ -99.175394140183926, 19.418704770505428 ] } },
{ "type": "Feature", "properties": { "track_fid": 0, "track_seg_id": 0, "track_seg_point_id": 1741, "ele": 2258.60009765625, "time": "2025-03-17T21:24:03Z" }, "geometry": { "type": "Point", "coordinates": [ -99.17539824731648, 19.418708793818951 ] } },
{ "type": "Feature", "properties": { "track_fid": 0, "track_seg_id": 0, "track_seg_point_id": 1742, "ele": 2258.60009765625, "time": "2025-03-17T21:24:21Z" }, "geometry": { "type": "Point", "coordinates": [ -99.175393972545862, 19.418711895123124 ] } },
{ "type": "Feature", "properties": { "track_fid": 0, "track_seg_id": 0, "track_seg_point_id": 1743, "ele": 2258.60009765625, "time": "2025-03-17T21:24:35Z" }, "geometry": { "type": "Point", "coordinates": [ -99.175377041101456, 19.418708961457014 ] } },
{ "type": "Feature", "properties": { "track_fid": 0, "track_seg_id": 0, "track_seg_point_id": 1744, "ele": 2258.60009765625, "time": "2025-03-17T21:24:46Z" }, "geometry": { "type": "Point", "coordinates": [ -99.175375867635012, 19.418707620352507 ] } },
{ "type": "Feature", "properties": { "track_fid": 0, "track_seg_id": 0, "track_seg_point_id": 1745, "ele": 2258.39990234375, "time": "2025-03-17T21:25:00Z" }, "geometry": { "type": "Point", "coordinates": [ -99.175376957282424, 19.418707536533475 ] } },
{ "type": "Feature", "properties": { "track_fid": 0, "track_seg_id": 0, "track_seg_point_id": 1746, "ele": 2258.39990234375, "time": "2025-03-17T21:25:13Z" }, "geometry": { "type": "Point", "coordinates": [ -99.175362624228001, 19.418704686686397 ] } },
{ "type": "Feature", "properties": { "track_fid": 0, "track_seg_id": 0, "track_seg_point_id": 1747, "ele": 2257.800048828125, "time": "2025-03-17T21:25:28Z" }, "geometry": { "type": "Point", "coordinates": [ -99.175320379436016, 19.41867358982563 ] } },
{ "type": "Feature", "properties": { "track_fid": 0, "track_seg_id": 0, "track_seg_point_id": 1748, "ele": 2257.39990234375, "time": "2025-03-17T21:25:44Z" }, "geometry": { "type": "Point", "coordinates": [ -99.175302442163229, 19.418674930930138 ] } },
{ "type": "Feature", "properties": { "track_fid": 0, "track_seg_id": 0, "track_seg_point_id": 1749, "ele": 2257.199951171875, "time": "2025-03-17T21:25:55Z" }, "geometry": { "type": "Point", "coordinates": [ -99.175297748297453, 19.418674930930138 ] } },
{ "type": "Feature", "properties": { "track_fid": 0, "track_seg_id": 0, "track_seg_point_id": 1750, "ele": 2257.0, "time": "2025-03-17T21:26:05Z" }, "geometry": { "type": "Point", "coordinates": [ -99.175299257040024, 19.418678032234311 ] } },
{ "type": "Feature", "properties": { "track_fid": 0, "track_seg_id": 0, "track_seg_point_id": 1751, "ele": 2256.800048828125, "time": "2025-03-17T21:26:23Z" }, "geometry": { "type": "Point", "coordinates": [ -99.175302777439356, 19.418682977557182 ] } },
{ "type": "Feature", "properties": { "track_fid": 0, "track_seg_id": 0, "track_seg_point_id": 1752, "ele": 2256.800048828125, "time": "2025-03-17T21:26:37Z" }, "geometry": { "type": "Point", "coordinates": [ -99.175309482961893, 19.418686078861356 ] } },
{ "type": "Feature", "properties": { "track_fid": 0, "track_seg_id": 0, "track_seg_point_id": 1753, "ele": 2257.0, "time": "2025-03-17T21:26:54Z" }, "geometry": { "type": "Point", "coordinates": [ -99.175321469083428, 19.418681971728802 ] } },
{ "type": "Feature", "properties": { "track_fid": 0, "track_seg_id": 0, "track_seg_point_id": 1754, "ele": 2257.0, "time": "2025-03-17T21:27:06Z" }, "geometry": { "type": "Point", "coordinates": [ -99.175330689176917, 19.418680379167199 ] } },
{ "type": "Feature", "properties": { "track_fid": 0, "track_seg_id": 0, "track_seg_point_id": 1755, "ele": 2257.0, "time": "2025-03-17T21:27:16Z" }, "geometry": { "type": "Point", "coordinates": [ -99.17532792314887, 19.418674344196916 ] } },
{ "type": "Feature", "properties": { "track_fid": 0, "track_seg_id": 0, "track_seg_point_id": 1756, "ele": 2256.60009765625, "time": "2025-03-17T21:27:33Z" }, "geometry": { "type": "Point", "coordinates": [ -99.175295820459723, 19.418701753020287 ] } },
{ "type": "Feature", "properties": { "track_fid": 0, "track_seg_id": 0, "track_seg_point_id": 1757, "ele": 2256.39990234375, "time": "2025-03-17T21:27:41Z" }, "geometry": { "type": "Point", "coordinates": [ -99.175303364172578, 19.418715750798583 ] } },
{ "type": "Feature", "properties": { "track_fid": 0, "track_seg_id": 0, "track_seg_point_id": 1758, "ele": 2256.39990234375, "time": "2025-03-17T21:27:54Z" }, "geometry": { "type": "Point", "coordinates": [ -99.175305794924498, 19.418718433007598 ] } },
{ "type": "Feature", "properties": { "track_fid": 0, "track_seg_id": 0, "track_seg_point_id": 1759, "ele": 2256.199951171875, "time": "2025-03-17T21:28:06Z" }, "geometry": { "type": "Point", "coordinates": [ -99.175308141857386, 19.418715499341488 ] } },
{ "type": "Feature", "properties": { "track_fid": 0, "track_seg_id": 0, "track_seg_point_id": 1760, "ele": 2256.199951171875, "time": "2025-03-17T21:28:18Z" }, "geometry": { "type": "Point", "coordinates": [ -99.175303867086768, 19.418714661151171 ] } },
{ "type": "Feature", "properties": { "track_fid": 0, "track_seg_id": 0, "track_seg_point_id": 1761, "ele": 2256.0, "time": "2025-03-17T21:28:31Z" }, "geometry": { "type": "Point", "coordinates": [ -99.175308560952544, 19.418712146580219 ] } },
{ "type": "Feature", "properties": { "track_fid": 0, "track_seg_id": 0, "track_seg_point_id": 1762, "ele": 2255.800048828125, "time": "2025-03-17T21:28:49Z" }, "geometry": { "type": "Point", "coordinates": [ -99.175315350294113, 19.418712481856346 ] } },
{ "type": "Feature", "properties": { "track_fid": 0, "track_seg_id": 0, "track_seg_point_id": 1763, "ele": 2255.60009765625, "time": "2025-03-17T21:29:03Z" }, "geometry": { "type": "Point", "coordinates": [ -99.175321469083428, 19.418707536533475 ] } },
{ "type": "Feature", "properties": { "track_fid": 0, "track_seg_id": 0, "track_seg_point_id": 1764, "ele": 2255.39990234375, "time": "2025-03-17T21:29:22Z" }, "geometry": { "type": "Point", "coordinates": [ -99.175321720540524, 19.418701585382223 ] } },
{ "type": "Feature", "properties": { "track_fid": 0, "track_seg_id": 0, "track_seg_point_id": 1765, "ele": 2255.39990234375, "time": "2025-03-17T21:29:37Z" }, "geometry": { "type": "Point", "coordinates": [ -99.17531912215054, 19.418701669201255 ] } },
{ "type": "Feature", "properties": { "track_fid": 0, "track_seg_id": 0, "track_seg_point_id": 1766, "ele": 2255.39990234375, "time": "2025-03-17T21:29:49Z" }, "geometry": { "type": "Point", "coordinates": [ -99.175318954512477, 19.418704519048333 ] } },
{ "type": "Feature", "properties": { "track_fid": 0, "track_seg_id": 0, "track_seg_point_id": 1767, "ele": 2255.39990234375, "time": "2025-03-17T21:30:04Z" }, "geometry": { "type": "Point", "coordinates": [ -99.175313925370574, 19.418707536533475 ] } },
{ "type": "Feature", "properties": { "track_fid": 0, "track_seg_id": 0, "track_seg_point_id": 1768, "ele": 2255.39990234375, "time": "2025-03-17T21:30:21Z" }, "geometry": { "type": "Point", "coordinates": [ -99.175322139635682, 19.418705692514777 ] } },
{ "type": "Feature", "properties": { "track_fid": 0, "track_seg_id": 0, "track_seg_point_id": 1769, "ele": 2255.199951171875, "time": "2025-03-17T21:30:35Z" }, "geometry": { "type": "Point", "coordinates": [ -99.175331192091107, 19.418699992820621 ] } },
{ "type": "Feature", "properties": { "track_fid": 0, "track_seg_id": 0, "track_seg_point_id": 1770, "ele": 2255.199951171875, "time": "2025-03-17T21:30:49Z" }, "geometry": { "type": "Point", "coordinates": [ -99.175320295616984, 19.418703932315111 ] } },
{ "type": "Feature", "properties": { "track_fid": 0, "track_seg_id": 0, "track_seg_point_id": 1771, "ele": 2255.199951171875, "time": "2025-03-17T21:30:59Z" }, "geometry": { "type": "Point", "coordinates": [ -99.175316691398621, 19.418705943971872 ] } },
{ "type": "Feature", "properties": { "track_fid": 0, "track_seg_id": 0, "track_seg_point_id": 1772, "ele": 2255.39990234375, "time": "2025-03-17T21:31:15Z" }, "geometry": { "type": "Point", "coordinates": [ -99.175312835723162, 19.418710554018617 ] } },
{ "type": "Feature", "properties": { "track_fid": 0, "track_seg_id": 0, "track_seg_point_id": 1773, "ele": 2255.39990234375, "time": "2025-03-17T21:31:32Z" }, "geometry": { "type": "Point", "coordinates": [ -99.175305627286434, 19.418711476027966 ] } },
{ "type": "Feature", "properties": { "track_fid": 0, "track_seg_id": 0, "track_seg_point_id": 1774, "ele": 2255.39990234375, "time": "2025-03-17T21:31:41Z" }, "geometry": { "type": "Point", "coordinates": [ -99.175304537639022, 19.418711727485061 ] } },
{ "type": "Feature", "properties": { "track_fid": 0, "track_seg_id": 0, "track_seg_point_id": 1775, "ele": 2255.39990234375, "time": "2025-03-17T21:31:56Z" }, "geometry": { "type": "Point", "coordinates": [ -99.175308393314481, 19.418713990598917 ] } },
{ "type": "Feature", "properties": { "track_fid": 0, "track_seg_id": 0, "track_seg_point_id": 1776, "ele": 2255.199951171875, "time": "2025-03-17T21:32:11Z" }, "geometry": { "type": "Point", "coordinates": [ -99.175320630893111, 19.41870728507638 ] } },
{ "type": "Feature", "properties": { "track_fid": 0, "track_seg_id": 0, "track_seg_point_id": 1777, "ele": 2255.0, "time": "2025-03-17T21:32:23Z" }, "geometry": { "type": "Point", "coordinates": [ -99.175324738025665, 19.418700244277716 ] } },
{ "type": "Feature", "properties": { "track_fid": 0, "track_seg_id": 0, "track_seg_point_id": 1778, "ele": 2255.0, "time": "2025-03-17T21:32:38Z" }, "geometry": { "type": "Point", "coordinates": [ -99.175329683348536, 19.418699070811272 ] } },
{ "type": "Feature", "properties": { "track_fid": 0, "track_seg_id": 0, "track_seg_point_id": 1779, "ele": 2255.0, "time": "2025-03-17T21:32:54Z" }, "geometry": { "type": "Point", "coordinates": [ -99.17533228173852, 19.418699657544494 ] } },
{ "type": "Feature", "properties": { "track_fid": 0, "track_seg_id": 0, "track_seg_point_id": 1780, "ele": 2254.800048828125, "time": "2025-03-17T21:33:11Z" }, "geometry": { "type": "Point", "coordinates": [ -99.175325073301792, 19.418712230399251 ] } },
{ "type": "Feature", "properties": { "track_fid": 0, "track_seg_id": 0, "track_seg_point_id": 1781, "ele": 2254.60009765625, "time": "2025-03-17T21:33:31Z" }, "geometry": { "type": "Point", "coordinates": [ -99.175359690561891, 19.418717678636312 ] } },
{ "type": "Feature", "properties": { "track_fid": 0, "track_seg_id": 0, "track_seg_point_id": 1782, "ele": 2254.800048828125, "time": "2025-03-17T21:33:46Z" }, "geometry": { "type": "Point", "coordinates": [ -99.175361786037683, 19.418705273419619 ] } },
{ "type": "Feature", "properties": { "track_fid": 0, "track_seg_id": 0, "track_seg_point_id": 1783, "ele": 2255.0, "time": "2025-03-17T21:34:03Z" }, "geometry": { "type": "Point", "coordinates": [ -99.175358265638351, 19.418695885688066 ] } },
{ "type": "Feature", "properties": { "track_fid": 0, "track_seg_id": 0, "track_seg_point_id": 1784, "ele": 2255.0, "time": "2025-03-17T21:34:11Z" }, "geometry": { "type": "Point", "coordinates": [ -99.175351141020656, 19.418692868202925 ] } },
{ "type": "Feature", "properties": { "track_fid": 0, "track_seg_id": 0, "track_seg_point_id": 1785, "ele": 2254.800048828125, "time": "2025-03-17T21:34:26Z" }, "geometry": { "type": "Point", "coordinates": [ -99.175356589257717, 19.418685492128134 ] } },
{ "type": "Feature", "properties": { "track_fid": 0, "track_seg_id": 0, "track_seg_point_id": 1786, "ele": 2254.800048828125, "time": "2025-03-17T21:34:44Z" }, "geometry": { "type": "Point", "coordinates": [ -99.175347033888102, 19.418683648109436 ] } },
{ "type": "Feature", "properties": { "track_fid": 0, "track_seg_id": 0, "track_seg_point_id": 1787, "ele": 2254.39990234375, "time": "2025-03-17T21:34:55Z" }, "geometry": { "type": "Point", "coordinates": [ -99.175347788259387, 19.418674679473042 ] } },
{ "type": "Feature", "properties": { "track_fid": 0, "track_seg_id": 0, "track_seg_point_id": 1788, "ele": 2254.39990234375, "time": "2025-03-17T21:35:07Z" }, "geometry": { "type": "Point", "coordinates": [ -99.175342256203294, 19.418680630624294 ] } },
{ "type": "Feature", "properties": { "track_fid": 0, "track_seg_id": 0, "track_seg_point_id": 1789, "ele": 2254.39990234375, "time": "2025-03-17T21:35:21Z" }, "geometry": { "type": "Point", "coordinates": [ -99.175339993089437, 19.418689431622624 ] } },
{ "type": "Feature", "properties": { "track_fid": 0, "track_seg_id": 0, "track_seg_point_id": 1790, "ele": 2254.199951171875, "time": "2025-03-17T21:35:33Z" }, "geometry": { "type": "Point", "coordinates": [ -99.175351979210973, 19.41869898699224 ] } },
{ "type": "Feature", "properties": { "track_fid": 0, "track_seg_id": 0, "track_seg_point_id": 1791, "ele": 2254.0, "time": "2025-03-17T21:35:42Z" }, "geometry": { "type": "Point", "coordinates": [ -99.175357343629003, 19.418694460764527 ] } },
{ "type": "Feature", "properties": { "track_fid": 0, "track_seg_id": 0, "track_seg_point_id": 1792, "ele": 2253.800048828125, "time": "2025-03-17T21:35:58Z" }, "geometry": { "type": "Point", "coordinates": [ -99.175358852371573, 19.418691778555512 ] } },
{ "type": "Feature", "properties": { "track_fid": 0, "track_seg_id": 0, "track_seg_point_id": 1793, "ele": 2253.800048828125, "time": "2025-03-17T21:36:14Z" }, "geometry": { "type": "Point", "coordinates": [ -99.175368156284094, 19.418687922880054 ] } },
{ "type": "Feature", "properties": { "track_fid": 0, "track_seg_id": 0, "track_seg_point_id": 1794, "ele": 2253.800048828125, "time": "2025-03-17T21:36:30Z" }, "geometry": { "type": "Point", "coordinates": [ -99.175376454368234, 19.418678786605597 ] } },
{ "type": "Feature", "properties": { "track_fid": 0, "track_seg_id": 0, "track_seg_point_id": 1795, "ele": 2253.800048828125, "time": "2025-03-17T21:36:45Z" }, "geometry": { "type": "Point", "coordinates": [ -99.175371341407299, 19.418670488521457 ] } },
{ "type": "Feature", "properties": { "track_fid": 0, "track_seg_id": 0, "track_seg_point_id": 1796, "ele": 2253.800048828125, "time": "2025-03-17T21:37:00Z" }, "geometry": { "type": "Point", "coordinates": [ -99.17536212131381, 19.418674176558852 ] } },
{ "type": "Feature", "properties": { "track_fid": 0, "track_seg_id": 0, "track_seg_point_id": 1797, "ele": 2253.800048828125, "time": "2025-03-17T21:37:13Z" }, "geometry": { "type": "Point", "coordinates": [ -99.175361366942525, 19.418670572340488 ] } },
{ "type": "Feature", "properties": { "track_fid": 0, "track_seg_id": 0, "track_seg_point_id": 1798, "ele": 2253.60009765625, "time": "2025-03-17T21:37:31Z" }, "geometry": { "type": "Point", "coordinates": [ -99.175359858199954, 19.418684067204595 ] } },
{ "type": "Feature", "properties": { "track_fid": 0, "track_seg_id": 0, "track_seg_point_id": 1799, "ele": 2253.60009765625, "time": "2025-03-17T21:37:47Z" }, "geometry": { "type": "Point", "coordinates": [ -99.175354829058051, 19.418689766898751 ] } },
{ "type": "Feature", "properties": { "track_fid": 0, "track_seg_id": 0, "track_seg_point_id": 1800, "ele": 2253.60009765625, "time": "2025-03-17T21:38:06Z" }, "geometry": { "type": "Point", "coordinates": [ -99.175354242324829, 19.418691862374544 ] } },
{ "type": "Feature", "properties": { "track_fid": 0, "track_seg_id": 0, "track_seg_point_id": 1801, "ele": 2253.39990234375, "time": "2025-03-17T21:38:24Z" }, "geometry": { "type": "Point", "coordinates": [ -99.175336556509137, 19.418702591210604 ] } },
{ "type": "Feature", "properties": { "track_fid": 0, "track_seg_id": 0, "track_seg_point_id": 1802, "ele": 2253.39990234375, "time": "2025-03-17T21:38:43Z" }, "geometry": { "type": "Point", "coordinates": [ -99.175333539023995, 19.418683899566531 ] } },
{ "type": "Feature", "properties": { "track_fid": 0, "track_seg_id": 0, "track_seg_point_id": 1803, "ele": 2253.39990234375, "time": "2025-03-17T21:38:55Z" }, "geometry": { "type": "Point", "coordinates": [ -99.175325492396951, 19.418685659766197 ] } },
{ "type": "Feature", "properties": { "track_fid": 0, "track_seg_id": 0, "track_seg_point_id": 1804, "ele": 2253.39990234375, "time": "2025-03-17T21:39:10Z" }, "geometry": { "type": "Point", "coordinates": [ -99.175298167392612, 19.418686246499419 ] } },
{ "type": "Feature", "properties": { "track_fid": 0, "track_seg_id": 0, "track_seg_point_id": 1805, "ele": 2253.60009765625, "time": "2025-03-17T21:39:28Z" }, "geometry": { "type": "Point", "coordinates": [ -99.175342172384262, 19.418670991435647 ] } },
{ "type": "Feature", "properties": { "track_fid": 0, "track_seg_id": 0, "track_seg_point_id": 1806, "ele": 2253.60009765625, "time": "2025-03-17T21:39:30Z" }, "geometry": { "type": "Point", "coordinates": [ -99.175357259809971, 19.418659172952175 ] } },
{ "type": "Feature", "properties": { "track_fid": 0, "track_seg_id": 0, "track_seg_point_id": 1807, "ele": 2255.0, "time": "2025-03-17T21:39:41Z" }, "geometry": { "type": "Point", "coordinates": [ -99.175436049699783, 19.418634697794914 ] } },
{ "type": "Feature", "properties": { "track_fid": 0, "track_seg_id": 0, "track_seg_point_id": 1808, "ele": 2255.800048828125, "time": "2025-03-17T21:39:52Z" }, "geometry": { "type": "Point", "coordinates": [ -99.175426997244358, 19.418637799099088 ] } },
{ "type": "Feature", "properties": { "track_fid": 0, "track_seg_id": 0, "track_seg_point_id": 1809, "ele": 2255.800048828125, "time": "2025-03-17T21:39:59Z" }, "geometry": { "type": "Point", "coordinates": [ -99.175426326692104, 19.418638218194246 ] } },
{ "type": "Feature", "properties": { "track_fid": 0, "track_seg_id": 0, "track_seg_point_id": 1810, "ele": 2255.39990234375, "time": "2025-03-17T21:40:13Z" }, "geometry": { "type": "Point", "coordinates": [ -99.175398331135511, 19.418617095798254 ] } },
{ "type": "Feature", "properties": { "track_fid": 0, "track_seg_id": 0, "track_seg_point_id": 1811, "ele": 2255.199951171875, "time": "2025-03-17T21:40:24Z" }, "geometry": { "type": "Point", "coordinates": [ -99.175398666411638, 19.418606283143163 ] } },
{ "type": "Feature", "properties": { "track_fid": 0, "track_seg_id": 0, "track_seg_point_id": 1812, "ele": 2255.199951171875, "time": "2025-03-17T21:40:36Z" }, "geometry": { "type": "Point", "coordinates": [ -99.175394726917148, 19.418605361133814 ] } },
{ "type": "Feature", "properties": { "track_fid": 0, "track_seg_id": 0, "track_seg_point_id": 1813, "ele": 2255.199951171875, "time": "2025-03-17T21:40:52Z" }, "geometry": { "type": "Point", "coordinates": [ -99.175399169325829, 19.418604858219624 ] } },
{ "type": "Feature", "properties": { "track_fid": 0, "track_seg_id": 0, "track_seg_point_id": 1814, "ele": 2255.39990234375, "time": "2025-03-17T21:41:07Z" }, "geometry": { "type": "Point", "coordinates": [ -99.175399336963892, 19.418602427467704 ] } },
{ "type": "Feature", "properties": { "track_fid": 0, "track_seg_id": 0, "track_seg_point_id": 1815, "ele": 2255.60009765625, "time": "2025-03-17T21:41:21Z" }, "geometry": { "type": "Point", "coordinates": [ -99.175378382205963, 19.418652299791574 ] } },
{ "type": "Feature", "properties": { "track_fid": 0, "track_seg_id": 0, "track_seg_point_id": 1816, "ele": 2255.60009765625, "time": "2025-03-17T21:41:34Z" }, "geometry": { "type": "Point", "coordinates": [ -99.17537871748209, 19.418648444116116 ] } },
{ "type": "Feature", "properties": { "track_fid": 0, "track_seg_id": 0, "track_seg_point_id": 1817, "ele": 2255.60009765625, "time": "2025-03-17T21:41:49Z" }, "geometry": { "type": "Point", "coordinates": [ -99.175376789644361, 19.418658167123795 ] } },
{ "type": "Feature", "properties": { "track_fid": 0, "track_seg_id": 0, "track_seg_point_id": 1818, "ele": 2255.60009765625, "time": "2025-03-17T21:41:58Z" }, "geometry": { "type": "Point", "coordinates": [ -99.175386680290103, 19.418648779392242 ] } },
{ "type": "Feature", "properties": { "track_fid": 0, "track_seg_id": 0, "track_seg_point_id": 1819, "ele": 2254.800048828125, "time": "2025-03-17T21:42:14Z" }, "geometry": { "type": "Point", "coordinates": [ -99.175428254529834, 19.418599745258689 ] } },
{ "type": "Feature", "properties": { "track_fid": 0, "track_seg_id": 0, "track_seg_point_id": 1820, "ele": 2254.800048828125, "time": "2025-03-17T21:42:26Z" }, "geometry": { "type": "Point", "coordinates": [ -99.175430769100785, 19.418587172403932 ] } },
{ "type": "Feature", "properties": { "track_fid": 0, "track_seg_id": 0, "track_seg_point_id": 1821, "ele": 2254.60009765625, "time": "2025-03-17T21:42:43Z" }, "geometry": { "type": "Point", "coordinates": [ -99.175426578149199, 19.418583819642663 ] } },
{ "type": "Feature", "properties": { "track_fid": 0, "track_seg_id": 0, "track_seg_point_id": 1822, "ele": 2254.39990234375, "time": "2025-03-17T21:42:59Z" }, "geometry": { "type": "Point", "coordinates": [ -99.175426661968231, 19.418592872098088 ] } },
{ "type": "Feature", "properties": { "track_fid": 0, "track_seg_id": 0, "track_seg_point_id": 1823, "ele": 2254.199951171875, "time": "2025-03-17T21:43:10Z" }, "geometry": { "type": "Point", "coordinates": [ -99.175425991415977, 19.418600834906101 ] } },
{ "type": "Feature", "properties": { "track_fid": 0, "track_seg_id": 0, "track_seg_point_id": 1824, "ele": 2254.0, "time": "2025-03-17T21:43:27Z" }, "geometry": { "type": "Point", "coordinates": [ -99.175424063578248, 19.418620783835649 ] } },
{ "type": "Feature", "properties": { "track_fid": 0, "track_seg_id": 0, "track_seg_point_id": 1825, "ele": 2254.0, "time": "2025-03-17T21:43:41Z" }, "geometry": { "type": "Point", "coordinates": [ -99.175421465188265, 19.418624639511108 ] } },
{ "type": "Feature", "properties": { "track_fid": 0, "track_seg_id": 0, "track_seg_point_id": 1826, "ele": 2253.800048828125, "time": "2025-03-17T21:43:58Z" }, "geometry": { "type": "Point", "coordinates": [ -99.175417190417647, 19.418634781613946 ] } },
{ "type": "Feature", "properties": { "track_fid": 0, "track_seg_id": 0, "track_seg_point_id": 1827, "ele": 2254.0, "time": "2025-03-17T21:44:14Z" }, "geometry": { "type": "Point", "coordinates": [ -99.175409730523825, 19.418631764128804 ] } },
{ "type": "Feature", "properties": { "track_fid": 0, "track_seg_id": 0, "track_seg_point_id": 1828, "ele": 2253.800048828125, "time": "2025-03-17T21:44:26Z" }, "geometry": { "type": "Point", "coordinates": [ -99.175397744402289, 19.418640648946166 ] } },
{ "type": "Feature", "properties": { "track_fid": 0, "track_seg_id": 0, "track_seg_point_id": 1829, "ele": 2253.60009765625, "time": "2025-03-17T21:44:38Z" }, "geometry": { "type": "Point", "coordinates": [ -99.17540118098259, 19.418649030849338 ] } },
{ "type": "Feature", "properties": { "track_fid": 0, "track_seg_id": 0, "track_seg_point_id": 1830, "ele": 2253.800048828125, "time": "2025-03-17T21:44:49Z" }, "geometry": { "type": "Point", "coordinates": [ -99.175384249538183, 19.418661268427968 ] } },
{ "type": "Feature", "properties": { "track_fid": 0, "track_seg_id": 0, "track_seg_point_id": 1831, "ele": 2254.0, "time": "2025-03-17T21:45:03Z" }, "geometry": { "type": "Point", "coordinates": [ -99.175351057201624, 19.41870535723865 ] } },
{ "type": "Feature", "properties": { "track_fid": 0, "track_seg_id": 0, "track_seg_point_id": 1832, "ele": 2254.199951171875, "time": "2025-03-17T21:45:12Z" }, "geometry": { "type": "Point", "coordinates": [ -99.175352230668068, 19.418703177943826 ] } },
{ "type": "Feature", "properties": { "track_fid": 0, "track_seg_id": 0, "track_seg_point_id": 1833, "ele": 2254.199951171875, "time": "2025-03-17T21:45:25Z" }, "geometry": { "type": "Point", "coordinates": [ -99.17535625398159, 19.418704267591238 ] } },
{ "type": "Feature", "properties": { "track_fid": 0, "track_seg_id": 0, "track_seg_point_id": 1834, "ele": 2254.39990234375, "time": "2025-03-17T21:45:40Z" }, "geometry": { "type": "Point", "coordinates": [ -99.175351392477751, 19.418702926486731 ] } },
{ "type": "Feature", "properties": { "track_fid": 0, "track_seg_id": 0, "track_seg_point_id": 1835, "ele": 2254.39990234375, "time": "2025-03-17T21:45:52Z" }, "geometry": { "type": "Point", "coordinates": [ -99.175365222617984, 19.418674176558852 ] } },
{ "type": "Feature", "properties": { "track_fid": 0, "track_seg_id": 0, "track_seg_point_id": 1836, "ele": 2254.60009765625, "time": "2025-03-17T21:45:59Z" }, "geometry": { "type": "Point", "coordinates": [ -99.175367821007967, 19.418662944808602 ] } },
{ "type": "Feature", "properties": { "track_fid": 0, "track_seg_id": 0, "track_seg_point_id": 1837, "ele": 2254.800048828125, "time": "2025-03-17T21:46:07Z" }, "geometry": { "type": "Point", "coordinates": [ -99.175368659198284, 19.418667554855347 ] } },
{ "type": "Feature", "properties": { "track_fid": 0, "track_seg_id": 0, "track_seg_point_id": 1838, "ele": 2255.0, "time": "2025-03-17T21:46:22Z" }, "geometry": { "type": "Point", "coordinates": [ -99.175348626449704, 19.418676272034645 ] } },
{ "type": "Feature", "properties": { "track_fid": 0, "track_seg_id": 0, "track_seg_point_id": 1839, "ele": 2254.800048828125, "time": "2025-03-17T21:46:31Z" }, "geometry": { "type": "Point", "coordinates": [ -99.175349632278085, 19.41867652349174 ] } },
{ "type": "Feature", "properties": { "track_fid": 0, "track_seg_id": 0, "track_seg_point_id": 1840, "ele": 2254.800048828125, "time": "2025-03-17T21:46:48Z" }, "geometry": { "type": "Point", "coordinates": [ -99.17535332031548, 19.418676272034645 ] } },
{ "type": "Feature", "properties": { "track_fid": 0, "track_seg_id": 0, "track_seg_point_id": 1841, "ele": 2254.800048828125, "time": "2025-03-17T21:47:07Z" }, "geometry": { "type": "Point", "coordinates": [ -99.17534795589745, 19.418674176558852 ] } },
{ "type": "Feature", "properties": { "track_fid": 0, "track_seg_id": 0, "track_seg_point_id": 1842, "ele": 2255.0, "time": "2025-03-17T21:47:19Z" }, "geometry": { "type": "Point", "coordinates": [ -99.175340496003628, 19.418686330318451 ] } },
{ "type": "Feature", "properties": { "track_fid": 0, "track_seg_id": 0, "track_seg_point_id": 1843, "ele": 2254.800048828125, "time": "2025-03-17T21:47:34Z" }, "geometry": { "type": "Point", "coordinates": [ -99.175344770774245, 19.418678367510438 ] } },
{ "type": "Feature", "properties": { "track_fid": 0, "track_seg_id": 0, "track_seg_point_id": 1844, "ele": 2254.800048828125, "time": "2025-03-17T21:47:54Z" }, "geometry": { "type": "Point", "coordinates": [ -99.175348794087768, 19.418682055547833 ] } },
{ "type": "Feature", "properties": { "track_fid": 0, "track_seg_id": 0, "track_seg_point_id": 1845, "ele": 2254.60009765625, "time": "2025-03-17T21:48:06Z" }, "geometry": { "type": "Point", "coordinates": [ -99.175348961725831, 19.418681636452675 ] } },
{ "type": "Feature", "properties": { "track_fid": 0, "track_seg_id": 0, "track_seg_point_id": 1846, "ele": 2254.60009765625, "time": "2025-03-17T21:48:19Z" }, "geometry": { "type": "Point", "coordinates": [ -99.175348794087768, 19.418686581775546 ] } },
{ "type": "Feature", "properties": { "track_fid": 0, "track_seg_id": 0, "track_seg_point_id": 1847, "ele": 2254.199951171875, "time": "2025-03-17T21:48:32Z" }, "geometry": { "type": "Point", "coordinates": [ -99.175339238718152, 19.418686833232641 ] } },
{ "type": "Feature", "properties": { "track_fid": 0, "track_seg_id": 0, "track_seg_point_id": 1848, "ele": 2253.800048828125, "time": "2025-03-17T21:48:44Z" }, "geometry": { "type": "Point", "coordinates": [ -99.175346279516816, 19.418667387217283 ] } },
{ "type": "Feature", "properties": { "track_fid": 0, "track_seg_id": 0, "track_seg_point_id": 1849, "ele": 2252.60009765625, "time": "2025-03-17T21:48:54Z" }, "geometry": { "type": "Point", "coordinates": [ -99.175363965332508, 19.418652970343828 ] } },
{ "type": "Feature", "properties": { "track_fid": 0, "track_seg_id": 0, "track_seg_point_id": 1850, "ele": 2252.0, "time": "2025-03-17T21:49:04Z" }, "geometry": { "type": "Point", "coordinates": [ -99.17536698281765, 19.418658167123795 ] } },
{ "type": "Feature", "properties": { "track_fid": 0, "track_seg_id": 0, "track_seg_point_id": 1851, "ele": 2249.800048828125, "time": "2025-03-17T21:49:16Z" }, "geometry": { "type": "Point", "coordinates": [ -99.175398666411638, 19.41871264949441 ] } },
{ "type": "Feature", "properties": { "track_fid": 0, "track_seg_id": 0, "track_seg_point_id": 1852, "ele": 2249.0, "time": "2025-03-17T21:49:26Z" }, "geometry": { "type": "Point", "coordinates": [ -99.175444934517145, 19.418746344745159 ] } },
{ "type": "Feature", "properties": { "track_fid": 0, "track_seg_id": 0, "track_seg_point_id": 1853, "ele": 2251.39990234375, "time": "2025-03-17T21:49:39Z" }, "geometry": { "type": "Point", "coordinates": [ -99.175480138510466, 19.418840138241649 ] } },
{ "type": "Feature", "properties": { "track_fid": 0, "track_seg_id": 0, "track_seg_point_id": 1854, "ele": 2253.60009765625, "time": "2025-03-17T21:49:49Z" }, "geometry": { "type": "Point", "coordinates": [ -99.175509223714471, 19.418859584257007 ] } },
{ "type": "Feature", "properties": { "track_fid": 0, "track_seg_id": 0, "track_seg_point_id": 1855, "ele": 2255.39990234375, "time": "2025-03-17T21:49:57Z" }, "geometry": { "type": "Point", "coordinates": [ -99.175509726628661, 19.418841563165188 ] } },
{ "type": "Feature", "properties": { "track_fid": 0, "track_seg_id": 0, "track_seg_point_id": 1856, "ele": 2259.199951171875, "time": "2025-03-17T21:50:09Z" }, "geometry": { "type": "Point", "coordinates": [ -99.17559128254652, 19.41883678548038 ] } },
{ "type": "Feature", "properties": { "track_fid": 0, "track_seg_id": 0, "track_seg_point_id": 1857, "ele": 2262.199951171875, "time": "2025-03-17T21:50:17Z" }, "geometry": { "type": "Point", "coordinates": [ -99.175648028030992, 19.418864361941814 ] } },
{ "type": "Feature", "properties": { "track_fid": 0, "track_seg_id": 0, "track_seg_point_id": 1858, "ele": 2265.199951171875, "time": "2025-03-17T21:50:32Z" }, "geometry": { "type": "Point", "coordinates": [ -99.175702258944511, 19.419067455455661 ] } },
{ "type": "Feature", "properties": { "track_fid": 0, "track_seg_id": 0, "track_seg_point_id": 1859, "ele": 2267.39990234375, "time": "2025-03-17T21:50:42Z" }, "geometry": { "type": "Point", "coordinates": [ -99.175770487636328, 19.419188825413585 ] } },
{ "type": "Feature", "properties": { "track_fid": 0, "track_seg_id": 0, "track_seg_point_id": 1860, "ele": 2269.0, "time": "2025-03-17T21:50:52Z" }, "geometry": { "type": "Point", "coordinates": [ -99.175816839560866, 19.419251186773181 ] } },
{ "type": "Feature", "properties": { "track_fid": 0, "track_seg_id": 0, "track_seg_point_id": 1861, "ele": 2270.800048828125, "time": "2025-03-17T21:50:59Z" }, "geometry": { "type": "Point", "coordinates": [ -99.175878195092082, 19.419296449050307 ] } },
{ "type": "Feature", "properties": { "track_fid": 0, "track_seg_id": 0, "track_seg_point_id": 1862, "ele": 2271.199951171875, "time": "2025-03-17T21:51:02Z" }, "geometry": { "type": "Point", "coordinates": [ -99.175891689956188, 19.419308938086033 ] } },
{ "type": "Feature", "properties": { "track_fid": 0, "track_seg_id": 0, "track_seg_point_id": 1863, "ele": 2270.60009765625, "time": "2025-03-17T21:51:11Z" }, "geometry": { "type": "Point", "coordinates": [ -99.175939885899425, 19.41938353702426 ] } },
{ "type": "Feature", "properties": { "track_fid": 0, "track_seg_id": 0, "track_seg_point_id": 1864, "ele": 2269.39990234375, "time": "2025-03-17T21:51:19Z" }, "geometry": { "type": "Point", "coordinates": [ -99.176036026328802, 19.419424440711737 ] } },
{ "type": "Feature", "properties": { "track_fid": 0, "track_seg_id": 0, "track_seg_point_id": 1865, "ele": 2265.800048828125, "time": "2025-03-17T21:51:28Z" }, "geometry": { "type": "Point", "coordinates": [ -99.176162844523787, 19.419447323307395 ] } },
{ "type": "Feature", "properties": { "track_fid": 0, "track_seg_id": 0, "track_seg_point_id": 1866, "ele": 2265.60009765625, "time": "2025-03-17T21:51:36Z" }, "geometry": { "type": "Point", "coordinates": [ -99.17617617174983, 19.419459644705057 ] } },
{ "type": "Feature", "properties": { "track_fid": 0, "track_seg_id": 0, "track_seg_point_id": 1867, "ele": 2265.800048828125, "time": "2025-03-17T21:51:47Z" }, "geometry": { "type": "Point", "coordinates": [ -99.176176339387894, 19.419471463188529 ] } },
{ "type": "Feature", "properties": { "track_fid": 0, "track_seg_id": 0, "track_seg_point_id": 1868, "ele": 2266.39990234375, "time": "2025-03-17T21:52:00Z" }, "geometry": { "type": "Point", "coordinates": [ -99.176169717684388, 19.419511025771499 ] } },
{ "type": "Feature", "properties": { "track_fid": 0, "track_seg_id": 0, "track_seg_point_id": 1869, "ele": 2266.60009765625, "time": "2025-03-17T21:52:07Z" }, "geometry": { "type": "Point", "coordinates": [ -99.176170472055674, 19.419515216723084 ] } },
{ "type": "Feature", "properties": { "track_fid": 0, "track_seg_id": 0, "track_seg_point_id": 1870, "ele": 2267.0, "time": "2025-03-17T21:52:17Z" }, "geometry": { "type": "Point", "coordinates": [ -99.17619519867003, 19.419542960822582 ] } },
{ "type": "Feature", "properties": { "track_fid": 0, "track_seg_id": 0, "track_seg_point_id": 1871, "ele": 2267.39990234375, "time": "2025-03-17T21:52:25Z" }, "geometry": { "type": "Point", "coordinates": [ -99.176178686320782, 19.419535584747791 ] } },
{ "type": "Feature", "properties": { "track_fid": 0, "track_seg_id": 0, "track_seg_point_id": 1872, "ele": 2267.60009765625, "time": "2025-03-17T21:52:33Z" }, "geometry": { "type": "Point", "coordinates": [ -99.176173824816942, 19.419530052691698 ] } },
{ "type": "Feature", "properties": { "track_fid": 0, "track_seg_id": 0, "track_seg_point_id": 1873, "ele": 2267.800048828125, "time": "2025-03-17T21:52:39Z" }, "geometry": { "type": "Point", "coordinates": [ -99.17617516592145, 19.419508595019579 ] } },
{ "type": "Feature", "properties": { "track_fid": 0, "track_seg_id": 0, "track_seg_point_id": 1874, "ele": 2267.60009765625, "time": "2025-03-17T21:52:46Z" }, "geometry": { "type": "Point", "coordinates": [ -99.176169466227293, 19.419495519250631 ] } },
{ "type": "Feature", "properties": { "track_fid": 0, "track_seg_id": 0, "track_seg_point_id": 1875, "ele": 2267.800048828125, "time": "2025-03-17T21:52:53Z" }, "geometry": { "type": "Point", "coordinates": [ -99.176150858402252, 19.419489065185189 ] } },
{ "type": "Feature", "properties": { "track_fid": 0, "track_seg_id": 0, "track_seg_point_id": 1876, "ele": 2267.800048828125, "time": "2025-03-17T21:53:01Z" }, "geometry": { "type": "Point", "coordinates": [ -99.176180027425289, 19.419498955830932 ] } },
{ "type": "Feature", "properties": { "track_fid": 0, "track_seg_id": 0, "track_seg_point_id": 1877, "ele": 2267.60009765625, "time": "2025-03-17T21:53:13Z" }, "geometry": { "type": "Point", "coordinates": [ -99.176212716847658, 19.419515551999211 ] } },
{ "type": "Feature", "properties": { "track_fid": 0, "track_seg_id": 0, "track_seg_point_id": 1878, "ele": 2267.800048828125, "time": "2025-03-17T21:53:22Z" }, "geometry": { "type": "Point", "coordinates": [ -99.176213890314102, 19.419534830376506 ] } },
{ "type": "Feature", "properties": { "track_fid": 0, "track_seg_id": 0, "track_seg_point_id": 1879, "ele": 2268.0, "time": "2025-03-17T21:53:30Z" }, "geometry": { "type": "Point", "coordinates": [ -99.176244484260678, 19.419581852853298 ] } },
{ "type": "Feature", "properties": { "track_fid": 0, "track_seg_id": 0, "track_seg_point_id": 1880, "ele": 2267.800048828125, "time": "2025-03-17T21:53:37Z" }, "geometry": { "type": "Point", "coordinates": [ -99.176252279430628, 19.41958193667233 ] } },
{ "type": "Feature", "properties": { "track_fid": 0, "track_seg_id": 0, "track_seg_point_id": 1881, "ele": 2269.60009765625, "time": "2025-03-17T21:53:46Z" }, "geometry": { "type": "Point", "coordinates": [ -99.176261918619275, 19.419576488435268 ] } },
{ "type": "Feature", "properties": { "track_fid": 0, "track_seg_id": 0, "track_seg_point_id": 1882, "ele": 2271.199951171875, "time": "2025-03-17T21:53:56Z" }, "geometry": { "type": "Point", "coordinates": [ -99.176246076822281, 19.419597359374166 ] } },
{ "type": "Feature", "properties": { "track_fid": 0, "track_seg_id": 0, "track_seg_point_id": 1883, "ele": 2274.199951171875, "time": "2025-03-17T21:54:08Z" }, "geometry": { "type": "Point", "coordinates": [ -99.176091598346829, 19.419543882831931 ] } },
{ "type": "Feature", "properties": { "track_fid": 0, "track_seg_id": 0, "track_seg_point_id": 1884, "ele": 2278.0, "time": "2025-03-17T21:54:19Z" }, "geometry": { "type": "Point", "coordinates": [ -99.176007276400924, 19.419460482895374 ] } },
{ "type": "Feature", "properties": { "track_fid": 0, "track_seg_id": 0, "track_seg_point_id": 1885, "ele": 2282.199951171875, "time": "2025-03-17T21:54:31Z" }, "geometry": { "type": "Point", "coordinates": [ -99.175932426005602, 19.419391667470336 ] } },
{ "type": "Feature", "properties": { "track_fid": 0, "track_seg_id": 0, "track_seg_point_id": 1886, "ele": 2285.0, "time": "2025-03-17T21:54:41Z" }, "geometry": { "type": "Point", "coordinates": [ -99.175857324153185, 19.419323354959488 ] } },
{ "type": "Feature", "properties": { "track_fid": 0, "track_seg_id": 0, "track_seg_point_id": 1887, "ele": 2286.0, "time": "2025-03-17T21:54:52Z" }, "geometry": { "type": "Point", "coordinates": [ -99.175793118774891, 19.419222855940461 ] } },
{ "type": "Feature", "properties": { "track_fid": 0, "track_seg_id": 0, "track_seg_point_id": 1888, "ele": 2284.39990234375, "time": "2025-03-17T21:55:03Z" }, "geometry": { "type": "Point", "coordinates": [ -99.175653476268053, 19.41908354870975 ] } },
{ "type": "Feature", "properties": { "track_fid": 0, "track_seg_id": 0, "track_seg_point_id": 1889, "ele": 2284.60009765625, "time": "2025-03-17T21:55:18Z" }, "geometry": { "type": "Point", "coordinates": [ -99.175640651956201, 19.419066365808249 ] } },
{ "type": "Feature", "properties": { "track_fid": 0, "track_seg_id": 0, "track_seg_point_id": 1890, "ele": 2284.199951171875, "time": "2025-03-17T21:55:57Z" }, "geometry": { "type": "Point", "coordinates": [ -99.175773086026311, 19.41898045130074 ] } },
{ "type": "Feature", "properties": { "track_fid": 0, "track_seg_id": 0, "track_seg_point_id": 1891, "ele": 2284.39990234375, "time": "2025-03-17T21:56:06Z" }, "geometry": { "type": "Point", "coordinates": [ -99.175750957801938, 19.418783644214272 ] } },
{ "type": "Feature", "properties": { "track_fid": 0, "track_seg_id": 0, "track_seg_point_id": 1892, "ele": 2284.199951171875, "time": "2025-03-17T21:56:13Z" }, "geometry": { "type": "Point", "coordinates": [ -99.175732852891088, 19.418804598972201 ] } },
{ "type": "Feature", "properties": { "track_fid": 0, "track_seg_id": 0, "track_seg_point_id": 1893, "ele": 2283.60009765625, "time": "2025-03-17T21:56:27Z" }, "geometry": { "type": "Point", "coordinates": [ -99.175738384947181, 19.418904092162848 ] } },
{ "type": "Feature", "properties": { "track_fid": 0, "track_seg_id": 0, "track_seg_point_id": 1894, "ele": 2283.39990234375, "time": "2025-03-17T21:56:28Z" }, "geometry": { "type": "Point", "coordinates": [ -99.175742827355862, 19.418915826827288 ] } },
{ "type": "Feature", "properties": { "track_fid": 0, "track_seg_id": 0, "track_seg_point_id": 1895, "ele": 2282.60009765625, "time": "2025-03-17T21:56:50Z" }, "geometry": { "type": "Point", "coordinates": [ -99.175514839589596, 19.419144736602902 ] } },
{ "type": "Feature", "properties": { "track_fid": 0, "track_seg_id": 0, "track_seg_point_id": 1896, "ele": 2278.0, "time": "2025-03-17T21:56:52Z" }, "geometry": { "type": "Point", "coordinates": [ -99.175637131556869, 19.419080950319767 ] } },
{ "type": "Feature", "properties": { "track_fid": 0, "track_seg_id": 0, "track_seg_point_id": 1897, "ele": 2275.800048828125, "time": "2025-03-17T21:56:53Z" }, "geometry": { "type": "Point", "coordinates": [ -99.175610393285751, 19.419042393565178 ] } },
{ "type": "Feature", "properties": { "track_fid": 0, "track_seg_id": 0, "track_seg_point_id": 1898, "ele": 2264.39990234375, "time": "2025-03-17T21:57:00Z" }, "geometry": { "type": "Point", "coordinates": [ -99.175672419369221, 19.41897165030241 ] } },
{ "type": "Feature", "properties": { "track_fid": 0, "track_seg_id": 0, "track_seg_point_id": 1899, "ele": 2261.60009765625, "time": "2025-03-17T21:57:11Z" }, "geometry": { "type": "Point", "coordinates": [ -99.175652135163546, 19.418914653360844 ] } },
{ "type": "Feature", "properties": { "track_fid": 0, "track_seg_id": 0, "track_seg_point_id": 1900, "ele": 2259.0, "time": "2025-03-17T21:57:24Z" }, "geometry": { "type": "Point", "coordinates": [ -99.175604525953531, 19.418864529579878 ] } },
{ "type": "Feature", "properties": { "track_fid": 0, "track_seg_id": 0, "track_seg_point_id": 1901, "ele": 2261.800048828125, "time": "2025-03-17T21:57:36Z" }, "geometry": { "type": "Point", "coordinates": [ -99.175552893429995, 19.418783728033304 ] } },
{ "type": "Feature", "properties": { "track_fid": 0, "track_seg_id": 0, "track_seg_point_id": 1902, "ele": 2264.0, "time": "2025-03-17T21:57:44Z" }, "geometry": { "type": "Point", "coordinates": [ -99.175529088824987, 19.418753888458014 ] } },
{ "type": "Feature", "properties": { "track_fid": 0, "track_seg_id": 0, "track_seg_point_id": 1903, "ele": 2265.199951171875, "time": "2025-03-17T21:57:57Z" }, "geometry": { "type": "Point", "coordinates": [ -99.175452226772904, 19.41867945715785 ] } },
{ "type": "Feature", "properties": { "track_fid": 0, "track_seg_id": 0, "track_seg_point_id": 1904, "ele": 2266.800048828125, "time": "2025-03-17T21:58:09Z" }, "geometry": { "type": "Point", "coordinates": [ -99.175324067473412, 19.418578036129475 ] } },
{ "type": "Feature", "properties": { "track_fid": 0, "track_seg_id": 0, "track_seg_point_id": 1905, "ele": 2268.0, "time": "2025-03-17T21:58:19Z" }, "geometry": { "type": "Point", "coordinates": [ -99.175245529040694, 19.418502934277058 ] } },
{ "type": "Feature", "properties": { "track_fid": 0, "track_seg_id": 0, "track_seg_point_id": 1906, "ele": 2270.800048828125, "time": "2025-03-17T21:58:33Z" }, "geometry": { "type": "Point", "coordinates": [ -99.175144275650382, 19.418423222377896 ] } },
{ "type": "Feature", "properties": { "track_fid": 0, "track_seg_id": 0, "track_seg_point_id": 1907, "ele": 2271.0, "time": "2025-03-17T21:58:43Z" }, "geometry": { "type": "Point", "coordinates": [ -99.175088116899133, 19.418305791914463 ] } },
{ "type": "Feature", "properties": { "track_fid": 0, "track_seg_id": 0, "track_seg_point_id": 1908, "ele": 2270.800048828125, "time": "2025-03-17T21:58:49Z" }, "geometry": { "type": "Point", "coordinates": [ -99.17509725317359, 19.418222727254033 ] } },
{ "type": "Feature", "properties": { "track_fid": 0, "track_seg_id": 0, "track_seg_point_id": 1909, "ele": 2271.0, "time": "2025-03-17T21:58:53Z" }, "geometry": { "type": "Point", "coordinates": [ -99.175095073878765, 19.418200347572565 ] } },
{ "type": "Feature", "properties": { "track_fid": 0, "track_seg_id": 0, "track_seg_point_id": 1910, "ele": 2269.60009765625, "time": "2025-03-17T21:59:02Z" }, "geometry": { "type": "Point", "coordinates": [ -99.175081830471754, 19.418149469420314 ] } },
{ "type": "Feature", "properties": { "track_fid": 0, "track_seg_id": 0, "track_seg_point_id": 1911, "ele": 2268.800048828125, "time": "2025-03-17T21:59:10Z" }, "geometry": { "type": "Point", "coordinates": [ -99.175047967582941, 19.418063051998615 ] } },
{ "type": "Feature", "properties": { "track_fid": 0, "track_seg_id": 0, "track_seg_point_id": 1912, "ele": 2269.800048828125, "time": "2025-03-17T21:59:21Z" }, "geometry": { "type": "Point", "coordinates": [ -99.175016283988953, 19.417944699525833 ] } },
{ "type": "Feature", "properties": { "track_fid": 0, "track_seg_id": 0, "track_seg_point_id": 1913, "ele": 2271.60009765625, "time": "2025-03-17T21:59:36Z" }, "geometry": { "type": "Point", "coordinates": [ -99.175063893198967, 19.417755352333188 ] } },
{ "type": "Feature", "properties": { "track_fid": 0, "track_seg_id": 0, "track_seg_point_id": 1914, "ele": 2274.0, "time": "2025-03-17T21:59:50Z" }, "geometry": { "type": "Point", "coordinates": [ -99.175134720280766, 19.417593330144882 ] } },
{ "type": "Feature", "properties": { "track_fid": 0, "track_seg_id": 0, "track_seg_point_id": 1915, "ele": 2275.199951171875, "time": "2025-03-17T22:00:01Z" }, "geometry": { "type": "Point", "coordinates": [ -99.175171265378594, 19.417503727599978 ] } },
{ "type": "Feature", "properties": { "track_fid": 0, "track_seg_id": 0, "track_seg_point_id": 1916, "ele": 2275.199951171875, "time": "2025-03-17T22:00:08Z" }, "geometry": { "type": "Point", "coordinates": [ -99.175191046670079, 19.417490819469094 ] } },
{ "type": "Feature", "properties": { "track_fid": 0, "track_seg_id": 0, "track_seg_point_id": 1917, "ele": 2276.0, "time": "2025-03-17T22:00:17Z" }, "geometry": { "type": "Point", "coordinates": [ -99.175205798819661, 19.417441533878446 ] } },
{ "type": "Feature", "properties": { "track_fid": 0, "track_seg_id": 0, "track_seg_point_id": 1918, "ele": 2276.39990234375, "time": "2025-03-17T22:00:27Z" }, "geometry": { "type": "Point", "coordinates": [ -99.175279559567571, 19.417346734553576 ] } },
{ "type": "Feature", "properties": { "track_fid": 0, "track_seg_id": 0, "track_seg_point_id": 1919, "ele": 2275.60009765625, "time": "2025-03-17T22:00:40Z" }, "geometry": { "type": "Point", "coordinates": [ -99.175369162112474, 19.417148921638727 ] } },
{ "type": "Feature", "properties": { "track_fid": 0, "track_seg_id": 0, "track_seg_point_id": 1920, "ele": 2275.60009765625, "time": "2025-03-17T22:00:51Z" }, "geometry": { "type": "Point", "coordinates": [ -99.175459435209632, 19.417035933583975 ] } },
{ "type": "Feature", "properties": { "track_fid": 0, "track_seg_id": 0, "track_seg_point_id": 1921, "ele": 2275.800048828125, "time": "2025-03-17T22:01:01Z" }, "geometry": { "type": "Point", "coordinates": [ -99.175535878166556, 19.416961586102843 ] } },
{ "type": "Feature", "properties": { "track_fid": 0, "track_seg_id": 0, "track_seg_point_id": 1922, "ele": 2274.800048828125, "time": "2025-03-17T22:01:12Z" }, "geometry": { "type": "Point", "coordinates": [ -99.175576530396938, 19.416890842840075 ] } },
{ "type": "Feature", "properties": { "track_fid": 0, "track_seg_id": 0, "track_seg_point_id": 1923, "ele": 2275.199951171875, "time": "2025-03-17T22:01:16Z" }, "geometry": { "type": "Point", "coordinates": [ -99.175560269504786, 19.416876845061779 ] } },
{ "type": "Feature", "properties": { "track_fid": 0, "track_seg_id": 0, "track_seg_point_id": 1924, "ele": 2275.800048828125, "time": "2025-03-17T22:01:19Z" }, "geometry": { "type": "Point", "coordinates": [ -99.175551636144519, 19.416870977729559 ] } },
{ "type": "Feature", "properties": { "track_fid": 0, "track_seg_id": 0, "track_seg_point_id": 1925, "ele": 2276.0, "time": "2025-03-17T22:01:20Z" }, "geometry": { "type": "Point", "coordinates": [ -99.175547193735838, 19.4168671220541 ] } },
{ "type": "Feature", "properties": { "track_fid": 0, "track_seg_id": 0, "track_seg_point_id": 1926, "ele": 2277.60009765625, "time": "2025-03-17T22:01:30Z" }, "geometry": { "type": "Point", "coordinates": [ -99.175500590354204, 19.416795456781983 ] } },
{ "type": "Feature", "properties": { "track_fid": 0, "track_seg_id": 0, "track_seg_point_id": 1927, "ele": 2278.0, "time": "2025-03-17T22:01:40Z" }, "geometry": { "type": "Point", "coordinates": [ -99.17541392147541, 19.416730832308531 ] } },
{ "type": "Feature", "properties": { "track_fid": 0, "track_seg_id": 0, "track_seg_point_id": 1928, "ele": 2277.60009765625, "time": "2025-03-17T22:01:51Z" }, "geometry": { "type": "Point", "coordinates": [ -99.175316020846367, 19.416677691042423 ] } },
{ "type": "Feature", "properties": { "track_fid": 0, "track_seg_id": 0, "track_seg_point_id": 1929, "ele": 2277.199951171875, "time": "2025-03-17T22:01:59Z" }, "geometry": { "type": "Point", "coordinates": [ -99.175220299512148, 19.416645336896181 ] } },
{ "type": "Feature", "properties": { "track_fid": 0, "track_seg_id": 0, "track_seg_point_id": 1930, "ele": 2277.199951171875, "time": "2025-03-17T22:02:06Z" }, "geometry": { "type": "Point", "coordinates": [ -99.175160368904471, 19.416616335511208 ] } },
{ "type": "Feature", "properties": { "track_fid": 0, "track_seg_id": 0, "track_seg_point_id": 1931, "ele": 2277.0, "time": "2025-03-17T22:02:13Z" }, "geometry": { "type": "Point", "coordinates": [ -99.175098929554224, 19.41658666357398 ] } },
{ "type": "Feature", "properties": { "track_fid": 0, "track_seg_id": 0, "track_seg_point_id": 1932, "ele": 2277.199951171875, "time": "2025-03-17T22:02:14Z" }, "geometry": { "type": "Point", "coordinates": [ -99.175092726945877, 19.416576437652111 ] } },
{ "type": "Feature", "properties": { "track_fid": 0, "track_seg_id": 0, "track_seg_point_id": 1933, "ele": 2277.60009765625, "time": "2025-03-17T22:02:23Z" }, "geometry": { "type": "Point", "coordinates": [ -99.175012931227684, 19.416550537571311 ] } },
{ "type": "Feature", "properties": { "track_fid": 0, "track_seg_id": 0, "track_seg_point_id": 1934, "ele": 2277.60009765625, "time": "2025-03-17T22:02:30Z" }, "geometry": { "type": "Point", "coordinates": [ -99.174956940114498, 19.416508292779326 ] } },
{ "type": "Feature", "properties": { "track_fid": 0, "track_seg_id": 0, "track_seg_point_id": 1935, "ele": 2277.199951171875, "time": "2025-03-17T22:02:41Z" }, "geometry": { "type": "Point", "coordinates": [ -99.17485979385674, 19.416424725204706 ] } },
{ "type": "Feature", "properties": { "track_fid": 0, "track_seg_id": 0, "track_seg_point_id": 1936, "ele": 2276.800048828125, "time": "2025-03-17T22:02:45Z" }, "geometry": { "type": "Point", "coordinates": [ -99.174836073070765, 19.416410392150283 ] } },
{ "type": "Feature", "properties": { "track_fid": 0, "track_seg_id": 0, "track_seg_point_id": 1937, "ele": 2275.0, "time": "2025-03-17T22:02:52Z" }, "geometry": { "type": "Point", "coordinates": [ -99.174786619842052, 19.416390275582671 ] } },
{ "type": "Feature", "properties": { "track_fid": 0, "track_seg_id": 0, "track_seg_point_id": 1938, "ele": 2266.0, "time": "2025-03-17T22:03:42Z" }, "geometry": { "type": "Point", "coordinates": [ -99.174826517701149, 19.416232528164983 ] } },
{ "type": "Feature", "properties": { "track_fid": 0, "track_seg_id": 0, "track_seg_point_id": 1939, "ele": 2265.60009765625, "time": "2025-03-17T22:03:53Z" }, "geometry": { "type": "Point", "coordinates": [ -99.1748031321913, 19.416254991665483 ] } },
{ "type": "Feature", "properties": { "track_fid": 0, "track_seg_id": 0, "track_seg_point_id": 1940, "ele": 2265.800048828125, "time": "2025-03-17T22:04:06Z" }, "geometry": { "type": "Point", "coordinates": [ -99.174793744459748, 19.416279383003712 ] } },
{ "type": "Feature", "properties": { "track_fid": 0, "track_seg_id": 0, "track_seg_point_id": 1941, "ele": 2266.199951171875, "time": "2025-03-17T22:04:20Z" }, "geometry": { "type": "Point", "coordinates": [ -99.174808328971267, 19.416255578398705 ] } },
{ "type": "Feature", "properties": { "track_fid": 0, "track_seg_id": 0, "track_seg_point_id": 1942, "ele": 2266.800048828125, "time": "2025-03-17T22:04:30Z" }, "geometry": { "type": "Point", "coordinates": [ -99.174806820228696, 19.41622263751924 ] } },
{ "type": "Feature", "properties": { "track_fid": 0, "track_seg_id": 0, "track_seg_point_id": 1943, "ele": 2268.0, "time": "2025-03-17T22:04:40Z" }, "geometry": { "type": "Point", "coordinates": [ -99.174811681732535, 19.416193552315235 ] } },
{ "type": "Feature", "properties": { "track_fid": 0, "track_seg_id": 0, "track_seg_point_id": 1944, "ele": 2268.0, "time": "2025-03-17T22:04:41Z" }, "geometry": { "type": "Point", "coordinates": [ -99.174821572378278, 19.416188942268491 ] } },
{ "type": "Feature", "properties": { "track_fid": 0, "track_seg_id": 0, "track_seg_point_id": 1945, "ele": 2268.39990234375, "time": "2025-03-17T22:04:44Z" }, "geometry": { "type": "Point", "coordinates": [ -99.174826936796308, 19.416171675547957 ] } }
]
}
