<?xml version="1.0" encoding="UTF-8"?>
<gpx creator="Garmin Connect" version="1.1"
  xsi:schemaLocation="http://www.topografix.com/GPX/1/1 http://www.topografix.com/GPX/11.xsd"
  xmlns:ns3="http://www.garmin.com/xmlschemas/TrackPointExtension/v1"
  xmlns="http://www.topografix.com/GPX/1/1"
  xmlns:xsi="http://www.w3.org/2001/XMLSchema-instance" xmlns:ns2="http://www.garmin.com/xmlschemas/GpxExtensions/v3">
  <metadata>
    <link href="connect.garmin.com">
      <text>Garmin Connect</text>
    </link>
    <time>2025-08-08T15:43:13.000Z</time>
  </metadata>
  <trk>
    <name>Bend Track Me</name>
    <type>other</type>
    <trkseg>
      <trkpt lat="44.01981647126376628875732421875" lon="-121.28137839026749134063720703125">
        <ele>1137.800048828125</ele>
        <time>2025-08-08T15:43:13.000Z</time>
        <extensions>
          <ns3:TrackPointExtension/>
        </extensions>
      </trkpt>
      <trkpt lat="44.01980339549481868743896484375" lon="-121.28139364533126354217529296875">
        <ele>1137.199951171875</ele>
        <time>2025-08-08T15:43:25.000Z</time>
        <extensions>
          <ns3:TrackPointExtension/>
        </extensions>
      </trkpt>
      <trkpt lat="44.019816219806671142578125" lon="-121.28140814602375030517578125">
        <ele>1136.800048828125</ele>
        <time>2025-08-08T15:43:32.000Z</time>
        <extensions>
          <ns3:TrackPointExtension/>
        </extensions>
      </trkpt>
      <trkpt lat="44.019821248948574066162109375" lon="-121.281420551240444183349609375">
        <ele>1137.199951171875</ele>
        <time>2025-08-08T15:43:41.000Z</time>
        <extensions>
          <ns3:TrackPointExtension/>
        </extensions>
      </trkpt>
      <trkpt lat="44.01982627809047698974609375" lon="-121.2814364768564701080322265625">
        <ele>1137.5999755859375</ele>
        <time>2025-08-08T15:43:51.000Z</time>
        <extensions>
          <ns3:TrackPointExtension/>
        </extensions>
      </trkpt>
      <trkpt lat="44.01982652954757213592529296875" lon="-121.2814468704164028167724609375">
        <ele>1137.800048828125</ele>
        <time>2025-08-08T15:44:04.000Z</time>
        <extensions>
          <ns3:TrackPointExtension/>
        </extensions>
      </trkpt>
      <trkpt lat="44.01982636190950870513916015625" lon="-121.28144712187349796295166015625">
        <ele>1137.800048828125</ele>
        <time>2025-08-08T15:44:19.000Z</time>
        <extensions>
          <ns3:TrackPointExtension/>
        </extensions>
      </trkpt>
      <trkpt lat="44.0198267810046672821044921875" lon="-121.281452067196369171142578125">
        <ele>1137.800048828125</ele>
        <time>2025-08-08T15:44:40.000Z</time>
        <extensions>
          <ns3:TrackPointExtension/>
        </extensions>
      </trkpt>
      <trkpt lat="44.01983323507010936737060546875" lon="-121.2814488820731639862060546875">
        <ele>1137.4000244140625</ele>
        <time>2025-08-08T15:45:10.000Z</time>
        <extensions>
          <ns3:TrackPointExtension/>
        </extensions>
      </trkpt>
      <trkpt lat="44.01983072049915790557861328125" lon="-121.2814436852931976318359375">
        <ele>1137.5999755859375</ele>
        <time>2025-08-08T15:45:23.000Z</time>
        <extensions>
          <ns3:TrackPointExtension/>
        </extensions>
      </trkpt>
      <trkpt lat="44.0198274515569210052490234375" lon="-121.281464137136936187744140625">
        <ele>1138</ele>
        <time>2025-08-08T15:45:51.000Z</time>
        <extensions>
          <ns3:TrackPointExtension/>
        </extensions>
      </trkpt>
      <trkpt lat="44.01983658783137798309326171875" lon="-121.2814686633646488189697265625">
        <ele>1138.4000244140625</ele>
        <time>2025-08-08T15:46:04.000Z</time>
        <extensions>
          <ns3:TrackPointExtension/>
        </extensions>
      </trkpt>
      <trkpt lat="44.01983524672687053680419921875" lon="-121.28147528506815433502197265625">
        <ele>1137.199951171875</ele>
        <time>2025-08-08T15:46:15.000Z</time>
        <extensions>
          <ns3:TrackPointExtension/>
        </extensions>
      </trkpt>
      <trkpt lat="44.01984949596226215362548828125" lon="-121.2814820744097232818603515625">
        <ele>1139.199951171875</ele>
        <time>2025-08-08T15:46:31.000Z</time>
        <extensions>
          <ns3:TrackPointExtension/>
        </extensions>
      </trkpt>
      <trkpt lat="44.0198509208858013153076171875" lon="-121.2814914621412754058837890625">
        <ele>1139.199951171875</ele>
        <time>2025-08-08T15:46:42.000Z</time>
        <extensions>
          <ns3:TrackPointExtension/>
        </extensions>
      </trkpt>
      <trkpt lat="44.0198586322367191314697265625" lon="-121.281527169048786163330078125">
        <ele>1139.199951171875</ele>
        <time>2025-08-08T15:46:55.000Z</time>
        <extensions>
          <ns3:TrackPointExtension/>
        </extensions>
      </trkpt>
      <trkpt lat="44.0198438800871372222900390625" lon="-121.28151903860270977020263671875">
        <ele>1139.4000244140625</ele>
        <time>2025-08-08T15:47:02.000Z</time>
        <extensions>
          <ns3:TrackPointExtension/>
        </extensions>
      </trkpt>
      <trkpt lat="44.01983826421201229095458984375" lon="-121.28151409327983856201171875">
        <ele>1139.4000244140625</ele>
        <time>2025-08-08T15:47:09.000Z</time>
        <extensions>
          <ns3:TrackPointExtension/>
        </extensions>
      </trkpt>
      <trkpt lat="44.019829295575618743896484375" lon="-121.28150747157633304595947265625">
        <ele>1139.199951171875</ele>
        <time>2025-08-08T15:47:34.000Z</time>
        <extensions>
          <ns3:TrackPointExtension/>
        </extensions>
      </trkpt>
      <trkpt lat="44.01982787065207958221435546875" lon="-121.28159263171255588531494140625">
        <ele>1138.4000244140625</ele>
        <time>2025-08-08T15:47:56.000Z</time>
        <extensions>
          <ns3:TrackPointExtension/>
        </extensions>
      </trkpt>
      <trkpt lat="44.01985368691384792327880859375" lon="-121.28166496753692626953125">
        <ele>1138.4000244140625</ele>
        <time>2025-08-08T15:48:07.000Z</time>
        <extensions>
          <ns3:TrackPointExtension/>
        </extensions>
      </trkpt>
      <trkpt lat="44.02004429139196872711181640625" lon="-121.281638480722904205322265625">
        <ele>1138.4000244140625</ele>
        <time>2025-08-08T15:48:12.000Z</time>
        <extensions>
          <ns3:TrackPointExtension/>
        </extensions>
      </trkpt>
      <trkpt lat="44.020165242254734039306640625" lon="-121.2816865928471088409423828125">
        <ele>1138.5999755859375</ele>
        <time>2025-08-08T15:48:18.000Z</time>
        <extensions>
          <ns3:TrackPointExtension/>
        </extensions>
      </trkpt>
      <trkpt lat="44.02021612040698528289794921875" lon="-121.28193964250385761260986328125">
        <ele>1138.4000244140625</ele>
        <time>2025-08-08T15:48:22.000Z</time>
        <extensions>
          <ns3:TrackPointExtension/>
        </extensions>
      </trkpt>
      <trkpt lat="44.02021528221666812896728515625" lon="-121.28246183507144451141357421875">
        <ele>1139</ele>
        <time>2025-08-08T15:48:27.000Z</time>
        <extensions>
          <ns3:TrackPointExtension/>
        </extensions>
      </trkpt>
      <trkpt lat="44.02020773850381374359130859375" lon="-121.28305024467408657073974609375">
        <ele>1139.199951171875</ele>
        <time>2025-08-08T15:48:32.000Z</time>
        <extensions>
          <ns3:TrackPointExtension/>
        </extensions>
      </trkpt>
      <trkpt lat="44.020213522017002105712890625" lon="-121.28327772952616214752197265625">
        <ele>1139.199951171875</ele>
        <time>2025-08-08T15:48:34.000Z</time>
        <extensions>
          <ns3:TrackPointExtension/>
        </extensions>
      </trkpt>
      <trkpt lat="44.02025434188544750213623046875" lon="-121.28347906284034252166748046875">
        <ele>1139.199951171875</ele>
        <time>2025-08-08T15:48:36.000Z</time>
        <extensions>
          <ns3:TrackPointExtension/>
        </extensions>
      </trkpt>
      <trkpt lat="44.0203833393752574920654296875" lon="-121.28370906226336956024169921875">
        <ele>1138.199951171875</ele>
        <time>2025-08-08T15:48:38.000Z</time>
        <extensions>
          <ns3:TrackPointExtension/>
        </extensions>
      </trkpt>
      <trkpt lat="44.0203833393752574920654296875" lon="-121.28370906226336956024169921875">
        <ele>1138.199951171875</ele>
        <time>2025-08-08T15:48:39.000Z</time>
        <extensions>
          <ns3:TrackPointExtension/>
        </extensions>
      </trkpt>
      <trkpt lat="44.02058928273618221282958984375" lon="-121.28396621905267238616943359375">
        <ele>1136.5999755859375</ele>
        <time>2025-08-08T15:48:44.000Z</time>
        <extensions>
          <ns3:TrackPointExtension/>
        </extensions>
      </trkpt>
      <trkpt lat="44.0206445194780826568603515625" lon="-121.2841099686920642852783203125">
        <ele>1136.199951171875</ele>
        <time>2025-08-08T15:48:46.000Z</time>
        <extensions>
          <ns3:TrackPointExtension/>
        </extensions>
      </trkpt>
      <trkpt lat="44.02068148367106914520263671875" lon="-121.2842816300690174102783203125">
        <ele>1136.199951171875</ele>
        <time>2025-08-08T15:48:48.000Z</time>
        <extensions>
          <ns3:TrackPointExtension/>
        </extensions>
      </trkpt>
      <trkpt lat="44.02072339318692684173583984375" lon="-121.2845203466713428497314453125">
        <ele>1136.4000244140625</ele>
        <time>2025-08-08T15:48:53.000Z</time>
        <extensions>
          <ns3:TrackPointExtension/>
        </extensions>
      </trkpt>
      <trkpt lat="44.020778797566890716552734375" lon="-121.2846329994499683380126953125">
        <ele>1136.5999755859375</ele>
        <time>2025-08-08T15:48:57.000Z</time>
        <extensions>
          <ns3:TrackPointExtension/>
        </extensions>
      </trkpt>
      <trkpt lat="44.020838476717472076416015625" lon="-121.28475562669336795806884765625">
        <ele>1136.800048828125</ele>
        <time>2025-08-08T15:48:59.000Z</time>
        <extensions>
          <ns3:TrackPointExtension/>
        </extensions>
      </trkpt>
      <trkpt lat="44.02085398323833942413330078125" lon="-121.28490708768367767333984375">
        <ele>1136.800048828125</ele>
        <time>2025-08-08T15:49:01.000Z</time>
        <extensions>
          <ns3:TrackPointExtension/>
        </extensions>
      </trkpt>
      <trkpt lat="44.0208054520189762115478515625" lon="-121.28506424836814403533935546875">
        <ele>1136.800048828125</ele>
        <time>2025-08-08T15:49:03.000Z</time>
        <extensions>
          <ns3:TrackPointExtension/>
        </extensions>
      </trkpt>
      <trkpt lat="44.0207715891301631927490234375" lon="-121.2851496599614620208740234375">
        <ele>1136.800048828125</ele>
        <time>2025-08-08T15:49:04.000Z</time>
        <extensions>
          <ns3:TrackPointExtension/>
        </extensions>
      </trkpt>
      <trkpt lat="44.02074015699326992034912109375" lon="-121.285248063504695892333984375">
        <ele>1136.5999755859375</ele>
        <time>2025-08-08T15:49:05.000Z</time>
        <extensions>
          <ns3:TrackPointExtension/>
        </extensions>
      </trkpt>
      <trkpt lat="44.02067393995821475982666015625" lon="-121.28562114201486110687255859375">
        <ele>1136</ele>
        <time>2025-08-08T15:49:08.000Z</time>
        <extensions>
          <ns3:TrackPointExtension/>
        </extensions>
      </trkpt>
      <trkpt lat="44.02055273763835430145263671875" lon="-121.2861643731594085693359375">
        <ele>1135.800048828125</ele>
        <time>2025-08-08T15:49:12.000Z</time>
        <extensions>
          <ns3:TrackPointExtension/>
        </extensions>
      </trkpt>
      <trkpt lat="44.02047394774854183197021484375" lon="-121.2864119745790958404541015625">
        <ele>1136.199951171875</ele>
        <time>2025-08-08T15:49:15.000Z</time>
        <extensions>
          <ns3:TrackPointExtension/>
        </extensions>
      </trkpt>
      <trkpt lat="44.0204339660704135894775390625" lon="-121.2864790298044681549072265625">
        <ele>1136.4000244140625</ele>
        <time>2025-08-08T15:49:16.000Z</time>
        <extensions>
          <ns3:TrackPointExtension/>
        </extensions>
      </trkpt>
      <trkpt lat="44.0204098261892795562744140625" lon="-121.286497972905635833740234375">
        <ele>1136.4000244140625</ele>
        <time>2025-08-08T15:49:18.000Z</time>
        <extensions>
          <ns3:TrackPointExtension/>
        </extensions>
      </trkpt>
      <trkpt lat="44.02038224972784519195556640625" lon="-121.28652856685221195220947265625">
        <ele>1136.5999755859375</ele>
        <time>2025-08-08T15:49:19.000Z</time>
        <extensions>
          <ns3:TrackPointExtension/>
        </extensions>
      </trkpt>
      <trkpt lat="44.02030639350414276123046875" lon="-121.2866352684795856475830078125">
        <ele>1136.800048828125</ele>
        <time>2025-08-08T15:49:21.000Z</time>
        <extensions>
          <ns3:TrackPointExtension/>
        </extensions>
      </trkpt>
      <trkpt lat="44.02004864998161792755126953125" lon="-121.28696794621646404266357421875">
        <ele>1138.4000244140625</ele>
        <time>2025-08-08T15:49:24.000Z</time>
        <extensions>
          <ns3:TrackPointExtension/>
        </extensions>
      </trkpt>
      <trkpt lat="44.0197880566120147705078125" lon="-121.28725578077137470245361328125">
        <ele>1140.800048828125</ele>
        <time>2025-08-08T15:49:28.000Z</time>
        <extensions>
          <ns3:TrackPointExtension/>
        </extensions>
      </trkpt>
      <trkpt lat="44.01960591785609722137451171875" lon="-121.28746884874999523162841796875">
        <ele>1142.199951171875</ele>
        <time>2025-08-08T15:49:30.000Z</time>
        <extensions>
          <ns3:TrackPointExtension/>
        </extensions>
      </trkpt>
      <trkpt lat="44.01943978853523731231689453125" lon="-121.28771745599806308746337890625">
        <ele>1143.800048828125</ele>
        <time>2025-08-08T15:49:32.000Z</time>
        <extensions>
          <ns3:TrackPointExtension/>
        </extensions>
      </trkpt>
      <trkpt lat="44.0193677879869937896728515625" lon="-121.287858523428440093994140625">
        <ele>1144.5999755859375</ele>
        <time>2025-08-08T15:49:33.000Z</time>
        <extensions>
          <ns3:TrackPointExtension/>
        </extensions>
      </trkpt>
      <trkpt lat="44.019304923713207244873046875" lon="-121.288009397685527801513671875">
        <ele>1145.4000244140625</ele>
        <time>2025-08-08T15:49:34.000Z</time>
        <extensions>
          <ns3:TrackPointExtension/>
        </extensions>
      </trkpt>
      <trkpt lat="44.019210375845432281494140625" lon="-121.28833989612758159637451171875">
        <ele>1147</ele>
        <time>2025-08-08T15:49:36.000Z</time>
        <extensions>
          <ns3:TrackPointExtension/>
        </extensions>
      </trkpt>
      <trkpt lat="44.01914675720036029815673828125" lon="-121.28887885250151157379150390625">
        <ele>1148.5999755859375</ele>
        <time>2025-08-08T15:49:39.000Z</time>
        <extensions>
          <ns3:TrackPointExtension/>
        </extensions>
      </trkpt>
      <trkpt lat="44.01911792345345020294189453125" lon="-121.2898569367825984954833984375">
        <ele>1148.199951171875</ele>
        <time>2025-08-08T15:49:44.000Z</time>
        <extensions>
          <ns3:TrackPointExtension/>
        </extensions>
      </trkpt>
      <trkpt lat="44.0191116370260715484619140625" lon="-121.29005734808743000030517578125">
        <ele>1147.5999755859375</ele>
        <time>2025-08-08T15:49:45.000Z</time>
        <extensions>
          <ns3:TrackPointExtension/>
        </extensions>
      </trkpt>
      <trkpt lat="44.0190774388611316680908203125" lon="-121.291061751544475555419921875">
        <ele>1144.199951171875</ele>
        <time>2025-08-08T15:49:50.000Z</time>
        <extensions>
          <ns3:TrackPointExtension/>
        </extensions>
      </trkpt>
      <trkpt lat="44.01904785074293613433837890625" lon="-121.29183749668300151824951171875">
        <ele>1143.199951171875</ele>
        <time>2025-08-08T15:49:54.000Z</time>
        <extensions>
          <ns3:TrackPointExtension/>
        </extensions>
      </trkpt>
      <trkpt lat="44.0190217830240726470947265625" lon="-121.292527578771114349365234375">
        <ele>1143.4000244140625</ele>
        <time>2025-08-08T15:49:58.000Z</time>
        <extensions>
          <ns3:TrackPointExtension/>
        </extensions>
      </trkpt>
      <trkpt lat="44.0190075337886810302734375" lon="-121.29297207109630107879638671875">
        <ele>1142.800048828125</ele>
        <time>2025-08-08T15:50:01.000Z</time>
        <extensions>
          <ns3:TrackPointExtension/>
        </extensions>
      </trkpt>
      <trkpt lat="44.01897526346147060394287109375" lon="-121.29358646459877490997314453125">
        <ele>1141.4000244140625</ele>
        <time>2025-08-08T15:50:06.000Z</time>
        <extensions>
          <ns3:TrackPointExtension/>
        </extensions>
      </trkpt>
      <trkpt lat="44.01900275610387325286865234375" lon="-121.2937551923096179962158203125">
        <ele>1141.199951171875</ele>
        <time>2025-08-08T15:50:08.000Z</time>
        <extensions>
          <ns3:TrackPointExtension/>
        </extensions>
      </trkpt>
      <trkpt lat="44.019021950662136077880859375" lon="-121.293831132352352142333984375">
        <ele>1141.199951171875</ele>
        <time>2025-08-08T15:50:09.000Z</time>
        <extensions>
          <ns3:TrackPointExtension/>
        </extensions>
      </trkpt>
      <trkpt lat="44.0190251357853412628173828125" lon="-121.29398141987621784210205078125">
        <ele>1141</ele>
        <time>2025-08-08T15:50:10.000Z</time>
        <extensions>
          <ns3:TrackPointExtension/>
        </extensions>
      </trkpt>
      <trkpt lat="44.0190251357853412628173828125" lon="-121.29398141987621784210205078125">
        <ele>1141</ele>
        <time>2025-08-08T15:50:11.000Z</time>
        <extensions>
          <ns3:TrackPointExtension/>
        </extensions>
      </trkpt>
      <trkpt lat="44.018999151885509490966796875" lon="-121.29404545761644840240478515625">
        <ele>1141</ele>
        <time>2025-08-08T15:50:12.000Z</time>
        <extensions>
          <ns3:TrackPointExtension/>
        </extensions>
      </trkpt>
      <trkpt lat="44.01895866729319095611572265625" lon="-121.29408787004649639129638671875">
        <ele>1141.199951171875</ele>
        <time>2025-08-08T15:50:13.000Z</time>
        <extensions>
          <ns3:TrackPointExtension/>
        </extensions>
      </trkpt>
      <trkpt lat="44.0189101360738277435302734375" lon="-121.29410035908222198486328125">
        <ele>1141.199951171875</ele>
        <time>2025-08-08T15:50:14.000Z</time>
        <extensions>
          <ns3:TrackPointExtension/>
        </extensions>
      </trkpt>
      <trkpt lat="44.0188618563115596771240234375" lon="-121.29408669658005237579345703125">
        <ele>1141.199951171875</ele>
        <time>2025-08-08T15:50:15.000Z</time>
        <extensions>
          <ns3:TrackPointExtension/>
        </extensions>
      </trkpt>
      <trkpt lat="44.01881583966314792633056640625" lon="-121.2940542586147785186767578125">
        <ele>1141.4000244140625</ele>
        <time>2025-08-08T15:50:16.000Z</time>
        <extensions>
          <ns3:TrackPointExtension/>
        </extensions>
      </trkpt>
      <trkpt lat="44.0186576731503009796142578125" lon="-121.29391252063214778900146484375">
        <ele>1141.4000244140625</ele>
        <time>2025-08-08T15:50:19.000Z</time>
        <extensions>
          <ns3:TrackPointExtension/>
        </extensions>
      </trkpt>
      <trkpt lat="44.01850663125514984130859375" lon="-121.293835155665874481201171875">
        <ele>1141.5999755859375</ele>
        <time>2025-08-08T15:50:21.000Z</time>
        <extensions>
          <ns3:TrackPointExtension/>
        </extensions>
      </trkpt>
      <trkpt lat="44.01832767762243747711181640625" lon="-121.2937816791236400604248046875">
        <ele>1142</ele>
        <time>2025-08-08T15:50:23.000Z</time>
        <extensions>
          <ns3:TrackPointExtension/>
        </extensions>
      </trkpt>
      <trkpt lat="44.0178117714822292327880859375" lon="-121.29368134774267673492431640625">
        <ele>1142.199951171875</ele>
        <time>2025-08-08T15:50:28.000Z</time>
        <extensions>
          <ns3:TrackPointExtension/>
        </extensions>
      </trkpt>
      <trkpt lat="44.01736535131931304931640625" lon="-121.29368285648524761199951171875">
        <ele>1141.4000244140625</ele>
        <time>2025-08-08T15:50:32.000Z</time>
        <extensions>
          <ns3:TrackPointExtension/>
        </extensions>
      </trkpt>
      <trkpt lat="44.016902334988117218017578125" lon="-121.2938567809760570526123046875">
        <ele>1142</ele>
        <time>2025-08-08T15:50:36.000Z</time>
        <extensions>
          <ns3:TrackPointExtension/>
        </extensions>
      </trkpt>
      <trkpt lat="44.0165571682155132293701171875" lon="-121.2940378300845623016357421875">
        <ele>1142.199951171875</ele>
        <time>2025-08-08T15:50:39.000Z</time>
        <extensions>
          <ns3:TrackPointExtension/>
        </extensions>
      </trkpt>
      <trkpt lat="44.0162024460732936859130859375" lon="-121.2941994331777095794677734375">
        <ele>1142</ele>
        <time>2025-08-08T15:50:42.000Z</time>
        <extensions>
          <ns3:TrackPointExtension/>
        </extensions>
      </trkpt>
      <trkpt lat="44.0160790644586086273193359375" lon="-121.29423924721777439117431640625">
        <ele>1142</ele>
        <time>2025-08-08T15:50:43.000Z</time>
        <extensions>
          <ns3:TrackPointExtension/>
        </extensions>
      </trkpt>
      <trkpt lat="44.01555913500487804412841796875" lon="-121.29431535489857196807861328125">
        <ele>1142.199951171875</ele>
        <time>2025-08-08T15:50:46.000Z</time>
        <extensions>
          <ns3:TrackPointExtension/>
        </extensions>
      </trkpt>
      <trkpt lat="44.01555913500487804412841796875" lon="-121.29431535489857196807861328125">
        <ele>1142.199951171875</ele>
        <time>2025-08-08T15:50:47.000Z</time>
        <extensions>
          <ns3:TrackPointExtension/>
        </extensions>
      </trkpt>
      <trkpt lat="44.01516132988035678863525390625" lon="-121.29427042789757251739501953125">
        <ele>1143.4000244140625</ele>
        <time>2025-08-08T15:50:50.000Z</time>
        <extensions>
          <ns3:TrackPointExtension/>
        </extensions>
      </trkpt>
      <trkpt lat="44.01503291912376880645751953125" lon="-121.29423572681844234466552734375">
        <ele>1144</ele>
        <time>2025-08-08T15:50:51.000Z</time>
        <extensions>
          <ns3:TrackPointExtension/>
        </extensions>
      </trkpt>
      <trkpt lat="44.01440813206136226654052734375" lon="-121.2939275242388248443603515625">
        <ele>1144.800048828125</ele>
        <time>2025-08-08T15:50:55.000Z</time>
        <extensions>
          <ns3:TrackPointExtension/>
        </extensions>
      </trkpt>
      <trkpt lat="44.01392952539026737213134765625" lon="-121.2935590557754039764404296875">
        <ele>1143.4000244140625</ele>
        <time>2025-08-08T15:51:00.000Z</time>
        <extensions>
          <ns3:TrackPointExtension/>
        </extensions>
      </trkpt>
      <trkpt lat="44.0136838518083095550537109375" lon="-121.29338747821748256683349609375">
        <ele>1142.800048828125</ele>
        <time>2025-08-08T15:51:02.000Z</time>
        <extensions>
          <ns3:TrackPointExtension/>
        </extensions>
      </trkpt>
      <trkpt lat="44.01316291652619838714599609375" lon="-121.2931300699710845947265625">
        <ele>1143</ele>
        <time>2025-08-08T15:51:06.000Z</time>
        <extensions>
          <ns3:TrackPointExtension/>
        </extensions>
      </trkpt>
      <trkpt lat="44.0126924403011798858642578125" lon="-121.2928308360278606414794921875">
        <ele>1142.4000244140625</ele>
        <time>2025-08-08T15:51:10.000Z</time>
        <extensions>
          <ns3:TrackPointExtension/>
        </extensions>
      </trkpt>
      <trkpt lat="44.01241709478199481964111328125" lon="-121.29246027208864688873291015625">
        <ele>1141</ele>
        <time>2025-08-08T15:51:13.000Z</time>
        <extensions>
          <ns3:TrackPointExtension/>
        </extensions>
      </trkpt>
      <trkpt lat="44.0120651386678218841552734375" lon="-121.2916640751063823699951171875">
        <ele>1138.5999755859375</ele>
        <time>2025-08-08T15:51:18.000Z</time>
        <extensions>
          <ns3:TrackPointExtension/>
        </extensions>
      </trkpt>
      <trkpt lat="44.011710584163665771484375" lon="-121.29085396416485309600830078125">
        <ele>1139.199951171875</ele>
        <time>2025-08-08T15:51:23.000Z</time>
        <extensions>
          <ns3:TrackPointExtension/>
        </extensions>
      </trkpt>
      <trkpt lat="44.01157756336033344268798828125" lon="-121.29055338911712169647216796875">
        <ele>1139</ele>
        <time>2025-08-08T15:51:25.000Z</time>
        <extensions>
          <ns3:TrackPointExtension/>
        </extensions>
      </trkpt>
      <trkpt lat="44.01138402521610260009765625" lon="-121.290118955075740814208984375">
        <ele>1139.5999755859375</ele>
        <time>2025-08-08T15:51:28.000Z</time>
        <extensions>
          <ns3:TrackPointExtension/>
        </extensions>
      </trkpt>
      <trkpt lat="44.01131101883947849273681640625" lon="-121.28998694010078907012939453125">
        <ele>1140.800048828125</ele>
        <time>2025-08-08T15:51:29.000Z</time>
        <extensions>
          <ns3:TrackPointExtension/>
        </extensions>
      </trkpt>
      <trkpt lat="44.01122468523681163787841796875" lon="-121.28987378440797328948974609375">
        <ele>1141</ele>
        <time>2025-08-08T15:51:30.000Z</time>
        <extensions>
          <ns3:TrackPointExtension/>
        </extensions>
      </trkpt>
      <trkpt lat="44.011126868426799774169921875" lon="-121.289776973426342010498046875">
        <ele>1141.4000244140625</ele>
        <time>2025-08-08T15:51:31.000Z</time>
        <extensions>
          <ns3:TrackPointExtension/>
        </extensions>
      </trkpt>
      <trkpt lat="44.0108993835747241973876953125" lon="-121.289643533527851104736328125">
        <ele>1141.5999755859375</ele>
        <time>2025-08-08T15:51:33.000Z</time>
        <extensions>
          <ns3:TrackPointExtension/>
        </extensions>
      </trkpt>
      <trkpt lat="44.010507278144359588623046875" lon="-121.28955963067710399627685546875">
        <ele>1142</ele>
        <time>2025-08-08T15:51:36.000Z</time>
        <extensions>
          <ns3:TrackPointExtension/>
        </extensions>
      </trkpt>
      <trkpt lat="44.01037056930363178253173828125" lon="-121.2895377539098262786865234375">
        <ele>1142</ele>
        <time>2025-08-08T15:51:37.000Z</time>
        <extensions>
          <ns3:TrackPointExtension/>
        </extensions>
      </trkpt>
      <trkpt lat="44.0098120830953121185302734375" lon="-121.289452426135540008544921875">
        <ele>1142.4000244140625</ele>
        <time>2025-08-08T15:51:41.000Z</time>
        <extensions>
          <ns3:TrackPointExtension/>
        </extensions>
      </trkpt>
      <trkpt lat="44.00953556410968303680419921875" lon="-121.28940657712519168853759765625">
        <ele>1142.800048828125</ele>
        <time>2025-08-08T15:51:43.000Z</time>
        <extensions>
          <ns3:TrackPointExtension/>
        </extensions>
      </trkpt>
      <trkpt lat="44.009012617170810699462890625" lon="-121.28931286744773387908935546875">
        <ele>1142.800048828125</ele>
        <time>2025-08-08T15:51:47.000Z</time>
        <extensions>
          <ns3:TrackPointExtension/>
        </extensions>
      </trkpt>
      <trkpt lat="44.008529484272003173828125" lon="-121.28923290409147739410400390625">
        <ele>1144.4000244140625</ele>
        <time>2025-08-08T15:51:51.000Z</time>
        <extensions>
          <ns3:TrackPointExtension/>
        </extensions>
      </trkpt>
      <trkpt lat="44.0081792883574962615966796875" lon="-121.2891696207225322723388671875">
        <ele>1146.800048828125</ele>
        <time>2025-08-08T15:51:55.000Z</time>
        <extensions>
          <ns3:TrackPointExtension/>
        </extensions>
      </trkpt>
      <trkpt lat="44.0081323496997356414794921875" lon="-121.28916517831385135650634765625">
        <ele>1147</ele>
        <time>2025-08-08T15:51:56.000Z</time>
        <extensions>
          <ns3:TrackPointExtension/>
        </extensions>
      </trkpt>
      <trkpt lat="44.008084237575531005859375" lon="-121.28917087800800800323486328125">
        <ele>1146.800048828125</ele>
        <time>2025-08-08T15:51:58.000Z</time>
        <extensions>
          <ns3:TrackPointExtension/>
        </extensions>
      </trkpt>
      <trkpt lat="44.00805247016251087188720703125" lon="-121.2892044894397258758544921875">
        <ele>1146.5999755859375</ele>
        <time>2025-08-08T15:52:00.000Z</time>
        <extensions>
          <ns3:TrackPointExtension/>
        </extensions>
      </trkpt>
      <trkpt lat="44.008030593395233154296875" lon="-121.2892571277916431427001953125">
        <ele>1146.800048828125</ele>
        <time>2025-08-08T15:52:01.000Z</time>
        <extensions>
          <ns3:TrackPointExtension/>
        </extensions>
      </trkpt>
      <trkpt lat="44.0080237202346324920654296875" lon="-121.2893426232039928436279296875">
        <ele>1146.5999755859375</ele>
        <time>2025-08-08T15:52:02.000Z</time>
        <extensions>
          <ns3:TrackPointExtension/>
        </extensions>
      </trkpt>
      <trkpt lat="44.00802782736718654632568359375" lon="-121.28945452161133289337158203125">
        <ele>1146.4000244140625</ele>
        <time>2025-08-08T15:52:03.000Z</time>
        <extensions>
          <ns3:TrackPointExtension/>
        </extensions>
      </trkpt>
      <trkpt lat="44.00802321732044219970703125" lon="-121.29006992094218730926513671875">
        <ele>1146</ele>
        <time>2025-08-08T15:52:06.000Z</time>
        <extensions>
          <ns3:TrackPointExtension/>
        </extensions>
      </trkpt>
      <trkpt lat="44.00797736831009387969970703125" lon="-121.290676183998584747314453125">
        <ele>1146.199951171875</ele>
        <time>2025-08-08T15:52:10.000Z</time>
        <extensions>
          <ns3:TrackPointExtension/>
        </extensions>
      </trkpt>
      <trkpt lat="44.0079459361732006072998046875" lon="-121.29089386202394962310791015625">
        <ele>1146.5999755859375</ele>
        <time>2025-08-08T15:52:11.000Z</time>
        <extensions>
          <ns3:TrackPointExtension/>
        </extensions>
      </trkpt>
      <trkpt lat="44.00777871720492839813232421875" lon="-121.29155318252742290496826171875">
        <ele>1147.800048828125</ele>
        <time>2025-08-08T15:52:14.000Z</time>
        <extensions>
          <ns3:TrackPointExtension/>
        </extensions>
      </trkpt>
      <trkpt lat="44.0076089836657047271728515625" lon="-121.2919755466282367706298828125">
        <ele>1148.5999755859375</ele>
        <time>2025-08-08T15:52:15.000Z</time>
        <extensions>
          <ns3:TrackPointExtension/>
        </extensions>
      </trkpt>
      <trkpt lat="44.007510244846343994140625" lon="-121.29217579029500484466552734375">
        <ele>1149.199951171875</ele>
        <time>2025-08-08T15:52:17.000Z</time>
        <extensions>
          <ns3:TrackPointExtension/>
        </extensions>
      </trkpt>
      <trkpt lat="44.00717563927173614501953125" lon="-121.2927205301821231842041015625">
        <ele>1150.800048828125</ele>
        <time>2025-08-08T15:52:20.000Z</time>
        <extensions>
          <ns3:TrackPointExtension/>
        </extensions>
      </trkpt>
      <trkpt lat="44.00705653242766857147216796875" lon="-121.29288439638912677764892578125">
        <ele>1151.199951171875</ele>
        <time>2025-08-08T15:52:21.000Z</time>
        <extensions>
          <ns3:TrackPointExtension/>
        </extensions>
      </trkpt>
      <trkpt lat="44.0066886506974697113037109375" lon="-121.2933763302862644195556640625">
        <ele>1151.5999755859375</ele>
        <time>2025-08-08T15:52:24.000Z</time>
        <extensions>
          <ns3:TrackPointExtension/>
        </extensions>
      </trkpt>
      <trkpt lat="44.00630987249314785003662109375" lon="-121.29390413872897624969482421875">
        <ele>1151.800048828125</ele>
        <time>2025-08-08T15:52:27.000Z</time>
        <extensions>
          <ns3:TrackPointExtension/>
        </extensions>
      </trkpt>
      <trkpt lat="44.00592061690986156463623046875" lon="-121.29443873651325702667236328125">
        <ele>1153</ele>
        <time>2025-08-08T15:52:30.000Z</time>
        <extensions>
          <ns3:TrackPointExtension/>
        </extensions>
      </trkpt>
      <trkpt lat="44.0054062195122241973876953125" lon="-121.29514784552156925201416015625">
        <ele>1155.199951171875</ele>
        <time>2025-08-08T15:52:33.000Z</time>
        <extensions>
          <ns3:TrackPointExtension/>
        </extensions>
      </trkpt>
      <trkpt lat="44.0050313808023929595947265625" lon="-121.295665092766284942626953125">
        <ele>1157.199951171875</ele>
        <time>2025-08-08T15:52:37.000Z</time>
        <extensions>
          <ns3:TrackPointExtension/>
        </extensions>
      </trkpt>
      <trkpt lat="44.00478822179138660430908203125" lon="-121.2960000336170196533203125">
        <ele>1158.4000244140625</ele>
        <time>2025-08-08T15:52:39.000Z</time>
        <extensions>
          <ns3:TrackPointExtension/>
        </extensions>
      </trkpt>
      <trkpt lat="44.00417231954634189605712890625" lon="-121.29684023559093475341796875">
        <ele>1159.199951171875</ele>
        <time>2025-08-08T15:52:43.000Z</time>
        <extensions>
          <ns3:TrackPointExtension/>
        </extensions>
      </trkpt>
      <trkpt lat="44.0038076229393482208251953125" lon="-121.29734583199024200439453125">
        <ele>1160</ele>
        <time>2025-08-08T15:52:47.000Z</time>
        <extensions>
          <ns3:TrackPointExtension/>
        </extensions>
      </trkpt>
      <trkpt lat="44.00369488634169101715087890625" lon="-121.297517828643321990966796875">
        <ele>1161</ele>
        <time>2025-08-08T15:52:48.000Z</time>
        <extensions>
          <ns3:TrackPointExtension/>
        </extensions>
      </trkpt>
      <trkpt lat="44.003302194178104400634765625" lon="-121.29822115413844585418701171875">
        <ele>1163.800048828125</ele>
        <time>2025-08-08T15:52:51.000Z</time>
        <extensions>
          <ns3:TrackPointExtension/>
        </extensions>
      </trkpt>
      <trkpt lat="44.00320873595774173736572265625" lon="-121.29840186797082424163818359375">
        <ele>1164.5999755859375</ele>
        <time>2025-08-08T15:52:53.000Z</time>
        <extensions>
          <ns3:TrackPointExtension/>
        </extensions>
      </trkpt>
      <trkpt lat="44.00302148424088954925537109375" lon="-121.298761703073978424072265625">
        <ele>1166.5999755859375</ele>
        <time>2025-08-08T15:52:55.000Z</time>
        <extensions>
          <ns3:TrackPointExtension/>
        </extensions>
      </trkpt>
      <trkpt lat="44.002566598355770111083984375" lon="-121.2996573932468891143798828125">
        <ele>1170.4000244140625</ele>
        <time>2025-08-08T15:52:59.000Z</time>
        <extensions>
          <ns3:TrackPointExtension/>
        </extensions>
      </trkpt>
      <trkpt lat="44.00238295085728168487548828125" lon="-121.30001957528293132781982421875">
        <ele>1170.800048828125</ele>
        <time>2025-08-08T15:53:02.000Z</time>
        <extensions>
          <ns3:TrackPointExtension/>
        </extensions>
      </trkpt>
      <trkpt lat="44.00211137719452381134033203125" lon="-121.3005673326551914215087890625">
        <ele>1171.199951171875</ele>
        <time>2025-08-08T15:53:05.000Z</time>
        <extensions>
          <ns3:TrackPointExtension/>
        </extensions>
      </trkpt>
      <trkpt lat="44.0018288232386112213134765625" lon="-121.30111173726618289947509765625">
        <ele>1172.199951171875</ele>
        <time>2025-08-08T15:53:08.000Z</time>
        <extensions>
          <ns3:TrackPointExtension/>
        </extensions>
      </trkpt>
      <trkpt lat="44.0015488676726818084716796875" lon="-121.301642395555973052978515625">
        <ele>1174</ele>
        <time>2025-08-08T15:53:11.000Z</time>
        <extensions>
          <ns3:TrackPointExtension/>
        </extensions>
      </trkpt>
      <trkpt lat="44.0013666450977325439453125" lon="-121.30198596976697444915771484375">
        <ele>1175.5999755859375</ele>
        <time>2025-08-08T15:53:13.000Z</time>
        <extensions>
          <ns3:TrackPointExtension/>
        </extensions>
      </trkpt>
      <trkpt lat="44.0010147728025913238525390625" lon="-121.30263087339699268341064453125">
        <ele>1179.5999755859375</ele>
        <time>2025-08-08T15:53:17.000Z</time>
        <extensions>
          <ns3:TrackPointExtension/>
        </extensions>
      </trkpt>
      <trkpt lat="44.00065426714718341827392578125" lon="-121.30329354666173458099365234375">
        <ele>1184.199951171875</ele>
        <time>2025-08-08T15:53:21.000Z</time>
        <extensions>
          <ns3:TrackPointExtension/>
        </extensions>
      </trkpt>
      <trkpt lat="44.00032519362866878509521484375" lon="-121.30396577529609203338623046875">
        <ele>1186.199951171875</ele>
        <time>2025-08-08T15:53:25.000Z</time>
        <extensions>
          <ns3:TrackPointExtension/>
        </extensions>
      </trkpt>
      <trkpt lat="44.0001795999705791473388671875" lon="-121.30432904697954654693603515625">
        <ele>1186.5999755859375</ele>
        <time>2025-08-08T15:53:27.000Z</time>
        <extensions>
          <ns3:TrackPointExtension/>
        </extensions>
      </trkpt>
      <trkpt lat="43.99993627332150936126708984375" lon="-121.30512298084795475006103515625">
        <ele>1186.5999755859375</ele>
        <time>2025-08-08T15:53:31.000Z</time>
        <extensions>
          <ns3:TrackPointExtension/>
        </extensions>
      </trkpt>
      <trkpt lat="43.99988883174955844879150390625" lon="-121.30533277988433837890625">
        <ele>1186.5999755859375</ele>
        <time>2025-08-08T15:53:32.000Z</time>
        <extensions>
          <ns3:TrackPointExtension/>
        </extensions>
      </trkpt>
      <trkpt lat="43.99978422559797763824462890625" lon="-121.305978856980800628662109375">
        <ele>1187.199951171875</ele>
        <time>2025-08-08T15:53:35.000Z</time>
        <extensions>
          <ns3:TrackPointExtension/>
        </extensions>
      </trkpt>
      <trkpt lat="43.99974198080599308013916015625" lon="-121.30641127936542034149169921875">
        <ele>1187.800048828125</ele>
        <time>2025-08-08T15:53:36.000Z</time>
        <extensions>
          <ns3:TrackPointExtension/>
        </extensions>
      </trkpt>
      <trkpt lat="43.9997155778110027313232421875" lon="-121.3070626370608806610107421875">
        <ele>1187.800048828125</ele>
        <time>2025-08-08T15:53:40.000Z</time>
        <extensions>
          <ns3:TrackPointExtension/>
        </extensions>
      </trkpt>
      <trkpt lat="43.99972622282803058624267578125" lon="-121.30750059150159358978271484375">
        <ele>1186.5999755859375</ele>
        <time>2025-08-08T15:53:42.000Z</time>
        <extensions>
          <ns3:TrackPointExtension/>
        </extensions>
      </trkpt>
      <trkpt lat="43.99975673295557498931884765625" lon="-121.30795656703412532806396484375">
        <ele>1185.4000244140625</ele>
        <time>2025-08-08T15:53:44.000Z</time>
        <extensions>
          <ns3:TrackPointExtension/>
        </extensions>
      </trkpt>
      <trkpt lat="43.99982278235256671905517578125" lon="-121.3089150376617908477783203125">
        <ele>1183.800048828125</ele>
        <time>2025-08-08T15:53:48.000Z</time>
        <extensions>
          <ns3:TrackPointExtension/>
        </extensions>
      </trkpt>
      <trkpt lat="43.99982848204672336578369140625" lon="-121.3096623681485652923583984375">
        <ele>1183.5999755859375</ele>
        <time>2025-08-08T15:53:51.000Z</time>
        <extensions>
          <ns3:TrackPointExtension/>
        </extensions>
      </trkpt>
      <trkpt lat="43.99981163442134857177734375" lon="-121.31015916354954242706298828125">
        <ele>1184.199951171875</ele>
        <time>2025-08-08T15:53:53.000Z</time>
        <extensions>
          <ns3:TrackPointExtension/>
        </extensions>
      </trkpt>
      <trkpt lat="43.9997651986777782440185546875" lon="-121.31085117347538471221923828125">
        <ele>1186</ele>
        <time>2025-08-08T15:53:55.000Z</time>
        <extensions>
          <ns3:TrackPointExtension/>
        </extensions>
      </trkpt>
      <trkpt lat="43.99971666745841503143310546875" lon="-121.31127228029072284698486328125">
        <ele>1187.5999755859375</ele>
        <time>2025-08-08T15:53:58.000Z</time>
        <extensions>
          <ns3:TrackPointExtension/>
        </extensions>
      </trkpt>
      <trkpt lat="43.99957685731351375579833984375" lon="-121.31185415200889110565185546875">
        <ele>1189.5999755859375</ele>
        <time>2025-08-08T15:54:01.000Z</time>
        <extensions>
          <ns3:TrackPointExtension/>
        </extensions>
      </trkpt>
      <trkpt lat="43.9992532320320606231689453125" lon="-121.3125380314886569976806640625">
        <ele>1190.800048828125</ele>
        <time>2025-08-08T15:54:04.000Z</time>
        <extensions>
          <ns3:TrackPointExtension/>
        </extensions>
      </trkpt>
      <trkpt lat="43.998877890408039093017578125" lon="-121.31317145191133022308349609375">
        <ele>1191.5999755859375</ele>
        <time>2025-08-08T15:54:09.000Z</time>
        <extensions>
          <ns3:TrackPointExtension/>
        </extensions>
      </trkpt>
      <trkpt lat="43.99859885685145854949951171875" lon="-121.31367302499711513519287109375">
        <ele>1191.800048828125</ele>
        <time>2025-08-08T15:54:12.000Z</time>
        <extensions>
          <ns3:TrackPointExtension/>
        </extensions>
      </trkpt>
      <trkpt lat="43.99833046831190586090087890625" lon="-121.31423142738640308380126953125">
        <ele>1191.5999755859375</ele>
        <time>2025-08-08T15:54:15.000Z</time>
        <extensions>
          <ns3:TrackPointExtension/>
        </extensions>
      </trkpt>
      <trkpt lat="43.99816484190523624420166015625" lon="-121.31463929079473018646240234375">
        <ele>1191.5999755859375</ele>
        <time>2025-08-08T15:54:17.000Z</time>
        <extensions>
          <ns3:TrackPointExtension/>
        </extensions>
      </trkpt>
      <trkpt lat="43.9978849701583385467529296875" lon="-121.31552626378834247589111328125">
        <ele>1192</ele>
        <time>2025-08-08T15:54:21.000Z</time>
        <extensions>
          <ns3:TrackPointExtension/>
        </extensions>
      </trkpt>
      <trkpt lat="43.9977625943720340728759765625" lon="-121.3159900344908237457275390625">
        <ele>1192.5999755859375</ele>
        <time>2025-08-08T15:54:23.000Z</time>
        <extensions>
          <ns3:TrackPointExtension/>
        </extensions>
      </trkpt>
      <trkpt lat="43.997578360140323638916015625" lon="-121.31669084541499614715576171875">
        <ele>1193.4000244140625</ele>
        <time>2025-08-08T15:54:26.000Z</time>
        <extensions>
          <ns3:TrackPointExtension/>
        </extensions>
      </trkpt>
      <trkpt lat="43.997510634362697601318359375" lon="-121.31692327558994293212890625">
        <ele>1193.5999755859375</ele>
        <time>2025-08-08T15:54:27.000Z</time>
        <extensions>
          <ns3:TrackPointExtension/>
        </extensions>
      </trkpt>
      <trkpt lat="43.99721299298107624053955078125" lon="-121.31783447228372097015380859375">
        <ele>1193.800048828125</ele>
        <time>2025-08-08T15:54:31.000Z</time>
        <extensions>
          <ns3:TrackPointExtension/>
        </extensions>
      </trkpt>
      <trkpt lat="43.9970494620501995086669921875" lon="-121.3182648830115795135498046875">
        <ele>1193.800048828125</ele>
        <time>2025-08-08T15:54:33.000Z</time>
        <extensions>
          <ns3:TrackPointExtension/>
        </extensions>
      </trkpt>
      <trkpt lat="43.99666397832334041595458984375" lon="-121.31911438889801502227783203125">
        <ele>1193.199951171875</ele>
        <time>2025-08-08T15:54:37.000Z</time>
        <extensions>
          <ns3:TrackPointExtension/>
        </extensions>
      </trkpt>
      <trkpt lat="43.99644085206091403961181640625" lon="-121.31953817792236804962158203125">
        <ele>1193</ele>
        <time>2025-08-08T15:54:39.000Z</time>
        <extensions>
          <ns3:TrackPointExtension/>
        </extensions>
      </trkpt>
      <trkpt lat="43.99607942439615726470947265625" lon="-121.32017537020146846771240234375">
        <ele>1192.199951171875</ele>
        <time>2025-08-08T15:54:41.000Z</time>
        <extensions>
          <ns3:TrackPointExtension/>
        </extensions>
      </trkpt>
      <trkpt lat="43.99569938890635967254638671875" lon="-121.32082521915435791015625">
        <ele>1191.5999755859375</ele>
        <time>2025-08-08T15:54:45.000Z</time>
        <extensions>
          <ns3:TrackPointExtension/>
        </extensions>
      </trkpt>
      <trkpt lat="43.995177447795867919921875" lon="-121.32171981967985630035400390625">
        <ele>1191.4000244140625</ele>
        <time>2025-08-08T15:54:49.000Z</time>
        <extensions>
          <ns3:TrackPointExtension/>
        </extensions>
      </trkpt>
      <trkpt lat="43.99477939121425151824951171875" lon="-121.3224025256931781768798828125">
        <ele>1191.5999755859375</ele>
        <time>2025-08-08T15:54:52.000Z</time>
        <extensions>
          <ns3:TrackPointExtension/>
        </extensions>
      </trkpt>
      <trkpt lat="43.9943719469010829925537109375" lon="-121.323075257241725921630859375">
        <ele>1191.800048828125</ele>
        <time>2025-08-08T15:54:55.000Z</time>
        <extensions>
          <ns3:TrackPointExtension/>
        </extensions>
      </trkpt>
      <trkpt lat="43.9939414523541927337646484375" lon="-121.323717646300792694091796875">
        <ele>1192</ele>
        <time>2025-08-08T15:54:58.000Z</time>
        <extensions>
          <ns3:TrackPointExtension/>
        </extensions>
      </trkpt>
      <trkpt lat="43.99363475851714611053466796875" lon="-121.324117965996265411376953125">
        <ele>1192.199951171875</ele>
        <time>2025-08-08T15:55:00.000Z</time>
        <extensions>
          <ns3:TrackPointExtension/>
        </extensions>
      </trkpt>
      <trkpt lat="43.99331398308277130126953125" lon="-121.32449674420058727264404296875">
        <ele>1192.199951171875</ele>
        <time>2025-08-08T15:55:02.000Z</time>
        <extensions>
          <ns3:TrackPointExtension/>
        </extensions>
      </trkpt>
      <trkpt lat="43.99281182326376438140869140625" lon="-121.325019188225269317626953125">
        <ele>1191.800048828125</ele>
        <time>2025-08-08T15:55:05.000Z</time>
        <extensions>
          <ns3:TrackPointExtension/>
        </extensions>
      </trkpt>
      <trkpt lat="43.99248006753623485565185546875" lon="-121.32535857148468494415283203125">
        <ele>1191.5999755859375</ele>
        <time>2025-08-08T15:55:07.000Z</time>
        <extensions>
          <ns3:TrackPointExtension/>
        </extensions>
      </trkpt>
      <trkpt lat="43.992316536605358123779296875" lon="-121.32552822120487689971923828125">
        <ele>1191.4000244140625</ele>
        <time>2025-08-08T15:55:08.000Z</time>
        <extensions>
          <ns3:TrackPointExtension/>
        </extensions>
      </trkpt>
      <trkpt lat="43.9919938333332538604736328125" lon="-121.32587514817714691162109375">
        <ele>1191.199951171875</ele>
        <time>2025-08-08T15:55:10.000Z</time>
        <extensions>
          <ns3:TrackPointExtension/>
        </extensions>
      </trkpt>
      <trkpt lat="43.99169686250388622283935546875" lon="-121.32626079954206943511962890625">
        <ele>1191.199951171875</ele>
        <time>2025-08-08T15:55:12.000Z</time>
        <extensions>
          <ns3:TrackPointExtension/>
        </extensions>
      </trkpt>
      <trkpt lat="43.9913244545459747314453125" lon="-121.32692565210163593292236328125">
        <ele>1190.800048828125</ele>
        <time>2025-08-08T15:55:15.000Z</time>
        <extensions>
          <ns3:TrackPointExtension/>
        </extensions>
      </trkpt>
      <trkpt lat="43.99113728664815425872802734375" lon="-121.32742186076939105987548828125">
        <ele>1190.5999755859375</ele>
        <time>2025-08-08T15:55:17.000Z</time>
        <extensions>
          <ns3:TrackPointExtension/>
        </extensions>
      </trkpt>
      <trkpt lat="43.99106386117637157440185546875" lon="-121.32768094539642333984375">
        <ele>1190.4000244140625</ele>
        <time>2025-08-08T15:55:18.000Z</time>
        <extensions>
          <ns3:TrackPointExtension/>
        </extensions>
      </trkpt>
      <trkpt lat="43.9909075386822223663330078125" lon="-121.3284830935299396514892578125">
        <ele>1190.5999755859375</ele>
        <time>2025-08-08T15:55:21.000Z</time>
        <extensions>
          <ns3:TrackPointExtension/>
        </extensions>
      </trkpt>
      <trkpt lat="43.99085649289190769195556640625" lon="-121.3292894326150417327880859375">
        <ele>1191.5999755859375</ele>
        <time>2025-08-08T15:55:24.000Z</time>
        <extensions>
          <ns3:TrackPointExtension/>
        </extensions>
      </trkpt>
      <trkpt lat="43.99086118675768375396728515625" lon="-121.32981204427778720855712890625">
        <ele>1192.5999755859375</ele>
        <time>2025-08-08T15:55:26.000Z</time>
        <extensions>
          <ns3:TrackPointExtension/>
        </extensions>
      </trkpt>
      <trkpt lat="43.99087375961244106292724609375" lon="-121.33081234060227870941162109375">
        <ele>1194.199951171875</ele>
        <time>2025-08-08T15:55:30.000Z</time>
        <extensions>
          <ns3:TrackPointExtension/>
        </extensions>
      </trkpt>
      <trkpt lat="43.9909001626074314117431640625" lon="-121.3312906958162784576416015625">
        <ele>1194.800048828125</ele>
        <time>2025-08-08T15:55:32.000Z</time>
        <extensions>
          <ns3:TrackPointExtension/>
        </extensions>
      </trkpt>
      <trkpt lat="43.990962691605091094970703125" lon="-121.3317458331584930419921875">
        <ele>1195.4000244140625</ele>
        <time>2025-08-08T15:55:34.000Z</time>
        <extensions>
          <ns3:TrackPointExtension/>
        </extensions>
      </trkpt>
      <trkpt lat="43.991113565862178802490234375" lon="-121.33241194300353527069091796875">
        <ele>1196.5999755859375</ele>
        <time>2025-08-08T15:55:36.000Z</time>
        <extensions>
          <ns3:TrackPointExtension/>
        </extensions>
      </trkpt>
      <trkpt lat="43.99117684923112392425537109375" lon="-121.33262584917247295379638671875">
        <ele>1197.199951171875</ele>
        <time>2025-08-08T15:55:37.000Z</time>
        <extensions>
          <ns3:TrackPointExtension/>
        </extensions>
      </trkpt>
      <trkpt lat="43.99138606153428554534912109375" lon="-121.33322197012603282928466796875">
        <ele>1199.199951171875</ele>
        <time>2025-08-08T15:55:41.000Z</time>
        <extensions>
          <ns3:TrackPointExtension/>
        </extensions>
      </trkpt>
      <trkpt lat="43.99152084253728389739990234375" lon="-121.33356772363185882568359375">
        <ele>1200.4000244140625</ele>
        <time>2025-08-08T15:55:43.000Z</time>
        <extensions>
          <ns3:TrackPointExtension/>
        </extensions>
      </trkpt>
      <trkpt lat="43.991761989891529083251953125" lon="-121.33417717181146144866943359375">
        <ele>1201.800048828125</ele>
        <time>2025-08-08T15:55:46.000Z</time>
        <extensions>
          <ns3:TrackPointExtension/>
        </extensions>
      </trkpt>
      <trkpt lat="43.99182267487049102783203125" lon="-121.33432787843048572540283203125">
        <ele>1201.800048828125</ele>
        <time>2025-08-08T15:55:48.000Z</time>
        <extensions>
          <ns3:TrackPointExtension/>
        </extensions>
      </trkpt>
      <trkpt lat="43.9920647442340850830078125" lon="-121.33493942208588123321533203125">
        <ele>1201.5999755859375</ele>
        <time>2025-08-08T15:55:52.000Z</time>
        <extensions>
          <ns3:TrackPointExtension/>
        </extensions>
      </trkpt>
      <trkpt lat="43.99223883636295795440673828125" lon="-121.33537427522242069244384765625">
        <ele>1200.800048828125</ele>
        <time>2025-08-08T15:55:54.000Z</time>
        <extensions>
          <ns3:TrackPointExtension/>
        </extensions>
      </trkpt>
      <trkpt lat="43.99252482689917087554931640625" lon="-121.33598799817264080047607421875">
        <ele>1198.199951171875</ele>
        <time>2025-08-08T15:55:59.000Z</time>
        <extensions>
          <ns3:TrackPointExtension/>
        </extensions>
      </trkpt>
      <trkpt lat="43.99252482689917087554931640625" lon="-121.33598799817264080047607421875">
        <ele>1198.199951171875</ele>
        <time>2025-08-08T15:56:00.000Z</time>
        <extensions>
          <ns3:TrackPointExtension/>
        </extensions>
      </trkpt>
      <trkpt lat="43.9925802312791347503662109375" lon="-121.33606829680502414703369140625">
        <ele>1197.800048828125</ele>
        <time>2025-08-08T15:56:01.000Z</time>
        <extensions>
          <ns3:TrackPointExtension/>
        </extensions>
      </trkpt>
      <trkpt lat="43.99270453490316867828369140625" lon="-121.33616133593022823333740234375">
        <ele>1196.800048828125</ele>
        <time>2025-08-08T15:56:03.000Z</time>
        <extensions>
          <ns3:TrackPointExtension/>
        </extensions>
      </trkpt>
      <trkpt lat="43.9928464405238628387451171875" lon="-121.3361538760364055633544921875">
        <ele>1196.4000244140625</ele>
        <time>2025-08-08T15:56:05.000Z</time>
        <extensions>
          <ns3:TrackPointExtension/>
        </extensions>
      </trkpt>
      <trkpt lat="43.99301013909280300140380859375" lon="-121.3360673747956752777099609375">
        <ele>1196</ele>
        <time>2025-08-08T15:56:07.000Z</time>
        <extensions>
          <ns3:TrackPointExtension/>
        </extensions>
      </trkpt>
      <trkpt lat="43.9931039325892925262451171875" lon="-121.33600316941738128662109375">
        <ele>1195.800048828125</ele>
        <time>2025-08-08T15:56:08.000Z</time>
        <extensions>
          <ns3:TrackPointExtension/>
        </extensions>
      </trkpt>
      <trkpt lat="43.99331322871148586273193359375" lon="-121.33586109615862369537353515625">
        <ele>1195.4000244140625</ele>
        <time>2025-08-08T15:56:10.000Z</time>
        <extensions>
          <ns3:TrackPointExtension/>
        </extensions>
      </trkpt>
      <trkpt lat="43.99374405853450298309326171875" lon="-121.33553805761039257049560546875">
        <ele>1194.199951171875</ele>
        <time>2025-08-08T15:56:14.000Z</time>
        <extensions>
          <ns3:TrackPointExtension/>
        </extensions>
      </trkpt>
      <trkpt lat="43.9938321523368358612060546875" lon="-121.3354338705539703369140625">
        <ele>1194</ele>
        <time>2025-08-08T15:56:15.000Z</time>
        <extensions>
          <ns3:TrackPointExtension/>
        </extensions>
      </trkpt>
      <trkpt lat="43.9939052425324916839599609375" lon="-121.33531644009053707122802734375">
        <ele>1193.5999755859375</ele>
        <time>2025-08-08T15:56:16.000Z</time>
        <extensions>
          <ns3:TrackPointExtension/>
        </extensions>
      </trkpt>
      <trkpt lat="43.99399258196353912353515625" lon="-121.33504989556968212127685546875">
        <ele>1193</ele>
        <time>2025-08-08T15:56:18.000Z</time>
        <extensions>
          <ns3:TrackPointExtension/>
        </extensions>
      </trkpt>
      <trkpt lat="43.993981517851352691650390625" lon="-121.3347768969833850860595703125">
        <ele>1192.5999755859375</ele>
        <time>2025-08-08T15:56:20.000Z</time>
        <extensions>
          <ns3:TrackPointExtension/>
        </extensions>
      </trkpt>
      <trkpt lat="43.99387515150010585784912109375" lon="-121.33453658781945705413818359375">
        <ele>1191.800048828125</ele>
        <time>2025-08-08T15:56:22.000Z</time>
        <extensions>
          <ns3:TrackPointExtension/>
        </extensions>
      </trkpt>
      <trkpt lat="43.99369024671614170074462890625" lon="-121.334389150142669677734375">
        <ele>1191.5999755859375</ele>
        <time>2025-08-08T15:56:24.000Z</time>
        <extensions>
          <ns3:TrackPointExtension/>
        </extensions>
      </trkpt>
      <trkpt lat="43.99358144961297512054443359375" lon="-121.33436224423348903656005859375">
        <ele>1191.5999755859375</ele>
        <time>2025-08-08T15:56:25.000Z</time>
        <extensions>
          <ns3:TrackPointExtension/>
        </extensions>
      </trkpt>
      <trkpt lat="43.99346695281565189361572265625" lon="-121.33437506854534149169921875">
        <ele>1191.4000244140625</ele>
        <time>2025-08-08T15:56:26.000Z</time>
        <extensions>
          <ns3:TrackPointExtension/>
        </extensions>
      </trkpt>
      <trkpt lat="43.9932370372116565704345703125" lon="-121.33447967469692230224609375">
        <ele>1191.4000244140625</ele>
        <time>2025-08-08T15:56:28.000Z</time>
        <extensions>
          <ns3:TrackPointExtension/>
        </extensions>
      </trkpt>
      <trkpt lat="43.99285398423671722412109375" lon="-121.334736160933971405029296875">
        <ele>1191.800048828125</ele>
        <time>2025-08-08T15:56:31.000Z</time>
        <extensions>
          <ns3:TrackPointExtension/>
        </extensions>
      </trkpt>
      <trkpt lat="43.9927113242447376251220703125" lon="-121.33483096025884151458740234375">
        <ele>1192.199951171875</ele>
        <time>2025-08-08T15:56:32.000Z</time>
        <extensions>
          <ns3:TrackPointExtension/>
        </extensions>
      </trkpt>
      <trkpt lat="43.9920659177005290985107421875" lon="-121.33526229299604892730712890625">
        <ele>1192.199951171875</ele>
        <time>2025-08-08T15:56:36.000Z</time>
        <extensions>
          <ns3:TrackPointExtension/>
        </extensions>
      </trkpt>
      <trkpt lat="43.99151396937668323516845703125" lon="-121.33564375340938568115234375">
        <ele>1192.800048828125</ele>
        <time>2025-08-08T15:56:39.000Z</time>
        <extensions>
          <ns3:TrackPointExtension/>
        </extensions>
      </trkpt>
      <trkpt lat="43.99111951701343059539794921875" lon="-121.3359124772250652313232421875">
        <ele>1193.5999755859375</ele>
        <time>2025-08-08T15:56:41.000Z</time>
        <extensions>
          <ns3:TrackPointExtension/>
        </extensions>
      </trkpt>
      <trkpt lat="43.99070444516837596893310546875" lon="-121.336200647056102752685546875">
        <ele>1194.4000244140625</ele>
        <time>2025-08-08T15:56:43.000Z</time>
        <extensions>
          <ns3:TrackPointExtension/>
        </extensions>
      </trkpt>
      <trkpt lat="43.99026422761380672454833984375" lon="-121.3365067541599273681640625">
        <ele>1195.199951171875</ele>
        <time>2025-08-08T15:56:45.000Z</time>
        <extensions>
          <ns3:TrackPointExtension/>
        </extensions>
      </trkpt>
      <trkpt lat="43.98979785852134227752685546875" lon="-121.33682618848979473114013671875">
        <ele>1196</ele>
        <time>2025-08-08T15:56:47.000Z</time>
        <extensions>
          <ns3:TrackPointExtension/>
        </extensions>
      </trkpt>
      <trkpt lat="43.98932478390634059906005859375" lon="-121.337154842913150787353515625">
        <ele>1196.800048828125</ele>
        <time>2025-08-08T15:56:49.000Z</time>
        <extensions>
          <ns3:TrackPointExtension/>
        </extensions>
      </trkpt>
      <trkpt lat="43.9888522960245609283447265625" lon="-121.33748701773583889007568359375">
        <ele>1197.5999755859375</ele>
        <time>2025-08-08T15:56:51.000Z</time>
        <extensions>
          <ns3:TrackPointExtension/>
        </extensions>
      </trkpt>
      <trkpt lat="43.98814737796783447265625" lon="-121.33798532187938690185546875">
        <ele>1198.4000244140625</ele>
        <time>2025-08-08T15:56:54.000Z</time>
        <extensions>
          <ns3:TrackPointExtension/>
        </extensions>
      </trkpt>
      <trkpt lat="43.9879131875932216644287109375" lon="-121.3381507806479930877685546875">
        <ele>1198.4000244140625</ele>
        <time>2025-08-08T15:56:55.000Z</time>
        <extensions>
          <ns3:TrackPointExtension/>
        </extensions>
      </trkpt>
      <trkpt lat="43.987210951745510101318359375" lon="-121.3386426307260990142822265625">
        <ele>1198.5999755859375</ele>
        <time>2025-08-08T15:56:58.000Z</time>
        <extensions>
          <ns3:TrackPointExtension/>
        </extensions>
      </trkpt>
      <trkpt lat="43.98674265481531620025634765625" lon="-121.3389701955020427703857421875">
        <ele>1198.800048828125</ele>
        <time>2025-08-08T15:57:00.000Z</time>
        <extensions>
          <ns3:TrackPointExtension/>
        </extensions>
      </trkpt>
      <trkpt lat="43.9865093864500522613525390625" lon="-121.33913355879485607147216796875">
        <ele>1199</ele>
        <time>2025-08-08T15:57:01.000Z</time>
        <extensions>
          <ns3:TrackPointExtension/>
        </extensions>
      </trkpt>
      <trkpt lat="43.98581159301102161407470703125" lon="-121.339626498520374298095703125">
        <ele>1199.4000244140625</ele>
        <time>2025-08-08T15:57:04.000Z</time>
        <extensions>
          <ns3:TrackPointExtension/>
        </extensions>
      </trkpt>
      <trkpt lat="43.985346816480159759521484375" lon="-121.33995548821985721588134765625">
        <ele>1199.5999755859375</ele>
        <time>2025-08-08T15:57:06.000Z</time>
        <extensions>
          <ns3:TrackPointExtension/>
        </extensions>
      </trkpt>
      <trkpt lat="43.98441868834197521209716796875" lon="-121.34061179123818874359130859375">
        <ele>1200.199951171875</ele>
        <time>2025-08-08T15:57:09.000Z</time>
        <extensions>
          <ns3:TrackPointExtension/>
        </extensions>
      </trkpt>
      <trkpt lat="43.983954750001430511474609375" lon="-121.34093835018575191497802734375">
        <ele>1200.4000244140625</ele>
        <time>2025-08-08T15:57:12.000Z</time>
        <extensions>
          <ns3:TrackPointExtension/>
        </extensions>
      </trkpt>
      <trkpt lat="43.983261398971080780029296875" lon="-121.34142835624516010284423828125">
        <ele>1200.5999755859375</ele>
        <time>2025-08-08T15:57:15.000Z</time>
        <extensions>
          <ns3:TrackPointExtension/>
        </extensions>
      </trkpt>
      <trkpt lat="43.98280064575374126434326171875" lon="-121.34175826795399188995361328125">
        <ele>1201</ele>
        <time>2025-08-08T15:57:17.000Z</time>
        <extensions>
          <ns3:TrackPointExtension/>
        </extensions>
      </trkpt>
      <trkpt lat="43.982340395450592041015625" lon="-121.34208968840539455413818359375">
        <ele>1201.4000244140625</ele>
        <time>2025-08-08T15:57:19.000Z</time>
        <extensions>
          <ns3:TrackPointExtension/>
        </extensions>
      </trkpt>
      <trkpt lat="43.98164897225797176361083984375" lon="-121.3425868190824985504150390625">
        <ele>1202.199951171875</ele>
        <time>2025-08-08T15:57:22.000Z</time>
        <extensions>
          <ns3:TrackPointExtension/>
        </extensions>
      </trkpt>
      <trkpt lat="43.98118914104998111724853515625" lon="-121.3429133780300617218017578125">
        <ele>1203.5999755859375</ele>
        <time>2025-08-08T15:57:24.000Z</time>
        <extensions>
          <ns3:TrackPointExtension/>
        </extensions>
      </trkpt>
      <trkpt lat="43.98095914162695407867431640625" lon="-121.34307338856160640716552734375">
        <ele>1204.4000244140625</ele>
        <time>2025-08-08T15:57:25.000Z</time>
        <extensions>
          <ns3:TrackPointExtension/>
        </extensions>
      </trkpt>
      <trkpt lat="43.9802762679755687713623046875" lon="-121.3435555994510650634765625">
        <ele>1208.800048828125</ele>
        <time>2025-08-08T15:57:28.000Z</time>
        <extensions>
          <ns3:TrackPointExtension/>
        </extensions>
      </trkpt>
      <trkpt lat="43.97958987392485141754150390625" lon="-121.3440254889428615570068359375">
        <ele>1210.800048828125</ele>
        <time>2025-08-08T15:57:30.000Z</time>
        <extensions>
          <ns3:TrackPointExtension/>
        </extensions>
      </trkpt>
      <trkpt lat="43.97958987392485141754150390625" lon="-121.3440254889428615570068359375">
        <ele>1210.800048828125</ele>
        <time>2025-08-08T15:57:31.000Z</time>
        <extensions>
          <ns3:TrackPointExtension/>
        </extensions>
      </trkpt>
      <trkpt lat="43.9791188947856426239013671875" lon="-121.34432497434318065643310546875">
        <ele>1212.4000244140625</ele>
        <time>2025-08-08T15:57:33.000Z</time>
        <extensions>
          <ns3:TrackPointExtension/>
        </extensions>
      </trkpt>
      <trkpt lat="43.9786364324390888214111328125" lon="-121.3446115516126155853271484375">
        <ele>1213.5999755859375</ele>
        <time>2025-08-08T15:57:35.000Z</time>
        <extensions>
          <ns3:TrackPointExtension/>
        </extensions>
      </trkpt>
      <trkpt lat="43.97814583964645862579345703125" lon="-121.3448780961334705352783203125">
        <ele>1214.5999755859375</ele>
        <time>2025-08-08T15:57:36.000Z</time>
        <extensions>
          <ns3:TrackPointExtension/>
        </extensions>
      </trkpt>
      <trkpt lat="43.97814583964645862579345703125" lon="-121.3448780961334705352783203125">
        <ele>1214.5999755859375</ele>
        <time>2025-08-08T15:57:37.000Z</time>
        <extensions>
          <ns3:TrackPointExtension/>
        </extensions>
      </trkpt>
      <trkpt lat="43.97740303538739681243896484375" lon="-121.34522904641926288604736328125">
        <ele>1215.4000244140625</ele>
        <time>2025-08-08T15:57:40.000Z</time>
        <extensions>
          <ns3:TrackPointExtension/>
        </extensions>
      </trkpt>
      <trkpt lat="43.976903222501277923583984375" lon="-121.345433481037616729736328125">
        <ele>1215.5999755859375</ele>
        <time>2025-08-08T15:57:42.000Z</time>
        <extensions>
          <ns3:TrackPointExtension/>
        </extensions>
      </trkpt>
      <trkpt lat="43.97639938630163669586181640625" lon="-121.34561662562191486358642578125">
        <ele>1215.5999755859375</ele>
        <time>2025-08-08T15:57:44.000Z</time>
        <extensions>
          <ns3:TrackPointExtension/>
        </extensions>
      </trkpt>
      <trkpt lat="43.9761449955403804779052734375" lon="-121.34569943882524967193603515625">
        <ele>1215.5999755859375</ele>
        <time>2025-08-08T15:57:45.000Z</time>
        <extensions>
          <ns3:TrackPointExtension/>
        </extensions>
      </trkpt>
      <trkpt lat="43.9756335318088531494140625" lon="-121.3458460383117198944091796875">
        <ele>1215.5999755859375</ele>
        <time>2025-08-08T15:57:47.000Z</time>
        <extensions>
          <ns3:TrackPointExtension/>
        </extensions>
      </trkpt>
      <trkpt lat="43.9751193858683109283447265625" lon="-121.34596648626029491424560546875">
        <ele>1215.5999755859375</ele>
        <time>2025-08-08T15:57:49.000Z</time>
        <extensions>
          <ns3:TrackPointExtension/>
        </extensions>
      </trkpt>
      <trkpt lat="43.9743433892726898193359375" lon="-121.34610445238649845123291015625">
        <ele>1215</ele>
        <time>2025-08-08T15:57:52.000Z</time>
        <extensions>
          <ns3:TrackPointExtension/>
        </extensions>
      </trkpt>
      <trkpt lat="43.9738245494663715362548828125" lon="-121.34618005715310573577880859375">
        <ele>1214.4000244140625</ele>
        <time>2025-08-08T15:57:54.000Z</time>
        <extensions>
          <ns3:TrackPointExtension/>
        </extensions>
      </trkpt>
      <trkpt lat="43.97330596111714839935302734375" lon="-121.3462550751864910125732421875">
        <ele>1213.800048828125</ele>
        <time>2025-08-08T15:57:56.000Z</time>
        <extensions>
          <ns3:TrackPointExtension/>
        </extensions>
      </trkpt>
      <trkpt lat="43.97252744995057582855224609375" lon="-121.3463700748980045318603515625">
        <ele>1212.5999755859375</ele>
        <time>2025-08-08T15:57:59.000Z</time>
        <extensions>
          <ns3:TrackPointExtension/>
        </extensions>
      </trkpt>
      <trkpt lat="43.9720073528587818145751953125" lon="-121.34644375182688236236572265625">
        <ele>1211.5999755859375</ele>
        <time>2025-08-08T15:58:01.000Z</time>
        <extensions>
          <ns3:TrackPointExtension/>
        </extensions>
      </trkpt>
      <trkpt lat="43.97148859687149524688720703125" lon="-121.34651365689933300018310546875">
        <ele>1210.800048828125</ele>
        <time>2025-08-08T15:58:03.000Z</time>
        <extensions>
          <ns3:TrackPointExtension/>
        </extensions>
      </trkpt>
      <trkpt lat="43.97096958942711353302001953125" lon="-121.3465826399624347686767578125">
        <ele>1210</ele>
        <time>2025-08-08T15:58:05.000Z</time>
        <extensions>
          <ns3:TrackPointExtension/>
        </extensions>
      </trkpt>
      <trkpt lat="43.9704513363540172576904296875" lon="-121.34665095247328281402587890625">
        <ele>1209.4000244140625</ele>
        <time>2025-08-08T15:58:07.000Z</time>
        <extensions>
          <ns3:TrackPointExtension/>
        </extensions>
      </trkpt>
      <trkpt lat="43.96993509493768215179443359375" lon="-121.3467197678983211517333984375">
        <ele>1209.4000244140625</ele>
        <time>2025-08-08T15:58:09.000Z</time>
        <extensions>
          <ns3:TrackPointExtension/>
        </extensions>
      </trkpt>
      <trkpt lat="43.9694233797490596771240234375" lon="-121.34678925387561321258544921875">
        <ele>1210.4000244140625</ele>
        <time>2025-08-08T15:58:11.000Z</time>
        <extensions>
          <ns3:TrackPointExtension/>
        </extensions>
      </trkpt>
      <trkpt lat="43.968666158616542816162109375" lon="-121.34689687751233577728271484375">
        <ele>1213</ele>
        <time>2025-08-08T15:58:13.000Z</time>
        <extensions>
          <ns3:TrackPointExtension/>
        </extensions>
      </trkpt>
      <trkpt lat="43.96841629408299922943115234375" lon="-121.34693325497210025787353515625">
        <ele>1214.4000244140625</ele>
        <time>2025-08-08T15:58:15.000Z</time>
        <extensions>
          <ns3:TrackPointExtension/>
        </extensions>
      </trkpt>
      <trkpt lat="43.9679196663200855255126953125" lon="-121.34700533933937549591064453125">
        <ele>1216.5999755859375</ele>
        <time>2025-08-08T15:58:17.000Z</time>
        <extensions>
          <ns3:TrackPointExtension/>
        </extensions>
      </trkpt>
      <trkpt lat="43.9674187637865543365478515625" lon="-121.3470751605927944183349609375">
        <ele>1219.800048828125</ele>
        <time>2025-08-08T15:58:19.000Z</time>
        <extensions>
          <ns3:TrackPointExtension/>
        </extensions>
      </trkpt>
      <trkpt lat="43.96665425039827823638916015625" lon="-121.34718622080981731414794921875">
        <ele>1223.199951171875</ele>
        <time>2025-08-08T15:58:22.000Z</time>
        <extensions>
          <ns3:TrackPointExtension/>
        </extensions>
      </trkpt>
      <trkpt lat="43.9661363326013088226318359375" lon="-121.347259394824504852294921875">
        <ele>1225.199951171875</ele>
        <time>2025-08-08T15:58:24.000Z</time>
        <extensions>
          <ns3:TrackPointExtension/>
        </extensions>
      </trkpt>
      <trkpt lat="43.96587573923170566558837890625" lon="-121.347296945750713348388671875">
        <ele>1226</ele>
        <time>2025-08-08T15:58:25.000Z</time>
        <extensions>
          <ns3:TrackPointExtension/>
        </extensions>
      </trkpt>
      <trkpt lat="43.965614140033721923828125" lon="-121.34733541868627071380615234375">
        <ele>1226.800048828125</ele>
        <time>2025-08-08T15:58:26.000Z</time>
        <extensions>
          <ns3:TrackPointExtension/>
        </extensions>
      </trkpt>
      <trkpt lat="43.96509001962840557098388671875" lon="-121.3474154658615589141845703125">
        <ele>1228.199951171875</ele>
        <time>2025-08-08T15:58:28.000Z</time>
        <extensions>
          <ns3:TrackPointExtension/>
        </extensions>
      </trkpt>
      <trkpt lat="43.9645689167082309722900390625" lon="-121.347498111426830291748046875">
        <ele>1229.199951171875</ele>
        <time>2025-08-08T15:58:30.000Z</time>
        <extensions>
          <ns3:TrackPointExtension/>
        </extensions>
      </trkpt>
      <trkpt lat="43.96430983208119869232177734375" lon="-121.347537338733673095703125">
        <ele>1229.800048828125</ele>
        <time>2025-08-08T15:58:31.000Z</time>
        <extensions>
          <ns3:TrackPointExtension/>
        </extensions>
      </trkpt>
      <trkpt lat="43.96327952854335308074951171875" lon="-121.3476957567036151885986328125">
        <ele>1231.4000244140625</ele>
        <time>2025-08-08T15:58:34.000Z</time>
        <extensions>
          <ns3:TrackPointExtension/>
        </extensions>
      </trkpt>
      <trkpt lat="43.96327952854335308074951171875" lon="-121.3476957567036151885986328125">
        <ele>1231.4000244140625</ele>
        <time>2025-08-08T15:58:35.000Z</time>
        <extensions>
          <ns3:TrackPointExtension/>
        </extensions>
      </trkpt>
      <trkpt lat="43.96302136592566967010498046875" lon="-121.347735822200775146484375">
        <ele>1231.5999755859375</ele>
        <time>2025-08-08T15:58:36.000Z</time>
        <extensions>
          <ns3:TrackPointExtension/>
        </extensions>
      </trkpt>
      <trkpt lat="43.96224536933004856109619140625" lon="-121.3478556834161281585693359375">
        <ele>1231.5999755859375</ele>
        <time>2025-08-08T15:58:39.000Z</time>
        <extensions>
          <ns3:TrackPointExtension/>
        </extensions>
      </trkpt>
      <trkpt lat="43.961724936962127685546875" lon="-121.34793556295335292816162109375">
        <ele>1231.800048828125</ele>
        <time>2025-08-08T15:58:40.000Z</time>
        <extensions>
          <ns3:TrackPointExtension/>
        </extensions>
      </trkpt>
      <trkpt lat="43.96120534278452396392822265625" lon="-121.34801141917705535888671875">
        <ele>1232</ele>
        <time>2025-08-08T15:58:43.000Z</time>
        <extensions>
          <ns3:TrackPointExtension/>
        </extensions>
      </trkpt>
      <trkpt lat="43.960685916244983673095703125" lon="-121.348089873790740966796875">
        <ele>1232.199951171875</ele>
        <time>2025-08-08T15:58:44.000Z</time>
        <extensions>
          <ns3:TrackPointExtension/>
        </extensions>
      </trkpt>
      <trkpt lat="43.959908075630664825439453125" lon="-121.34820948354899883270263671875">
        <ele>1233</ele>
        <time>2025-08-08T15:58:47.000Z</time>
        <extensions>
          <ns3:TrackPointExtension/>
        </extensions>
      </trkpt>
      <trkpt lat="43.959908075630664825439453125" lon="-121.34820948354899883270263671875">
        <ele>1233</ele>
        <time>2025-08-08T15:58:48.000Z</time>
        <extensions>
          <ns3:TrackPointExtension/>
        </extensions>
      </trkpt>
      <trkpt lat="43.959391079843044281005859375" lon="-121.34829246439039707183837890625">
        <ele>1234</ele>
        <time>2025-08-08T15:58:49.000Z</time>
        <extensions>
          <ns3:TrackPointExtension/>
        </extensions>
      </trkpt>
      <trkpt lat="43.958876766264438629150390625" lon="-121.34837494231760501861572265625">
        <ele>1235</ele>
        <time>2025-08-08T15:58:52.000Z</time>
        <extensions>
          <ns3:TrackPointExtension/>
        </extensions>
      </trkpt>
      <trkpt lat="43.95836488343775272369384765625" lon="-121.348454318940639495849609375">
        <ele>1236.199951171875</ele>
        <time>2025-08-08T15:58:54.000Z</time>
        <extensions>
          <ns3:TrackPointExtension/>
        </extensions>
      </trkpt>
      <trkpt lat="43.95810957066714763641357421875" lon="-121.34849262423813343048095703125">
        <ele>1237</ele>
        <time>2025-08-08T15:58:55.000Z</time>
        <extensions>
          <ns3:TrackPointExtension/>
        </extensions>
      </trkpt>
      <trkpt lat="43.957342542707920074462890625" lon="-121.34860661812126636505126953125">
        <ele>1239.4000244140625</ele>
        <time>2025-08-08T15:58:57.000Z</time>
        <extensions>
          <ns3:TrackPointExtension/>
        </extensions>
      </trkpt>
      <trkpt lat="43.95682965405285358428955078125" lon="-121.3486834801733493804931640625">
        <ele>1241</ele>
        <time>2025-08-08T15:59:00.000Z</time>
        <extensions>
          <ns3:TrackPointExtension/>
        </extensions>
      </trkpt>
      <trkpt lat="43.95631466992199420928955078125" lon="-121.34876302443444728851318359375">
        <ele>1242.5999755859375</ele>
        <time>2025-08-08T15:59:02.000Z</time>
        <extensions>
          <ns3:TrackPointExtension/>
        </extensions>
      </trkpt>
      <trkpt lat="43.95579834468662738800048828125" lon="-121.34884424507617950439453125">
        <ele>1244.4000244140625</ele>
        <time>2025-08-08T15:59:04.000Z</time>
        <extensions>
          <ns3:TrackPointExtension/>
        </extensions>
      </trkpt>
      <trkpt lat="43.9552795886993408203125" lon="-121.34892605245113372802734375">
        <ele>1246</ele>
        <time>2025-08-08T15:59:06.000Z</time>
        <extensions>
          <ns3:TrackPointExtension/>
        </extensions>
      </trkpt>
      <trkpt lat="43.95450241863727569580078125" lon="-121.34904113598167896270751953125">
        <ele>1248.4000244140625</ele>
        <time>2025-08-08T15:59:09.000Z</time>
        <extensions>
          <ns3:TrackPointExtension/>
        </extensions>
      </trkpt>
      <trkpt lat="43.95398584194481372833251953125" lon="-121.349118165671825408935546875">
        <ele>1250</ele>
        <time>2025-08-08T15:59:10.000Z</time>
        <extensions>
          <ns3:TrackPointExtension/>
        </extensions>
      </trkpt>
      <trkpt lat="43.9534677565097808837890625" lon="-121.349195279181003570556640625">
        <ele>1251.4000244140625</ele>
        <time>2025-08-08T15:59:13.000Z</time>
        <extensions>
          <ns3:TrackPointExtension/>
        </extensions>
      </trkpt>
      <trkpt lat="43.9529500901699066162109375" lon="-121.34927448816597461700439453125">
        <ele>1253</ele>
        <time>2025-08-08T15:59:14.000Z</time>
        <extensions>
          <ns3:TrackPointExtension/>
        </extensions>
      </trkpt>
      <trkpt lat="43.95269117318093776702880859375" lon="-121.349315643310546875">
        <ele>1253.5999755859375</ele>
        <time>2025-08-08T15:59:16.000Z</time>
        <extensions>
          <ns3:TrackPointExtension/>
        </extensions>
      </trkpt>
      <trkpt lat="43.95191383548080921173095703125" lon="-121.3494395278394222259521484375">
        <ele>1255.5999755859375</ele>
        <time>2025-08-08T15:59:19.000Z</time>
        <extensions>
          <ns3:TrackPointExtension/>
        </extensions>
      </trkpt>
      <trkpt lat="43.95113934762775897979736328125" lon="-121.34956165216863155364990234375">
        <ele>1257</ele>
        <time>2025-08-08T15:59:22.000Z</time>
        <extensions>
          <ns3:TrackPointExtension/>
        </extensions>
      </trkpt>
      <trkpt lat="43.950621597468852996826171875" lon="-121.34964362718164920806884765625">
        <ele>1257.199951171875</ele>
        <time>2025-08-08T15:59:23.000Z</time>
        <extensions>
          <ns3:TrackPointExtension/>
        </extensions>
      </trkpt>
      <trkpt lat="43.9503619261085987091064453125" lon="-121.34968436323106288909912109375">
        <ele>1258.199951171875</ele>
        <time>2025-08-08T15:59:25.000Z</time>
        <extensions>
          <ns3:TrackPointExtension/>
        </extensions>
      </trkpt>
      <trkpt lat="43.94984543323516845703125" lon="-121.3497657515108585357666015625">
        <ele>1258.199951171875</ele>
        <time>2025-08-08T15:59:27.000Z</time>
        <extensions>
          <ns3:TrackPointExtension/>
        </extensions>
      </trkpt>
      <trkpt lat="43.94907337613403797149658203125" lon="-121.3498807512223720550537109375">
        <ele>1260.199951171875</ele>
        <time>2025-08-08T15:59:30.000Z</time>
        <extensions>
          <ns3:TrackPointExtension/>
        </extensions>
      </trkpt>
      <trkpt lat="43.94855503924190998077392578125" lon="-121.34996063075959682464599609375">
        <ele>1261.199951171875</ele>
        <time>2025-08-08T15:59:31.000Z</time>
        <extensions>
          <ns3:TrackPointExtension/>
        </extensions>
      </trkpt>
      <trkpt lat="43.94855503924190998077392578125" lon="-121.34996063075959682464599609375">
        <ele>1261.199951171875</ele>
        <time>2025-08-08T15:59:32.000Z</time>
        <extensions>
          <ns3:TrackPointExtension/>
        </extensions>
      </trkpt>
      <trkpt lat="43.9477786235511302947998046875" lon="-121.35007495991885662078857421875">
        <ele>1262.800048828125</ele>
        <time>2025-08-08T15:59:35.000Z</time>
        <extensions>
          <ns3:TrackPointExtension/>
        </extensions>
      </trkpt>
      <trkpt lat="43.947265483438968658447265625" lon="-121.35015307925641536712646484375">
        <ele>1264.199951171875</ele>
        <time>2025-08-08T15:59:36.000Z</time>
        <extensions>
          <ns3:TrackPointExtension/>
        </extensions>
      </trkpt>
      <trkpt lat="43.94675083458423614501953125" lon="-121.3502275943756103515625">
        <ele>1265.199951171875</ele>
        <time>2025-08-08T15:59:39.000Z</time>
        <extensions>
          <ns3:TrackPointExtension/>
        </extensions>
      </trkpt>
      <trkpt lat="43.94598414190113544464111328125" lon="-121.35033379308879375457763671875">
        <ele>1268.5999755859375</ele>
        <time>2025-08-08T15:59:41.000Z</time>
        <extensions>
          <ns3:TrackPointExtension/>
        </extensions>
      </trkpt>
      <trkpt lat="43.9454734325408935546875" lon="-121.3504091463983058929443359375">
        <ele>1270.800048828125</ele>
        <time>2025-08-08T15:59:44.000Z</time>
        <extensions>
          <ns3:TrackPointExtension/>
        </extensions>
      </trkpt>
      <trkpt lat="43.9449636451900005340576171875" lon="-121.35048785246908664703369140625">
        <ele>1272.199951171875</ele>
        <time>2025-08-08T15:59:46.000Z</time>
        <extensions>
          <ns3:TrackPointExtension/>
        </extensions>
      </trkpt>
      <trkpt lat="43.944453187286853790283203125" lon="-121.35056949220597743988037109375">
        <ele>1273.800048828125</ele>
        <time>2025-08-08T15:59:47.000Z</time>
        <extensions>
          <ns3:TrackPointExtension/>
        </extensions>
      </trkpt>
      <trkpt lat="43.94394063390791416168212890625" lon="-121.35065448470413684844970703125">
        <ele>1275.4000244140625</ele>
        <time>2025-08-08T15:59:50.000Z</time>
        <extensions>
          <ns3:TrackPointExtension/>
        </extensions>
      </trkpt>
      <trkpt lat="43.9434240572154521942138671875" lon="-121.35074098594486713409423828125">
        <ele>1276.800048828125</ele>
        <time>2025-08-08T15:59:52.000Z</time>
        <extensions>
          <ns3:TrackPointExtension/>
        </extensions>
      </trkpt>
      <trkpt lat="43.94290127791464328765869140625" lon="-121.3508235476911067962646484375">
        <ele>1278.5999755859375</ele>
        <time>2025-08-08T15:59:53.000Z</time>
        <extensions>
          <ns3:TrackPointExtension/>
        </extensions>
      </trkpt>
      <trkpt lat="43.94211522303521633148193359375" lon="-121.35094332508742809295654296875">
        <ele>1281.4000244140625</ele>
        <time>2025-08-08T15:59:56.000Z</time>
        <extensions>
          <ns3:TrackPointExtension/>
        </extensions>
      </trkpt>
      <trkpt lat="43.94185303710401058197021484375" lon="-121.35098389349877834320068359375">
        <ele>1282.199951171875</ele>
        <time>2025-08-08T15:59:57.000Z</time>
        <extensions>
          <ns3:TrackPointExtension/>
        </extensions>
      </trkpt>
      <trkpt lat="43.941070251166820526123046875" lon="-121.35110258124768733978271484375">
        <ele>1284</ele>
        <time>2025-08-08T16:00:00.000Z</time>
        <extensions>
          <ns3:TrackPointExtension/>
        </extensions>
      </trkpt>
      <trkpt lat="43.94054965116083621978759765625" lon="-121.35118036530911922454833984375">
        <ele>1284.4000244140625</ele>
        <time>2025-08-08T16:00:03.000Z</time>
        <extensions>
          <ns3:TrackPointExtension/>
        </extensions>
      </trkpt>
      <trkpt lat="43.940030895173549652099609375" lon="-121.3512573949992656707763671875">
        <ele>1284.5999755859375</ele>
        <time>2025-08-08T16:00:04.000Z</time>
        <extensions>
          <ns3:TrackPointExtension/>
        </extensions>
      </trkpt>
      <trkpt lat="43.93977214582264423370361328125" lon="-121.3512956164777278900146484375">
        <ele>1284.5999755859375</ele>
        <time>2025-08-08T16:00:06.000Z</time>
        <extensions>
          <ns3:TrackPointExtension/>
        </extensions>
      </trkpt>
      <trkpt lat="43.93899598158895969390869140625" lon="-121.3514126278460025787353515625">
        <ele>1284.800048828125</ele>
        <time>2025-08-08T16:00:08.000Z</time>
        <extensions>
          <ns3:TrackPointExtension/>
        </extensions>
      </trkpt>
      <trkpt lat="43.9384790696203708648681640625" lon="-121.351491920650005340576171875">
        <ele>1285.4000244140625</ele>
        <time>2025-08-08T16:00:10.000Z</time>
        <extensions>
          <ns3:TrackPointExtension/>
        </extensions>
      </trkpt>
      <trkpt lat="43.93796349875628948211669921875" lon="-121.351570375263690948486328125">
        <ele>1286</ele>
        <time>2025-08-08T16:00:13.000Z</time>
        <extensions>
          <ns3:TrackPointExtension/>
        </extensions>
      </trkpt>
      <trkpt lat="43.93770634196698665618896484375" lon="-121.3516087643802165985107421875">
        <ele>1287</ele>
        <time>2025-08-08T16:00:14.000Z</time>
        <extensions>
          <ns3:TrackPointExtension/>
        </extensions>
      </trkpt>
      <trkpt lat="43.93719303421676158905029296875" lon="-121.35168663226068019866943359375">
        <ele>1287.800048828125</ele>
        <time>2025-08-08T16:00:16.000Z</time>
        <extensions>
          <ns3:TrackPointExtension/>
        </extensions>
      </trkpt>
      <trkpt lat="43.936422653496265411376953125" lon="-121.35180481709539890289306640625">
        <ele>1288.4000244140625</ele>
        <time>2025-08-08T16:00:19.000Z</time>
        <extensions>
          <ns3:TrackPointExtension/>
        </extensions>
      </trkpt>
      <trkpt lat="43.93590859137475490570068359375" lon="-121.35188126005232334136962890625">
        <ele>1289.199951171875</ele>
        <time>2025-08-08T16:00:21.000Z</time>
        <extensions>
          <ns3:TrackPointExtension/>
        </extensions>
      </trkpt>
      <trkpt lat="43.93539276905357837677001953125" lon="-121.35195502080023288726806640625">
        <ele>1290</ele>
        <time>2025-08-08T16:00:23.000Z</time>
        <extensions>
          <ns3:TrackPointExtension/>
        </extensions>
      </trkpt>
      <trkpt lat="43.934876024723052978515625" lon="-121.35202593170106410980224609375">
        <ele>1291.199951171875</ele>
        <time>2025-08-08T16:00:24.000Z</time>
        <extensions>
          <ns3:TrackPointExtension/>
        </extensions>
      </trkpt>
      <trkpt lat="43.93436112441122531890869140625" lon="-121.3521016202867031097412109375">
        <ele>1291.5999755859375</ele>
        <time>2025-08-08T16:00:27.000Z</time>
        <extensions>
          <ns3:TrackPointExtension/>
        </extensions>
      </trkpt>
      <trkpt lat="43.93410346470773220062255859375" lon="-121.3521408475935459136962890625">
        <ele>1292.4000244140625</ele>
        <time>2025-08-08T16:00:28.000Z</time>
        <extensions>
          <ns3:TrackPointExtension/>
        </extensions>
      </trkpt>
      <trkpt lat="43.93384614028036594390869140625" lon="-121.35218183510005474090576171875">
        <ele>1293</ele>
        <time>2025-08-08T16:00:29.000Z</time>
        <extensions>
          <ns3:TrackPointExtension/>
        </extensions>
      </trkpt>
      <trkpt lat="43.9333335869014263153076171875" lon="-121.3522622175514698028564453125">
        <ele>1294.4000244140625</ele>
        <time>2025-08-08T16:00:31.000Z</time>
        <extensions>
          <ns3:TrackPointExtension/>
        </extensions>
      </trkpt>
      <trkpt lat="43.93282338045537471771240234375" lon="-121.35234042070806026458740234375">
        <ele>1296.4000244140625</ele>
        <time>2025-08-08T16:00:33.000Z</time>
        <extensions>
          <ns3:TrackPointExtension/>
        </extensions>
      </trkpt>
      <trkpt lat="43.93206305801868438720703125" lon="-121.35245525278151035308837890625">
        <ele>1300.199951171875</ele>
        <time>2025-08-08T16:00:36.000Z</time>
        <extensions>
          <ns3:TrackPointExtension/>
        </extensions>
      </trkpt>
      <trkpt lat="43.93155385740101337432861328125" lon="-121.35252968408167362213134765625">
        <ele>1303</ele>
        <time>2025-08-08T16:00:38.000Z</time>
        <extensions>
          <ns3:TrackPointExtension/>
        </extensions>
      </trkpt>
      <trkpt lat="43.931296952068805694580078125" lon="-121.3525669835507869720458984375">
        <ele>1305.800048828125</ele>
        <time>2025-08-08T16:00:39.000Z</time>
        <extensions>
          <ns3:TrackPointExtension/>
        </extensions>
      </trkpt>
      <trkpt lat="43.930519782006740570068359375" lon="-121.35267854668200016021728515625">
        <ele>1308.4000244140625</ele>
        <time>2025-08-08T16:00:41.000Z</time>
        <extensions>
          <ns3:TrackPointExtension/>
        </extensions>
      </trkpt>
      <trkpt lat="43.930519782006740570068359375" lon="-121.35267854668200016021728515625">
        <ele>1308.4000244140625</ele>
        <time>2025-08-08T16:00:42.000Z</time>
        <extensions>
          <ns3:TrackPointExtension/>
        </extensions>
      </trkpt>
      <trkpt lat="43.929737247526645660400390625" lon="-121.352766640484333038330078125">
        <ele>1311.800048828125</ele>
        <time>2025-08-08T16:00:44.000Z</time>
        <extensions>
          <ns3:TrackPointExtension/>
        </extensions>
      </trkpt>
      <trkpt lat="43.9292125403881072998046875" lon="-121.35279354639351367950439453125">
        <ele>1314.4000244140625</ele>
        <time>2025-08-08T16:00:46.000Z</time>
        <extensions>
          <ns3:TrackPointExtension/>
        </extensions>
      </trkpt>
      <trkpt lat="43.9292125403881072998046875" lon="-121.35279354639351367950439453125">
        <ele>1315.800048828125</ele>
        <time>2025-08-08T16:00:47.000Z</time>
        <extensions>
          <ns3:TrackPointExtension/>
        </extensions>
      </trkpt>
      <trkpt lat="43.92816605977714061737060546875" lon="-121.35276739485561847686767578125">
        <ele>1319.5999755859375</ele>
        <time>2025-08-08T16:00:50.000Z</time>
        <extensions>
          <ns3:TrackPointExtension/>
        </extensions>
      </trkpt>
      <trkpt lat="43.92764814198017120361328125" lon="-121.35272003710269927978515625">
        <ele>1322</ele>
        <time>2025-08-08T16:00:52.000Z</time>
        <extensions>
          <ns3:TrackPointExtension/>
        </extensions>
      </trkpt>
      <trkpt lat="43.92738905735313892364501953125" lon="-121.35268894024193286895751953125">
        <ele>1323.4000244140625</ele>
        <time>2025-08-08T16:00:53.000Z</time>
        <extensions>
          <ns3:TrackPointExtension/>
        </extensions>
      </trkpt>
      <trkpt lat="43.92661708407104015350341796875" lon="-121.35256153531372547149658203125">
        <ele>1327</ele>
        <time>2025-08-08T16:00:56.000Z</time>
        <extensions>
          <ns3:TrackPointExtension/>
        </extensions>
      </trkpt>
      <trkpt lat="43.9261060394346714019775390625" lon="-121.35244569741189479827880859375">
        <ele>1329.5999755859375</ele>
        <time>2025-08-08T16:00:58.000Z</time>
        <extensions>
          <ns3:TrackPointExtension/>
        </extensions>
      </trkpt>
      <trkpt lat="43.92585181631147861480712890625" lon="-121.35237805545330047607421875">
        <ele>1330.800048828125</ele>
        <time>2025-08-08T16:00:59.000Z</time>
        <extensions>
          <ns3:TrackPointExtension/>
        </extensions>
      </trkpt>
      <trkpt lat="43.925348818302154541015625" lon="-121.3522239960730075836181640625">
        <ele>1332.4000244140625</ele>
        <time>2025-08-08T16:01:01.000Z</time>
        <extensions>
          <ns3:TrackPointExtension/>
        </extensions>
      </trkpt>
      <trkpt lat="43.9250971935689449310302734375" lon="-121.3521386682987213134765625">
        <ele>1333.4000244140625</ele>
        <time>2025-08-08T16:01:03.000Z</time>
        <extensions>
          <ns3:TrackPointExtension/>
        </extensions>
      </trkpt>
      <trkpt lat="43.92459386028349399566650390625" lon="-121.3519547693431377410888671875">
        <ele>1335.5999755859375</ele>
        <time>2025-08-08T16:01:05.000Z</time>
        <extensions>
          <ns3:TrackPointExtension/>
        </extensions>
      </trkpt>
      <trkpt lat="43.92409161664545536041259765625" lon="-121.35176642797887325286865234375">
        <ele>1337.199951171875</ele>
        <time>2025-08-08T16:01:06.000Z</time>
        <extensions>
          <ns3:TrackPointExtension/>
        </extensions>
      </trkpt>
      <trkpt lat="43.92384083010256290435791015625" lon="-121.35166995227336883544921875">
        <ele>1338.4000244140625</ele>
        <time>2025-08-08T16:01:08.000Z</time>
        <extensions>
          <ns3:TrackPointExtension/>
        </extensions>
      </trkpt>
      <trkpt lat="43.92309752292931079864501953125" lon="-121.3513911701738834381103515625">
        <ele>1340.5999755859375</ele>
        <time>2025-08-08T16:01:10.000Z</time>
        <extensions>
          <ns3:TrackPointExtension/>
        </extensions>
      </trkpt>
      <trkpt lat="43.92260785214602947235107421875" lon="-121.3512030802667140960693359375">
        <ele>1342</ele>
        <time>2025-08-08T16:01:13.000Z</time>
        <extensions>
          <ns3:TrackPointExtension/>
        </extensions>
      </trkpt>
      <trkpt lat="43.921864964067935943603515625" lon="-121.35091952048242092132568359375">
        <ele>1344.5999755859375</ele>
        <time>2025-08-08T16:01:15.000Z</time>
        <extensions>
          <ns3:TrackPointExtension/>
        </extensions>
      </trkpt>
      <trkpt lat="43.921614848077297210693359375" lon="-121.35082463733851909637451171875">
        <ele>1345.5999755859375</ele>
        <time>2025-08-08T16:01:17.000Z</time>
        <extensions>
          <ns3:TrackPointExtension/>
        </extensions>
      </trkpt>
      <trkpt lat="43.92111218534409999847412109375" lon="-121.35063487105071544647216796875">
        <ele>1347.800048828125</ele>
        <time>2025-08-08T16:01:18.000Z</time>
        <extensions>
          <ns3:TrackPointExtension/>
        </extensions>
      </trkpt>
      <trkpt lat="43.92061002552509307861328125" lon="-121.3504461944103240966796875">
        <ele>1349.800048828125</ele>
        <time>2025-08-08T16:01:20.000Z</time>
        <extensions>
          <ns3:TrackPointExtension/>
        </extensions>
      </trkpt>
      <trkpt lat="43.9201059378683567047119140625" lon="-121.35025642812252044677734375">
        <ele>1352</ele>
        <time>2025-08-08T16:01:22.000Z</time>
        <extensions>
          <ns3:TrackPointExtension/>
        </extensions>
      </trkpt>
      <trkpt lat="43.91960092820227146148681640625" lon="-121.35006926022469997406005859375">
        <ele>1354.199951171875</ele>
        <time>2025-08-08T16:01:24.000Z</time>
        <extensions>
          <ns3:TrackPointExtension/>
        </extensions>
      </trkpt>
      <trkpt lat="43.91934796236455440521240234375" lon="-121.349977143108844757080078125">
        <ele>1355.199951171875</ele>
        <time>2025-08-08T16:01:26.000Z</time>
        <extensions>
          <ns3:TrackPointExtension/>
        </extensions>
      </trkpt>
      <trkpt lat="43.91883817501366138458251953125" lon="-121.34980707429349422454833984375">
        <ele>1357.800048828125</ele>
        <time>2025-08-08T16:01:28.000Z</time>
        <extensions>
          <ns3:TrackPointExtension/>
        </extensions>
      </trkpt>
      <trkpt lat="43.91806569881737232208251953125" lon="-121.349632479250431060791015625">
        <ele>1362</ele>
        <time>2025-08-08T16:01:30.000Z</time>
        <extensions>
          <ns3:TrackPointExtension/>
        </extensions>
      </trkpt>
      <trkpt lat="43.9175440929830074310302734375" lon="-121.34956919588148593902587890625">
        <ele>1364.5999755859375</ele>
        <time>2025-08-08T16:01:32.000Z</time>
        <extensions>
          <ns3:TrackPointExtension/>
        </extensions>
      </trkpt>
      <trkpt lat="43.91702215187251567840576171875" lon="-121.3495449721813201904296875">
        <ele>1366.800048828125</ele>
        <time>2025-08-08T16:01:34.000Z</time>
        <extensions>
          <ns3:TrackPointExtension/>
        </extensions>
      </trkpt>
      <trkpt lat="43.9167612232267856597900390625" lon="-121.3495474867522716522216796875">
        <ele>1369.199951171875</ele>
        <time>2025-08-08T16:01:36.000Z</time>
        <extensions>
          <ns3:TrackPointExtension/>
        </extensions>
      </trkpt>
      <trkpt lat="43.916499875485897064208984375" lon="-121.3495585508644580841064453125">
        <ele>1369.199951171875</ele>
        <time>2025-08-08T16:01:37.000Z</time>
        <extensions>
          <ns3:TrackPointExtension/>
        </extensions>
      </trkpt>
      <trkpt lat="43.91571809537708759307861328125" lon="-121.349656619131565093994140625">
        <ele>1371.4000244140625</ele>
        <time>2025-08-08T16:01:39.000Z</time>
        <extensions>
          <ns3:TrackPointExtension/>
        </extensions>
      </trkpt>
      <trkpt lat="43.91520109958946704864501953125" lon="-121.34977363049983978271484375">
        <ele>1372.4000244140625</ele>
        <time>2025-08-08T16:01:41.000Z</time>
        <extensions>
          <ns3:TrackPointExtension/>
        </extensions>
      </trkpt>
      <trkpt lat="43.91443884931504726409912109375" lon="-121.35001578368246555328369140625">
        <ele>1373.4000244140625</ele>
        <time>2025-08-08T16:01:44.000Z</time>
        <extensions>
          <ns3:TrackPointExtension/>
        </extensions>
      </trkpt>
      <trkpt lat="43.91418839804828166961669921875" lon="-121.3501154445111751556396484375">
        <ele>1373.5999755859375</ele>
        <time>2025-08-08T16:01:45.000Z</time>
        <extensions>
          <ns3:TrackPointExtension/>
        </extensions>
      </trkpt>
      <trkpt lat="43.91369386576116085052490234375" lon="-121.3503414206206798553466796875">
        <ele>1374</ele>
        <time>2025-08-08T16:01:47.000Z</time>
        <extensions>
          <ns3:TrackPointExtension/>
        </extensions>
      </trkpt>
      <trkpt lat="43.91321073286235332489013671875" lon="-121.35060955770313739776611328125">
        <ele>1374.199951171875</ele>
        <time>2025-08-08T16:01:50.000Z</time>
        <extensions>
          <ns3:TrackPointExtension/>
        </extensions>
      </trkpt>
      <trkpt lat="43.9125052280724048614501953125" lon="-121.35108179412782192230224609375">
        <ele>1374.4000244140625</ele>
        <time>2025-08-08T16:01:52.000Z</time>
        <extensions>
          <ns3:TrackPointExtension/>
        </extensions>
      </trkpt>
      <trkpt lat="43.9120485819876194000244140625" lon="-121.35143366642296314239501953125">
        <ele>1374.800048828125</ele>
        <time>2025-08-08T16:01:55.000Z</time>
        <extensions>
          <ns3:TrackPointExtension/>
        </extensions>
      </trkpt>
      <trkpt lat="43.91160643659532070159912109375" lon="-121.35181554593145847320556640625">
        <ele>1375.199951171875</ele>
        <time>2025-08-08T16:01:56.000Z</time>
        <extensions>
          <ns3:TrackPointExtension/>
        </extensions>
      </trkpt>
      <trkpt lat="43.91096907667815685272216796875" lon="-121.35244368575513362884521484375">
        <ele>1375.5999755859375</ele>
        <time>2025-08-08T16:01:59.000Z</time>
        <extensions>
          <ns3:TrackPointExtension/>
        </extensions>
      </trkpt>
      <trkpt lat="43.91076522879302501678466796875" lon="-121.3526695780456066131591796875">
        <ele>1375.800048828125</ele>
        <time>2025-08-08T16:02:01.000Z</time>
        <extensions>
          <ns3:TrackPointExtension/>
        </extensions>
      </trkpt>
      <trkpt lat="43.91017883084714412689208984375" lon="-121.35338815860450267791748046875">
        <ele>1376.199951171875</ele>
        <time>2025-08-08T16:02:04.000Z</time>
        <extensions>
          <ns3:TrackPointExtension/>
        </extensions>
      </trkpt>
      <trkpt lat="43.909614644944667816162109375" lon="-121.35414035059511661529541015625">
        <ele>1376.4000244140625</ele>
        <time>2025-08-08T16:02:06.000Z</time>
        <extensions>
          <ns3:TrackPointExtension/>
        </extensions>
      </trkpt>
      <trkpt lat="43.90924408100545406341552734375" lon="-121.35464712046086788177490234375">
        <ele>1376.4000244140625</ele>
        <time>2025-08-08T16:02:08.000Z</time>
        <extensions>
          <ns3:TrackPointExtension/>
        </extensions>
      </trkpt>
      <trkpt lat="43.90869422815740108489990234375" lon="-121.355407945811748504638671875">
        <ele>1377</ele>
        <time>2025-08-08T16:02:11.000Z</time>
        <extensions>
          <ns3:TrackPointExtension/>
        </extensions>
      </trkpt>
      <trkpt lat="43.90851083211600780487060546875" lon="-121.35565973818302154541015625">
        <ele>1377.4000244140625</ele>
        <time>2025-08-08T16:02:13.000Z</time>
        <extensions>
          <ns3:TrackPointExtension/>
        </extensions>
      </trkpt>
      <trkpt lat="43.90814177691936492919921875" lon="-121.35615997016429901123046875">
        <ele>1377.800048828125</ele>
        <time>2025-08-08T16:02:15.000Z</time>
        <extensions>
          <ns3:TrackPointExtension/>
        </extensions>
      </trkpt>
      <trkpt lat="43.90758647583425045013427734375" lon="-121.3569151796400547027587890625">
        <ele>1378</ele>
        <time>2025-08-08T16:02:17.000Z</time>
        <extensions>
          <ns3:TrackPointExtension/>
        </extensions>
      </trkpt>
      <trkpt lat="43.907401151955127716064453125" lon="-121.357168145477771759033203125">
        <ele>1377.800048828125</ele>
        <time>2025-08-08T16:02:19.000Z</time>
        <extensions>
          <ns3:TrackPointExtension/>
        </extensions>
      </trkpt>
      <trkpt lat="43.906842581927776336669921875" lon="-121.3579300604760646820068359375">
        <ele>1377.199951171875</ele>
        <time>2025-08-08T16:02:21.000Z</time>
        <extensions>
          <ns3:TrackPointExtension/>
        </extensions>
      </trkpt>
      <trkpt lat="43.90647017396986484527587890625" lon="-121.35843984782695770263671875">
        <ele>1376.4000244140625</ele>
        <time>2025-08-08T16:02:23.000Z</time>
        <extensions>
          <ns3:TrackPointExtension/>
        </extensions>
      </trkpt>
      <trkpt lat="43.90628434717655181884765625" lon="-121.35869608260691165924072265625">
        <ele>1375.800048828125</ele>
        <time>2025-08-08T16:02:24.000Z</time>
        <extensions>
          <ns3:TrackPointExtension/>
        </extensions>
      </trkpt>
      <trkpt lat="43.905913196504116058349609375" lon="-121.3592088036239147186279296875">
        <ele>1373.800048828125</ele>
        <time>2025-08-08T16:02:27.000Z</time>
        <extensions>
          <ns3:TrackPointExtension/>
        </extensions>
      </trkpt>
      <trkpt lat="43.90553995035588741302490234375" lon="-121.35971833951771259307861328125">
        <ele>1372.199951171875</ele>
        <time>2025-08-08T16:02:29.000Z</time>
        <extensions>
          <ns3:TrackPointExtension/>
        </extensions>
      </trkpt>
      <trkpt lat="43.90497886575758457183837890625" lon="-121.36047924868762493133544921875">
        <ele>1370.199951171875</ele>
        <time>2025-08-08T16:02:31.000Z</time>
        <extensions>
          <ns3:TrackPointExtension/>
        </extensions>
      </trkpt>
      <trkpt lat="43.90441811643540859222412109375" lon="-121.3612412475049495697021484375">
        <ele>1367</ele>
        <time>2025-08-08T16:02:34.000Z</time>
        <extensions>
          <ns3:TrackPointExtension/>
        </extensions>
      </trkpt>
      <trkpt lat="43.90404528938233852386474609375" lon="-121.36174508370459079742431640625">
        <ele>1364.800048828125</ele>
        <time>2025-08-08T16:02:37.000Z</time>
        <extensions>
          <ns3:TrackPointExtension/>
        </extensions>
      </trkpt>
      <trkpt lat="43.903676234185695648193359375" lon="-121.36224514804780483245849609375">
        <ele>1362.800048828125</ele>
        <time>2025-08-08T16:02:38.000Z</time>
        <extensions>
          <ns3:TrackPointExtension/>
        </extensions>
      </trkpt>
      <trkpt lat="43.9033092744648456573486328125" lon="-121.36274353601038455963134765625">
        <ele>1361</ele>
        <time>2025-08-08T16:02:40.000Z</time>
        <extensions>
          <ns3:TrackPointExtension/>
        </extensions>
      </trkpt>
      <trkpt lat="43.9029454998672008514404296875" lon="-121.3632411696016788482666015625">
        <ele>1359.5999755859375</ele>
        <time>2025-08-08T16:02:42.000Z</time>
        <extensions>
          <ns3:TrackPointExtension/>
        </extensions>
      </trkpt>
      <trkpt lat="43.902580551803112030029296875" lon="-121.36373695917427539825439453125">
        <ele>1358.4000244140625</ele>
        <time>2025-08-08T16:02:44.000Z</time>
        <extensions>
          <ns3:TrackPointExtension/>
        </extensions>
      </trkpt>
      <trkpt lat="43.90221216715872287750244140625" lon="-121.36423434130847454071044921875">
        <ele>1357.800048828125</ele>
        <time>2025-08-08T16:02:46.000Z</time>
        <extensions>
          <ns3:TrackPointExtension/>
        </extensions>
      </trkpt>
      <trkpt lat="43.901841938495635986328125" lon="-121.3647381775081157684326171875">
        <ele>1357.4000244140625</ele>
        <time>2025-08-08T16:02:48.000Z</time>
        <extensions>
          <ns3:TrackPointExtension/>
        </extensions>
      </trkpt>
      <trkpt lat="43.9016568660736083984375" lon="-121.36499005369842052459716796875">
        <ele>1357.4000244140625</ele>
        <time>2025-08-08T16:02:50.000Z</time>
        <extensions>
          <ns3:TrackPointExtension/>
        </extensions>
      </trkpt>
      <trkpt lat="43.90110458247363567352294921875" lon="-121.36574618518352508544921875">
        <ele>1357.5999755859375</ele>
        <time>2025-08-08T16:02:52.000Z</time>
        <extensions>
          <ns3:TrackPointExtension/>
        </extensions>
      </trkpt>
      <trkpt lat="43.90073745511472225189208984375" lon="-121.3662502728402614593505859375">
        <ele>1357.800048828125</ele>
        <time>2025-08-08T16:02:54.000Z</time>
        <extensions>
          <ns3:TrackPointExtension/>
        </extensions>
      </trkpt>
      <trkpt lat="43.90036948956549167633056640625" lon="-121.36675243265926837921142578125">
        <ele>1358.199951171875</ele>
        <time>2025-08-08T16:02:56.000Z</time>
        <extensions>
          <ns3:TrackPointExtension/>
        </extensions>
      </trkpt>
      <trkpt lat="43.89981611631810665130615234375" lon="-121.36750445701181888580322265625">
        <ele>1359.199951171875</ele>
        <time>2025-08-08T16:02:59.000Z</time>
        <extensions>
          <ns3:TrackPointExtension/>
        </extensions>
      </trkpt>
      <trkpt lat="43.8992601446807384490966796875" lon="-121.36825405061244964599609375">
        <ele>1360.199951171875</ele>
        <time>2025-08-08T16:03:02.000Z</time>
        <extensions>
          <ns3:TrackPointExtension/>
        </extensions>
      </trkpt>
      <trkpt lat="43.898889832198619842529296875" lon="-121.36875553987920284271240234375">
        <ele>1360.800048828125</ele>
        <time>2025-08-08T16:03:04.000Z</time>
        <extensions>
          <ns3:TrackPointExtension/>
        </extensions>
      </trkpt>
      <trkpt lat="43.898521699011325836181640625" lon="-121.3692605495452880859375">
        <ele>1361.4000244140625</ele>
        <time>2025-08-08T16:03:06.000Z</time>
        <extensions>
          <ns3:TrackPointExtension/>
        </extensions>
      </trkpt>
      <trkpt lat="43.898152224719524383544921875" lon="-121.36976203881204128265380859375">
        <ele>1362.199951171875</ele>
        <time>2025-08-08T16:03:08.000Z</time>
        <extensions>
          <ns3:TrackPointExtension/>
        </extensions>
      </trkpt>
      <trkpt lat="43.897784762084484100341796875" lon="-121.37026436626911163330078125">
        <ele>1362.5999755859375</ele>
        <time>2025-08-08T16:03:10.000Z</time>
        <extensions>
          <ns3:TrackPointExtension/>
        </extensions>
      </trkpt>
      <trkpt lat="43.89741553924977779388427734375" lon="-121.370770297944545745849609375">
        <ele>1363</ele>
        <time>2025-08-08T16:03:12.000Z</time>
        <extensions>
          <ns3:TrackPointExtension/>
        </extensions>
      </trkpt>
      <trkpt lat="43.8970419578254222869873046875" lon="-121.37127555906772613525390625">
        <ele>1363.4000244140625</ele>
        <time>2025-08-08T16:03:14.000Z</time>
        <extensions>
          <ns3:TrackPointExtension/>
        </extensions>
      </trkpt>
      <trkpt lat="43.89685478992760181427001953125" lon="-121.3715283572673797607421875">
        <ele>1363.4000244140625</ele>
        <time>2025-08-08T16:03:15.000Z</time>
        <extensions>
          <ns3:TrackPointExtension/>
        </extensions>
      </trkpt>
      <trkpt lat="43.8964790292084217071533203125" lon="-121.37203353457152843475341796875">
        <ele>1363.199951171875</ele>
        <time>2025-08-08T16:03:17.000Z</time>
        <extensions>
          <ns3:TrackPointExtension/>
        </extensions>
      </trkpt>
      <trkpt lat="43.89629135839641094207763671875" lon="-121.37228733859956264495849609375">
        <ele>1363.199951171875</ele>
        <time>2025-08-08T16:03:19.000Z</time>
        <extensions>
          <ns3:TrackPointExtension/>
        </extensions>
      </trkpt>
      <trkpt lat="43.8957300223410129547119140625" lon="-121.37304984033107757568359375">
        <ele>1362.5999755859375</ele>
        <time>2025-08-08T16:03:21.000Z</time>
        <extensions>
          <ns3:TrackPointExtension/>
        </extensions>
      </trkpt>
      <trkpt lat="43.8955439440906047821044921875" lon="-121.37330523692071437835693359375">
        <ele>1362.199951171875</ele>
        <time>2025-08-08T16:03:23.000Z</time>
        <extensions>
          <ns3:TrackPointExtension/>
        </extensions>
      </trkpt>
      <trkpt lat="43.89516969211399555206298828125" lon="-121.37381494045257568359375">
        <ele>1361.5999755859375</ele>
        <time>2025-08-08T16:03:25.000Z</time>
        <extensions>
          <ns3:TrackPointExtension/>
        </extensions>
      </trkpt>
      <trkpt lat="43.8946075178682804107666015625" lon="-121.37457735836505889892578125">
        <ele>1360.199951171875</ele>
        <time>2025-08-08T16:03:27.000Z</time>
        <extensions>
          <ns3:TrackPointExtension/>
        </extensions>
      </trkpt>
      <trkpt lat="43.894234187901020050048828125" lon="-121.3750831224024295806884765625">
        <ele>1359.5999755859375</ele>
        <time>2025-08-08T16:03:29.000Z</time>
        <extensions>
          <ns3:TrackPointExtension/>
        </extensions>
      </trkpt>
      <trkpt lat="43.89386169612407684326171875" lon="-121.37558628804981708526611328125">
        <ele>1359.199951171875</ele>
        <time>2025-08-08T16:03:31.000Z</time>
        <extensions>
          <ns3:TrackPointExtension/>
        </extensions>
      </trkpt>
      <trkpt lat="43.89367586933076381683349609375" lon="-121.37583858333528041839599609375">
        <ele>1358.800048828125</ele>
        <time>2025-08-08T16:03:33.000Z</time>
        <extensions>
          <ns3:TrackPointExtension/>
        </extensions>
      </trkpt>
      <trkpt lat="43.892934322357177734375" lon="-121.37684776447713375091552734375">
        <ele>1357.199951171875</ele>
        <time>2025-08-08T16:03:36.000Z</time>
        <extensions>
          <ns3:TrackPointExtension/>
        </extensions>
      </trkpt>
      <trkpt lat="43.89256258495151996612548828125" lon="-121.37735034339129924774169921875">
        <ele>1356.4000244140625</ele>
        <time>2025-08-08T16:03:38.000Z</time>
        <extensions>
          <ns3:TrackPointExtension/>
        </extensions>
      </trkpt>
      <trkpt lat="43.8920044340193271636962890625" lon="-121.37810689397156238555908203125">
        <ele>1354.5999755859375</ele>
        <time>2025-08-08T16:03:41.000Z</time>
        <extensions>
          <ns3:TrackPointExtension/>
        </extensions>
      </trkpt>
      <trkpt lat="43.89144368469715118408203125" lon="-121.378864534199237823486328125">
        <ele>1352.199951171875</ele>
        <time>2025-08-08T16:03:44.000Z</time>
        <extensions>
          <ns3:TrackPointExtension/>
        </extensions>
      </trkpt>
      <trkpt lat="43.8910683430731296539306640625" lon="-121.3793702982366085052490234375">
        <ele>1350.4000244140625</ele>
        <time>2025-08-08T16:03:46.000Z</time>
        <extensions>
          <ns3:TrackPointExtension/>
        </extensions>
      </trkpt>
      <trkpt lat="43.890694342553615570068359375" lon="-121.37987497262656688690185546875">
        <ele>1348.5999755859375</ele>
        <time>2025-08-08T16:03:48.000Z</time>
        <extensions>
          <ns3:TrackPointExtension/>
        </extensions>
      </trkpt>
      <trkpt lat="43.890694342553615570068359375" lon="-121.37987497262656688690185546875">
        <ele>1348.5999755859375</ele>
        <time>2025-08-08T16:03:49.000Z</time>
        <extensions>
          <ns3:TrackPointExtension/>
        </extensions>
      </trkpt>
      <trkpt lat="43.89032344333827495574951171875" lon="-121.3803791441023349761962890625">
        <ele>1346.5999755859375</ele>
        <time>2025-08-08T16:03:50.000Z</time>
        <extensions>
          <ns3:TrackPointExtension/>
        </extensions>
      </trkpt>
      <trkpt lat="43.8899538852274417877197265625" lon="-121.38088264502584934234619140625">
        <ele>1344.800048828125</ele>
        <time>2025-08-08T16:03:52.000Z</time>
        <extensions>
          <ns3:TrackPointExtension/>
        </extensions>
      </trkpt>
      <trkpt lat="43.889587260782718658447265625" lon="-121.38138488866388797760009765625">
        <ele>1343.4000244140625</ele>
        <time>2025-08-08T16:03:54.000Z</time>
        <extensions>
          <ns3:TrackPointExtension/>
        </extensions>
      </trkpt>
      <trkpt lat="43.8890352286398410797119140625" lon="-121.382136158645153045654296875">
        <ele>1342</ele>
        <time>2025-08-08T16:03:57.000Z</time>
        <extensions>
          <ns3:TrackPointExtension/>
        </extensions>
      </trkpt>
      <trkpt lat="43.88866533525288105010986328125" lon="-121.382637731730937957763671875">
        <ele>1341.5999755859375</ele>
        <time>2025-08-08T16:03:59.000Z</time>
        <extensions>
          <ns3:TrackPointExtension/>
        </extensions>
      </trkpt>
      <trkpt lat="43.88848059810698032379150390625" lon="-121.38288893736898899078369140625">
        <ele>1341.4000244140625</ele>
        <time>2025-08-08T16:04:00.000Z</time>
        <extensions>
          <ns3:TrackPointExtension/>
        </extensions>
      </trkpt>
      <trkpt lat="43.888296447694301605224609375" lon="-121.38314005918800830841064453125">
        <ele>1341.199951171875</ele>
        <time>2025-08-08T16:04:02.000Z</time>
        <extensions>
          <ns3:TrackPointExtension/>
        </extensions>
      </trkpt>
      <trkpt lat="43.88774047605693340301513671875" lon="-121.3838938437402248382568359375">
        <ele>1341</ele>
        <time>2025-08-08T16:04:04.000Z</time>
        <extensions>
          <ns3:TrackPointExtension/>
        </extensions>
      </trkpt>
      <trkpt lat="43.887367732822895050048828125" lon="-121.38439617119729518890380859375">
        <ele>1340.5999755859375</ele>
        <time>2025-08-08T16:04:06.000Z</time>
        <extensions>
          <ns3:TrackPointExtension/>
        </extensions>
      </trkpt>
      <trkpt lat="43.8869972527027130126953125" lon="-121.38490260578691959381103515625">
        <ele>1340.199951171875</ele>
        <time>2025-08-08T16:04:08.000Z</time>
        <extensions>
          <ns3:TrackPointExtension/>
        </extensions>
      </trkpt>
      <trkpt lat="43.88662568293511867523193359375" lon="-121.3854079507291316986083984375">
        <ele>1339.800048828125</ele>
        <time>2025-08-08T16:04:10.000Z</time>
        <extensions>
          <ns3:TrackPointExtension/>
        </extensions>
      </trkpt>
      <trkpt lat="43.88625537045300006866455078125" lon="-121.38591329567134380340576171875">
        <ele>1339.4000244140625</ele>
        <time>2025-08-08T16:04:12.000Z</time>
        <extensions>
          <ns3:TrackPointExtension/>
        </extensions>
      </trkpt>
      <trkpt lat="43.88588472269475460052490234375" lon="-121.38641922734677791595458984375">
        <ele>1339</ele>
        <time>2025-08-08T16:04:14.000Z</time>
        <extensions>
          <ns3:TrackPointExtension/>
        </extensions>
      </trkpt>
      <trkpt lat="43.88551558367908000946044921875" lon="-121.38692532666027545928955078125">
        <ele>1338.5999755859375</ele>
        <time>2025-08-08T16:04:16.000Z</time>
        <extensions>
          <ns3:TrackPointExtension/>
        </extensions>
      </trkpt>
      <trkpt lat="43.8851453550159931182861328125" lon="-121.38742924667894840240478515625">
        <ele>1338.4000244140625</ele>
        <time>2025-08-08T16:04:18.000Z</time>
        <extensions>
          <ns3:TrackPointExtension/>
        </extensions>
      </trkpt>
      <trkpt lat="43.88477462343871593475341796875" lon="-121.3879332505166530609130859375">
        <ele>1337.800048828125</ele>
        <time>2025-08-08T16:04:20.000Z</time>
        <extensions>
          <ns3:TrackPointExtension/>
        </extensions>
      </trkpt>
      <trkpt lat="43.8842209987342357635498046875" lon="-121.38869223184883594512939453125">
        <ele>1336.800048828125</ele>
        <time>2025-08-08T16:04:23.000Z</time>
        <extensions>
          <ns3:TrackPointExtension/>
        </extensions>
      </trkpt>
      <trkpt lat="43.88384766876697540283203125" lon="-121.38919514603912830352783203125">
        <ele>1336.199951171875</ele>
        <time>2025-08-08T16:04:25.000Z</time>
        <extensions>
          <ns3:TrackPointExtension/>
        </extensions>
      </trkpt>
      <trkpt lat="43.88328842818737030029296875" lon="-121.3899524509906768798828125">
        <ele>1335.800048828125</ele>
        <time>2025-08-08T16:04:28.000Z</time>
        <extensions>
          <ns3:TrackPointExtension/>
        </extensions>
      </trkpt>
      <trkpt lat="43.88310226611793041229248046875" lon="-121.3902037404477596282958984375">
        <ele>1335.5999755859375</ele>
        <time>2025-08-08T16:04:29.000Z</time>
        <extensions>
          <ns3:TrackPointExtension/>
        </extensions>
      </trkpt>
      <trkpt lat="43.8829167746007442474365234375" lon="-121.39045528136193752288818359375">
        <ele>1335.5999755859375</ele>
        <time>2025-08-08T16:04:31.000Z</time>
        <extensions>
          <ns3:TrackPointExtension/>
        </extensions>
      </trkpt>
      <trkpt lat="43.882362060248851776123046875" lon="-121.3912095688283443450927734375">
        <ele>1336</ele>
        <time>2025-08-08T16:04:33.000Z</time>
        <extensions>
          <ns3:TrackPointExtension/>
        </extensions>
      </trkpt>
      <trkpt lat="43.88199317269027233123779296875" lon="-121.3917077891528606414794921875">
        <ele>1336.800048828125</ele>
        <time>2025-08-08T16:04:35.000Z</time>
        <extensions>
          <ns3:TrackPointExtension/>
        </extensions>
      </trkpt>
      <trkpt lat="43.8814445771276950836181640625" lon="-121.39245503582060337066650390625">
        <ele>1338.199951171875</ele>
        <time>2025-08-08T16:04:38.000Z</time>
        <extensions>
          <ns3:TrackPointExtension/>
        </extensions>
      </trkpt>
      <trkpt lat="43.88107962906360626220703125" lon="-121.39295225031673908233642578125">
        <ele>1339</ele>
        <time>2025-08-08T16:04:40.000Z</time>
        <extensions>
          <ns3:TrackPointExtension/>
        </extensions>
      </trkpt>
      <trkpt lat="43.8807123340666294097900390625" lon="-121.39344862662255764007568359375">
        <ele>1339.800048828125</ele>
        <time>2025-08-08T16:04:42.000Z</time>
        <extensions>
          <ns3:TrackPointExtension/>
        </extensions>
      </trkpt>
      <trkpt lat="43.88034445233643054962158203125" lon="-121.39395019970834255218505859375">
        <ele>1340.5999755859375</ele>
        <time>2025-08-08T16:04:44.000Z</time>
        <extensions>
          <ns3:TrackPointExtension/>
        </extensions>
      </trkpt>
      <trkpt lat="43.879973888397216796875" lon="-121.39445076696574687957763671875">
        <ele>1341.5999755859375</ele>
        <time>2025-08-08T16:04:46.000Z</time>
        <extensions>
          <ns3:TrackPointExtension/>
        </extensions>
      </trkpt>
      <trkpt lat="43.879599384963512420654296875" lon="-121.3949468918144702911376953125">
        <ele>1342.4000244140625</ele>
        <time>2025-08-08T16:04:48.000Z</time>
        <extensions>
          <ns3:TrackPointExtension/>
        </extensions>
      </trkpt>
      <trkpt lat="43.87921926565468311309814453125" lon="-121.3954343833029270172119140625">
        <ele>1343.199951171875</ele>
        <time>2025-08-08T16:04:50.000Z</time>
        <extensions>
          <ns3:TrackPointExtension/>
        </extensions>
      </trkpt>
      <trkpt lat="43.879027068614959716796875" lon="-121.39567418955266475677490234375">
        <ele>1343.800048828125</ele>
        <time>2025-08-08T16:04:51.000Z</time>
        <extensions>
          <ns3:TrackPointExtension/>
        </extensions>
      </trkpt>
      <trkpt lat="43.87863605283200740814208984375" lon="-121.39614676125347614288330078125">
        <ele>1344.800048828125</ele>
        <time>2025-08-08T16:04:53.000Z</time>
        <extensions>
          <ns3:TrackPointExtension/>
        </extensions>
      </trkpt>
      <trkpt lat="43.87803875841200351715087890625" lon="-121.39683642424643039703369140625">
        <ele>1346.4000244140625</ele>
        <time>2025-08-08T16:04:56.000Z</time>
        <extensions>
          <ns3:TrackPointExtension/>
        </extensions>
      </trkpt>
      <trkpt lat="43.8776274584233760833740234375" lon="-121.3972767256200313568115234375">
        <ele>1347.800048828125</ele>
        <time>2025-08-08T16:04:58.000Z</time>
        <extensions>
          <ns3:TrackPointExtension/>
        </extensions>
      </trkpt>
      <trkpt lat="43.87720584869384765625" lon="-121.39769959263503551483154296875">
        <ele>1349.199951171875</ele>
        <time>2025-08-08T16:05:00.000Z</time>
        <extensions>
          <ns3:TrackPointExtension/>
        </extensions>
      </trkpt>
      <trkpt lat="43.87677736580371856689453125" lon="-121.39810997061431407928466796875">
        <ele>1350.5999755859375</ele>
        <time>2025-08-08T16:05:02.000Z</time>
        <extensions>
          <ns3:TrackPointExtension/>
        </extensions>
      </trkpt>
      <trkpt lat="43.87634192593395709991455078125" lon="-121.398506350815296173095703125">
        <ele>1351.800048828125</ele>
        <time>2025-08-08T16:05:04.000Z</time>
        <extensions>
          <ns3:TrackPointExtension/>
        </extensions>
      </trkpt>
      <trkpt lat="43.87589952908456325531005859375" lon="-121.3988843746483325958251953125">
        <ele>1352.800048828125</ele>
        <time>2025-08-08T16:05:06.000Z</time>
        <extensions>
          <ns3:TrackPointExtension/>
        </extensions>
      </trkpt>
      <trkpt lat="43.87545025907456874847412109375" lon="-121.39924965798854827880859375">
        <ele>1354</ele>
        <time>2025-08-08T16:05:08.000Z</time>
        <extensions>
          <ns3:TrackPointExtension/>
        </extensions>
      </trkpt>
      <trkpt lat="43.8749943673610687255859375" lon="-121.39959876425564289093017578125">
        <ele>1354.800048828125</ele>
        <time>2025-08-08T16:05:10.000Z</time>
        <extensions>
          <ns3:TrackPointExtension/>
        </extensions>
      </trkpt>
      <trkpt lat="43.87453235685825347900390625" lon="-121.39993705786764621734619140625">
        <ele>1355.4000244140625</ele>
        <time>2025-08-08T16:05:12.000Z</time>
        <extensions>
          <ns3:TrackPointExtension/>
        </extensions>
      </trkpt>
      <trkpt lat="43.874067999422550201416015625" lon="-121.4002710767090320587158203125">
        <ele>1355.5999755859375</ele>
        <time>2025-08-08T16:05:14.000Z</time>
        <extensions>
          <ns3:TrackPointExtension/>
        </extensions>
      </trkpt>
      <trkpt lat="43.87360322289168834686279296875" lon="-121.40060207806527614593505859375">
        <ele>1355.800048828125</ele>
        <time>2025-08-08T16:05:16.000Z</time>
        <extensions>
          <ns3:TrackPointExtension/>
        </extensions>
      </trkpt>
      <trkpt lat="43.87316065840423107147216796875" lon="-121.40093165449798107147216796875">
        <ele>1355.800048828125</ele>
        <time>2025-08-08T16:05:18.000Z</time>
        <extensions>
          <ns3:TrackPointExtension/>
        </extensions>
      </trkpt>
      <trkpt lat="43.87316065840423107147216796875" lon="-121.40093165449798107147216796875">
        <ele>1355.800048828125</ele>
        <time>2025-08-08T16:05:19.000Z</time>
        <extensions>
          <ns3:TrackPointExtension/>
        </extensions>
      </trkpt>
      <trkpt lat="43.87276838533580303192138671875" lon="-121.40124832279980182647705078125">
        <ele>1356</ele>
        <time>2025-08-08T16:05:20.000Z</time>
        <extensions>
          <ns3:TrackPointExtension/>
        </extensions>
      </trkpt>
      <trkpt lat="43.87276838533580303192138671875" lon="-121.40124832279980182647705078125">
        <ele>1356</ele>
        <time>2025-08-08T16:05:21.000Z</time>
        <extensions>
          <ns3:TrackPointExtension/>
        </extensions>
      </trkpt>
      <trkpt lat="43.8722590170800685882568359375" lon="-121.40168535523116588592529296875">
        <ele>1356.199951171875</ele>
        <time>2025-08-08T16:05:23.000Z</time>
        <extensions>
          <ns3:TrackPointExtension/>
        </extensions>
      </trkpt>
      <trkpt lat="43.8722590170800685882568359375" lon="-121.40168535523116588592529296875">
        <ele>1356</ele>
        <time>2025-08-08T16:05:24.000Z</time>
        <extensions>
          <ns3:TrackPointExtension/>
        </extensions>
      </trkpt>
      <trkpt lat="43.87183045037090778350830078125" lon="-121.40216412954032421112060546875">
        <ele>1355.5999755859375</ele>
        <time>2025-08-08T16:05:27.000Z</time>
        <extensions>
          <ns3:TrackPointExtension/>
        </extensions>
      </trkpt>
      <trkpt lat="43.87170572765171527862548828125" lon="-121.4023417420685291290283203125">
        <ele>1355.5999755859375</ele>
        <time>2025-08-08T16:05:28.000Z</time>
        <extensions>
          <ns3:TrackPointExtension/>
        </extensions>
      </trkpt>
      <trkpt lat="43.87138972990214824676513671875" lon="-121.4028952829539775848388671875">
        <ele>1355</ele>
        <time>2025-08-08T16:05:30.000Z</time>
        <extensions>
          <ns3:TrackPointExtension/>
        </extensions>
      </trkpt>
      <trkpt lat="43.87138972990214824676513671875" lon="-121.4028952829539775848388671875">
        <ele>1354.800048828125</ele>
        <time>2025-08-08T16:05:31.000Z</time>
        <extensions>
          <ns3:TrackPointExtension/>
        </extensions>
      </trkpt>
      <trkpt lat="43.87104841880500316619873046875" lon="-121.4036422781646251678466796875">
        <ele>1353.800048828125</ele>
        <time>2025-08-08T16:05:34.000Z</time>
        <extensions>
          <ns3:TrackPointExtension/>
        </extensions>
      </trkpt>
      <trkpt lat="43.8708823733031749725341796875" lon="-121.4039795659482479095458984375">
        <ele>1353.4000244140625</ele>
        <time>2025-08-08T16:05:36.000Z</time>
        <extensions>
          <ns3:TrackPointExtension/>
        </extensions>
      </trkpt>
      <trkpt lat="43.87070677243173122406005859375" lon="-121.4042625389993190765380859375">
        <ele>1352.800048828125</ele>
        <time>2025-08-08T16:05:38.000Z</time>
        <extensions>
          <ns3:TrackPointExtension/>
        </extensions>
      </trkpt>
      <trkpt lat="43.87053796090185642242431640625" lon="-121.40452816151082515716552734375">
        <ele>1352</ele>
        <time>2025-08-08T16:05:40.000Z</time>
        <extensions>
          <ns3:TrackPointExtension/>
        </extensions>
      </trkpt>
      <trkpt lat="43.87053796090185642242431640625" lon="-121.40452816151082515716552734375">
        <ele>1351.4000244140625</ele>
        <time>2025-08-08T16:05:41.000Z</time>
        <extensions>
          <ns3:TrackPointExtension/>
        </extensions>
      </trkpt>
      <trkpt lat="43.87040284462273120880126953125" lon="-121.40482597053050994873046875">
        <ele>1350.800048828125</ele>
        <time>2025-08-08T16:05:43.000Z</time>
        <extensions>
          <ns3:TrackPointExtension/>
        </extensions>
      </trkpt>
      <trkpt lat="43.87030913494527339935302734375" lon="-121.4051771722733974456787109375">
        <ele>1349.4000244140625</ele>
        <time>2025-08-08T16:05:44.000Z</time>
        <extensions>
          <ns3:TrackPointExtension/>
        </extensions>
      </trkpt>
      <trkpt lat="43.87028113938868045806884765625" lon="-121.40537423081696033477783203125">
        <ele>1348.800048828125</ele>
        <time>2025-08-08T16:05:45.000Z</time>
        <extensions>
          <ns3:TrackPointExtension/>
        </extensions>
      </trkpt>
      <trkpt lat="43.87026764452457427978515625" lon="-121.4055865444242954254150390625">
        <ele>1348</ele>
        <time>2025-08-08T16:05:47.000Z</time>
        <extensions>
          <ns3:TrackPointExtension/>
        </extensions>
      </trkpt>
      <trkpt lat="43.870268650352954864501953125" lon="-121.40581126324832439422607421875">
        <ele>1347.199951171875</ele>
        <time>2025-08-08T16:05:48.000Z</time>
        <extensions>
          <ns3:TrackPointExtension/>
        </extensions>
      </trkpt>
      <trkpt lat="43.8703392259776592254638671875" lon="-121.40682145021855831146240234375">
        <ele>1346</ele>
        <time>2025-08-08T16:05:51.000Z</time>
        <extensions>
          <ns3:TrackPointExtension/>
        </extensions>
      </trkpt>
      <trkpt lat="43.87035892345011234283447265625" lon="-121.40710123814642429351806640625">
        <ele>1345.800048828125</ele>
        <time>2025-08-08T16:05:52.000Z</time>
        <extensions>
          <ns3:TrackPointExtension/>
        </extensions>
      </trkpt>
      <trkpt lat="43.8704069517552852630615234375" lon="-121.40798695385456085205078125">
        <ele>1344.5999755859375</ele>
        <time>2025-08-08T16:05:55.000Z</time>
        <extensions>
          <ns3:TrackPointExtension/>
        </extensions>
      </trkpt>
      <trkpt lat="43.87042162008583545684814453125" lon="-121.40828912146389484405517578125">
        <ele>1344.199951171875</ele>
        <time>2025-08-08T16:05:56.000Z</time>
        <extensions>
          <ns3:TrackPointExtension/>
        </extensions>
      </trkpt>
      <trkpt lat="43.870463781058788299560546875" lon="-121.4092122204601764678955078125">
        <ele>1342.5999755859375</ele>
        <time>2025-08-08T16:05:59.000Z</time>
        <extensions>
          <ns3:TrackPointExtension/>
        </extensions>
      </trkpt>
      <trkpt lat="43.87047694064676761627197265625" lon="-121.40952377580106258392333984375">
        <ele>1341.800048828125</ele>
        <time>2025-08-08T16:06:01.000Z</time>
        <extensions>
          <ns3:TrackPointExtension/>
        </extensions>
      </trkpt>
      <trkpt lat="43.8704884238541126251220703125" lon="-121.4101509936153888702392578125">
        <ele>1340.199951171875</ele>
        <time>2025-08-08T16:06:03.000Z</time>
        <extensions>
          <ns3:TrackPointExtension/>
        </extensions>
      </trkpt>
      <trkpt lat="43.87040309607982635498046875" lon="-121.41108348034322261810302734375">
        <ele>1337</ele>
        <time>2025-08-08T16:06:05.000Z</time>
        <extensions>
          <ns3:TrackPointExtension/>
        </extensions>
      </trkpt>
      <trkpt lat="43.87025825679302215576171875" lon="-121.4116751588881015777587890625">
        <ele>1334.5999755859375</ele>
        <time>2025-08-08T16:06:07.000Z</time>
        <extensions>
          <ns3:TrackPointExtension/>
        </extensions>
      </trkpt>
      <trkpt lat="43.87025825679302215576171875" lon="-121.4116751588881015777587890625">
        <ele>1334.5999755859375</ele>
        <time>2025-08-08T16:06:08.000Z</time>
        <extensions>
          <ns3:TrackPointExtension/>
        </extensions>
      </trkpt>
      <trkpt lat="43.86994846165180206298828125" lon="-121.4125096611678600311279296875">
        <ele>1330.800048828125</ele>
        <time>2025-08-08T16:06:10.000Z</time>
        <extensions>
          <ns3:TrackPointExtension/>
        </extensions>
      </trkpt>
      <trkpt lat="43.8698423467576503753662109375" lon="-121.4127859286963939666748046875">
        <ele>1329.5999755859375</ele>
        <time>2025-08-08T16:06:11.000Z</time>
        <extensions>
          <ns3:TrackPointExtension/>
        </extensions>
      </trkpt>
      <trkpt lat="43.86957722716033458709716796875" lon="-121.4136395417153835296630859375">
        <ele>1326</ele>
        <time>2025-08-08T16:06:14.000Z</time>
        <extensions>
          <ns3:TrackPointExtension/>
        </extensions>
      </trkpt>
      <trkpt lat="43.86947547085583209991455078125" lon="-121.41423524357378482818603515625">
        <ele>1323.5999755859375</ele>
        <time>2025-08-08T16:06:16.000Z</time>
        <extensions>
          <ns3:TrackPointExtension/>
        </extensions>
      </trkpt>
      <trkpt lat="43.86945099569857120513916015625" lon="-121.41453799791634082794189453125">
        <ele>1322.5999755859375</ele>
        <time>2025-08-08T16:06:17.000Z</time>
        <extensions>
          <ns3:TrackPointExtension/>
        </extensions>
      </trkpt>
      <trkpt lat="43.869444541633129119873046875" lon="-121.415442489087581634521484375">
        <ele>1320.800048828125</ele>
        <time>2025-08-08T16:06:20.000Z</time>
        <extensions>
          <ns3:TrackPointExtension/>
        </extensions>
      </trkpt>
      <trkpt lat="43.8694463856518268585205078125" lon="-121.41573996283113956451416015625">
        <ele>1320.199951171875</ele>
        <time>2025-08-08T16:06:21.000Z</time>
        <extensions>
          <ns3:TrackPointExtension/>
        </extensions>
      </trkpt>
      <trkpt lat="43.86945552192628383636474609375" lon="-121.4166241697967052459716796875">
        <ele>1319.5999755859375</ele>
        <time>2025-08-08T16:06:24.000Z</time>
        <extensions>
          <ns3:TrackPointExtension/>
        </extensions>
      </trkpt>
      <trkpt lat="43.8694609701633453369140625" lon="-121.41752748750150203704833984375">
        <ele>1319</ele>
        <time>2025-08-08T16:06:27.000Z</time>
        <extensions>
          <ns3:TrackPointExtension/>
        </extensions>
      </trkpt>
      <trkpt lat="43.86945602484047412872314453125" lon="-121.41844212077558040618896484375">
        <ele>1318.5999755859375</ele>
        <time>2025-08-08T16:06:30.000Z</time>
        <extensions>
          <ns3:TrackPointExtension/>
        </extensions>
      </trkpt>
      <trkpt lat="43.86945619247853755950927734375" lon="-121.41936228610575199127197265625">
        <ele>1317.199951171875</ele>
        <time>2025-08-08T16:06:33.000Z</time>
        <extensions>
          <ns3:TrackPointExtension/>
        </extensions>
      </trkpt>
      <trkpt lat="43.869458623230457305908203125" lon="-121.42028714530169963836669921875">
        <ele>1314.800048828125</ele>
        <time>2025-08-08T16:06:36.000Z</time>
        <extensions>
          <ns3:TrackPointExtension/>
        </extensions>
      </trkpt>
      <trkpt lat="43.86945669539272785186767578125" lon="-121.421215943992137908935546875">
        <ele>1311.800048828125</ele>
        <time>2025-08-08T16:06:39.000Z</time>
        <extensions>
          <ns3:TrackPointExtension/>
        </extensions>
      </trkpt>
      <trkpt lat="43.8694507442414760589599609375" lon="-121.422139964997768402099609375">
        <ele>1308.800048828125</ele>
        <time>2025-08-08T16:06:42.000Z</time>
        <extensions>
          <ns3:TrackPointExtension/>
        </extensions>
      </trkpt>
      <trkpt lat="43.86944378726184368133544921875" lon="-121.4230547659099102020263671875">
        <ele>1306.199951171875</ele>
        <time>2025-08-08T16:06:45.000Z</time>
        <extensions>
          <ns3:TrackPointExtension/>
        </extensions>
      </trkpt>
      <trkpt lat="43.86944496072828769683837890625" lon="-121.4239509589970111846923828125">
        <ele>1305.5999755859375</ele>
        <time>2025-08-08T16:06:48.000Z</time>
        <extensions>
          <ns3:TrackPointExtension/>
        </extensions>
      </trkpt>
      <trkpt lat="43.86944345198571681976318359375" lon="-121.42454565502703189849853515625">
        <ele>1305.5999755859375</ele>
        <time>2025-08-08T16:06:50.000Z</time>
        <extensions>
          <ns3:TrackPointExtension/>
        </extensions>
      </trkpt>
      <trkpt lat="43.8694473914802074432373046875" lon="-121.42574845813214778900146484375">
        <ele>1303.199951171875</ele>
        <time>2025-08-08T16:06:54.000Z</time>
        <extensions>
          <ns3:TrackPointExtension/>
        </extensions>
      </trkpt>
      <trkpt lat="43.8694463856518268585205078125" lon="-121.42636553384363651275634765625">
        <ele>1301.199951171875</ele>
        <time>2025-08-08T16:06:57.000Z</time>
        <extensions>
          <ns3:TrackPointExtension/>
        </extensions>
      </trkpt>
      <trkpt lat="43.86944663710892200469970703125" lon="-121.42729173414409160614013671875">
        <ele>1299</ele>
        <time>2025-08-08T16:06:59.000Z</time>
        <extensions>
          <ns3:TrackPointExtension/>
        </extensions>
      </trkpt>
      <trkpt lat="43.86944512836635112762451171875" lon="-121.42820284701883792877197265625">
        <ele>1297.4000244140625</ele>
        <time>2025-08-08T16:07:02.000Z</time>
        <extensions>
          <ns3:TrackPointExtension/>
        </extensions>
      </trkpt>
      <trkpt lat="43.8694470562040805816650390625" lon="-121.429091580212116241455078125">
        <ele>1296.800048828125</ele>
        <time>2025-08-08T16:07:05.000Z</time>
        <extensions>
          <ns3:TrackPointExtension/>
        </extensions>
      </trkpt>
      <trkpt lat="43.86944646947085857391357421875" lon="-121.42968828789889812469482421875">
        <ele>1296.800048828125</ele>
        <time>2025-08-08T16:07:07.000Z</time>
        <extensions>
          <ns3:TrackPointExtension/>
        </extensions>
      </trkpt>
      <trkpt lat="43.8694443739950656890869140625" lon="-121.43057693727314472198486328125">
        <ele>1295.800048828125</ele>
        <time>2025-08-08T16:07:10.000Z</time>
        <extensions>
          <ns3:TrackPointExtension/>
        </extensions>
      </trkpt>
      <trkpt lat="43.8694369979202747344970703125" lon="-121.43135997466742992401123046875">
        <ele>1292.199951171875</ele>
        <time>2025-08-08T16:07:13.000Z</time>
        <extensions>
          <ns3:TrackPointExtension/>
        </extensions>
      </trkpt>
      <trkpt lat="43.86943356133997440338134765625" lon="-121.43160003237426280975341796875">
        <ele>1290.800048828125</ele>
        <time>2025-08-08T16:07:14.000Z</time>
        <extensions>
          <ns3:TrackPointExtension/>
        </extensions>
      </trkpt>
      <trkpt lat="43.869425766170024871826171875" lon="-121.43224887549877166748046875">
        <ele>1287</ele>
        <time>2025-08-08T16:07:17.000Z</time>
        <extensions>
          <ns3:TrackPointExtension/>
        </extensions>
      </trkpt>
      <trkpt lat="43.869425095617771148681640625" lon="-121.43243528902530670166015625">
        <ele>1286.199951171875</ele>
        <time>2025-08-08T16:07:18.000Z</time>
        <extensions>
          <ns3:TrackPointExtension/>
        </extensions>
      </trkpt>
      <trkpt lat="43.86941193602979183197021484375" lon="-121.43290735781192779541015625">
        <ele>1284.4000244140625</ele>
        <time>2025-08-08T16:07:22.000Z</time>
        <extensions>
          <ns3:TrackPointExtension/>
        </extensions>
      </trkpt>
      <trkpt lat="43.86939399875700473785400390625" lon="-121.4332585595548152923583984375">
        <ele>1284</ele>
        <time>2025-08-08T16:07:24.000Z</time>
        <extensions>
          <ns3:TrackPointExtension/>
        </extensions>
      </trkpt>
      <trkpt lat="43.86939399875700473785400390625" lon="-121.4332585595548152923583984375">
        <ele>1284</ele>
        <time>2025-08-08T16:07:25.000Z</time>
        <extensions>
          <ns3:TrackPointExtension/>
        </extensions>
      </trkpt>
      <trkpt lat="43.86944814585149288177490234375" lon="-121.4334275387227535247802734375">
        <ele>1284.199951171875</ele>
        <time>2025-08-08T16:07:26.000Z</time>
        <extensions>
          <ns3:TrackPointExtension/>
        </extensions>
      </trkpt>
      <trkpt lat="43.86949055828154087066650390625" lon="-121.43349476158618927001953125">
        <ele>1284.199951171875</ele>
        <time>2025-08-08T16:07:27.000Z</time>
        <extensions>
          <ns3:TrackPointExtension/>
        </extensions>
      </trkpt>
      <trkpt lat="43.869530372321605682373046875" lon="-121.43356072716414928436279296875">
        <ele>1284</ele>
        <time>2025-08-08T16:07:28.000Z</time>
        <extensions>
          <ns3:TrackPointExtension/>
        </extensions>
      </trkpt>
      <trkpt lat="43.8695737905800342559814453125" lon="-121.43371495418250560760498046875">
        <ele>1283.800048828125</ele>
        <time>2025-08-08T16:07:30.000Z</time>
        <extensions>
          <ns3:TrackPointExtension/>
        </extensions>
      </trkpt>
      <trkpt lat="43.86954084970057010650634765625" lon="-121.4338761381804943084716796875">
        <ele>1283.800048828125</ele>
        <time>2025-08-08T16:07:32.000Z</time>
        <extensions>
          <ns3:TrackPointExtension/>
        </extensions>
      </trkpt>
      <trkpt lat="43.86954084970057010650634765625" lon="-121.4338761381804943084716796875">
        <ele>1283.800048828125</ele>
        <time>2025-08-08T16:07:33.000Z</time>
        <extensions>
          <ns3:TrackPointExtension/>
        </extensions>
      </trkpt>
      <trkpt lat="43.86943859048187732696533203125" lon="-121.43400379456579685211181640625">
        <ele>1283.800048828125</ele>
        <time>2025-08-08T16:07:34.000Z</time>
        <extensions>
          <ns3:TrackPointExtension/>
        </extensions>
      </trkpt>
      <trkpt lat="43.869376145303249359130859375" lon="-121.43406766466796398162841796875">
        <ele>1283.800048828125</ele>
        <time>2025-08-08T16:07:36.000Z</time>
        <extensions>
          <ns3:TrackPointExtension/>
        </extensions>
      </trkpt>
      <trkpt lat="43.869262821972370147705078125" lon="-121.43424452282488346099853515625">
        <ele>1284</ele>
        <time>2025-08-08T16:07:37.000Z</time>
        <extensions>
          <ns3:TrackPointExtension/>
        </extensions>
      </trkpt>
      <trkpt lat="43.8691617362201213836669921875" lon="-121.43448449671268463134765625">
        <ele>1283.4000244140625</ele>
        <time>2025-08-08T16:07:39.000Z</time>
        <extensions>
          <ns3:TrackPointExtension/>
        </extensions>
      </trkpt>
      <trkpt lat="43.868969120085239410400390625" lon="-121.43490426242351531982421875">
        <ele>1282.5999755859375</ele>
        <time>2025-08-08T16:07:43.000Z</time>
        <extensions>
          <ns3:TrackPointExtension/>
        </extensions>
      </trkpt>
      <trkpt lat="43.86878832243382930755615234375" lon="-121.435194946825504302978515625">
        <ele>1282.4000244140625</ele>
        <time>2025-08-08T16:07:44.000Z</time>
        <extensions>
          <ns3:TrackPointExtension/>
        </extensions>
      </trkpt>
      <trkpt lat="43.86846394278109073638916015625" lon="-121.43563893623650074005126953125">
        <ele>1281.199951171875</ele>
        <time>2025-08-08T16:07:47.000Z</time>
        <extensions>
          <ns3:TrackPointExtension/>
        </extensions>
      </trkpt>
      <trkpt lat="43.868086673319339752197265625" lon="-121.436047889292240142822265625">
        <ele>1277.5999755859375</ele>
        <time>2025-08-08T16:07:51.000Z</time>
        <extensions>
          <ns3:TrackPointExtension/>
        </extensions>
      </trkpt>
      <trkpt lat="43.86779758147895336151123046875" lon="-121.43627478741109371185302734375">
        <ele>1275.199951171875</ele>
        <time>2025-08-08T16:07:52.000Z</time>
        <extensions>
          <ns3:TrackPointExtension/>
        </extensions>
      </trkpt>
      <trkpt lat="43.8674841821193695068359375" lon="-121.43644628114998340606689453125">
        <ele>1273.5999755859375</ele>
        <time>2025-08-08T16:07:54.000Z</time>
        <extensions>
          <ns3:TrackPointExtension/>
        </extensions>
      </trkpt>
      <trkpt lat="43.8668808527290821075439453125" lon="-121.43670829944312572479248046875">
        <ele>1272.199951171875</ele>
        <time>2025-08-08T16:07:58.000Z</time>
        <extensions>
          <ns3:TrackPointExtension/>
        </extensions>
      </trkpt>
      <trkpt lat="43.866754285991191864013671875" lon="-121.43675959669053554534912109375">
        <ele>1272</ele>
        <time>2025-08-08T16:07:59.000Z</time>
        <extensions>
          <ns3:TrackPointExtension/>
        </extensions>
      </trkpt>
      <trkpt lat="43.8664577342569828033447265625" lon="-121.4368748478591442108154296875">
        <ele>1272.5999755859375</ele>
        <time>2025-08-08T16:08:02.000Z</time>
        <extensions>
          <ns3:TrackPointExtension/>
        </extensions>
      </trkpt>
      <trkpt lat="43.86618825607001781463623046875" lon="-121.43697358667850494384765625">
        <ele>1272.5999755859375</ele>
        <time>2025-08-08T16:08:06.000Z</time>
        <extensions>
          <ns3:TrackPointExtension/>
        </extensions>
      </trkpt>
      <trkpt lat="43.86589556001126766204833984375" lon="-121.43708565272390842437744140625">
        <ele>1271.4000244140625</ele>
        <time>2025-08-08T16:08:09.000Z</time>
        <extensions>
          <ns3:TrackPointExtension/>
        </extensions>
      </trkpt>
      <trkpt lat="43.86536515317857265472412109375" lon="-121.4372842200100421905517578125">
        <ele>1270.4000244140625</ele>
        <time>2025-08-08T16:08:13.000Z</time>
        <extensions>
          <ns3:TrackPointExtension/>
        </extensions>
      </trkpt>
      <trkpt lat="43.8649040646851062774658203125" lon="-121.43746904097497463226318359375">
        <ele>1270.4000244140625</ele>
        <time>2025-08-08T16:08:16.000Z</time>
        <extensions>
          <ns3:TrackPointExtension/>
        </extensions>
      </trkpt>
      <trkpt lat="43.8645845465362071990966796875" lon="-121.4376070909202098846435546875">
        <ele>1270.5999755859375</ele>
        <time>2025-08-08T16:08:18.000Z</time>
        <extensions>
          <ns3:TrackPointExtension/>
        </extensions>
      </trkpt>
      <trkpt lat="43.86413343250751495361328125" lon="-121.43789165653288364410400390625">
        <ele>1270.199951171875</ele>
        <time>2025-08-08T16:08:21.000Z</time>
        <extensions>
          <ns3:TrackPointExtension/>
        </extensions>
      </trkpt>
      <trkpt lat="43.8640021719038486480712890625" lon="-121.43802635371685028076171875">
        <ele>1270</ele>
        <time>2025-08-08T16:08:23.000Z</time>
        <extensions>
          <ns3:TrackPointExtension/>
        </extensions>
      </trkpt>
      <trkpt lat="43.8637800514698028564453125" lon="-121.4383483864367008209228515625">
        <ele>1270</ele>
        <time>2025-08-08T16:08:24.000Z</time>
        <extensions>
          <ns3:TrackPointExtension/>
        </extensions>
      </trkpt>
      <trkpt lat="43.8637800514698028564453125" lon="-121.4383483864367008209228515625">
        <ele>1270</ele>
        <time>2025-08-08T16:08:25.000Z</time>
        <extensions>
          <ns3:TrackPointExtension/>
        </extensions>
      </trkpt>
      <trkpt lat="43.86356237344443798065185546875" lon="-121.43895464949309825897216796875">
        <ele>1269.800048828125</ele>
        <time>2025-08-08T16:08:27.000Z</time>
        <extensions>
          <ns3:TrackPointExtension/>
        </extensions>
      </trkpt>
      <trkpt lat="43.86348358355462551116943359375" lon="-121.4396170713007450103759765625">
        <ele>1269.4000244140625</ele>
        <time>2025-08-08T16:08:30.000Z</time>
        <extensions>
          <ns3:TrackPointExtension/>
        </extensions>
      </trkpt>
      <trkpt lat="43.86345374397933483123779296875" lon="-121.44026172347366809844970703125">
        <ele>1269.5999755859375</ele>
        <time>2025-08-08T16:08:33.000Z</time>
        <extensions>
          <ns3:TrackPointExtension/>
        </extensions>
      </trkpt>
      <trkpt lat="43.8634164445102214813232421875" lon="-121.441018022596836090087890625">
        <ele>1270</ele>
        <time>2025-08-08T16:08:37.000Z</time>
        <extensions>
          <ns3:TrackPointExtension/>
        </extensions>
      </trkpt>
      <trkpt lat="43.86338618583977222442626953125" lon="-121.44168849103152751922607421875">
        <ele>1270</ele>
        <time>2025-08-08T16:08:41.000Z</time>
        <extensions>
          <ns3:TrackPointExtension/>
        </extensions>
      </trkpt>
      <trkpt lat="43.8633830845355987548828125" lon="-121.44185864366590976715087890625">
        <ele>1270</ele>
        <time>2025-08-08T16:08:42.000Z</time>
        <extensions>
          <ns3:TrackPointExtension/>
        </extensions>
      </trkpt>
      <trkpt lat="43.86337512172758579254150390625" lon="-121.442564986646175384521484375">
        <ele>1269.4000244140625</ele>
        <time>2025-08-08T16:08:46.000Z</time>
        <extensions>
          <ns3:TrackPointExtension/>
        </extensions>
      </trkpt>
      <trkpt lat="43.86336958967149257659912109375" lon="-121.44326579757034778594970703125">
        <ele>1267.5999755859375</ele>
        <time>2025-08-08T16:08:50.000Z</time>
        <extensions>
          <ns3:TrackPointExtension/>
        </extensions>
      </trkpt>
      <trkpt lat="43.86337042786180973052978515625" lon="-121.44376401789486408233642578125">
        <ele>1267.800048828125</ele>
        <time>2025-08-08T16:08:54.000Z</time>
        <extensions>
          <ns3:TrackPointExtension/>
        </extensions>
      </trkpt>
      <trkpt lat="43.863367997109889984130859375" lon="-121.44468133337795734405517578125">
        <ele>1267</ele>
        <time>2025-08-08T16:08:59.000Z</time>
        <extensions>
          <ns3:TrackPointExtension/>
        </extensions>
      </trkpt>
      <trkpt lat="43.8633535802364349365234375" lon="-121.44540536217391490936279296875">
        <ele>1268.4000244140625</ele>
        <time>2025-08-08T16:09:04.000Z</time>
        <extensions>
          <ns3:TrackPointExtension/>
        </extensions>
      </trkpt>
      <trkpt lat="43.8633480481803417205810546875" lon="-121.44581926055252552032470703125">
        <ele>1268.199951171875</ele>
        <time>2025-08-08T16:09:07.000Z</time>
        <extensions>
          <ns3:TrackPointExtension/>
        </extensions>
      </trkpt>
      <trkpt lat="43.8633316196501255035400390625" lon="-121.4465056546032428741455078125">
        <ele>1268.800048828125</ele>
        <time>2025-08-08T16:09:12.000Z</time>
        <extensions>
          <ns3:TrackPointExtension/>
        </extensions>
      </trkpt>
      <trkpt lat="43.86332298628985881805419921875" lon="-121.4470789767801761627197265625">
        <ele>1269.199951171875</ele>
        <time>2025-08-08T16:09:16.000Z</time>
        <extensions>
          <ns3:TrackPointExtension/>
        </extensions>
      </trkpt>
      <trkpt lat="43.86330639012157917022705078125" lon="-121.44782739691436290740966796875">
        <ele>1268.800048828125</ele>
        <time>2025-08-08T16:09:21.000Z</time>
        <extensions>
          <ns3:TrackPointExtension/>
        </extensions>
      </trkpt>
      <trkpt lat="43.863292895257472991943359375" lon="-121.44829116761684417724609375">
        <ele>1268.5999755859375</ele>
        <time>2025-08-08T16:09:24.000Z</time>
        <extensions>
          <ns3:TrackPointExtension/>
        </extensions>
      </trkpt>
      <trkpt lat="43.8632762990891933441162109375" lon="-121.44891553558409214019775390625">
        <ele>1268.5999755859375</ele>
        <time>2025-08-08T16:09:28.000Z</time>
        <extensions>
          <ns3:TrackPointExtension/>
        </extensions>
      </trkpt>
      <trkpt lat="43.86325911618769168853759765625" lon="-121.449540071189403533935546875">
        <ele>1268.5999755859375</ele>
        <time>2025-08-08T16:09:32.000Z</time>
        <extensions>
          <ns3:TrackPointExtension/>
        </extensions>
      </trkpt>
      <trkpt lat="43.86324486695230007171630859375" lon="-121.4501534588634967803955078125">
        <ele>1269</ele>
        <time>2025-08-08T16:09:37.000Z</time>
        <extensions>
          <ns3:TrackPointExtension/>
        </extensions>
      </trkpt>
      <trkpt lat="43.8632310368120670318603515625" lon="-121.45090254954993724822998046875">
        <ele>1269.4000244140625</ele>
        <time>2025-08-08T16:09:41.000Z</time>
        <extensions>
          <ns3:TrackPointExtension/>
        </extensions>
      </trkpt>
      <trkpt lat="43.86321016587316989898681640625" lon="-121.45164233632385730743408203125">
        <ele>1269.199951171875</ele>
        <time>2025-08-08T16:09:46.000Z</time>
        <extensions>
          <ns3:TrackPointExtension/>
        </extensions>
      </trkpt>
      <trkpt lat="43.86319105513393878936767578125" lon="-121.4522494375705718994140625">
        <ele>1269.4000244140625</ele>
        <time>2025-08-08T16:09:50.000Z</time>
        <extensions>
          <ns3:TrackPointExtension/>
        </extensions>
      </trkpt>
      <trkpt lat="43.86317278258502483367919921875" lon="-121.452955193817615509033203125">
        <ele>1269.199951171875</ele>
        <time>2025-08-08T16:09:54.000Z</time>
        <extensions>
          <ns3:TrackPointExtension/>
        </extensions>
      </trkpt>
      <trkpt lat="43.86316305957734584808349609375" lon="-121.453375630080699920654296875">
        <ele>1268.5999755859375</ele>
        <time>2025-08-08T16:09:57.000Z</time>
        <extensions>
          <ns3:TrackPointExtension/>
        </extensions>
      </trkpt>
      <trkpt lat="43.863146044313907623291015625" lon="-121.45409739576280117034912109375">
        <ele>1268</ele>
        <time>2025-08-08T16:09:59.000Z</time>
        <extensions>
          <ns3:TrackPointExtension/>
        </extensions>
      </trkpt>
      <trkpt lat="43.8631388358771800994873046875" lon="-121.45435698330402374267578125">
        <ele>1267.800048828125</ele>
        <time>2025-08-08T16:10:00.000Z</time>
        <extensions>
          <ns3:TrackPointExtension/>
        </extensions>
      </trkpt>
      <trkpt lat="43.86311729438602924346923828125" lon="-121.455166675150394439697265625">
        <ele>1267.800048828125</ele>
        <time>2025-08-08T16:10:03.000Z</time>
        <extensions>
          <ns3:TrackPointExtension/>
        </extensions>
      </trkpt>
      <trkpt lat="43.86311729438602924346923828125" lon="-121.455166675150394439697265625">
        <ele>1267.800048828125</ele>
        <time>2025-08-08T16:10:04.000Z</time>
        <extensions>
          <ns3:TrackPointExtension/>
        </extensions>
      </trkpt>
      <trkpt lat="43.86309483088552951812744140625" lon="-121.455998830497264862060546875">
        <ele>1268</ele>
        <time>2025-08-08T16:10:06.000Z</time>
        <extensions>
          <ns3:TrackPointExtension/>
        </extensions>
      </trkpt>
      <trkpt lat="43.8630818389356136322021484375" lon="-121.45654759369790554046630859375">
        <ele>1268.199951171875</ele>
        <time>2025-08-08T16:10:08.000Z</time>
        <extensions>
          <ns3:TrackPointExtension/>
        </extensions>
      </trkpt>
      <trkpt lat="43.8630657456815242767333984375" lon="-121.45736466161906719207763671875">
        <ele>1268.199951171875</ele>
        <time>2025-08-08T16:10:11.000Z</time>
        <extensions>
          <ns3:TrackPointExtension/>
        </extensions>
      </trkpt>
      <trkpt lat="43.863049484789371490478515625" lon="-121.45816865377128124237060546875">
        <ele>1268.199951171875</ele>
        <time>2025-08-08T16:10:14.000Z</time>
        <extensions>
          <ns3:TrackPointExtension/>
        </extensions>
      </trkpt>
      <trkpt lat="43.8630355708301067352294921875" lon="-121.45897834561765193939208984375">
        <ele>1268.4000244140625</ele>
        <time>2025-08-08T16:10:17.000Z</time>
        <extensions>
          <ns3:TrackPointExtension/>
        </extensions>
      </trkpt>
      <trkpt lat="43.86302643455564975738525390625" lon="-121.4597872830927371978759765625">
        <ele>1269</ele>
        <time>2025-08-08T16:10:20.000Z</time>
        <extensions>
          <ns3:TrackPointExtension/>
        </extensions>
      </trkpt>
      <trkpt lat="43.863022327423095703125" lon="-121.46058934740722179412841796875">
        <ele>1270.4000244140625</ele>
        <time>2025-08-08T16:10:23.000Z</time>
        <extensions>
          <ns3:TrackPointExtension/>
        </extensions>
      </trkpt>
      <trkpt lat="43.8630201481282711029052734375" lon="-121.46112092770636081695556640625">
        <ele>1271.800048828125</ele>
        <time>2025-08-08T16:10:26.000Z</time>
        <extensions>
          <ns3:TrackPointExtension/>
        </extensions>
      </trkpt>
      <trkpt lat="43.86302257888019084930419921875" lon="-121.462187357246875762939453125">
        <ele>1272.199951171875</ele>
        <time>2025-08-08T16:10:29.000Z</time>
        <extensions>
          <ns3:TrackPointExtension/>
        </extensions>
      </trkpt>
      <trkpt lat="43.86301738210022449493408203125" lon="-121.4627301692962646484375">
        <ele>1272.199951171875</ele>
        <time>2025-08-08T16:10:31.000Z</time>
        <extensions>
          <ns3:TrackPointExtension/>
        </extensions>
      </trkpt>
      <trkpt lat="43.86301419697701930999755859375" lon="-121.46355553530156612396240234375">
        <ele>1272.4000244140625</ele>
        <time>2025-08-08T16:10:34.000Z</time>
        <extensions>
          <ns3:TrackPointExtension/>
        </extensions>
      </trkpt>
      <trkpt lat="43.86301017366349697113037109375" lon="-121.46439322270452976226806640625">
        <ele>1272.199951171875</ele>
        <time>2025-08-08T16:10:37.000Z</time>
        <extensions>
          <ns3:TrackPointExtension/>
        </extensions>
      </trkpt>
      <trkpt lat="43.8630107603967189788818359375" lon="-121.46494693122804164886474609375">
        <ele>1272.5999755859375</ele>
        <time>2025-08-08T16:10:40.000Z</time>
        <extensions>
          <ns3:TrackPointExtension/>
        </extensions>
      </trkpt>
      <trkpt lat="43.86301034130156040191650390625" lon="-121.46548789925873279571533203125">
        <ele>1272.5999755859375</ele>
        <time>2025-08-08T16:10:41.000Z</time>
        <extensions>
          <ns3:TrackPointExtension/>
        </extensions>
      </trkpt>
      <trkpt lat="43.8630067370831966400146484375" lon="-121.46629205904901027679443359375">
        <ele>1272.4000244140625</ele>
        <time>2025-08-08T16:10:44.000Z</time>
        <extensions>
          <ns3:TrackPointExtension/>
        </extensions>
      </trkpt>
      <trkpt lat="43.86300422251224517822265625" lon="-121.4668341167271137237548828125">
        <ele>1272</ele>
        <time>2025-08-08T16:10:47.000Z</time>
        <extensions>
          <ns3:TrackPointExtension/>
        </extensions>
      </trkpt>
      <trkpt lat="43.86299206875264644622802734375" lon="-121.46795435808598995208740234375">
        <ele>1271.199951171875</ele>
        <time>2025-08-08T16:10:50.000Z</time>
        <extensions>
          <ns3:TrackPointExtension/>
        </extensions>
      </trkpt>
      <trkpt lat="43.862990476191043853759765625" lon="-121.4685250818729400634765625">
        <ele>1271.4000244140625</ele>
        <time>2025-08-08T16:10:52.000Z</time>
        <extensions>
          <ns3:TrackPointExtension/>
        </extensions>
      </trkpt>
      <trkpt lat="43.86298569850623607635498046875" lon="-121.4693872444331645965576171875">
        <ele>1271.5999755859375</ele>
        <time>2025-08-08T16:10:55.000Z</time>
        <extensions>
          <ns3:TrackPointExtension/>
        </extensions>
      </trkpt>
      <trkpt lat="43.86297899298369884490966796875" lon="-121.4702539332211017608642578125">
        <ele>1271.800048828125</ele>
        <time>2025-08-08T16:10:58.000Z</time>
        <extensions>
          <ns3:TrackPointExtension/>
        </extensions>
      </trkpt>
      <trkpt lat="43.8629758916795253753662109375" lon="-121.47083689458668231964111328125">
        <ele>1272.199951171875</ele>
        <time>2025-08-08T16:11:01.000Z</time>
        <extensions>
          <ns3:TrackPointExtension/>
        </extensions>
      </trkpt>
      <trkpt lat="43.8629698567092418670654296875" lon="-121.47201086394488811492919921875">
        <ele>1272.800048828125</ele>
        <time>2025-08-08T16:11:04.000Z</time>
        <extensions>
          <ns3:TrackPointExtension/>
        </extensions>
      </trkpt>
      <trkpt lat="43.86296725831925868988037109375" lon="-121.47289515472948551177978515625">
        <ele>1273.800048828125</ele>
        <time>2025-08-08T16:11:07.000Z</time>
        <extensions>
          <ns3:TrackPointExtension/>
        </extensions>
      </trkpt>
      <trkpt lat="43.8629621453583240509033203125" lon="-121.47348389960825443267822265625">
        <ele>1275.199951171875</ele>
        <time>2025-08-08T16:11:09.000Z</time>
        <extensions>
          <ns3:TrackPointExtension/>
        </extensions>
      </trkpt>
      <trkpt lat="43.86295636184513568878173828125" lon="-121.4743667654693126678466796875">
        <ele>1276.4000244140625</ele>
        <time>2025-08-08T16:11:12.000Z</time>
        <extensions>
          <ns3:TrackPointExtension/>
        </extensions>
      </trkpt>
      <trkpt lat="43.8629383407533168792724609375" lon="-121.47525466047227382659912109375">
        <ele>1277.199951171875</ele>
        <time>2025-08-08T16:11:15.000Z</time>
        <extensions>
          <ns3:TrackPointExtension/>
        </extensions>
      </trkpt>
      <trkpt lat="43.86292953975498676300048828125" lon="-121.47585715167224407196044921875">
        <ele>1276.5999755859375</ele>
        <time>2025-08-08T16:11:17.000Z</time>
        <extensions>
          <ns3:TrackPointExtension/>
        </extensions>
      </trkpt>
      <trkpt lat="43.8629190623760223388671875" lon="-121.4767636545002460479736328125">
        <ele>1275.199951171875</ele>
        <time>2025-08-08T16:11:20.000Z</time>
        <extensions>
          <ns3:TrackPointExtension/>
        </extensions>
      </trkpt>
      <trkpt lat="43.86290271766483783721923828125" lon="-121.47768524475395679473876953125">
        <ele>1273.800048828125</ele>
        <time>2025-08-08T16:11:23.000Z</time>
        <extensions>
          <ns3:TrackPointExtension/>
        </extensions>
      </trkpt>
      <trkpt lat="43.86288545094430446624755859375" lon="-121.4785929210484027862548828125">
        <ele>1273.199951171875</ele>
        <time>2025-08-08T16:11:26.000Z</time>
        <extensions>
          <ns3:TrackPointExtension/>
        </extensions>
      </trkpt>
      <trkpt lat="43.8628669269382953643798828125" lon="-121.4794807322323322296142578125">
        <ele>1273.800048828125</ele>
        <time>2025-08-08T16:11:29.000Z</time>
        <extensions>
          <ns3:TrackPointExtension/>
        </extensions>
      </trkpt>
      <trkpt lat="43.86286047287285327911376953125" lon="-121.4797714166343212127685546875">
        <ele>1274.4000244140625</ele>
        <time>2025-08-08T16:11:30.000Z</time>
        <extensions>
          <ns3:TrackPointExtension/>
        </extensions>
      </trkpt>
      <trkpt lat="43.86283683590590953826904296875" lon="-121.48062712512910366058349609375">
        <ele>1277.199951171875</ele>
        <time>2025-08-08T16:11:33.000Z</time>
        <extensions>
          <ns3:TrackPointExtension/>
        </extensions>
      </trkpt>
      <trkpt lat="43.86282929219305515289306640625" lon="-121.4811943285167217254638671875">
        <ele>1278.800048828125</ele>
        <time>2025-08-08T16:11:35.000Z</time>
        <extensions>
          <ns3:TrackPointExtension/>
        </extensions>
      </trkpt>
      <trkpt lat="43.8628095947206020355224609375" lon="-121.4820244722068309783935546875">
        <ele>1282.5999755859375</ele>
        <time>2025-08-08T16:11:38.000Z</time>
        <extensions>
          <ns3:TrackPointExtension/>
        </extensions>
      </trkpt>
      <trkpt lat="43.86277933605015277862548828125" lon="-121.4828616566956043243408203125">
        <ele>1284.199951171875</ele>
        <time>2025-08-08T16:11:41.000Z</time>
        <extensions>
          <ns3:TrackPointExtension/>
        </extensions>
      </trkpt>
      <trkpt lat="43.862768523395061492919921875" lon="-121.4831486530601978302001953125">
        <ele>1284.5999755859375</ele>
        <time>2025-08-08T16:11:42.000Z</time>
        <extensions>
          <ns3:TrackPointExtension/>
        </extensions>
      </trkpt>
      <trkpt lat="43.8627492450177669525146484375" lon="-121.4840364642441272735595703125">
        <ele>1285.5999755859375</ele>
        <time>2025-08-08T16:11:45.000Z</time>
        <extensions>
          <ns3:TrackPointExtension/>
        </extensions>
      </trkpt>
      <trkpt lat="43.86273122392594814300537109375" lon="-121.48495822213590145111083984375">
        <ele>1288.199951171875</ele>
        <time>2025-08-08T16:11:48.000Z</time>
        <extensions>
          <ns3:TrackPointExtension/>
        </extensions>
      </trkpt>
      <trkpt lat="43.86271722614765167236328125" lon="-121.48557747714221477508544921875">
        <ele>1290.5999755859375</ele>
        <time>2025-08-08T16:11:50.000Z</time>
        <extensions>
          <ns3:TrackPointExtension/>
        </extensions>
      </trkpt>
      <trkpt lat="43.862667270004749298095703125" lon="-121.48650082759559154510498046875">
        <ele>1294.5999755859375</ele>
        <time>2025-08-08T16:11:53.000Z</time>
        <extensions>
          <ns3:TrackPointExtension/>
        </extensions>
      </trkpt>
      <trkpt lat="43.86263382621109485626220703125" lon="-121.48680425249040126800537109375">
        <ele>1295.5999755859375</ele>
        <time>2025-08-08T16:11:54.000Z</time>
        <extensions>
          <ns3:TrackPointExtension/>
        </extensions>
      </trkpt>
      <trkpt lat="43.86252569966018199920654296875" lon="-121.4874053187668323516845703125">
        <ele>1297.4000244140625</ele>
        <time>2025-08-08T16:11:56.000Z</time>
        <extensions>
          <ns3:TrackPointExtension/>
        </extensions>
      </trkpt>
      <trkpt lat="43.86252569966018199920654296875" lon="-121.4874053187668323516845703125">
        <ele>1297.4000244140625</ele>
        <time>2025-08-08T16:11:57.000Z</time>
        <extensions>
          <ns3:TrackPointExtension/>
        </extensions>
      </trkpt>
      <trkpt lat="43.86236007325351238250732421875" lon="-121.48798392154276371002197265625">
        <ele>1298.5999755859375</ele>
        <time>2025-08-08T16:11:58.000Z</time>
        <extensions>
          <ns3:TrackPointExtension/>
        </extensions>
      </trkpt>
      <trkpt lat="43.8622573949396610260009765625" lon="-121.48826186545193195343017578125">
        <ele>1299</ele>
        <time>2025-08-08T16:11:59.000Z</time>
        <extensions>
          <ns3:TrackPointExtension/>
        </extensions>
      </trkpt>
      <trkpt lat="43.8620285689830780029296875" lon="-121.48879797197878360748291015625">
        <ele>1299.800048828125</ele>
        <time>2025-08-08T16:12:01.000Z</time>
        <extensions>
          <ns3:TrackPointExtension/>
        </extensions>
      </trkpt>
      <trkpt lat="43.8617930375039577484130859375" lon="-121.4893264509737491607666015625">
        <ele>1300.5999755859375</ele>
        <time>2025-08-08T16:12:03.000Z</time>
        <extensions>
          <ns3:TrackPointExtension/>
        </extensions>
      </trkpt>
      <trkpt lat="43.86155658401548862457275390625" lon="-121.48986004292964935302734375">
        <ele>1301.199951171875</ele>
        <time>2025-08-08T16:12:05.000Z</time>
        <extensions>
          <ns3:TrackPointExtension/>
        </extensions>
      </trkpt>
      <trkpt lat="43.86131652630865573883056640625" lon="-121.49039288051426410675048828125">
        <ele>1302</ele>
        <time>2025-08-08T16:12:07.000Z</time>
        <extensions>
          <ns3:TrackPointExtension/>
        </extensions>
      </trkpt>
      <trkpt lat="43.86107613332569599151611328125" lon="-121.49092898704111576080322265625">
        <ele>1302.800048828125</ele>
        <time>2025-08-08T16:12:09.000Z</time>
        <extensions>
          <ns3:TrackPointExtension/>
        </extensions>
      </trkpt>
      <trkpt lat="43.860835991799831390380859375" lon="-121.49146107025444507598876953125">
        <ele>1303.5999755859375</ele>
        <time>2025-08-08T16:12:11.000Z</time>
        <extensions>
          <ns3:TrackPointExtension/>
        </extensions>
      </trkpt>
      <trkpt lat="43.8606061600148677825927734375" lon="-121.49200757034122943878173828125">
        <ele>1304.199951171875</ele>
        <time>2025-08-08T16:12:13.000Z</time>
        <extensions>
          <ns3:TrackPointExtension/>
        </extensions>
      </trkpt>
      <trkpt lat="43.860409520566463470458984375" lon="-121.492586173117160797119140625">
        <ele>1304.800048828125</ele>
        <time>2025-08-08T16:12:15.000Z</time>
        <extensions>
          <ns3:TrackPointExtension/>
        </extensions>
      </trkpt>
      <trkpt lat="43.86032427661120891571044921875" lon="-121.49288683198392391204833984375">
        <ele>1305</ele>
        <time>2025-08-08T16:12:16.000Z</time>
        <extensions>
          <ns3:TrackPointExtension/>
        </extensions>
      </trkpt>
      <trkpt lat="43.86016988195478916168212890625" lon="-121.49350608699023723602294921875">
        <ele>1305.5999755859375</ele>
        <time>2025-08-08T16:12:18.000Z</time>
        <extensions>
          <ns3:TrackPointExtension/>
        </extensions>
      </trkpt>
      <trkpt lat="43.86002185754477977752685546875" lon="-121.49413573555648326873779296875">
        <ele>1306</ele>
        <time>2025-08-08T16:12:20.000Z</time>
        <extensions>
          <ns3:TrackPointExtension/>
        </extensions>
      </trkpt>
      <trkpt lat="43.85987408459186553955078125" lon="-121.49477192200720310211181640625">
        <ele>1306.800048828125</ele>
        <time>2025-08-08T16:12:22.000Z</time>
        <extensions>
          <ns3:TrackPointExtension/>
        </extensions>
      </trkpt>
      <trkpt lat="43.859722875058650970458984375" lon="-121.49541179649531841278076171875">
        <ele>1308.199951171875</ele>
        <time>2025-08-08T16:12:24.000Z</time>
        <extensions>
          <ns3:TrackPointExtension/>
        </extensions>
      </trkpt>
      <trkpt lat="43.85957258753478527069091796875" lon="-121.49604882113635540008544921875">
        <ele>1310</ele>
        <time>2025-08-08T16:12:26.000Z</time>
        <extensions>
          <ns3:TrackPointExtension/>
        </extensions>
      </trkpt>
      <trkpt lat="43.85942406021058559417724609375" lon="-121.4966857619583606719970703125">
        <ele>1312.199951171875</ele>
        <time>2025-08-08T16:12:28.000Z</time>
        <extensions>
          <ns3:TrackPointExtension/>
        </extensions>
      </trkpt>
      <trkpt lat="43.859275281429290771484375" lon="-121.4973207749426364898681640625">
        <ele>1314.4000244140625</ele>
        <time>2025-08-08T16:12:30.000Z</time>
        <extensions>
          <ns3:TrackPointExtension/>
        </extensions>
      </trkpt>
      <trkpt lat="43.859201185405254364013671875" lon="-121.49763735942542552947998046875">
        <ele>1315.4000244140625</ele>
        <time>2025-08-08T16:12:31.000Z</time>
        <extensions>
          <ns3:TrackPointExtension/>
        </extensions>
      </trkpt>
      <trkpt lat="43.859058357775211334228515625" lon="-121.498272456228733062744140625">
        <ele>1316.5999755859375</ele>
        <time>2025-08-08T16:12:33.000Z</time>
        <extensions>
          <ns3:TrackPointExtension/>
        </extensions>
      </trkpt>
      <trkpt lat="43.85893128812313079833984375" lon="-121.498912833631038665771484375">
        <ele>1317.5999755859375</ele>
        <time>2025-08-08T16:12:35.000Z</time>
        <extensions>
          <ns3:TrackPointExtension/>
        </extensions>
      </trkpt>
      <trkpt lat="43.8588769733905792236328125" lon="-121.49923696182668209075927734375">
        <ele>1317.800048828125</ele>
        <time>2025-08-08T16:12:36.000Z</time>
        <extensions>
          <ns3:TrackPointExtension/>
        </extensions>
      </trkpt>
      <trkpt lat="43.85878502391278743743896484375" lon="-121.4998940192162990570068359375">
        <ele>1318.199951171875</ele>
        <time>2025-08-08T16:12:38.000Z</time>
        <extensions>
          <ns3:TrackPointExtension/>
        </extensions>
      </trkpt>
      <trkpt lat="43.8587027974426746368408203125" lon="-121.5005595423281192779541015625">
        <ele>1318.199951171875</ele>
        <time>2025-08-08T16:12:40.000Z</time>
        <extensions>
          <ns3:TrackPointExtension/>
        </extensions>
      </trkpt>
      <trkpt lat="43.8586625643074512481689453125" lon="-121.5008964948356151580810546875">
        <ele>1318.199951171875</ele>
        <time>2025-08-08T16:12:41.000Z</time>
        <extensions>
          <ns3:TrackPointExtension/>
        </extensions>
      </trkpt>
      <trkpt lat="43.85858251713216304779052734375" lon="-121.5015764348208904266357421875">
        <ele>1318.199951171875</ele>
        <time>2025-08-08T16:12:43.000Z</time>
        <extensions>
          <ns3:TrackPointExtension/>
        </extensions>
      </trkpt>
      <trkpt lat="43.85850188322365283966064453125" lon="-121.50226123631000518798828125">
        <ele>1318.4000244140625</ele>
        <time>2025-08-08T16:12:45.000Z</time>
        <extensions>
          <ns3:TrackPointExtension/>
        </extensions>
      </trkpt>
      <trkpt lat="43.85841974057257175445556640625" lon="-121.50294779799878597259521484375">
        <ele>1318.5999755859375</ele>
        <time>2025-08-08T16:12:47.000Z</time>
        <extensions>
          <ns3:TrackPointExtension/>
        </extensions>
      </trkpt>
      <trkpt lat="43.85833893902599811553955078125" lon="-121.50362656451761722564697265625">
        <ele>1318.800048828125</ele>
        <time>2025-08-08T16:12:49.000Z</time>
        <extensions>
          <ns3:TrackPointExtension/>
        </extensions>
      </trkpt>
      <trkpt lat="43.85825864039361476898193359375" lon="-121.5042968653142452239990234375">
        <ele>1319.199951171875</ele>
        <time>2025-08-08T16:12:51.000Z</time>
        <extensions>
          <ns3:TrackPointExtension/>
        </extensions>
      </trkpt>
      <trkpt lat="43.85817968286573886871337890625" lon="-121.50496146641671657562255859375">
        <ele>1320</ele>
        <time>2025-08-08T16:12:53.000Z</time>
        <extensions>
          <ns3:TrackPointExtension/>
        </extensions>
      </trkpt>
      <trkpt lat="43.8581033237278461456298828125" lon="-121.50562196038663387298583984375">
        <ele>1320.5999755859375</ele>
        <time>2025-08-08T16:12:55.000Z</time>
        <extensions>
          <ns3:TrackPointExtension/>
        </extensions>
      </trkpt>
      <trkpt lat="43.858029060065746307373046875" lon="-121.5062843821942806243896484375">
        <ele>1321.199951171875</ele>
        <time>2025-08-08T16:12:57.000Z</time>
        <extensions>
          <ns3:TrackPointExtension/>
        </extensions>
      </trkpt>
      <trkpt lat="43.85795135982334613800048828125" lon="-121.5069495700299739837646484375">
        <ele>1321.4000244140625</ele>
        <time>2025-08-08T16:12:59.000Z</time>
        <extensions>
          <ns3:TrackPointExtension/>
        </extensions>
      </trkpt>
      <trkpt lat="43.85787139646708965301513671875" lon="-121.507616937160491943359375">
        <ele>1321.4000244140625</ele>
        <time>2025-08-08T16:13:01.000Z</time>
        <extensions>
          <ns3:TrackPointExtension/>
        </extensions>
      </trkpt>
      <trkpt lat="43.85779076255857944488525390625" lon="-121.50828413665294647216796875">
        <ele>1321</ele>
        <time>2025-08-08T16:13:03.000Z</time>
        <extensions>
          <ns3:TrackPointExtension/>
        </extensions>
      </trkpt>
      <trkpt lat="43.85770912282168865203857421875" lon="-121.5089540183544158935546875">
        <ele>1320.800048828125</ele>
        <time>2025-08-08T16:13:05.000Z</time>
        <extensions>
          <ns3:TrackPointExtension/>
        </extensions>
      </trkpt>
      <trkpt lat="43.8576275669038295745849609375" lon="-121.5096227265894412994384765625">
        <ele>1320.800048828125</ele>
        <time>2025-08-08T16:13:07.000Z</time>
        <extensions>
          <ns3:TrackPointExtension/>
        </extensions>
      </trkpt>
      <trkpt lat="43.8575494475662708282470703125" lon="-121.5102895908057689666748046875">
        <ele>1320.5999755859375</ele>
        <time>2025-08-08T16:13:09.000Z</time>
        <extensions>
          <ns3:TrackPointExtension/>
        </extensions>
      </trkpt>
      <trkpt lat="43.85749404318630695343017578125" lon="-121.5109571255743503570556640625">
        <ele>1320.800048828125</ele>
        <time>2025-08-08T16:13:11.000Z</time>
        <extensions>
          <ns3:TrackPointExtension/>
        </extensions>
      </trkpt>
      <trkpt lat="43.85748691856861114501953125" lon="-121.51162893511354923248291015625">
        <ele>1321.4000244140625</ele>
        <time>2025-08-08T16:13:13.000Z</time>
        <extensions>
          <ns3:TrackPointExtension/>
        </extensions>
      </trkpt>
      <trkpt lat="43.85750007815659046173095703125" lon="-121.5119647979736328125">
        <ele>1321.800048828125</ele>
        <time>2025-08-08T16:13:14.000Z</time>
        <extensions>
          <ns3:TrackPointExtension/>
        </extensions>
      </trkpt>
      <trkpt lat="43.85754148475825786590576171875" lon="-121.51263576932251453399658203125">
        <ele>1322.5999755859375</ele>
        <time>2025-08-08T16:13:16.000Z</time>
        <extensions>
          <ns3:TrackPointExtension/>
        </extensions>
      </trkpt>
      <trkpt lat="43.8575873337686061859130859375" lon="-121.51330053806304931640625">
        <ele>1323.5999755859375</ele>
        <time>2025-08-08T16:13:18.000Z</time>
        <extensions>
          <ns3:TrackPointExtension/>
        </extensions>
      </trkpt>
      <trkpt lat="43.8576312549412250518798828125" lon="-121.513958685100078582763671875">
        <ele>1324.800048828125</ele>
        <time>2025-08-08T16:13:20.000Z</time>
        <extensions>
          <ns3:TrackPointExtension/>
        </extensions>
      </trkpt>
      <trkpt lat="43.857652880251407623291015625" lon="-121.51428549550473690032958984375">
        <ele>1325.199951171875</ele>
        <time>2025-08-08T16:13:21.000Z</time>
        <extensions>
          <ns3:TrackPointExtension/>
        </extensions>
      </trkpt>
      <trkpt lat="43.857681043446063995361328125" lon="-121.5149366855621337890625">
        <ele>1326.4000244140625</ele>
        <time>2025-08-08T16:13:23.000Z</time>
        <extensions>
          <ns3:TrackPointExtension/>
        </extensions>
      </trkpt>
      <trkpt lat="43.85766201652586460113525390625" lon="-121.51558586396276950836181640625">
        <ele>1327.199951171875</ele>
        <time>2025-08-08T16:13:25.000Z</time>
        <extensions>
          <ns3:TrackPointExtension/>
        </extensions>
      </trkpt>
      <trkpt lat="43.85758859105408191680908203125" lon="-121.51622624136507511138916015625">
        <ele>1327.800048828125</ele>
        <time>2025-08-08T16:13:27.000Z</time>
        <extensions>
          <ns3:TrackPointExtension/>
        </extensions>
      </trkpt>
      <trkpt lat="43.85753444395959377288818359375" lon="-121.51653922162950038909912109375">
        <ele>1328</ele>
        <time>2025-08-08T16:13:28.000Z</time>
        <extensions>
          <ns3:TrackPointExtension/>
        </extensions>
      </trkpt>
      <trkpt lat="43.85740284807980060577392578125" lon="-121.5171510167419910430908203125">
        <ele>1328.199951171875</ele>
        <time>2025-08-08T16:13:30.000Z</time>
        <extensions>
          <ns3:TrackPointExtension/>
        </extensions>
      </trkpt>
      <trkpt lat="43.8572547398507595062255859375" lon="-121.5177476406097412109375">
        <ele>1328.199951171875</ele>
        <time>2025-08-08T16:13:32.000Z</time>
        <extensions>
          <ns3:TrackPointExtension/>
        </extensions>
      </trkpt>
      <trkpt lat="43.85704292915761470794677734375" lon="-121.51859723031520843505859375">
        <ele>1327.800048828125</ele>
        <time>2025-08-08T16:13:35.000Z</time>
        <extensions>
          <ns3:TrackPointExtension/>
        </extensions>
      </trkpt>
      <trkpt lat="43.856925331056118011474609375" lon="-121.519093774259090423583984375">
        <ele>1327.5999755859375</ele>
        <time>2025-08-08T16:13:37.000Z</time>
        <extensions>
          <ns3:TrackPointExtension/>
        </extensions>
      </trkpt>
      <trkpt lat="43.8567964173853397369384765625" lon="-121.519713364541530609130859375">
        <ele>1327.199951171875</ele>
        <time>2025-08-08T16:13:40.000Z</time>
        <extensions>
          <ns3:TrackPointExtension/>
        </extensions>
      </trkpt>
      <trkpt lat="43.856745623052120208740234375" lon="-121.5201617963612079620361328125">
        <ele>1327.199951171875</ele>
        <time>2025-08-08T16:13:43.000Z</time>
        <extensions>
          <ns3:TrackPointExtension/>
        </extensions>
      </trkpt>
      <trkpt lat="43.85672525502741336822509765625" lon="-121.520273275673389434814453125">
        <ele>1327.199951171875</ele>
        <time>2025-08-08T16:13:44.000Z</time>
        <extensions>
          <ns3:TrackPointExtension/>
        </extensions>
      </trkpt>
      <trkpt lat="43.85664043016731739044189453125" lon="-121.52041987515985965728759765625">
        <ele>1327.5999755859375</ele>
        <time>2025-08-08T16:13:46.000Z</time>
        <extensions>
          <ns3:TrackPointExtension/>
        </extensions>
      </trkpt>
      <trkpt lat="43.8565094210207462310791015625" lon="-121.5204957313835620880126953125">
        <ele>1327.5999755859375</ele>
        <time>2025-08-08T16:13:48.000Z</time>
        <extensions>
          <ns3:TrackPointExtension/>
        </extensions>
      </trkpt>
      <trkpt lat="43.85634706355631351470947265625" lon="-121.52059723623096942901611328125">
        <ele>1327</ele>
        <time>2025-08-08T16:13:50.000Z</time>
        <extensions>
          <ns3:TrackPointExtension/>
        </extensions>
      </trkpt>
      <trkpt lat="43.856267519295215606689453125" lon="-121.52068222872912883758544921875">
        <ele>1326.800048828125</ele>
        <time>2025-08-08T16:13:51.000Z</time>
        <extensions>
          <ns3:TrackPointExtension/>
        </extensions>
      </trkpt>
      <trkpt lat="43.85619535110890865325927734375" lon="-121.52079127728939056396484375">
        <ele>1326.5999755859375</ele>
        <time>2025-08-08T16:13:52.000Z</time>
        <extensions>
          <ns3:TrackPointExtension/>
        </extensions>
      </trkpt>
      <trkpt lat="43.85606668889522552490234375" lon="-121.52107156813144683837890625">
        <ele>1326.199951171875</ele>
        <time>2025-08-08T16:13:54.000Z</time>
        <extensions>
          <ns3:TrackPointExtension/>
        </extensions>
      </trkpt>
      <trkpt lat="43.85579419322311878204345703125" lon="-121.52175108902156352996826171875">
        <ele>1326.4000244140625</ele>
        <time>2025-08-08T16:13:58.000Z</time>
        <extensions>
          <ns3:TrackPointExtension/>
        </extensions>
      </trkpt>
      <trkpt lat="43.85547853074967861175537109375" lon="-121.522532366216182708740234375">
        <ele>1327</ele>
        <time>2025-08-08T16:14:02.000Z</time>
        <extensions>
          <ns3:TrackPointExtension/>
        </extensions>
      </trkpt>
      <trkpt lat="43.855393119156360626220703125" lon="-121.5227450989186763763427734375">
        <ele>1327.199951171875</ele>
        <time>2025-08-08T16:14:03.000Z</time>
        <extensions>
          <ns3:TrackPointExtension/>
        </extensions>
      </trkpt>
      <trkpt lat="43.8551307655870914459228515625" lon="-121.52342897839844226837158203125">
        <ele>1328</ele>
        <time>2025-08-08T16:14:06.000Z</time>
        <extensions>
          <ns3:TrackPointExtension/>
        </extensions>
      </trkpt>
      <trkpt lat="43.85504543781280517578125" lon="-121.5236701257526874542236328125">
        <ele>1328.199951171875</ele>
        <time>2025-08-08T16:14:07.000Z</time>
        <extensions>
          <ns3:TrackPointExtension/>
        </extensions>
      </trkpt>
      <trkpt lat="43.85481954552233219146728515625" lon="-121.5244385786354541778564453125">
        <ele>1329.4000244140625</ele>
        <time>2025-08-08T16:14:10.000Z</time>
        <extensions>
          <ns3:TrackPointExtension/>
        </extensions>
      </trkpt>
      <trkpt lat="43.85475131683051586151123046875" lon="-121.52470923028886318206787109375">
        <ele>1329.800048828125</ele>
        <time>2025-08-08T16:14:11.000Z</time>
        <extensions>
          <ns3:TrackPointExtension/>
        </extensions>
      </trkpt>
      <trkpt lat="43.8545477204024791717529296875" lon="-121.525544486939907073974609375">
        <ele>1331.5999755859375</ele>
        <time>2025-08-08T16:14:14.000Z</time>
        <extensions>
          <ns3:TrackPointExtension/>
        </extensions>
      </trkpt>
      <trkpt lat="43.85433666408061981201171875" lon="-121.526401452720165252685546875">
        <ele>1333</ele>
        <time>2025-08-08T16:14:17.000Z</time>
        <extensions>
          <ns3:TrackPointExtension/>
        </extensions>
      </trkpt>
      <trkpt lat="43.85412032715976238250732421875" lon="-121.5272790379822254180908203125">
        <ele>1334</ele>
        <time>2025-08-08T16:14:20.000Z</time>
        <extensions>
          <ns3:TrackPointExtension/>
        </extensions>
      </trkpt>
      <trkpt lat="43.85397196747362613677978515625" lon="-121.52786786668002605438232421875">
        <ele>1334</ele>
        <time>2025-08-08T16:14:22.000Z</time>
        <extensions>
          <ns3:TrackPointExtension/>
        </extensions>
      </trkpt>
      <trkpt lat="43.85382478125393390655517578125" lon="-121.52846197597682476043701171875">
        <ele>1333.800048828125</ele>
        <time>2025-08-08T16:14:24.000Z</time>
        <extensions>
          <ns3:TrackPointExtension/>
        </extensions>
      </trkpt>
      <trkpt lat="43.85367549955844879150390625" lon="-121.52906094677746295928955078125">
        <ele>1333.800048828125</ele>
        <time>2025-08-08T16:14:26.000Z</time>
        <extensions>
          <ns3:TrackPointExtension/>
        </extensions>
      </trkpt>
      <trkpt lat="43.85352638550102710723876953125" lon="-121.52966612018644809722900390625">
        <ele>1333.800048828125</ele>
        <time>2025-08-08T16:14:28.000Z</time>
        <extensions>
          <ns3:TrackPointExtension/>
        </extensions>
      </trkpt>
      <trkpt lat="43.8533759303390979766845703125" lon="-121.530277244746685028076171875">
        <ele>1333.800048828125</ele>
        <time>2025-08-08T16:14:30.000Z</time>
        <extensions>
          <ns3:TrackPointExtension/>
        </extensions>
      </trkpt>
      <trkpt lat="43.85322363115847110748291015625" lon="-121.53089088387787342071533203125">
        <ele>1334</ele>
        <time>2025-08-08T16:14:32.000Z</time>
        <extensions>
          <ns3:TrackPointExtension/>
        </extensions>
      </trkpt>
      <trkpt lat="43.8531469367444515228271484375" lon="-121.53119782917201519012451171875">
        <ele>1334</ele>
        <time>2025-08-08T16:14:33.000Z</time>
        <extensions>
          <ns3:TrackPointExtension/>
        </extensions>
      </trkpt>
      <trkpt lat="43.85299346409738063812255859375" lon="-121.53181104920804500579833984375">
        <ele>1334.199951171875</ele>
        <time>2025-08-08T16:14:35.000Z</time>
        <extensions>
          <ns3:TrackPointExtension/>
        </extensions>
      </trkpt>
      <trkpt lat="43.852838985621929168701171875" lon="-121.532425023615360260009765625">
        <ele>1334.199951171875</ele>
        <time>2025-08-08T16:14:37.000Z</time>
        <extensions>
          <ns3:TrackPointExtension/>
        </extensions>
      </trkpt>
      <trkpt lat="43.85268576443195343017578125" lon="-121.53304419480264186859130859375">
        <ele>1334.4000244140625</ele>
        <time>2025-08-08T16:14:39.000Z</time>
        <extensions>
          <ns3:TrackPointExtension/>
        </extensions>
      </trkpt>
      <trkpt lat="43.85253229178488254547119140625" lon="-121.53366479091346263885498046875">
        <ele>1334.5999755859375</ele>
        <time>2025-08-08T16:14:41.000Z</time>
        <extensions>
          <ns3:TrackPointExtension/>
        </extensions>
      </trkpt>
      <trkpt lat="43.85237672366201877593994140625" lon="-121.53428949415683746337890625">
        <ele>1334.5999755859375</ele>
        <time>2025-08-08T16:14:43.000Z</time>
        <extensions>
          <ns3:TrackPointExtension/>
        </extensions>
      </trkpt>
      <trkpt lat="43.85229893960058689117431640625" lon="-121.53460456989705562591552734375">
        <ele>1334.5999755859375</ele>
        <time>2025-08-08T16:14:44.000Z</time>
        <extensions>
          <ns3:TrackPointExtension/>
        </extensions>
      </trkpt>
      <trkpt lat="43.85214001871645450592041015625" lon="-121.53523673303425312042236328125">
        <ele>1334.4000244140625</ele>
        <time>2025-08-08T16:14:46.000Z</time>
        <extensions>
          <ns3:TrackPointExtension/>
        </extensions>
      </trkpt>
      <trkpt lat="43.851979672908782958984375" lon="-121.53587845154106616973876953125">
        <ele>1333.800048828125</ele>
        <time>2025-08-08T16:14:48.000Z</time>
        <extensions>
          <ns3:TrackPointExtension/>
        </extensions>
      </trkpt>
      <trkpt lat="43.85181806981563568115234375" lon="-121.53652804903686046600341796875">
        <ele>1332.800048828125</ele>
        <time>2025-08-08T16:14:50.000Z</time>
        <extensions>
          <ns3:TrackPointExtension/>
        </extensions>
      </trkpt>
      <trkpt lat="43.85165445506572723388671875" lon="-121.5371874533593654632568359375">
        <ele>1332.199951171875</ele>
        <time>2025-08-08T16:14:52.000Z</time>
        <extensions>
          <ns3:TrackPointExtension/>
        </extensions>
      </trkpt>
      <trkpt lat="43.851491175591945648193359375" lon="-121.53783964924514293670654296875">
        <ele>1331.5999755859375</ele>
        <time>2025-08-08T16:14:54.000Z</time>
        <extensions>
          <ns3:TrackPointExtension/>
        </extensions>
      </trkpt>
      <trkpt lat="43.85133267380297183990478515625" lon="-121.5384829603135585784912109375">
        <ele>1331</ele>
        <time>2025-08-08T16:14:56.000Z</time>
        <extensions>
          <ns3:TrackPointExtension/>
        </extensions>
      </trkpt>
      <trkpt lat="43.8511751778423786163330078125" lon="-121.539117135107517242431640625">
        <ele>1330.5999755859375</ele>
        <time>2025-08-08T16:14:58.000Z</time>
        <extensions>
          <ns3:TrackPointExtension/>
        </extensions>
      </trkpt>
      <trkpt lat="43.85101743042469024658203125" lon="-121.539743430912494659423828125">
        <ele>1330.4000244140625</ele>
        <time>2025-08-08T16:15:00.000Z</time>
        <extensions>
          <ns3:TrackPointExtension/>
        </extensions>
      </trkpt>
      <trkpt lat="43.85086043737828731536865234375" lon="-121.54036159627139568328857421875">
        <ele>1330.4000244140625</ele>
        <time>2025-08-08T16:15:02.000Z</time>
        <extensions>
          <ns3:TrackPointExtension/>
        </extensions>
      </trkpt>
      <trkpt lat="43.8507037796080112457275390625" lon="-121.54097481630742549896240234375">
        <ele>1330.199951171875</ele>
        <time>2025-08-08T16:15:04.000Z</time>
        <extensions>
          <ns3:TrackPointExtension/>
        </extensions>
      </trkpt>
      <trkpt lat="43.8505513966083526611328125" lon="-121.5415876172482967376708984375">
        <ele>1330.199951171875</ele>
        <time>2025-08-08T16:15:06.000Z</time>
        <extensions>
          <ns3:TrackPointExtension/>
        </extensions>
      </trkpt>
      <trkpt lat="43.85040278546512126922607421875" lon="-121.54219974763691425323486328125">
        <ele>1330.199951171875</ele>
        <time>2025-08-08T16:15:08.000Z</time>
        <extensions>
          <ns3:TrackPointExtension/>
        </extensions>
      </trkpt>
      <trkpt lat="43.85025425814092159271240234375" lon="-121.5428130514919757843017578125">
        <ele>1330.5999755859375</ele>
        <time>2025-08-08T16:15:10.000Z</time>
        <extensions>
          <ns3:TrackPointExtension/>
        </extensions>
      </trkpt>
      <trkpt lat="43.85017999447882175445556640625" lon="-121.54311672784388065338134765625">
        <ele>1330.5999755859375</ele>
        <time>2025-08-08T16:15:11.000Z</time>
        <extensions>
          <ns3:TrackPointExtension/>
        </extensions>
      </trkpt>
      <trkpt lat="43.8500315509736537933349609375" lon="-121.54371553100645542144775390625">
        <ele>1330.4000244140625</ele>
        <time>2025-08-08T16:15:13.000Z</time>
        <extensions>
          <ns3:TrackPointExtension/>
        </extensions>
      </trkpt>
      <trkpt lat="43.84980968199670314788818359375" lon="-121.54459177516400814056396484375">
        <ele>1330.199951171875</ele>
        <time>2025-08-08T16:15:16.000Z</time>
        <extensions>
          <ns3:TrackPointExtension/>
        </extensions>
      </trkpt>
      <trkpt lat="43.849590830504894256591796875" lon="-121.545441783964633941650390625">
        <ele>1330</ele>
        <time>2025-08-08T16:15:19.000Z</time>
        <extensions>
          <ns3:TrackPointExtension/>
        </extensions>
      </trkpt>
      <trkpt lat="43.84951966814696788787841796875" lon="-121.54572232626378536224365234375">
        <ele>1330</ele>
        <time>2025-08-08T16:15:20.000Z</time>
        <extensions>
          <ns3:TrackPointExtension/>
        </extensions>
      </trkpt>
      <trkpt lat="43.8493093661963939666748046875" lon="-121.546562276780605316162109375">
        <ele>1329.4000244140625</ele>
        <time>2025-08-08T16:15:23.000Z</time>
        <extensions>
          <ns3:TrackPointExtension/>
        </extensions>
      </trkpt>
      <trkpt lat="43.84909805841743946075439453125" lon="-121.5474002994596958160400390625">
        <ele>1329</ele>
        <time>2025-08-08T16:15:26.000Z</time>
        <extensions>
          <ns3:TrackPointExtension/>
        </extensions>
      </trkpt>
      <trkpt lat="43.84889069013297557830810546875" lon="-121.548243351280689239501953125">
        <ele>1328.800048828125</ele>
        <time>2025-08-08T16:15:29.000Z</time>
        <extensions>
          <ns3:TrackPointExtension/>
        </extensions>
      </trkpt>
      <trkpt lat="43.8486854173243045806884765625" lon="-121.54908833093941211700439453125">
        <ele>1328.800048828125</ele>
        <time>2025-08-08T16:15:32.000Z</time>
        <extensions>
          <ns3:TrackPointExtension/>
        </extensions>
      </trkpt>
      <trkpt lat="43.8484778814017772674560546875" lon="-121.54992585070431232452392578125">
        <ele>1329</ele>
        <time>2025-08-08T16:15:35.000Z</time>
        <extensions>
          <ns3:TrackPointExtension/>
        </extensions>
      </trkpt>
      <trkpt lat="43.84826674126088619232177734375" lon="-121.55076186172664165496826171875">
        <ele>1329.5999755859375</ele>
        <time>2025-08-08T16:15:38.000Z</time>
        <extensions>
          <ns3:TrackPointExtension/>
        </extensions>
      </trkpt>
      <trkpt lat="43.84819666855037212371826171875" lon="-121.55103997327387332916259765625">
        <ele>1329.5999755859375</ele>
        <time>2025-08-08T16:15:39.000Z</time>
        <extensions>
          <ns3:TrackPointExtension/>
        </extensions>
      </trkpt>
      <trkpt lat="43.847988881170749664306640625" lon="-121.55187246389687061309814453125">
        <ele>1329.800048828125</ele>
        <time>2025-08-08T16:15:42.000Z</time>
        <extensions>
          <ns3:TrackPointExtension/>
        </extensions>
      </trkpt>
      <trkpt lat="43.8477835245430469512939453125" lon="-121.55270688235759735107421875">
        <ele>1330</ele>
        <time>2025-08-08T16:15:45.000Z</time>
        <extensions>
          <ns3:TrackPointExtension/>
        </extensions>
      </trkpt>
      <trkpt lat="43.84757908992469310760498046875" lon="-121.5535485930740833282470703125">
        <ele>1329.800048828125</ele>
        <time>2025-08-08T16:15:48.000Z</time>
        <extensions>
          <ns3:TrackPointExtension/>
        </extensions>
      </trkpt>
      <trkpt lat="43.8473654352128505706787109375" lon="-121.55439273454248905181884765625">
        <ele>1329.800048828125</ele>
        <time>2025-08-08T16:15:51.000Z</time>
        <extensions>
          <ns3:TrackPointExtension/>
        </extensions>
      </trkpt>
      <trkpt lat="43.8471196778118610382080078125" lon="-121.5552209503948688507080078125">
        <ele>1329.800048828125</ele>
        <time>2025-08-08T16:15:54.000Z</time>
        <extensions>
          <ns3:TrackPointExtension/>
        </extensions>
      </trkpt>
      <trkpt lat="43.84701867587864398956298828125" lon="-121.55548556707799434661865234375">
        <ele>1329.5999755859375</ele>
        <time>2025-08-08T16:15:55.000Z</time>
        <extensions>
          <ns3:TrackPointExtension/>
        </extensions>
      </trkpt>
      <trkpt lat="43.84666563011705875396728515625" lon="-121.55625142157077789306640625">
        <ele>1329.4000244140625</ele>
        <time>2025-08-08T16:15:58.000Z</time>
        <extensions>
          <ns3:TrackPointExtension/>
        </extensions>
      </trkpt>
      <trkpt lat="43.8465369679033756256103515625" lon="-121.55650346539914608001708984375">
        <ele>1329.4000244140625</ele>
        <time>2025-08-08T16:15:59.000Z</time>
        <extensions>
          <ns3:TrackPointExtension/>
        </extensions>
      </trkpt>
      <trkpt lat="43.8462794758379459381103515625" lon="-121.55701509676873683929443359375">
        <ele>1329.4000244140625</ele>
        <time>2025-08-08T16:16:01.000Z</time>
        <extensions>
          <ns3:TrackPointExtension/>
        </extensions>
      </trkpt>
      <trkpt lat="43.8460226543247699737548828125" lon="-121.55753619968891143798828125">
        <ele>1329.5999755859375</ele>
        <time>2025-08-08T16:16:03.000Z</time>
        <extensions>
          <ns3:TrackPointExtension/>
        </extensions>
      </trkpt>
      <trkpt lat="43.84576474316418170928955078125" lon="-121.5580607391893863677978515625">
        <ele>1329.5999755859375</ele>
        <time>2025-08-08T16:16:05.000Z</time>
        <extensions>
          <ns3:TrackPointExtension/>
        </extensions>
      </trkpt>
      <trkpt lat="43.8455046527087688446044921875" lon="-121.5585891343653202056884765625">
        <ele>1329.5999755859375</ele>
        <time>2025-08-08T16:16:07.000Z</time>
        <extensions>
          <ns3:TrackPointExtension/>
        </extensions>
      </trkpt>
      <trkpt lat="43.8453742302954196929931640625" lon="-121.55885559506714344024658203125">
        <ele>1329.5999755859375</ele>
        <time>2025-08-08T16:16:08.000Z</time>
        <extensions>
          <ns3:TrackPointExtension/>
        </extensions>
      </trkpt>
      <trkpt lat="43.84511254727840423583984375" lon="-121.55938960611820220947265625">
        <ele>1329.800048828125</ele>
        <time>2025-08-08T16:16:10.000Z</time>
        <extensions>
          <ns3:TrackPointExtension/>
        </extensions>
      </trkpt>
      <trkpt lat="43.844848684966564178466796875" lon="-121.5599255450069904327392578125">
        <ele>1329.800048828125</ele>
        <time>2025-08-08T16:16:12.000Z</time>
        <extensions>
          <ns3:TrackPointExtension/>
        </extensions>
      </trkpt>
      <trkpt lat="43.8445843197405338287353515625" lon="-121.56045955605804920196533203125">
        <ele>1330.4000244140625</ele>
        <time>2025-08-08T16:16:14.000Z</time>
        <extensions>
          <ns3:TrackPointExtension/>
        </extensions>
      </trkpt>
      <trkpt lat="43.844322971999645233154296875" lon="-121.56099063344299793243408203125">
        <ele>1330.800048828125</ele>
        <time>2025-08-08T16:16:16.000Z</time>
        <extensions>
          <ns3:TrackPointExtension/>
        </extensions>
      </trkpt>
      <trkpt lat="43.84406539611518383026123046875" lon="-121.56151257455348968505859375">
        <ele>1331.4000244140625</ele>
        <time>2025-08-08T16:16:18.000Z</time>
        <extensions>
          <ns3:TrackPointExtension/>
        </extensions>
      </trkpt>
      <trkpt lat="43.8438091613352298736572265625" lon="-121.562029235064983367919921875">
        <ele>1331.800048828125</ele>
        <time>2025-08-08T16:16:20.000Z</time>
        <extensions>
          <ns3:TrackPointExtension/>
        </extensions>
      </trkpt>
      <trkpt lat="43.84342887438833713531494140625" lon="-121.56279877759516239166259765625">
        <ele>1332.4000244140625</ele>
        <time>2025-08-08T16:16:23.000Z</time>
        <extensions>
          <ns3:TrackPointExtension/>
        </extensions>
      </trkpt>
      <trkpt lat="43.84305219165980815887451171875" lon="-121.563574187457561492919921875">
        <ele>1332.800048828125</ele>
        <time>2025-08-08T16:16:26.000Z</time>
        <extensions>
          <ns3:TrackPointExtension/>
        </extensions>
      </trkpt>
      <trkpt lat="43.84292654693126678466796875" lon="-121.56383377499878406524658203125">
        <ele>1332.800048828125</ele>
        <time>2025-08-08T16:16:27.000Z</time>
        <extensions>
          <ns3:TrackPointExtension/>
        </extensions>
      </trkpt>
      <trkpt lat="43.842674754559993743896484375" lon="-121.564351357519626617431640625">
        <ele>1333.199951171875</ele>
        <time>2025-08-08T16:16:29.000Z</time>
        <extensions>
          <ns3:TrackPointExtension/>
        </extensions>
      </trkpt>
      <trkpt lat="43.84229882620275020599365234375" lon="-121.56512525863945484161376953125">
        <ele>1333.800048828125</ele>
        <time>2025-08-08T16:16:32.000Z</time>
        <extensions>
          <ns3:TrackPointExtension/>
        </extensions>
      </trkpt>
      <trkpt lat="43.84204837493598461151123046875" lon="-121.56564258970320224761962890625">
        <ele>1334</ele>
        <time>2025-08-08T16:16:34.000Z</time>
        <extensions>
          <ns3:TrackPointExtension/>
        </extensions>
      </trkpt>
      <trkpt lat="43.84179892949759960174560546875" lon="-121.56616293825209140777587890625">
        <ele>1334</ele>
        <time>2025-08-08T16:16:36.000Z</time>
        <extensions>
          <ns3:TrackPointExtension/>
        </extensions>
      </trkpt>
      <trkpt lat="43.8415500707924365997314453125" lon="-121.56668278388679027557373046875">
        <ele>1334</ele>
        <time>2025-08-08T16:16:38.000Z</time>
        <extensions>
          <ns3:TrackPointExtension/>
        </extensions>
      </trkpt>
      <trkpt lat="43.84129785932600498199462890625" lon="-121.56719843856990337371826171875">
        <ele>1334.199951171875</ele>
        <time>2025-08-08T16:16:40.000Z</time>
        <extensions>
          <ns3:TrackPointExtension/>
        </extensions>
      </trkpt>
      <trkpt lat="43.8410441391170024871826171875" lon="-121.56771392561495304107666015625">
        <ele>1334.199951171875</ele>
        <time>2025-08-08T16:16:42.000Z</time>
        <extensions>
          <ns3:TrackPointExtension/>
        </extensions>
      </trkpt>
      <trkpt lat="43.84079192765057086944580078125" lon="-121.56823041848838329315185546875">
        <ele>1334.4000244140625</ele>
        <time>2025-08-08T16:16:44.000Z</time>
        <extensions>
          <ns3:TrackPointExtension/>
        </extensions>
      </trkpt>
      <trkpt lat="43.8404094614088535308837890625" lon="-121.5689920820295810699462890625">
        <ele>1334.800048828125</ele>
        <time>2025-08-08T16:16:47.000Z</time>
        <extensions>
          <ns3:TrackPointExtension/>
        </extensions>
      </trkpt>
      <trkpt lat="43.840134032070636749267578125" lon="-121.5694753825664520263671875">
        <ele>1335</ele>
        <time>2025-08-08T16:16:49.000Z</time>
        <extensions>
          <ns3:TrackPointExtension/>
        </extensions>
      </trkpt>
      <trkpt lat="43.83968534879386425018310546875" lon="-121.5701561607420444488525390625">
        <ele>1335</ele>
        <time>2025-08-08T16:16:52.000Z</time>
        <extensions>
          <ns3:TrackPointExtension/>
        </extensions>
      </trkpt>
      <trkpt lat="43.83937555365264415740966796875" lon="-121.57060048542916774749755859375">
        <ele>1334.800048828125</ele>
        <time>2025-08-08T16:16:54.000Z</time>
        <extensions>
          <ns3:TrackPointExtension/>
        </extensions>
      </trkpt>
      <trkpt lat="43.8389134593307971954345703125" lon="-121.5712565369904041290283203125">
        <ele>1334.5999755859375</ele>
        <time>2025-08-08T16:16:57.000Z</time>
        <extensions>
          <ns3:TrackPointExtension/>
        </extensions>
      </trkpt>
      <trkpt lat="43.83845337666571140289306640625" lon="-121.5719002671539783477783203125">
        <ele>1335</ele>
        <time>2025-08-08T16:17:00.000Z</time>
        <extensions>
          <ns3:TrackPointExtension/>
        </extensions>
      </trkpt>
      <trkpt lat="43.83800209499895572662353515625" lon="-121.57253351993858814239501953125">
        <ele>1335.800048828125</ele>
        <time>2025-08-08T16:17:03.000Z</time>
        <extensions>
          <ns3:TrackPointExtension/>
        </extensions>
      </trkpt>
      <trkpt lat="43.83785272948443889617919921875" lon="-121.57274072058498859405517578125">
        <ele>1335.800048828125</ele>
        <time>2025-08-08T16:17:04.000Z</time>
        <extensions>
          <ns3:TrackPointExtension/>
        </extensions>
      </trkpt>
      <trkpt lat="43.83740915916860103607177734375" lon="-121.5733617357909679412841796875">
        <ele>1336.4000244140625</ele>
        <time>2025-08-08T16:17:07.000Z</time>
        <extensions>
          <ns3:TrackPointExtension/>
        </extensions>
      </trkpt>
      <trkpt lat="43.83697229437530040740966796875" lon="-121.57398208044469356536865234375">
        <ele>1336.5999755859375</ele>
        <time>2025-08-08T16:17:10.000Z</time>
        <extensions>
          <ns3:TrackPointExtension/>
        </extensions>
      </trkpt>
      <trkpt lat="43.83653777651488780975341796875" lon="-121.57459848560392856597900390625">
        <ele>1337.199951171875</ele>
        <time>2025-08-08T16:17:13.000Z</time>
        <extensions>
          <ns3:TrackPointExtension/>
        </extensions>
      </trkpt>
      <trkpt lat="43.83610543794929981231689453125" lon="-121.57521287910640239715576171875">
        <ele>1337.199951171875</ele>
        <time>2025-08-08T16:17:16.000Z</time>
        <extensions>
          <ns3:TrackPointExtension/>
        </extensions>
      </trkpt>
      <trkpt lat="43.83567075245082378387451171875" lon="-121.57583196647465229034423828125">
        <ele>1337</ele>
        <time>2025-08-08T16:17:19.000Z</time>
        <extensions>
          <ns3:TrackPointExtension/>
        </extensions>
      </trkpt>
      <trkpt lat="43.83523154072463512420654296875" lon="-121.5764566697180271148681640625">
        <ele>1336.5999755859375</ele>
        <time>2025-08-08T16:17:22.000Z</time>
        <extensions>
          <ns3:TrackPointExtension/>
        </extensions>
      </trkpt>
      <trkpt lat="43.8349328935146331787109375" lon="-121.57687492668628692626953125">
        <ele>1336.4000244140625</ele>
        <time>2025-08-08T16:17:24.000Z</time>
        <extensions>
          <ns3:TrackPointExtension/>
        </extensions>
      </trkpt>
      <trkpt lat="43.83448253385722637176513671875" lon="-121.57750583253800868988037109375">
        <ele>1336.4000244140625</ele>
        <time>2025-08-08T16:17:27.000Z</time>
        <extensions>
          <ns3:TrackPointExtension/>
        </extensions>
      </trkpt>
      <trkpt lat="43.8340318389236927032470703125" lon="-121.57814755104482173919677734375">
        <ele>1336</ele>
        <time>2025-08-08T16:17:30.000Z</time>
        <extensions>
          <ns3:TrackPointExtension/>
        </extensions>
      </trkpt>
      <trkpt lat="43.83357745595276355743408203125" lon="-121.5788039378821849822998046875">
        <ele>1335.800048828125</ele>
        <time>2025-08-08T16:17:33.000Z</time>
        <extensions>
          <ns3:TrackPointExtension/>
        </extensions>
      </trkpt>
      <trkpt lat="43.833424150943756103515625" lon="-121.57902312465012073516845703125">
        <ele>1335.5999755859375</ele>
        <time>2025-08-08T16:17:34.000Z</time>
        <extensions>
          <ns3:TrackPointExtension/>
        </extensions>
      </trkpt>
      <trkpt lat="43.8329609669744968414306640625" lon="-121.57968462444841861724853515625">
        <ele>1335.5999755859375</ele>
        <time>2025-08-08T16:17:37.000Z</time>
        <extensions>
          <ns3:TrackPointExtension/>
        </extensions>
      </trkpt>
      <trkpt lat="43.8324920833110809326171875" lon="-121.5803418494760990142822265625">
        <ele>1335.4000244140625</ele>
        <time>2025-08-08T16:17:40.000Z</time>
        <extensions>
          <ns3:TrackPointExtension/>
        </extensions>
      </trkpt>
      <trkpt lat="43.83202563039958477020263671875" lon="-121.58100175671279430389404296875">
        <ele>1335</ele>
        <time>2025-08-08T16:17:43.000Z</time>
        <extensions>
          <ns3:TrackPointExtension/>
        </extensions>
      </trkpt>
      <trkpt lat="43.83187039755284786224365234375" lon="-121.58122169785201549530029296875">
        <ele>1335</ele>
        <time>2025-08-08T16:17:44.000Z</time>
        <extensions>
          <ns3:TrackPointExtension/>
        </extensions>
      </trkpt>
      <trkpt lat="43.83140402846038341522216796875" lon="-121.581885628402233123779296875">
        <ele>1334.800048828125</ele>
        <time>2025-08-08T16:17:47.000Z</time>
        <extensions>
          <ns3:TrackPointExtension/>
        </extensions>
      </trkpt>
      <trkpt lat="43.83093883283436298370361328125" lon="-121.5825536660850048065185546875">
        <ele>1334.5999755859375</ele>
        <time>2025-08-08T16:17:50.000Z</time>
        <extensions>
          <ns3:TrackPointExtension/>
        </extensions>
      </trkpt>
      <trkpt lat="43.83047279901802539825439453125" lon="-121.58322027884423732757568359375">
        <ele>1334.5999755859375</ele>
        <time>2025-08-08T16:17:53.000Z</time>
        <extensions>
          <ns3:TrackPointExtension/>
        </extensions>
      </trkpt>
      <trkpt lat="43.8301630876958370208740234375" lon="-121.58366451971232891082763671875">
        <ele>1334.800048828125</ele>
        <time>2025-08-08T16:17:55.000Z</time>
        <extensions>
          <ns3:TrackPointExtension/>
        </extensions>
      </trkpt>
      <trkpt lat="43.82970049045979976654052734375" lon="-121.58432434312999248504638671875">
        <ele>1335.199951171875</ele>
        <time>2025-08-08T16:17:58.000Z</time>
        <extensions>
          <ns3:TrackPointExtension/>
        </extensions>
      </trkpt>
      <trkpt lat="43.82924325764179229736328125" lon="-121.58497293479740619659423828125">
        <ele>1335.199951171875</ele>
        <time>2025-08-08T16:18:01.000Z</time>
        <extensions>
          <ns3:TrackPointExtension/>
        </extensions>
      </trkpt>
      <trkpt lat="43.82879641838371753692626953125" lon="-121.585611887276172637939453125">
        <ele>1334.800048828125</ele>
        <time>2025-08-08T16:18:04.000Z</time>
        <extensions>
          <ns3:TrackPointExtension/>
        </extensions>
      </trkpt>
      <trkpt lat="43.8285007886588573455810546875" lon="-121.58602888695895671844482421875">
        <ele>1334.5999755859375</ele>
        <time>2025-08-08T16:18:06.000Z</time>
        <extensions>
          <ns3:TrackPointExtension/>
        </extensions>
      </trkpt>
      <trkpt lat="43.828054368495941162109375" lon="-121.58666188828647136688232421875">
        <ele>1333.5999755859375</ele>
        <time>2025-08-08T16:18:09.000Z</time>
        <extensions>
          <ns3:TrackPointExtension/>
        </extensions>
      </trkpt>
      <trkpt lat="43.82760467939078807830810546875" lon="-121.5873008407652378082275390625">
        <ele>1332.5999755859375</ele>
        <time>2025-08-08T16:18:12.000Z</time>
        <extensions>
          <ns3:TrackPointExtension/>
        </extensions>
      </trkpt>
      <trkpt lat="43.8271492905914783477783203125" lon="-121.58794574439525604248046875">
        <ele>1331.800048828125</ele>
        <time>2025-08-08T16:18:15.000Z</time>
        <extensions>
          <ns3:TrackPointExtension/>
        </extensions>
      </trkpt>
      <trkpt lat="43.8266939856112003326416015625" lon="-121.5885983593761920928955078125">
        <ele>1331.4000244140625</ele>
        <time>2025-08-08T16:18:18.000Z</time>
        <extensions>
          <ns3:TrackPointExtension/>
        </extensions>
      </trkpt>
      <trkpt lat="43.8262420333921909332275390625" lon="-121.58924284391105175018310546875">
        <ele>1331</ele>
        <time>2025-08-08T16:18:21.000Z</time>
        <extensions>
          <ns3:TrackPointExtension/>
        </extensions>
      </trkpt>
      <trkpt lat="43.82579854689538478851318359375" lon="-121.5898750908672809600830078125">
        <ele>1330.5999755859375</ele>
        <time>2025-08-08T16:18:24.000Z</time>
        <extensions>
          <ns3:TrackPointExtension/>
        </extensions>
      </trkpt>
      <trkpt lat="43.8253788650035858154296875" lon="-121.59051957540214061737060546875">
        <ele>1330.199951171875</ele>
        <time>2025-08-08T16:18:27.000Z</time>
        <extensions>
          <ns3:TrackPointExtension/>
        </extensions>
      </trkpt>
      <trkpt lat="43.82526218891143798828125" lon="-121.5907541848719120025634765625">
        <ele>1330</ele>
        <time>2025-08-08T16:18:28.000Z</time>
        <extensions>
          <ns3:TrackPointExtension/>
        </extensions>
      </trkpt>
      <trkpt lat="43.8250923715531826019287109375" lon="-121.591264642775058746337890625">
        <ele>1329.800048828125</ele>
        <time>2025-08-08T16:18:30.000Z</time>
        <extensions>
          <ns3:TrackPointExtension/>
        </extensions>
      </trkpt>
      <trkpt lat="43.824998326599597930908203125" lon="-121.59180401824414730072021484375">
        <ele>1329.4000244140625</ele>
        <time>2025-08-08T16:18:32.000Z</time>
        <extensions>
          <ns3:TrackPointExtension/>
        </extensions>
      </trkpt>
      <trkpt lat="43.824983574450016021728515625" lon="-121.59208196215331554412841796875">
        <ele>1329.4000244140625</ele>
        <time>2025-08-08T16:18:33.000Z</time>
        <extensions>
          <ns3:TrackPointExtension/>
        </extensions>
      </trkpt>
      <trkpt lat="43.82498835213482379913330078125" lon="-121.59236191771924495697021484375">
        <ele>1329.199951171875</ele>
        <time>2025-08-08T16:18:34.000Z</time>
        <extensions>
          <ns3:TrackPointExtension/>
        </extensions>
      </trkpt>
      <trkpt lat="43.8250435888767242431640625" lon="-121.59291143529117107391357421875">
        <ele>1329.4000244140625</ele>
        <time>2025-08-08T16:18:36.000Z</time>
        <extensions>
          <ns3:TrackPointExtension/>
        </extensions>
      </trkpt>
      <trkpt lat="43.82517292164266109466552734375" lon="-121.593719534575939178466796875">
        <ele>1329.199951171875</ele>
        <time>2025-08-08T16:18:39.000Z</time>
        <extensions>
          <ns3:TrackPointExtension/>
        </extensions>
      </trkpt>
      <trkpt lat="43.82530602626502513885498046875" lon="-121.59451941959559917449951171875">
        <ele>1328.800048828125</ele>
        <time>2025-08-08T16:18:42.000Z</time>
        <extensions>
          <ns3:TrackPointExtension/>
        </extensions>
      </trkpt>
      <trkpt lat="43.8253904320299625396728515625" lon="-121.5950507484376430511474609375">
        <ele>1329</ele>
        <time>2025-08-08T16:18:44.000Z</time>
        <extensions>
          <ns3:TrackPointExtension/>
        </extensions>
      </trkpt>
      <trkpt lat="43.82551892660558223724365234375" lon="-121.59585432149469852447509765625">
        <ele>1329.4000244140625</ele>
        <time>2025-08-08T16:18:47.000Z</time>
        <extensions>
          <ns3:TrackPointExtension/>
        </extensions>
      </trkpt>
      <trkpt lat="43.8256475888192653656005859375" lon="-121.59666694700717926025390625">
        <ele>1330.4000244140625</ele>
        <time>2025-08-08T16:18:50.000Z</time>
        <extensions>
          <ns3:TrackPointExtension/>
        </extensions>
      </trkpt>
      <trkpt lat="43.82577122189104557037353515625" lon="-121.59748141653835773468017578125">
        <ele>1331.4000244140625</ele>
        <time>2025-08-08T16:18:53.000Z</time>
        <extensions>
          <ns3:TrackPointExtension/>
        </extensions>
      </trkpt>
      <trkpt lat="43.825846575200557708740234375" lon="-121.598015762865543365478515625">
        <ele>1332.5999755859375</ele>
        <time>2025-08-08T16:18:55.000Z</time>
        <extensions>
          <ns3:TrackPointExtension/>
        </extensions>
      </trkpt>
      <trkpt lat="43.8259634189307689666748046875" lon="-121.59878161735832691192626953125">
        <ele>1333.800048828125</ele>
        <time>2025-08-08T16:18:58.000Z</time>
        <extensions>
          <ns3:TrackPointExtension/>
        </extensions>
      </trkpt>
      <trkpt lat="43.82599686272442340850830078125" lon="-121.59902955405414104461669921875">
        <ele>1334.199951171875</ele>
        <time>2025-08-08T16:18:59.000Z</time>
        <extensions>
          <ns3:TrackPointExtension/>
        </extensions>
      </trkpt>
      <trkpt lat="43.82605855353176593780517578125" lon="-121.59978493116796016693115234375">
        <ele>1335.199951171875</ele>
        <time>2025-08-08T16:19:02.000Z</time>
        <extensions>
          <ns3:TrackPointExtension/>
        </extensions>
      </trkpt>
      <trkpt lat="43.82606224156916141510009765625" lon="-121.60003806464374065399169921875">
        <ele>1335.4000244140625</ele>
        <time>2025-08-08T16:19:03.000Z</time>
        <extensions>
          <ns3:TrackPointExtension/>
        </extensions>
      </trkpt>
      <trkpt lat="43.82604447193443775177001953125" lon="-121.60080559551715850830078125">
        <ele>1337</ele>
        <time>2025-08-08T16:19:06.000Z</time>
        <extensions>
          <ns3:TrackPointExtension/>
        </extensions>
      </trkpt>
      <trkpt lat="43.8260227628052234649658203125" lon="-121.60156608559191226959228515625">
        <ele>1339.5999755859375</ele>
        <time>2025-08-08T16:19:09.000Z</time>
        <extensions>
          <ns3:TrackPointExtension/>
        </extensions>
      </trkpt>
      <trkpt lat="43.8260123692452907562255859375" lon="-121.60229112021625041961669921875">
        <ele>1343.800048828125</ele>
        <time>2025-08-08T16:19:12.000Z</time>
        <extensions>
          <ns3:TrackPointExtension/>
        </extensions>
      </trkpt>
      <trkpt lat="43.82605218328535556793212890625" lon="-121.602787077426910400390625">
        <ele>1346</ele>
        <time>2025-08-08T16:19:14.000Z</time>
        <extensions>
          <ns3:TrackPointExtension/>
        </extensions>
      </trkpt>
      <trkpt lat="43.82617556490004062652587890625" lon="-121.603537090122699737548828125">
        <ele>1346.199951171875</ele>
        <time>2025-08-08T16:19:17.000Z</time>
        <extensions>
          <ns3:TrackPointExtension/>
        </extensions>
      </trkpt>
      <trkpt lat="43.82624949328601360321044921875" lon="-121.60404042340815067291259765625">
        <ele>1346.4000244140625</ele>
        <time>2025-08-08T16:19:19.000Z</time>
        <extensions>
          <ns3:TrackPointExtension/>
        </extensions>
      </trkpt>
      <trkpt lat="43.82630514912307262420654296875" lon="-121.604828573763370513916015625">
        <ele>1346.4000244140625</ele>
        <time>2025-08-08T16:19:22.000Z</time>
        <extensions>
          <ns3:TrackPointExtension/>
        </extensions>
      </trkpt>
      <trkpt lat="43.82631604559719562530517578125" lon="-121.60509419627487659454345703125">
        <ele>1346.5999755859375</ele>
        <time>2025-08-08T16:19:23.000Z</time>
        <extensions>
          <ns3:TrackPointExtension/>
        </extensions>
      </trkpt>
      <trkpt lat="43.826372623443603515625" lon="-121.6059250943362712860107421875">
        <ele>1348.199951171875</ele>
        <time>2025-08-08T16:19:26.000Z</time>
        <extensions>
          <ns3:TrackPointExtension/>
        </extensions>
      </trkpt>
      <trkpt lat="43.82647446356713771820068359375" lon="-121.60676403902471065521240234375">
        <ele>1347.800048828125</ele>
        <time>2025-08-08T16:19:29.000Z</time>
        <extensions>
          <ns3:TrackPointExtension/>
        </extensions>
      </trkpt>
      <trkpt lat="43.8265377469360828399658203125" lon="-121.60702153109014034271240234375">
        <ele>1348.4000244140625</ele>
        <time>2025-08-08T16:19:30.000Z</time>
        <extensions>
          <ns3:TrackPointExtension/>
        </extensions>
      </trkpt>
      <trkpt lat="43.826713599264621734619140625" lon="-121.60748203285038471221923828125">
        <ele>1349</ele>
        <time>2025-08-08T16:19:32.000Z</time>
        <extensions>
          <ns3:TrackPointExtension/>
        </extensions>
      </trkpt>
      <trkpt lat="43.8270552456378936767578125" lon="-121.6080564446747303009033203125">
        <ele>1349.4000244140625</ele>
        <time>2025-08-08T16:19:35.000Z</time>
        <extensions>
          <ns3:TrackPointExtension/>
        </extensions>
      </trkpt>
      <trkpt lat="43.82738892920315265655517578125" lon="-121.608612835407257080078125">
        <ele>1348.4000244140625</ele>
        <time>2025-08-08T16:19:38.000Z</time>
        <extensions>
          <ns3:TrackPointExtension/>
        </extensions>
      </trkpt>
      <trkpt lat="43.827604092657566070556640625" lon="-121.6089784540235996246337890625">
        <ele>1349.4000244140625</ele>
        <time>2025-08-08T16:19:40.000Z</time>
        <extensions>
          <ns3:TrackPointExtension/>
        </extensions>
      </trkpt>
      <trkpt lat="43.8279029913246631622314453125" lon="-121.6095323301851749420166015625">
        <ele>1349.5999755859375</ele>
        <time>2025-08-08T16:19:43.000Z</time>
        <extensions>
          <ns3:TrackPointExtension/>
        </extensions>
      </trkpt>
      <trkpt lat="43.82807205431163311004638671875" lon="-121.60993323661386966705322265625">
        <ele>1349</ele>
        <time>2025-08-08T16:19:45.000Z</time>
        <extensions>
          <ns3:TrackPointExtension/>
        </extensions>
      </trkpt>
      <trkpt lat="43.82827841676771640777587890625" lon="-121.6105740331113338470458984375">
        <ele>1348.4000244140625</ele>
        <time>2025-08-08T16:19:48.000Z</time>
        <extensions>
          <ns3:TrackPointExtension/>
        </extensions>
      </trkpt>
      <trkpt lat="43.82846097461879253387451171875" lon="-121.61125523038208484649658203125">
        <ele>1347.5999755859375</ele>
        <time>2025-08-08T16:19:51.000Z</time>
        <extensions>
          <ns3:TrackPointExtension/>
        </extensions>
      </trkpt>
      <trkpt lat="43.82851327769458293914794921875" lon="-121.61149822175502777099609375">
        <ele>1347.4000244140625</ele>
        <time>2025-08-08T16:19:52.000Z</time>
        <extensions>
          <ns3:TrackPointExtension/>
        </extensions>
      </trkpt>
      <trkpt lat="43.82865292020142078399658203125" lon="-121.6122514195740222930908203125">
        <ele>1349.4000244140625</ele>
        <time>2025-08-08T16:19:55.000Z</time>
        <extensions>
          <ns3:TrackPointExtension/>
        </extensions>
      </trkpt>
      <trkpt lat="43.82880094461143016815185546875" lon="-121.61303512752056121826171875">
        <ele>1350.4000244140625</ele>
        <time>2025-08-08T16:19:58.000Z</time>
        <extensions>
          <ns3:TrackPointExtension/>
        </extensions>
      </trkpt>
      <trkpt lat="43.82896472699940204620361328125" lon="-121.613859571516513824462890625">
        <ele>1351</ele>
        <time>2025-08-08T16:20:01.000Z</time>
        <extensions>
          <ns3:TrackPointExtension/>
        </extensions>
      </trkpt>
      <trkpt lat="43.8290777988731861114501953125" lon="-121.614426188170909881591796875">
        <ele>1350.800048828125</ele>
        <time>2025-08-08T16:20:03.000Z</time>
        <extensions>
          <ns3:TrackPointExtension/>
        </extensions>
      </trkpt>
      <trkpt lat="43.82923864759504795074462890625" lon="-121.61528374068439006805419921875">
        <ele>1351.5999755859375</ele>
        <time>2025-08-08T16:20:06.000Z</time>
        <extensions>
          <ns3:TrackPointExtension/>
        </extensions>
      </trkpt>
      <trkpt lat="43.8293939642608165740966796875" lon="-121.6161305643618106842041015625">
        <ele>1353.800048828125</ele>
        <time>2025-08-08T16:20:09.000Z</time>
        <extensions>
          <ns3:TrackPointExtension/>
        </extensions>
      </trkpt>
      <trkpt lat="43.82951407693326473236083984375" lon="-121.61696766503155231475830078125">
        <ele>1355.4000244140625</ele>
        <time>2025-08-08T16:20:12.000Z</time>
        <extensions>
          <ns3:TrackPointExtension/>
        </extensions>
      </trkpt>
      <trkpt lat="43.8295770250260829925537109375" lon="-121.6175306774675846099853515625">
        <ele>1356</ele>
        <time>2025-08-08T16:20:14.000Z</time>
        <extensions>
          <ns3:TrackPointExtension/>
        </extensions>
      </trkpt>
      <trkpt lat="43.8296784460544586181640625" lon="-121.61838655360043048858642578125">
        <ele>1357.5999755859375</ele>
        <time>2025-08-08T16:20:17.000Z</time>
        <extensions>
          <ns3:TrackPointExtension/>
        </extensions>
      </trkpt>
      <trkpt lat="43.82979537360370159149169921875" lon="-121.6192583553493022918701171875">
        <ele>1359.5999755859375</ele>
        <time>2025-08-08T16:20:20.000Z</time>
        <extensions>
          <ns3:TrackPointExtension/>
        </extensions>
      </trkpt>
      <trkpt lat="43.82988589815795421600341796875" lon="-121.61984265781939029693603515625">
        <ele>1361</ele>
        <time>2025-08-08T16:20:22.000Z</time>
        <extensions>
          <ns3:TrackPointExtension/>
        </extensions>
      </trkpt>
      <trkpt lat="43.83010583929717540740966796875" lon="-121.62068319506943225860595703125">
        <ele>1362.4000244140625</ele>
        <time>2025-08-08T16:20:25.000Z</time>
        <extensions>
          <ns3:TrackPointExtension/>
        </extensions>
      </trkpt>
      <trkpt lat="43.83041244931519031524658203125" lon="-121.6214778833091259002685546875">
        <ele>1364.4000244140625</ele>
        <time>2025-08-08T16:20:28.000Z</time>
        <extensions>
          <ns3:TrackPointExtension/>
        </extensions>
      </trkpt>
      <trkpt lat="43.8305228389799594879150390625" lon="-121.62173897959291934967041015625">
        <ele>1365.199951171875</ele>
        <time>2025-08-08T16:20:29.000Z</time>
        <extensions>
          <ns3:TrackPointExtension/>
        </extensions>
      </trkpt>
      <trkpt lat="43.8308577798306941986083984375" lon="-121.6225229389965534210205078125">
        <ele>1367.199951171875</ele>
        <time>2025-08-08T16:20:32.000Z</time>
        <extensions>
          <ns3:TrackPointExtension/>
        </extensions>
      </trkpt>
      <trkpt lat="43.8311833329498767852783203125" lon="-121.62329063750803470611572265625">
        <ele>1368.4000244140625</ele>
        <time>2025-08-08T16:20:35.000Z</time>
        <extensions>
          <ns3:TrackPointExtension/>
        </extensions>
      </trkpt>
      <trkpt lat="43.8313871808350086212158203125" lon="-121.62379656918346881866455078125">
        <ele>1368.800048828125</ele>
        <time>2025-08-08T16:20:37.000Z</time>
        <extensions>
          <ns3:TrackPointExtension/>
        </extensions>
      </trkpt>
      <trkpt lat="43.83162782527506351470947265625" lon="-121.62458748556673526763916015625">
        <ele>1368.4000244140625</ele>
        <time>2025-08-08T16:20:40.000Z</time>
        <extensions>
          <ns3:TrackPointExtension/>
        </extensions>
      </trkpt>
      <trkpt lat="43.83177417330443859100341796875" lon="-121.6254321299493312835693359375">
        <ele>1368.4000244140625</ele>
        <time>2025-08-08T16:20:43.000Z</time>
        <extensions>
          <ns3:TrackPointExtension/>
        </extensions>
      </trkpt>
      <trkpt lat="43.831870816648006439208984375" lon="-121.62629152648150920867919921875">
        <ele>1370.5999755859375</ele>
        <time>2025-08-08T16:20:46.000Z</time>
        <extensions>
          <ns3:TrackPointExtension/>
        </extensions>
      </trkpt>
      <trkpt lat="43.8319480977952480316162109375" lon="-121.6271376796066761016845703125">
        <ele>1374.199951171875</ele>
        <time>2025-08-08T16:20:49.000Z</time>
        <extensions>
          <ns3:TrackPointExtension/>
        </extensions>
      </trkpt>
      <trkpt lat="43.83197366259992122650146484375" lon="-121.62741872482001781463623046875">
        <ele>1375.199951171875</ele>
        <time>2025-08-08T16:20:50.000Z</time>
        <extensions>
          <ns3:TrackPointExtension/>
        </extensions>
      </trkpt>
      <trkpt lat="43.8320495188236236572265625" lon="-121.62827468477189540863037109375">
        <ele>1377.199951171875</ele>
        <time>2025-08-08T16:20:53.000Z</time>
        <extensions>
          <ns3:TrackPointExtension/>
        </extensions>
      </trkpt>
      <trkpt lat="43.83212856017053127288818359375" lon="-121.629152186214923858642578125">
        <ele>1379</ele>
        <time>2025-08-08T16:20:56.000Z</time>
        <extensions>
          <ns3:TrackPointExtension/>
        </extensions>
      </trkpt>
      <trkpt lat="43.8321884907782077789306640625" lon="-121.62975224666297435760498046875">
        <ele>1380</ele>
        <time>2025-08-08T16:20:58.000Z</time>
        <extensions>
          <ns3:TrackPointExtension/>
        </extensions>
      </trkpt>
      <trkpt lat="43.8322756625711917877197265625" lon="-121.63066285662353038787841796875">
        <ele>1382</ele>
        <time>2025-08-08T16:21:01.000Z</time>
        <extensions>
          <ns3:TrackPointExtension/>
        </extensions>
      </trkpt>
      <trkpt lat="43.832367360591888427734375" lon="-121.63157816044986248016357421875">
        <ele>1382</ele>
        <time>2025-08-08T16:21:04.000Z</time>
        <extensions>
          <ns3:TrackPointExtension/>
        </extensions>
      </trkpt>
      <trkpt lat="43.83239896036684513092041015625" lon="-121.63188493810594081878662109375">
        <ele>1382</ele>
        <time>2025-08-08T16:21:05.000Z</time>
        <extensions>
          <ns3:TrackPointExtension/>
        </extensions>
      </trkpt>
      <trkpt lat="43.83249468170106410980224609375" lon="-121.6327988170087337493896484375">
        <ele>1382.4000244140625</ele>
        <time>2025-08-08T16:21:08.000Z</time>
        <extensions>
          <ns3:TrackPointExtension/>
        </extensions>
      </trkpt>
      <trkpt lat="43.83261303417384624481201171875" lon="-121.63370557129383087158203125">
        <ele>1384.199951171875</ele>
        <time>2025-08-08T16:21:11.000Z</time>
        <extensions>
          <ns3:TrackPointExtension/>
        </extensions>
      </trkpt>
      <trkpt lat="43.83267153985798358917236328125" lon="-121.63399633951485157012939453125">
        <ele>1384.800048828125</ele>
        <time>2025-08-08T16:21:12.000Z</time>
        <extensions>
          <ns3:TrackPointExtension/>
        </extensions>
      </trkpt>
      <trkpt lat="43.83290237747132778167724609375" lon="-121.6348386369645595550537109375">
        <ele>1387</ele>
        <time>2025-08-08T16:21:15.000Z</time>
        <extensions>
          <ns3:TrackPointExtension/>
        </extensions>
      </trkpt>
      <trkpt lat="43.8329834304749965667724609375" lon="-121.63511649705469608306884765625">
        <ele>1388</ele>
        <time>2025-08-08T16:21:16.000Z</time>
        <extensions>
          <ns3:TrackPointExtension/>
        </extensions>
      </trkpt>
      <trkpt lat="43.833228684961795806884765625" lon="-121.6359457187354564666748046875">
        <ele>1390.199951171875</ele>
        <time>2025-08-08T16:21:19.000Z</time>
        <extensions>
          <ns3:TrackPointExtension/>
        </extensions>
      </trkpt>
      <trkpt lat="43.8334548287093639373779296875" lon="-121.636775694787502288818359375">
        <ele>1392.199951171875</ele>
        <time>2025-08-08T16:21:22.000Z</time>
        <extensions>
          <ns3:TrackPointExtension/>
        </extensions>
      </trkpt>
      <trkpt lat="43.8335151784121990203857421875" lon="-121.63705296814441680908203125">
        <ele>1393</ele>
        <time>2025-08-08T16:21:23.000Z</time>
        <extensions>
          <ns3:TrackPointExtension/>
        </extensions>
      </trkpt>
      <trkpt lat="43.83359421975910663604736328125" lon="-121.637619920074939727783203125">
        <ele>1394</ele>
        <time>2025-08-08T16:21:25.000Z</time>
        <extensions>
          <ns3:TrackPointExtension/>
        </extensions>
      </trkpt>
      <trkpt lat="43.83360059000551700592041015625" lon="-121.637906245887279510498046875">
        <ele>1394.199951171875</ele>
        <time>2025-08-08T16:21:26.000Z</time>
        <extensions>
          <ns3:TrackPointExtension/>
        </extensions>
      </trkpt>
      <trkpt lat="43.833580724895000457763671875" lon="-121.63818863220512866973876953125">
        <ele>1394</ele>
        <time>2025-08-08T16:21:27.000Z</time>
        <extensions>
          <ns3:TrackPointExtension/>
        </extensions>
      </trkpt>
      <trkpt lat="43.83354124613106250762939453125" lon="-121.6384676657617092132568359375">
        <ele>1394.4000244140625</ele>
        <time>2025-08-08T16:21:28.000Z</time>
        <extensions>
          <ns3:TrackPointExtension/>
        </extensions>
      </trkpt>
      <trkpt lat="43.83336187340319156646728515625" lon="-121.63928682915866374969482421875">
        <ele>1395.199951171875</ele>
        <time>2025-08-08T16:21:31.000Z</time>
        <extensions>
          <ns3:TrackPointExtension/>
        </extensions>
      </trkpt>
      <trkpt lat="43.83329817093908786773681640625" lon="-121.63956158794462680816650390625">
        <ele>1395.4000244140625</ele>
        <time>2025-08-08T16:21:32.000Z</time>
        <extensions>
          <ns3:TrackPointExtension/>
        </extensions>
      </trkpt>
      <trkpt lat="43.83310169912874698638916015625" lon="-121.640407741069793701171875">
        <ele>1396.4000244140625</ele>
        <time>2025-08-08T16:21:35.000Z</time>
        <extensions>
          <ns3:TrackPointExtension/>
        </extensions>
      </trkpt>
      <trkpt lat="43.83289265446364879608154296875" lon="-121.6412668861448764801025390625">
        <ele>1397.4000244140625</ele>
        <time>2025-08-08T16:21:38.000Z</time>
        <extensions>
          <ns3:TrackPointExtension/>
        </extensions>
      </trkpt>
      <trkpt lat="43.83275653235614299774169921875" lon="-121.641841046512126922607421875">
        <ele>1398.800048828125</ele>
        <time>2025-08-08T16:21:40.000Z</time>
        <extensions>
          <ns3:TrackPointExtension/>
        </extensions>
      </trkpt>
      <trkpt lat="43.83255855180323123931884765625" lon="-121.64269893430173397064208984375">
        <ele>1401</ele>
        <time>2025-08-08T16:21:43.000Z</time>
        <extensions>
          <ns3:TrackPointExtension/>
        </extensions>
      </trkpt>
      <trkpt lat="43.83237339556217193603515625" lon="-121.643520779907703399658203125">
        <ele>1403.199951171875</ele>
        <time>2025-08-08T16:21:46.000Z</time>
        <extensions>
          <ns3:TrackPointExtension/>
        </extensions>
      </trkpt>
      <trkpt lat="43.8321737386286258697509765625" lon="-121.6443121992051601409912109375">
        <ele>1405.4000244140625</ele>
        <time>2025-08-08T16:21:49.000Z</time>
        <extensions>
          <ns3:TrackPointExtension/>
        </extensions>
      </trkpt>
      <trkpt lat="43.83190275169909000396728515625" lon="-121.64505257271230220794677734375">
        <ele>1407.199951171875</ele>
        <time>2025-08-08T16:21:52.000Z</time>
        <extensions>
          <ns3:TrackPointExtension/>
        </extensions>
      </trkpt>
      <trkpt lat="43.83155859075486660003662109375" lon="-121.6457592509686946868896484375">
        <ele>1409.800048828125</ele>
        <time>2025-08-08T16:21:55.000Z</time>
        <extensions>
          <ns3:TrackPointExtension/>
        </extensions>
      </trkpt>
      <trkpt lat="43.83131937123835086822509765625" lon="-121.64622344076633453369140625">
        <ele>1411.800048828125</ele>
        <time>2025-08-08T16:21:57.000Z</time>
        <extensions>
          <ns3:TrackPointExtension/>
        </extensions>
      </trkpt>
      <trkpt lat="43.83096733130514621734619140625" lon="-121.6469149477779865264892578125">
        <ele>1415</ele>
        <time>2025-08-08T16:22:00.000Z</time>
        <extensions>
          <ns3:TrackPointExtension/>
        </extensions>
      </trkpt>
      <trkpt lat="43.830631636083126068115234375" lon="-121.64758474566042423248291015625">
        <ele>1417.800048828125</ele>
        <time>2025-08-08T16:22:03.000Z</time>
        <extensions>
          <ns3:TrackPointExtension/>
        </extensions>
      </trkpt>
      <trkpt lat="43.83031605742871761322021484375" lon="-121.64821288548409938812255859375">
        <ele>1420.4000244140625</ele>
        <time>2025-08-08T16:22:06.000Z</time>
        <extensions>
          <ns3:TrackPointExtension/>
        </extensions>
      </trkpt>
      <trkpt lat="43.8302224315702915191650390625" lon="-121.6484183259308338165283203125">
        <ele>1421.199951171875</ele>
        <time>2025-08-08T16:22:07.000Z</time>
        <extensions>
          <ns3:TrackPointExtension/>
        </extensions>
      </trkpt>
      <trkpt lat="43.83000005967915058135986328125" lon="-121.6490794904530048370361328125">
        <ele>1423.800048828125</ele>
        <time>2025-08-08T16:22:10.000Z</time>
        <extensions>
          <ns3:TrackPointExtension/>
        </extensions>
      </trkpt>
      <trkpt lat="43.82989478297531604766845703125" lon="-121.649816595017910003662109375">
        <ele>1426.5999755859375</ele>
        <time>2025-08-08T16:22:13.000Z</time>
        <extensions>
          <ns3:TrackPointExtension/>
        </extensions>
      </trkpt>
      <trkpt lat="43.82990702055394649505615234375" lon="-121.65057800710201263427734375">
        <ele>1430.800048828125</ele>
        <time>2025-08-08T16:22:16.000Z</time>
        <extensions>
          <ns3:TrackPointExtension/>
        </extensions>
      </trkpt>
      <trkpt lat="43.8300343416631221771240234375" lon="-121.65132508613169193267822265625">
        <ele>1435.199951171875</ele>
        <time>2025-08-08T16:22:19.000Z</time>
        <extensions>
          <ns3:TrackPointExtension/>
        </extensions>
      </trkpt>
      <trkpt lat="43.830199129879474639892578125" lon="-121.65205816738307476043701171875">
        <ele>1441.199951171875</ele>
        <time>2025-08-08T16:22:22.000Z</time>
        <extensions>
          <ns3:TrackPointExtension/>
        </extensions>
      </trkpt>
      <trkpt lat="43.8302914984524250030517578125" lon="-121.6525465808808803558349609375">
        <ele>1443.800048828125</ele>
        <time>2025-08-08T16:22:24.000Z</time>
        <extensions>
          <ns3:TrackPointExtension/>
        </extensions>
      </trkpt>
      <trkpt lat="43.83036768995225429534912109375" lon="-121.65330958552658557891845703125">
        <ele>1446</ele>
        <time>2025-08-08T16:22:27.000Z</time>
        <extensions>
          <ns3:TrackPointExtension/>
        </extensions>
      </trkpt>
      <trkpt lat="43.83037875406444072723388671875" lon="-121.653572022914886474609375">
        <ele>1446.199951171875</ele>
        <time>2025-08-08T16:22:28.000Z</time>
        <extensions>
          <ns3:TrackPointExtension/>
        </extensions>
      </trkpt>
      <trkpt lat="43.83040909655392169952392578125" lon="-121.654373668134212493896484375">
        <ele>1447.5999755859375</ele>
        <time>2025-08-08T16:22:31.000Z</time>
        <extensions>
          <ns3:TrackPointExtension/>
        </extensions>
      </trkpt>
      <trkpt lat="43.8304571248590946197509765625" lon="-121.6552247665822505950927734375">
        <ele>1449.4000244140625</ele>
        <time>2025-08-08T16:22:34.000Z</time>
        <extensions>
          <ns3:TrackPointExtension/>
        </extensions>
      </trkpt>
      <trkpt lat="43.83048084564507007598876953125" lon="-121.65551595389842987060546875">
        <ele>1450</ele>
        <time>2025-08-08T16:22:35.000Z</time>
        <extensions>
          <ns3:TrackPointExtension/>
        </extensions>
      </trkpt>
      <trkpt lat="43.83059467189013957977294921875" lon="-121.65638339705765247344970703125">
        <ele>1450</ele>
        <time>2025-08-08T16:22:38.000Z</time>
        <extensions>
          <ns3:TrackPointExtension/>
        </extensions>
      </trkpt>
      <trkpt lat="43.8306386768817901611328125" lon="-121.65668045170605182647705078125">
        <ele>1449.5999755859375</ele>
        <time>2025-08-08T16:22:39.000Z</time>
        <extensions>
          <ns3:TrackPointExtension/>
        </extensions>
      </trkpt>
      <trkpt lat="43.8307679258286952972412109375" lon="-121.6575944982469081878662109375">
        <ele>1449.5999755859375</ele>
        <time>2025-08-08T16:22:42.000Z</time>
        <extensions>
          <ns3:TrackPointExtension/>
        </extensions>
      </trkpt>
      <trkpt lat="43.830853588879108428955078125" lon="-121.6582234762609004974365234375">
        <ele>1449.199951171875</ele>
        <time>2025-08-08T16:22:44.000Z</time>
        <extensions>
          <ns3:TrackPointExtension/>
        </extensions>
      </trkpt>
      <trkpt lat="43.83089792914688587188720703125" lon="-121.6585429944097995758056640625">
        <ele>1449.199951171875</ele>
        <time>2025-08-08T16:22:45.000Z</time>
        <extensions>
          <ns3:TrackPointExtension/>
        </extensions>
      </trkpt>
      <trkpt lat="43.83098602294921875" lon="-121.65919468738138675689697265625">
        <ele>1449</ele>
        <time>2025-08-08T16:22:47.000Z</time>
        <extensions>
          <ns3:TrackPointExtension/>
        </extensions>
      </trkpt>
      <trkpt lat="43.83107244037091732025146484375" lon="-121.65984772145748138427734375">
        <ele>1449.800048828125</ele>
        <time>2025-08-08T16:22:49.000Z</time>
        <extensions>
          <ns3:TrackPointExtension/>
        </extensions>
      </trkpt>
      <trkpt lat="43.83116447366774082183837890625" lon="-121.66048499755561351776123046875">
        <ele>1452.199951171875</ele>
        <time>2025-08-08T16:22:51.000Z</time>
        <extensions>
          <ns3:TrackPointExtension/>
        </extensions>
      </trkpt>
      <trkpt lat="43.83128416724503040313720703125" lon="-121.66109704412519931793212890625">
        <ele>1454.800048828125</ele>
        <time>2025-08-08T16:22:53.000Z</time>
        <extensions>
          <ns3:TrackPointExtension/>
        </extensions>
      </trkpt>
      <trkpt lat="43.83143923245370388031005859375" lon="-121.66168796829879283905029296875">
        <ele>1457.4000244140625</ele>
        <time>2025-08-08T16:22:55.000Z</time>
        <extensions>
          <ns3:TrackPointExtension/>
        </extensions>
      </trkpt>
      <trkpt lat="43.8316123187541961669921875" lon="-121.662270091474056243896484375">
        <ele>1459.800048828125</ele>
        <time>2025-08-08T16:22:57.000Z</time>
        <extensions>
          <ns3:TrackPointExtension/>
        </extensions>
      </trkpt>
      <trkpt lat="43.83179412223398685455322265625" lon="-121.662849448621273040771484375">
        <ele>1462</ele>
        <time>2025-08-08T16:22:59.000Z</time>
        <extensions>
          <ns3:TrackPointExtension/>
        </extensions>
      </trkpt>
      <trkpt lat="43.83188833482563495635986328125" lon="-121.66313879191875457763671875">
        <ele>1463</ele>
        <time>2025-08-08T16:23:00.000Z</time>
        <extensions>
          <ns3:TrackPointExtension/>
        </extensions>
      </trkpt>
      <trkpt lat="43.83207005448639392852783203125" lon="-121.66371823288500308990478515625">
        <ele>1464.5999755859375</ele>
        <time>2025-08-08T16:23:02.000Z</time>
        <extensions>
          <ns3:TrackPointExtension/>
        </extensions>
      </trkpt>
      <trkpt lat="43.8322562165558338165283203125" lon="-121.66430211625993251800537109375">
        <ele>1466.5999755859375</ele>
        <time>2025-08-08T16:23:04.000Z</time>
        <extensions>
          <ns3:TrackPointExtension/>
        </extensions>
      </trkpt>
      <trkpt lat="43.83234866894781589508056640625" lon="-121.66459313593804836273193359375">
        <ele>1467.5999755859375</ele>
        <time>2025-08-08T16:23:05.000Z</time>
        <extensions>
          <ns3:TrackPointExtension/>
        </extensions>
      </trkpt>
      <trkpt lat="43.83253407664597034454345703125" lon="-121.6651712357997894287109375">
        <ele>1469.199951171875</ele>
        <time>2025-08-08T16:23:07.000Z</time>
        <extensions>
          <ns3:TrackPointExtension/>
        </extensions>
      </trkpt>
      <trkpt lat="43.832716383039951324462890625" lon="-121.6657413728535175323486328125">
        <ele>1471.199951171875</ele>
        <time>2025-08-08T16:23:09.000Z</time>
        <extensions>
          <ns3:TrackPointExtension/>
        </extensions>
      </trkpt>
      <trkpt lat="43.8328952528536319732666015625" lon="-121.66631142608821392059326171875">
        <ele>1474</ele>
        <time>2025-08-08T16:23:11.000Z</time>
        <extensions>
          <ns3:TrackPointExtension/>
        </extensions>
      </trkpt>
      <trkpt lat="43.833158947527408599853515625" lon="-121.66714425198733806610107421875">
        <ele>1476.4000244140625</ele>
        <time>2025-08-08T16:23:14.000Z</time>
        <extensions>
          <ns3:TrackPointExtension/>
        </extensions>
      </trkpt>
      <trkpt lat="43.83341719396412372589111328125" lon="-121.66796584613621234893798828125">
        <ele>1479.199951171875</ele>
        <time>2025-08-08T16:23:17.000Z</time>
        <extensions>
          <ns3:TrackPointExtension/>
        </extensions>
      </trkpt>
      <trkpt lat="43.8336861692368984222412109375" lon="-121.6687575168907642364501953125">
        <ele>1482.199951171875</ele>
        <time>2025-08-08T16:23:20.000Z</time>
        <extensions>
          <ns3:TrackPointExtension/>
        </extensions>
      </trkpt>
      <trkpt lat="43.8338749296963214874267578125" lon="-121.66926638223230838775634765625">
        <ele>1484</ele>
        <time>2025-08-08T16:23:22.000Z</time>
        <extensions>
          <ns3:TrackPointExtension/>
        </extensions>
      </trkpt>
      <trkpt lat="43.83415178395807743072509765625" lon="-121.67002477683126926422119140625">
        <ele>1486.4000244140625</ele>
        <time>2025-08-08T16:23:25.000Z</time>
        <extensions>
          <ns3:TrackPointExtension/>
        </extensions>
      </trkpt>
      <trkpt lat="43.8342316634953022003173828125" lon="-121.6702783294022083282470703125">
        <ele>1487</ele>
        <time>2025-08-08T16:23:26.000Z</time>
        <extensions>
          <ns3:TrackPointExtension/>
        </extensions>
      </trkpt>
      <trkpt lat="43.83436049334704875946044921875" lon="-121.670796163380146026611328125">
        <ele>1487.800048828125</ele>
        <time>2025-08-08T16:23:28.000Z</time>
        <extensions>
          <ns3:TrackPointExtension/>
        </extensions>
      </trkpt>
      <trkpt lat="43.834400475025177001953125" lon="-121.6710640490055084228515625">
        <ele>1488.4000244140625</ele>
        <time>2025-08-08T16:23:29.000Z</time>
        <extensions>
          <ns3:TrackPointExtension/>
        </extensions>
      </trkpt>
      <trkpt lat="43.83441933430731296539306640625" lon="-121.67133587412536144256591796875">
        <ele>1489</ele>
        <time>2025-08-08T16:23:30.000Z</time>
        <extensions>
          <ns3:TrackPointExtension/>
        </extensions>
      </trkpt>
      <trkpt lat="43.83438832126557826995849609375" lon="-121.67187742888927459716796875">
        <ele>1489.800048828125</ele>
        <time>2025-08-08T16:23:32.000Z</time>
        <extensions>
          <ns3:TrackPointExtension/>
        </extensions>
      </trkpt>
      <trkpt lat="43.8343436457216739654541015625" lon="-121.67213886044919490814208984375">
        <ele>1490</ele>
        <time>2025-08-08T16:23:33.000Z</time>
        <extensions>
          <ns3:TrackPointExtension/>
        </extensions>
      </trkpt>
      <trkpt lat="43.83421179838478565216064453125" lon="-121.6726465523242950439453125">
        <ele>1490.800048828125</ele>
        <time>2025-08-08T16:23:35.000Z</time>
        <extensions>
          <ns3:TrackPointExtension/>
        </extensions>
      </trkpt>
      <trkpt lat="43.8339738361537456512451171875" lon="-121.6734121553599834442138671875">
        <ele>1492</ele>
        <time>2025-08-08T16:23:38.000Z</time>
        <extensions>
          <ns3:TrackPointExtension/>
        </extensions>
      </trkpt>
      <trkpt lat="43.83381248451769351959228515625" lon="-121.673943065106868743896484375">
        <ele>1492.800048828125</ele>
        <time>2025-08-08T16:23:40.000Z</time>
        <extensions>
          <ns3:TrackPointExtension/>
        </extensions>
      </trkpt>
      <trkpt lat="43.83355516009032726287841796875" lon="-121.6747586242854595184326171875">
        <ele>1494.4000244140625</ele>
        <time>2025-08-08T16:23:43.000Z</time>
        <extensions>
          <ns3:TrackPointExtension/>
        </extensions>
      </trkpt>
      <trkpt lat="43.8334725983440876007080078125" lon="-121.67503774166107177734375">
        <ele>1495</ele>
        <time>2025-08-08T16:23:44.000Z</time>
        <extensions>
          <ns3:TrackPointExtension/>
        </extensions>
      </trkpt>
      <trkpt lat="43.83321695029735565185546875" lon="-121.6758727468550205230712890625">
        <ele>1497.199951171875</ele>
        <time>2025-08-08T16:23:47.000Z</time>
        <extensions>
          <ns3:TrackPointExtension/>
        </extensions>
      </trkpt>
      <trkpt lat="43.8330558501183986663818359375" lon="-121.676440872251987457275390625">
        <ele>1498.4000244140625</ele>
        <time>2025-08-08T16:23:49.000Z</time>
        <extensions>
          <ns3:TrackPointExtension/>
        </extensions>
      </trkpt>
      <trkpt lat="43.832895755767822265625" lon="-121.6770247556269168853759765625">
        <ele>1500.4000244140625</ele>
        <time>2025-08-08T16:23:51.000Z</time>
        <extensions>
          <ns3:TrackPointExtension/>
        </extensions>
      </trkpt>
      <trkpt lat="43.83273893035948276519775390625" lon="-121.6776245646178722381591796875">
        <ele>1501.199951171875</ele>
        <time>2025-08-08T16:23:53.000Z</time>
        <extensions>
          <ns3:TrackPointExtension/>
        </extensions>
      </trkpt>
      <trkpt lat="43.83265494368970394134521484375" lon="-121.6779243014752864837646484375">
        <ele>1501.4000244140625</ele>
        <time>2025-08-08T16:23:54.000Z</time>
        <extensions>
          <ns3:TrackPointExtension/>
        </extensions>
      </trkpt>
      <trkpt lat="43.83247875608503818511962890625" lon="-121.67852402664721012115478515625">
        <ele>1501.800048828125</ele>
        <time>2025-08-08T16:23:56.000Z</time>
        <extensions>
          <ns3:TrackPointExtension/>
        </extensions>
      </trkpt>
      <trkpt lat="43.8323142193257808685302734375" lon="-121.67913456447422504425048828125">
        <ele>1502.199951171875</ele>
        <time>2025-08-08T16:23:58.000Z</time>
        <extensions>
          <ns3:TrackPointExtension/>
        </extensions>
      </trkpt>
      <trkpt lat="43.832167871296405792236328125" lon="-121.67975264601409435272216796875">
        <ele>1501.199951171875</ele>
        <time>2025-08-08T16:24:00.000Z</time>
        <extensions>
          <ns3:TrackPointExtension/>
        </extensions>
      </trkpt>
      <trkpt lat="43.83201255463063716888427734375" lon="-121.68036486022174358367919921875">
        <ele>1499.800048828125</ele>
        <time>2025-08-08T16:24:02.000Z</time>
        <extensions>
          <ns3:TrackPointExtension/>
        </extensions>
      </trkpt>
      <trkpt lat="43.83185883052647113800048828125" lon="-121.68096869252622127532958984375">
        <ele>1498.199951171875</ele>
        <time>2025-08-08T16:24:04.000Z</time>
        <extensions>
          <ns3:TrackPointExtension/>
        </extensions>
      </trkpt>
      <trkpt lat="43.83171223104000091552734375" lon="-121.6815586946904659271240234375">
        <ele>1497.199951171875</ele>
        <time>2025-08-08T16:24:06.000Z</time>
        <extensions>
          <ns3:TrackPointExtension/>
        </extensions>
      </trkpt>
      <trkpt lat="43.8315621949732303619384765625" lon="-121.68213226832449436187744140625">
        <ele>1496</ele>
        <time>2025-08-08T16:24:08.000Z</time>
        <extensions>
          <ns3:TrackPointExtension/>
        </extensions>
      </trkpt>
      <trkpt lat="43.8313197903335094451904296875" lon="-121.68296911753714084625244140625">
        <ele>1493.199951171875</ele>
        <time>2025-08-08T16:24:11.000Z</time>
        <extensions>
          <ns3:TrackPointExtension/>
        </extensions>
      </trkpt>
      <trkpt lat="43.83112323470413684844970703125" lon="-121.6835106723010540008544921875">
        <ele>1490.199951171875</ele>
        <time>2025-08-08T16:24:13.000Z</time>
        <extensions>
          <ns3:TrackPointExtension/>
        </extensions>
      </trkpt>
      <trkpt lat="43.8309040479362010955810546875" lon="-121.684055663645267486572265625">
        <ele>1487.5999755859375</ele>
        <time>2025-08-08T16:24:15.000Z</time>
        <extensions>
          <ns3:TrackPointExtension/>
        </extensions>
      </trkpt>
      <trkpt lat="43.83067958056926727294921875" lon="-121.68460719287395477294921875">
        <ele>1485.5999755859375</ele>
        <time>2025-08-08T16:24:17.000Z</time>
        <extensions>
          <ns3:TrackPointExtension/>
        </extensions>
      </trkpt>
      <trkpt lat="43.83045955561101436614990234375" lon="-121.68516014702618122100830078125">
        <ele>1484</ele>
        <time>2025-08-08T16:24:19.000Z</time>
        <extensions>
          <ns3:TrackPointExtension/>
        </extensions>
      </trkpt>
      <trkpt lat="43.8302435539662837982177734375" lon="-121.68570698238909244537353515625">
        <ele>1483.4000244140625</ele>
        <time>2025-08-08T16:24:21.000Z</time>
        <extensions>
          <ns3:TrackPointExtension/>
        </extensions>
      </trkpt>
      <trkpt lat="43.8299324177205562591552734375" lon="-121.68650309555232524871826171875">
        <ele>1484.5999755859375</ele>
        <time>2025-08-08T16:24:24.000Z</time>
        <extensions>
          <ns3:TrackPointExtension/>
        </extensions>
      </trkpt>
      <trkpt lat="43.82962882518768310546875" lon="-121.68726786039769649505615234375">
        <ele>1486.4000244140625</ele>
        <time>2025-08-08T16:24:27.000Z</time>
        <extensions>
          <ns3:TrackPointExtension/>
        </extensions>
      </trkpt>
      <trkpt lat="43.8293473608791828155517578125" lon="-121.6879842616617679595947265625">
        <ele>1489.5999755859375</ele>
        <time>2025-08-08T16:24:30.000Z</time>
        <extensions>
          <ns3:TrackPointExtension/>
        </extensions>
      </trkpt>
      <trkpt lat="43.82917008362710475921630859375" lon="-121.68841886334121227264404296875">
        <ele>1491.800048828125</ele>
        <time>2025-08-08T16:24:32.000Z</time>
        <extensions>
          <ns3:TrackPointExtension/>
        </extensions>
      </trkpt>
      <trkpt lat="43.82887789048254489898681640625" lon="-121.68901079334318637847900390625">
        <ele>1491.4000244140625</ele>
        <time>2025-08-08T16:24:35.000Z</time>
        <extensions>
          <ns3:TrackPointExtension/>
        </extensions>
      </trkpt>
      <trkpt lat="43.8287525810301303863525390625" lon="-121.6891781799495220184326171875">
        <ele>1491</ele>
        <time>2025-08-08T16:24:36.000Z</time>
        <extensions>
          <ns3:TrackPointExtension/>
        </extensions>
      </trkpt>
      <trkpt lat="43.82830289192497730255126953125" lon="-121.68958059512078762054443359375">
        <ele>1490.199951171875</ele>
        <time>2025-08-08T16:24:39.000Z</time>
        <extensions>
          <ns3:TrackPointExtension/>
        </extensions>
      </trkpt>
      <trkpt lat="43.82781841792166233062744140625" lon="-121.68996079824864864349365234375">
        <ele>1487.4000244140625</ele>
        <time>2025-08-08T16:24:42.000Z</time>
        <extensions>
          <ns3:TrackPointExtension/>
        </extensions>
      </trkpt>
      <trkpt lat="43.82765614427626132965087890625" lon="-121.69009893201291561126708984375">
        <ele>1486.4000244140625</ele>
        <time>2025-08-08T16:24:43.000Z</time>
        <extensions>
          <ns3:TrackPointExtension/>
        </extensions>
      </trkpt>
      <trkpt lat="43.8272015936672687530517578125" lon="-121.6906014271080493927001953125">
        <ele>1483</ele>
        <time>2025-08-08T16:24:46.000Z</time>
        <extensions>
          <ns3:TrackPointExtension/>
        </extensions>
      </trkpt>
      <trkpt lat="43.82706874050199985504150390625" lon="-121.69080317951738834381103515625">
        <ele>1482.4000244140625</ele>
        <time>2025-08-08T16:24:47.000Z</time>
        <extensions>
          <ns3:TrackPointExtension/>
        </extensions>
      </trkpt>
      <trkpt lat="43.8268783874809741973876953125" lon="-121.691273488104343414306640625">
        <ele>1480</ele>
        <time>2025-08-08T16:24:49.000Z</time>
        <extensions>
          <ns3:TrackPointExtension/>
        </extensions>
      </trkpt>
      <trkpt lat="43.82672357372939586639404296875" lon="-121.69206566177308559417724609375">
        <ele>1477.5999755859375</ele>
        <time>2025-08-08T16:24:52.000Z</time>
        <extensions>
          <ns3:TrackPointExtension/>
        </extensions>
      </trkpt>
      <trkpt lat="43.8266497291624546051025390625" lon="-121.69288105331361293792724609375">
        <ele>1478.199951171875</ele>
        <time>2025-08-08T16:24:55.000Z</time>
        <extensions>
          <ns3:TrackPointExtension/>
        </extensions>
      </trkpt>
      <trkpt lat="43.8266205601394176483154296875" lon="-121.69343727640807628631591796875">
        <ele>1479.4000244140625</ele>
        <time>2025-08-08T16:24:57.000Z</time>
        <extensions>
          <ns3:TrackPointExtension/>
        </extensions>
      </trkpt>
      <trkpt lat="43.826584853231906890869140625" lon="-121.69428384862840175628662109375">
        <ele>1480.800048828125</ele>
        <time>2025-08-08T16:25:00.000Z</time>
        <extensions>
          <ns3:TrackPointExtension/>
        </extensions>
      </trkpt>
      <trkpt lat="43.82655023597180843353271484375" lon="-121.69485633261501789093017578125">
        <ele>1480.5999755859375</ele>
        <time>2025-08-08T16:25:02.000Z</time>
        <extensions>
          <ns3:TrackPointExtension/>
        </extensions>
      </trkpt>
      <trkpt lat="43.82649399340152740478515625" lon="-121.69573676772415637969970703125">
        <ele>1479.199951171875</ele>
        <time>2025-08-08T16:25:05.000Z</time>
        <extensions>
          <ns3:TrackPointExtension/>
        </extensions>
      </trkpt>
      <trkpt lat="43.82644705474376678466796875" lon="-121.69662156142294406890869140625">
        <ele>1477.199951171875</ele>
        <time>2025-08-08T16:25:08.000Z</time>
        <extensions>
          <ns3:TrackPointExtension/>
        </extensions>
      </trkpt>
      <trkpt lat="43.82643154822289943695068359375" lon="-121.69690822251141071319580078125">
        <ele>1476.800048828125</ele>
        <time>2025-08-08T16:25:09.000Z</time>
        <extensions>
          <ns3:TrackPointExtension/>
        </extensions>
      </trkpt>
      <trkpt lat="43.826397769153118133544921875" lon="-121.69774599373340606689453125">
        <ele>1476.800048828125</ele>
        <time>2025-08-08T16:25:12.000Z</time>
        <extensions>
          <ns3:TrackPointExtension/>
        </extensions>
      </trkpt>
      <trkpt lat="43.82641344331204891204833984375" lon="-121.69801647774875164031982421875">
        <ele>1477.199951171875</ele>
        <time>2025-08-08T16:25:13.000Z</time>
        <extensions>
          <ns3:TrackPointExtension/>
        </extensions>
      </trkpt>
      <trkpt lat="43.82651335559785366058349609375" lon="-121.6987694241106510162353515625">
        <ele>1478.800048828125</ele>
        <time>2025-08-08T16:25:16.000Z</time>
        <extensions>
          <ns3:TrackPointExtension/>
        </extensions>
      </trkpt>
      <trkpt lat="43.8266098313033580780029296875" lon="-121.6994996555149555206298828125">
        <ele>1479.800048828125</ele>
        <time>2025-08-08T16:25:19.000Z</time>
        <extensions>
          <ns3:TrackPointExtension/>
        </extensions>
      </trkpt>
      <trkpt lat="43.8266262598335742950439453125" lon="-121.699742563068866729736328125">
        <ele>1479.5999755859375</ele>
        <time>2025-08-08T16:25:20.000Z</time>
        <extensions>
          <ns3:TrackPointExtension/>
        </extensions>
      </trkpt>
      <trkpt lat="43.82662768475711345672607421875" lon="-121.6999915055930614471435546875">
        <ele>1479.5999755859375</ele>
        <time>2025-08-08T16:25:21.000Z</time>
        <extensions>
          <ns3:TrackPointExtension/>
        </extensions>
      </trkpt>
      <trkpt lat="43.82657186128199100494384765625" lon="-121.7007492296397686004638671875">
        <ele>1478</ele>
        <time>2025-08-08T16:25:24.000Z</time>
        <extensions>
          <ns3:TrackPointExtension/>
        </extensions>
      </trkpt>
      <trkpt lat="43.8265456259250640869140625" lon="-121.70100412331521511077880859375">
        <ele>1477</ele>
        <time>2025-08-08T16:25:25.000Z</time>
        <extensions>
          <ns3:TrackPointExtension/>
        </extensions>
      </trkpt>
      <trkpt lat="43.82650145329535007476806640625" lon="-121.7017745040357112884521484375">
        <ele>1474</ele>
        <time>2025-08-08T16:25:28.000Z</time>
        <extensions>
          <ns3:TrackPointExtension/>
        </extensions>
      </trkpt>
      <trkpt lat="43.826512433588504791259765625" lon="-121.702037192881107330322265625">
        <ele>1473.199951171875</ele>
        <time>2025-08-08T16:25:29.000Z</time>
        <extensions>
          <ns3:TrackPointExtension/>
        </extensions>
      </trkpt>
      <trkpt lat="43.82663858123123645782470703125" lon="-121.70281025581061840057373046875">
        <ele>1470.4000244140625</ele>
        <time>2025-08-08T16:25:32.000Z</time>
        <extensions>
          <ns3:TrackPointExtension/>
        </extensions>
      </trkpt>
      <trkpt lat="43.82681719958782196044921875" lon="-121.70327209867537021636962890625">
        <ele>1469</ele>
        <time>2025-08-08T16:25:34.000Z</time>
        <extensions>
          <ns3:TrackPointExtension/>
        </extensions>
      </trkpt>
      <trkpt lat="43.82692926563322544097900390625" lon="-121.7034867592155933380126953125">
        <ele>1469</ele>
        <time>2025-08-08T16:25:35.000Z</time>
        <extensions>
          <ns3:TrackPointExtension/>
        </extensions>
      </trkpt>
      <trkpt lat="43.82730075158178806304931640625" lon="-121.70406804420053958892822265625">
        <ele>1471</ele>
        <time>2025-08-08T16:25:38.000Z</time>
        <extensions>
          <ns3:TrackPointExtension/>
        </extensions>
      </trkpt>
      <trkpt lat="43.827423043549060821533203125" lon="-121.70425035059452056884765625">
        <ele>1471.4000244140625</ele>
        <time>2025-08-08T16:25:39.000Z</time>
        <extensions>
          <ns3:TrackPointExtension/>
        </extensions>
      </trkpt>
      <trkpt lat="43.8277360238134860992431640625" lon="-121.7048204876482486724853515625">
        <ele>1471.199951171875</ele>
        <time>2025-08-08T16:25:42.000Z</time>
        <extensions>
          <ns3:TrackPointExtension/>
        </extensions>
      </trkpt>
      <trkpt lat="43.82782545872032642364501953125" lon="-121.7050233297049999237060546875">
        <ele>1471.199951171875</ele>
        <time>2025-08-08T16:25:43.000Z</time>
        <extensions>
          <ns3:TrackPointExtension/>
        </extensions>
      </trkpt>
      <trkpt lat="43.82804003544151782989501953125" lon="-121.705695725977420806884765625">
        <ele>1469.5999755859375</ele>
        <time>2025-08-08T16:25:46.000Z</time>
        <extensions>
          <ns3:TrackPointExtension/>
        </extensions>
      </trkpt>
      <trkpt lat="43.82810608483850955963134765625" lon="-121.70594014227390289306640625">
        <ele>1468.199951171875</ele>
        <time>2025-08-08T16:25:47.000Z</time>
        <extensions>
          <ns3:TrackPointExtension/>
        </extensions>
      </trkpt>
      <trkpt lat="43.82831278257071971893310546875" lon="-121.70672376640141010284423828125">
        <ele>1464</ele>
        <time>2025-08-08T16:25:50.000Z</time>
        <extensions>
          <ns3:TrackPointExtension/>
        </extensions>
      </trkpt>
      <trkpt lat="43.8284558616578578948974609375" lon="-121.7072673328220844268798828125">
        <ele>1461.4000244140625</ele>
        <time>2025-08-08T16:25:52.000Z</time>
        <extensions>
          <ns3:TrackPointExtension/>
        </extensions>
      </trkpt>
      <trkpt lat="43.82868795655667781829833984375" lon="-121.70809403993189334869384765625">
        <ele>1459.4000244140625</ele>
        <time>2025-08-08T16:25:55.000Z</time>
        <extensions>
          <ns3:TrackPointExtension/>
        </extensions>
      </trkpt>
      <trkpt lat="43.82882944308221340179443359375" lon="-121.70864355750381946563720703125">
        <ele>1457.5999755859375</ele>
        <time>2025-08-08T16:25:57.000Z</time>
        <extensions>
          <ns3:TrackPointExtension/>
        </extensions>
      </trkpt>
      <trkpt lat="43.8290271721780300140380859375" lon="-121.70946598984301090240478515625">
        <ele>1456.199951171875</ele>
        <time>2025-08-08T16:26:00.000Z</time>
        <extensions>
          <ns3:TrackPointExtension/>
        </extensions>
      </trkpt>
      <trkpt lat="43.82919095456600189208984375" lon="-121.709978878498077392578125">
        <ele>1455.800048828125</ele>
        <time>2025-08-08T16:26:02.000Z</time>
        <extensions>
          <ns3:TrackPointExtension/>
        </extensions>
      </trkpt>
      <trkpt lat="43.829433023929595947265625" lon="-121.71043762005865573883056640625">
        <ele>1454.800048828125</ele>
        <time>2025-08-08T16:26:04.000Z</time>
        <extensions>
          <ns3:TrackPointExtension/>
        </extensions>
      </trkpt>
      <trkpt lat="43.8298881612718105316162109375" lon="-121.71101463027298450469970703125">
        <ele>1452</ele>
        <time>2025-08-08T16:26:07.000Z</time>
        <extensions>
          <ns3:TrackPointExtension/>
        </extensions>
      </trkpt>
      <trkpt lat="43.83034162223339080810546875" lon="-121.711597256362438201904296875">
        <ele>1450.199951171875</ele>
        <time>2025-08-08T16:26:10.000Z</time>
        <extensions>
          <ns3:TrackPointExtension/>
        </extensions>
      </trkpt>
      <trkpt lat="43.830453939735889434814453125" lon="-121.71183974482119083404541015625">
        <ele>1449.199951171875</ele>
        <time>2025-08-08T16:26:11.000Z</time>
        <extensions>
          <ns3:TrackPointExtension/>
        </extensions>
      </trkpt>
      <trkpt lat="43.8305409438908100128173828125" lon="-121.71210427768528461456298828125">
        <ele>1448.4000244140625</ele>
        <time>2025-08-08T16:26:12.000Z</time>
        <extensions>
          <ns3:TrackPointExtension/>
        </extensions>
      </trkpt>
      <trkpt lat="43.83067999966442584991455078125" lon="-121.71264759264886379241943359375">
        <ele>1446</ele>
        <time>2025-08-08T16:26:14.000Z</time>
        <extensions>
          <ns3:TrackPointExtension/>
        </extensions>
      </trkpt>
      <trkpt lat="43.83086238987743854522705078125" lon="-121.71348117291927337646484375">
        <ele>1443.800048828125</ele>
        <time>2025-08-08T16:26:17.000Z</time>
        <extensions>
          <ns3:TrackPointExtension/>
        </extensions>
      </trkpt>
      <trkpt lat="43.83102868683636188507080078125" lon="-121.7143131606280803680419921875">
        <ele>1441</ele>
        <time>2025-08-08T16:26:20.000Z</time>
        <extensions>
          <ns3:TrackPointExtension/>
        </extensions>
      </trkpt>
      <trkpt lat="43.83108417503535747528076171875" lon="-121.7145880870521068572998046875">
        <ele>1440.4000244140625</ele>
        <time>2025-08-08T16:26:21.000Z</time>
        <extensions>
          <ns3:TrackPointExtension/>
        </extensions>
      </trkpt>
      <trkpt lat="43.83124443702399730682373046875" lon="-121.7153982818126678466796875">
        <ele>1438.199951171875</ele>
        <time>2025-08-08T16:26:24.000Z</time>
        <extensions>
          <ns3:TrackPointExtension/>
        </extensions>
      </trkpt>
      <trkpt lat="43.83128299377858638763427734375" lon="-121.715665161609649658203125">
        <ele>1437</ele>
        <time>2025-08-08T16:26:25.000Z</time>
        <extensions>
          <ns3:TrackPointExtension/>
        </extensions>
      </trkpt>
      <trkpt lat="43.831291459500789642333984375" lon="-121.7159347236156463623046875">
        <ele>1434.5999755859375</ele>
        <time>2025-08-08T16:26:26.000Z</time>
        <extensions>
          <ns3:TrackPointExtension/>
        </extensions>
      </trkpt>
      <trkpt lat="43.83127528242766857147216796875" lon="-121.7161967419087886810302734375">
        <ele>1432.5999755859375</ele>
        <time>2025-08-08T16:26:27.000Z</time>
        <extensions>
          <ns3:TrackPointExtension/>
        </extensions>
      </trkpt>
      <trkpt lat="43.831230439245700836181640625" lon="-121.716442666947841644287109375">
        <ele>1430.800048828125</ele>
        <time>2025-08-08T16:26:28.000Z</time>
        <extensions>
          <ns3:TrackPointExtension/>
        </extensions>
      </trkpt>
      <trkpt lat="43.8311568461358547210693359375" lon="-121.71667392365634441375732421875">
        <ele>1429.4000244140625</ele>
        <time>2025-08-08T16:26:29.000Z</time>
        <extensions>
          <ns3:TrackPointExtension/>
        </extensions>
      </trkpt>
      <trkpt lat="43.8310606218874454498291015625" lon="-121.71689135022461414337158203125">
        <ele>1428.199951171875</ele>
        <time>2025-08-08T16:26:30.000Z</time>
        <extensions>
          <ns3:TrackPointExtension/>
        </extensions>
      </trkpt>
      <trkpt lat="43.8307612203061580657958984375" lon="-121.71755234710872173309326171875">
        <ele>1425</ele>
        <time>2025-08-08T16:26:33.000Z</time>
        <extensions>
          <ns3:TrackPointExtension/>
        </extensions>
      </trkpt>
      <trkpt lat="43.8306834362447261810302734375" lon="-121.71779257245361804962158203125">
        <ele>1424</ele>
        <time>2025-08-08T16:26:34.000Z</time>
        <extensions>
          <ns3:TrackPointExtension/>
        </extensions>
      </trkpt>
      <trkpt lat="43.8306016288697719573974609375" lon="-121.71830437146127223968505859375">
        <ele>1423.800048828125</ele>
        <time>2025-08-08T16:26:36.000Z</time>
        <extensions>
          <ns3:TrackPointExtension/>
        </extensions>
      </trkpt>
      <trkpt lat="43.83063121698796749114990234375" lon="-121.71884299255907535552978515625">
        <ele>1424.199951171875</ele>
        <time>2025-08-08T16:26:38.000Z</time>
        <extensions>
          <ns3:TrackPointExtension/>
        </extensions>
      </trkpt>
      <trkpt lat="43.83067815564572811126708984375" lon="-121.7191104590892791748046875">
        <ele>1424</ele>
        <time>2025-08-08T16:26:39.000Z</time>
        <extensions>
          <ns3:TrackPointExtension/>
        </extensions>
      </trkpt>
      <trkpt lat="43.830747641623020172119140625" lon="-121.71936887316405773162841796875">
        <ele>1423.4000244140625</ele>
        <time>2025-08-08T16:26:40.000Z</time>
        <extensions>
          <ns3:TrackPointExtension/>
        </extensions>
      </trkpt>
      <trkpt lat="43.83083841763436794281005859375" lon="-121.71961345709860324859619140625">
        <ele>1423</ele>
        <time>2025-08-08T16:26:41.000Z</time>
        <extensions>
          <ns3:TrackPointExtension/>
        </extensions>
      </trkpt>
      <trkpt lat="43.83095576427876949310302734375" lon="-121.71984312124550342559814453125">
        <ele>1422.5999755859375</ele>
        <time>2025-08-08T16:26:42.000Z</time>
        <extensions>
          <ns3:TrackPointExtension/>
        </extensions>
      </trkpt>
      <trkpt lat="43.831092976033687591552734375" lon="-121.72005929052829742431640625">
        <ele>1422.199951171875</ele>
        <time>2025-08-08T16:26:43.000Z</time>
        <extensions>
          <ns3:TrackPointExtension/>
        </extensions>
      </trkpt>
      <trkpt lat="43.83139665238559246063232421875" lon="-121.7204775474965572357177734375">
        <ele>1421.800048828125</ele>
        <time>2025-08-08T16:26:45.000Z</time>
        <extensions>
          <ns3:TrackPointExtension/>
        </extensions>
      </trkpt>
      <trkpt lat="43.8318773545324802398681640625" lon="-121.721126139163970947265625">
        <ele>1420.199951171875</ele>
        <time>2025-08-08T16:26:48.000Z</time>
        <extensions>
          <ns3:TrackPointExtension/>
        </extensions>
      </trkpt>
      <trkpt lat="43.83204004727303981781005859375" lon="-121.72134096734225749969482421875">
        <ele>1419.199951171875</ele>
        <time>2025-08-08T16:26:49.000Z</time>
        <extensions>
          <ns3:TrackPointExtension/>
        </extensions>
      </trkpt>
      <trkpt lat="43.83251446299254894256591796875" lon="-121.72199852764606475830078125">
        <ele>1416.4000244140625</ele>
        <time>2025-08-08T16:26:52.000Z</time>
        <extensions>
          <ns3:TrackPointExtension/>
        </extensions>
      </trkpt>
      <trkpt lat="43.83282534778118133544921875" lon="-121.72242944128811359405517578125">
        <ele>1414.199951171875</ele>
        <time>2025-08-08T16:26:54.000Z</time>
        <extensions>
          <ns3:TrackPointExtension/>
        </extensions>
      </trkpt>
      <trkpt lat="43.83328358642756938934326171875" lon="-121.72306277789175510406494140625">
        <ele>1413</ele>
        <time>2025-08-08T16:26:57.000Z</time>
        <extensions>
          <ns3:TrackPointExtension/>
        </extensions>
      </trkpt>
      <trkpt lat="43.83369463495910167694091796875" lon="-121.72368303872644901275634765625">
        <ele>1411.800048828125</ele>
        <time>2025-08-08T16:27:00.000Z</time>
        <extensions>
          <ns3:TrackPointExtension/>
        </extensions>
      </trkpt>
      <trkpt lat="43.83381214924156665802001953125" lon="-121.7239033989608287811279296875">
        <ele>1411</ele>
        <time>2025-08-08T16:27:01.000Z</time>
        <extensions>
          <ns3:TrackPointExtension/>
        </extensions>
      </trkpt>
      <trkpt lat="43.83391239680349826812744140625" lon="-121.724141277372837066650390625">
        <ele>1410.199951171875</ele>
        <time>2025-08-08T16:27:02.000Z</time>
        <extensions>
          <ns3:TrackPointExtension/>
        </extensions>
      </trkpt>
      <trkpt lat="43.8341981358826160430908203125" lon="-121.72486538998782634735107421875">
        <ele>1407.4000244140625</ele>
        <time>2025-08-08T16:27:05.000Z</time>
        <extensions>
          <ns3:TrackPointExtension/>
        </extensions>
      </trkpt>
      <trkpt lat="43.83431757800281047821044921875" lon="-121.7250852473080158233642578125">
        <ele>1406.199951171875</ele>
        <time>2025-08-08T16:27:06.000Z</time>
        <extensions>
          <ns3:TrackPointExtension/>
        </extensions>
      </trkpt>
      <trkpt lat="43.834613375365734100341796875" lon="-121.7254574038088321685791015625">
        <ele>1404.199951171875</ele>
        <time>2025-08-08T16:27:08.000Z</time>
        <extensions>
          <ns3:TrackPointExtension/>
        </extensions>
      </trkpt>
      <trkpt lat="43.83512157015502452850341796875" lon="-121.72591212205588817596435546875">
        <ele>1403.800048828125</ele>
        <time>2025-08-08T16:27:11.000Z</time>
        <extensions>
          <ns3:TrackPointExtension/>
        </extensions>
      </trkpt>
      <trkpt lat="43.8356280885636806488037109375" lon="-121.72632333822548389434814453125">
        <ele>1404.199951171875</ele>
        <time>2025-08-08T16:27:14.000Z</time>
        <extensions>
          <ns3:TrackPointExtension/>
        </extensions>
      </trkpt>
      <trkpt lat="43.8357829861342906951904296875" lon="-121.7264784872531890869140625">
        <ele>1403.4000244140625</ele>
        <time>2025-08-08T16:27:15.000Z</time>
        <extensions>
          <ns3:TrackPointExtension/>
        </extensions>
      </trkpt>
      <trkpt lat="43.8359211198985576629638671875" lon="-121.726658530533313751220703125">
        <ele>1402.4000244140625</ele>
        <time>2025-08-08T16:27:16.000Z</time>
        <extensions>
          <ns3:TrackPointExtension/>
        </extensions>
      </trkpt>
      <trkpt lat="43.8360354490578174591064453125" lon="-121.7268648929893970489501953125">
        <ele>1401.5999755859375</ele>
        <time>2025-08-08T16:27:17.000Z</time>
        <extensions>
          <ns3:TrackPointExtension/>
        </extensions>
      </trkpt>
      <trkpt lat="43.83611868135631084442138671875" lon="-121.72709941864013671875">
        <ele>1400.5999755859375</ele>
        <time>2025-08-08T16:27:18.000Z</time>
        <extensions>
          <ns3:TrackPointExtension/>
        </extensions>
      </trkpt>
      <trkpt lat="43.8361692242324352264404296875" lon="-121.7273520492017269134521484375">
        <ele>1399.5999755859375</ele>
        <time>2025-08-08T16:27:19.000Z</time>
        <extensions>
          <ns3:TrackPointExtension/>
        </extensions>
      </trkpt>
      <trkpt lat="43.8362000696361064910888671875" lon="-121.72760828398168087005615234375">
        <ele>1398.4000244140625</ele>
        <time>2025-08-08T16:27:20.000Z</time>
        <extensions>
          <ns3:TrackPointExtension/>
        </extensions>
      </trkpt>
      <trkpt lat="43.83621423505246639251708984375" lon="-121.72813399694859981536865234375">
        <ele>1396.199951171875</ele>
        <time>2025-08-08T16:27:22.000Z</time>
        <extensions>
          <ns3:TrackPointExtension/>
        </extensions>
      </trkpt>
      <trkpt lat="43.83619696833193302154541015625" lon="-121.7284064926207065582275390625">
        <ele>1395</ele>
        <time>2025-08-08T16:27:23.000Z</time>
        <extensions>
          <ns3:TrackPointExtension/>
        </extensions>
      </trkpt>
      <trkpt lat="43.83609185926616191864013671875" lon="-121.72924057580530643463134765625">
        <ele>1391.800048828125</ele>
        <time>2025-08-08T16:27:26.000Z</time>
        <extensions>
          <ns3:TrackPointExtension/>
        </extensions>
      </trkpt>
      <trkpt lat="43.8360191881656646728515625" lon="-121.72978556714951992034912109375">
        <ele>1389.5999755859375</ele>
        <time>2025-08-08T16:27:28.000Z</time>
        <extensions>
          <ns3:TrackPointExtension/>
        </extensions>
      </trkpt>
      <trkpt lat="43.83592866361141204833984375" lon="-121.7302971147000789642333984375">
        <ele>1387.5999755859375</ele>
        <time>2025-08-08T16:27:30.000Z</time>
        <extensions>
          <ns3:TrackPointExtension/>
        </extensions>
      </trkpt>
      <trkpt lat="43.83585733361542224884033203125" lon="-121.7305366694927215576171875">
        <ele>1386.5999755859375</ele>
        <time>2025-08-08T16:27:31.000Z</time>
        <extensions>
          <ns3:TrackPointExtension/>
        </extensions>
      </trkpt>
      <trkpt lat="43.83576278574764728546142578125" lon="-121.73075736500322818756103515625">
        <ele>1385.4000244140625</ele>
        <time>2025-08-08T16:27:32.000Z</time>
        <extensions>
          <ns3:TrackPointExtension/>
        </extensions>
      </trkpt>
      <trkpt lat="43.83564393036067485809326171875" lon="-121.730956770479679107666015625">
        <ele>1384.5999755859375</ele>
        <time>2025-08-08T16:27:33.000Z</time>
        <extensions>
          <ns3:TrackPointExtension/>
        </extensions>
      </trkpt>
      <trkpt lat="43.83550898171961307525634765625" lon="-121.73113413155078887939453125">
        <ele>1383.5999755859375</ele>
        <time>2025-08-08T16:27:34.000Z</time>
        <extensions>
          <ns3:TrackPointExtension/>
        </extensions>
      </trkpt>
      <trkpt lat="43.83520773611962795257568359375" lon="-121.7314216308295726776123046875">
        <ele>1381.5999755859375</ele>
        <time>2025-08-08T16:27:36.000Z</time>
        <extensions>
          <ns3:TrackPointExtension/>
        </extensions>
      </trkpt>
      <trkpt lat="43.834858126938343048095703125" lon="-121.73159019090235233306884765625">
        <ele>1378.199951171875</ele>
        <time>2025-08-08T16:27:38.000Z</time>
        <extensions>
          <ns3:TrackPointExtension/>
        </extensions>
      </trkpt>
      <trkpt lat="43.83438312448561191558837890625" lon="-121.7319362796843051910400390625">
        <ele>1375.800048828125</ele>
        <time>2025-08-08T16:27:41.000Z</time>
        <extensions>
          <ns3:TrackPointExtension/>
        </extensions>
      </trkpt>
      <trkpt lat="43.8341605849564075469970703125" lon="-121.73230315558612346649169921875">
        <ele>1373.199951171875</ele>
        <time>2025-08-08T16:27:43.000Z</time>
        <extensions>
          <ns3:TrackPointExtension/>
        </extensions>
      </trkpt>
      <trkpt lat="43.8340703956782817840576171875" lon="-121.73252393491566181182861328125">
        <ele>1373</ele>
        <time>2025-08-08T16:27:44.000Z</time>
        <extensions>
          <ns3:TrackPointExtension/>
        </extensions>
      </trkpt>
      <trkpt lat="43.8338232971727848052978515625" lon="-121.73321862705051898956298828125">
        <ele>1372</ele>
        <time>2025-08-08T16:27:47.000Z</time>
        <extensions>
          <ns3:TrackPointExtension/>
        </extensions>
      </trkpt>
      <trkpt lat="43.83356136269867420196533203125" lon="-121.73393963836133480072021484375">
        <ele>1374</ele>
        <time>2025-08-08T16:27:50.000Z</time>
        <extensions>
          <ns3:TrackPointExtension/>
        </extensions>
      </trkpt>
      <trkpt lat="43.83329875767230987548828125" lon="-121.73465478233993053436279296875">
        <ele>1376.4000244140625</ele>
        <time>2025-08-08T16:27:53.000Z</time>
        <extensions>
          <ns3:TrackPointExtension/>
        </extensions>
      </trkpt>
      <trkpt lat="43.83304118178784847259521484375" lon="-121.7353463731706142425537109375">
        <ele>1377</ele>
        <time>2025-08-08T16:27:56.000Z</time>
        <extensions>
          <ns3:TrackPointExtension/>
        </extensions>
      </trkpt>
      <trkpt lat="43.832951076328754425048828125" lon="-121.73557964153587818145751953125">
        <ele>1377</ele>
        <time>2025-08-08T16:27:57.000Z</time>
        <extensions>
          <ns3:TrackPointExtension/>
        </extensions>
      </trkpt>
      <trkpt lat="43.832672126591205596923828125" lon="-121.7363169975578784942626953125">
        <ele>1377</ele>
        <time>2025-08-08T16:28:00.000Z</time>
        <extensions>
          <ns3:TrackPointExtension/>
        </extensions>
      </trkpt>
      <trkpt lat="43.83237649686634540557861328125" lon="-121.73711436800658702850341796875">
        <ele>1376.5999755859375</ele>
        <time>2025-08-08T16:28:03.000Z</time>
        <extensions>
          <ns3:TrackPointExtension/>
        </extensions>
      </trkpt>
      <trkpt lat="43.8321710564196109771728515625" lon="-121.73766723833978176116943359375">
        <ele>1376.199951171875</ele>
        <time>2025-08-08T16:28:05.000Z</time>
        <extensions>
          <ns3:TrackPointExtension/>
        </extensions>
      </trkpt>
      <trkpt lat="43.8319618441164493560791015625" lon="-121.738232262432575225830078125">
        <ele>1375.800048828125</ele>
        <time>2025-08-08T16:28:07.000Z</time>
        <extensions>
          <ns3:TrackPointExtension/>
        </extensions>
      </trkpt>
      <trkpt lat="43.83174684830009937286376953125" lon="-121.738803572952747344970703125">
        <ele>1375.199951171875</ele>
        <time>2025-08-08T16:28:09.000Z</time>
        <extensions>
          <ns3:TrackPointExtension/>
        </extensions>
      </trkpt>
      <trkpt lat="43.8316389732062816619873046875" lon="-121.73909149132668972015380859375">
        <ele>1375</ele>
        <time>2025-08-08T16:28:10.000Z</time>
        <extensions>
          <ns3:TrackPointExtension/>
        </extensions>
      </trkpt>
      <trkpt lat="43.831423558294773101806640625" lon="-121.7396694235503673553466796875">
        <ele>1375</ele>
        <time>2025-08-08T16:28:12.000Z</time>
        <extensions>
          <ns3:TrackPointExtension/>
        </extensions>
      </trkpt>
      <trkpt lat="43.83120839484035968780517578125" lon="-121.7402447573840618133544921875">
        <ele>1374.5999755859375</ele>
        <time>2025-08-08T16:28:14.000Z</time>
        <extensions>
          <ns3:TrackPointExtension/>
        </extensions>
      </trkpt>
      <trkpt lat="43.83099214173853397369384765625" lon="-121.740818917751312255859375">
        <ele>1374.199951171875</ele>
        <time>2025-08-08T16:28:16.000Z</time>
        <extensions>
          <ns3:TrackPointExtension/>
        </extensions>
      </trkpt>
      <trkpt lat="43.83077404461801052093505859375" lon="-121.7413957603275775909423828125">
        <ele>1373.800048828125</ele>
        <time>2025-08-08T16:28:18.000Z</time>
        <extensions>
          <ns3:TrackPointExtension/>
        </extensions>
      </trkpt>
      <trkpt lat="43.83055594749748706817626953125" lon="-121.7419737763702869415283203125">
        <ele>1373.199951171875</ele>
        <time>2025-08-08T16:28:20.000Z</time>
        <extensions>
          <ns3:TrackPointExtension/>
        </extensions>
      </trkpt>
      <trkpt lat="43.8303364254534244537353515625" lon="-121.74255506135523319244384765625">
        <ele>1372.800048828125</ele>
        <time>2025-08-08T16:28:22.000Z</time>
        <extensions>
          <ns3:TrackPointExtension/>
        </extensions>
      </trkpt>
      <trkpt lat="43.83011824451386928558349609375" lon="-121.74314104020595550537109375">
        <ele>1372.4000244140625</ele>
        <time>2025-08-08T16:28:24.000Z</time>
        <extensions>
          <ns3:TrackPointExtension/>
        </extensions>
      </trkpt>
      <trkpt lat="43.82989796809852123260498046875" lon="-121.74372986890375614166259765625">
        <ele>1372</ele>
        <time>2025-08-08T16:28:26.000Z</time>
        <extensions>
          <ns3:TrackPointExtension/>
        </extensions>
      </trkpt>
      <trkpt lat="43.8296806253492832183837890625" lon="-121.74431995488703250885009765625">
        <ele>1371.4000244140625</ele>
        <time>2025-08-08T16:28:28.000Z</time>
        <extensions>
          <ns3:TrackPointExtension/>
        </extensions>
      </trkpt>
      <trkpt lat="43.82957794703543186187744140625" lon="-121.74461684189736843109130859375">
        <ele>1371.199951171875</ele>
        <time>2025-08-08T16:28:29.000Z</time>
        <extensions>
          <ns3:TrackPointExtension/>
        </extensions>
      </trkpt>
      <trkpt lat="43.829392455518245697021484375" lon="-121.7452142201364040374755859375">
        <ele>1371</ele>
        <time>2025-08-08T16:28:31.000Z</time>
        <extensions>
          <ns3:TrackPointExtension/>
        </extensions>
      </trkpt>
      <trkpt lat="43.8292464427649974822998046875" lon="-121.7458254285156726837158203125">
        <ele>1370.800048828125</ele>
        <time>2025-08-08T16:28:33.000Z</time>
        <extensions>
          <ns3:TrackPointExtension/>
        </extensions>
      </trkpt>
      <trkpt lat="43.8291488774120807647705078125" lon="-121.74644862301647663116455078125">
        <ele>1370.5999755859375</ele>
        <time>2025-08-08T16:28:35.000Z</time>
        <extensions>
          <ns3:TrackPointExtension/>
        </extensions>
      </trkpt>
      <trkpt lat="43.829114176332950592041015625" lon="-121.74676177091896533966064453125">
        <ele>1370.5999755859375</ele>
        <time>2025-08-08T16:28:36.000Z</time>
        <extensions>
          <ns3:TrackPointExtension/>
        </extensions>
      </trkpt>
      <trkpt lat="43.829069249331951141357421875" lon="-121.7473938502371311187744140625">
        <ele>1370.4000244140625</ele>
        <time>2025-08-08T16:28:38.000Z</time>
        <extensions>
          <ns3:TrackPointExtension/>
        </extensions>
      </trkpt>
      <trkpt lat="43.82904787547886371612548828125" lon="-121.74803028814494609832763671875">
        <ele>1370</ele>
        <time>2025-08-08T16:28:40.000Z</time>
        <extensions>
          <ns3:TrackPointExtension/>
        </extensions>
      </trkpt>
      <trkpt lat="43.82902759127318859100341796875" lon="-121.74867083318531513214111328125">
        <ele>1369.5999755859375</ele>
        <time>2025-08-08T16:28:42.000Z</time>
        <extensions>
          <ns3:TrackPointExtension/>
        </extensions>
      </trkpt>
      <trkpt lat="43.82900428958237171173095703125" lon="-121.7493109591305255889892578125">
        <ele>1369.199951171875</ele>
        <time>2025-08-08T16:28:44.000Z</time>
        <extensions>
          <ns3:TrackPointExtension/>
        </extensions>
      </trkpt>
      <trkpt lat="43.82897729985415935516357421875" lon="-121.7499496601521968841552734375">
        <ele>1369</ele>
        <time>2025-08-08T16:28:46.000Z</time>
        <extensions>
          <ns3:TrackPointExtension/>
        </extensions>
      </trkpt>
      <trkpt lat="43.8289515674114227294921875" lon="-121.75058743916451930999755859375">
        <ele>1368.5999755859375</ele>
        <time>2025-08-08T16:28:48.000Z</time>
        <extensions>
          <ns3:TrackPointExtension/>
        </extensions>
      </trkpt>
      <trkpt lat="43.8289242424070835113525390625" lon="-121.75122479908168315887451171875">
        <ele>1368.199951171875</ele>
        <time>2025-08-08T16:28:50.000Z</time>
        <extensions>
          <ns3:TrackPointExtension/>
        </extensions>
      </trkpt>
      <trkpt lat="43.828910328447818756103515625" lon="-121.75154171884059906005859375">
        <ele>1368.199951171875</ele>
        <time>2025-08-08T16:28:51.000Z</time>
        <extensions>
          <ns3:TrackPointExtension/>
        </extensions>
      </trkpt>
      <trkpt lat="43.8288819976150989532470703125" lon="-121.7521725408732891082763671875">
        <ele>1368</ele>
        <time>2025-08-08T16:28:53.000Z</time>
        <extensions>
          <ns3:TrackPointExtension/>
        </extensions>
      </trkpt>
      <trkpt lat="43.8288534991443157196044921875" lon="-121.752797327935695648193359375">
        <ele>1367.800048828125</ele>
        <time>2025-08-08T16:28:55.000Z</time>
        <extensions>
          <ns3:TrackPointExtension/>
        </extensions>
      </trkpt>
      <trkpt lat="43.8288075663149356842041015625" lon="-121.7537270486354827880859375">
        <ele>1367.4000244140625</ele>
        <time>2025-08-08T16:28:58.000Z</time>
        <extensions>
          <ns3:TrackPointExtension/>
        </extensions>
      </trkpt>
      <trkpt lat="43.82877931930124759674072265625" lon="-121.754350326955318450927734375">
        <ele>1367</ele>
        <time>2025-08-08T16:29:00.000Z</time>
        <extensions>
          <ns3:TrackPointExtension/>
        </extensions>
      </trkpt>
      <trkpt lat="43.82875132374465465545654296875" lon="-121.75497896969318389892578125">
        <ele>1366.800048828125</ele>
        <time>2025-08-08T16:29:02.000Z</time>
        <extensions>
          <ns3:TrackPointExtension/>
        </extensions>
      </trkpt>
      <trkpt lat="43.82871779613196849822998046875" lon="-121.7556091211736202239990234375">
        <ele>1367</ele>
        <time>2025-08-08T16:29:04.000Z</time>
        <extensions>
          <ns3:TrackPointExtension/>
        </extensions>
      </trkpt>
      <trkpt lat="43.828684352338314056396484375" lon="-121.7562380991876125335693359375">
        <ele>1367.4000244140625</ele>
        <time>2025-08-08T16:29:06.000Z</time>
        <extensions>
          <ns3:TrackPointExtension/>
        </extensions>
      </trkpt>
      <trkpt lat="43.8286538422107696533203125" lon="-121.756870932877063751220703125">
        <ele>1367.199951171875</ele>
        <time>2025-08-08T16:29:08.000Z</time>
        <extensions>
          <ns3:TrackPointExtension/>
        </extensions>
      </trkpt>
      <trkpt lat="43.82862509228289127349853515625" lon="-121.7575111426413059234619140625">
        <ele>1366.800048828125</ele>
        <time>2025-08-08T16:29:10.000Z</time>
        <extensions>
          <ns3:TrackPointExtension/>
        </extensions>
      </trkpt>
      <trkpt lat="43.82859508506953716278076171875" lon="-121.758158393204212188720703125">
        <ele>1366.4000244140625</ele>
        <time>2025-08-08T16:29:12.000Z</time>
        <extensions>
          <ns3:TrackPointExtension/>
        </extensions>
      </trkpt>
      <trkpt lat="43.82856641896069049835205078125" lon="-121.7588140256702899932861328125">
        <ele>1365.5999755859375</ele>
        <time>2025-08-08T16:29:14.000Z</time>
        <extensions>
          <ns3:TrackPointExtension/>
        </extensions>
      </trkpt>
      <trkpt lat="43.82853657938539981842041015625" lon="-121.75947644747793674468994140625">
        <ele>1365.199951171875</ele>
        <time>2025-08-08T16:29:16.000Z</time>
        <extensions>
          <ns3:TrackPointExtension/>
        </extensions>
      </trkpt>
      <trkpt lat="43.8285044766962528228759765625" lon="-121.76014079712331295013427734375">
        <ele>1365.199951171875</ele>
        <time>2025-08-08T16:29:18.000Z</time>
        <extensions>
          <ns3:TrackPointExtension/>
        </extensions>
      </trkpt>
      <trkpt lat="43.828471116721630096435546875" lon="-121.760805733501911163330078125">
        <ele>1365.199951171875</ele>
        <time>2025-08-08T16:29:20.000Z</time>
        <extensions>
          <ns3:TrackPointExtension/>
        </extensions>
      </trkpt>
      <trkpt lat="43.8284374214708805084228515625" lon="-121.76147167570888996124267578125">
        <ele>1365</ele>
        <time>2025-08-08T16:29:22.000Z</time>
        <extensions>
          <ns3:TrackPointExtension/>
        </extensions>
      </trkpt>
      <trkpt lat="43.82842023856937885284423828125" lon="-121.76180393435060977935791015625">
        <ele>1364.800048828125</ele>
        <time>2025-08-08T16:29:23.000Z</time>
        <extensions>
          <ns3:TrackPointExtension/>
        </extensions>
      </trkpt>
      <trkpt lat="43.82838587276637554168701171875" lon="-121.76246912218630313873291015625">
        <ele>1364.4000244140625</ele>
        <time>2025-08-08T16:29:25.000Z</time>
        <extensions>
          <ns3:TrackPointExtension/>
        </extensions>
      </trkpt>
      <trkpt lat="43.82835418917238712310791015625" lon="-121.76313749514520168304443359375">
        <ele>1363.5999755859375</ele>
        <time>2025-08-08T16:29:27.000Z</time>
        <extensions>
          <ns3:TrackPointExtension/>
        </extensions>
      </trkpt>
      <trkpt lat="43.82832217030227184295654296875" lon="-121.76381106488406658172607421875">
        <ele>1363.199951171875</ele>
        <time>2025-08-08T16:29:29.000Z</time>
        <extensions>
          <ns3:TrackPointExtension/>
        </extensions>
      </trkpt>
      <trkpt lat="43.82828914560377597808837890625" lon="-121.7644872330129146575927734375">
        <ele>1363</ele>
        <time>2025-08-08T16:29:31.000Z</time>
        <extensions>
          <ns3:TrackPointExtension/>
        </extensions>
      </trkpt>
      <trkpt lat="43.82825595326721668243408203125" lon="-121.76516004838049411773681640625">
        <ele>1362.4000244140625</ele>
        <time>2025-08-08T16:29:33.000Z</time>
        <extensions>
          <ns3:TrackPointExtension/>
        </extensions>
      </trkpt>
      <trkpt lat="43.82822477258741855621337890625" lon="-121.7658283375203609466552734375">
        <ele>1362.4000244140625</ele>
        <time>2025-08-08T16:29:35.000Z</time>
        <extensions>
          <ns3:TrackPointExtension/>
        </extensions>
      </trkpt>
      <trkpt lat="43.82819183170795440673828125" lon="-121.7664921842515468597412109375">
        <ele>1362.4000244140625</ele>
        <time>2025-08-08T16:29:37.000Z</time>
        <extensions>
          <ns3:TrackPointExtension/>
        </extensions>
      </trkpt>
      <trkpt lat="43.8281611539423465728759765625" lon="-121.76715259440243244171142578125">
        <ele>1362.4000244140625</ele>
        <time>2025-08-08T16:29:39.000Z</time>
        <extensions>
          <ns3:TrackPointExtension/>
        </extensions>
      </trkpt>
      <trkpt lat="43.82812972180545330047607421875" lon="-121.76781275309622287750244140625">
        <ele>1362.4000244140625</ele>
        <time>2025-08-08T16:29:41.000Z</time>
        <extensions>
          <ns3:TrackPointExtension/>
        </extensions>
      </trkpt>
      <trkpt lat="43.8280957750976085662841796875" lon="-121.7684713192284107208251953125">
        <ele>1362.4000244140625</ele>
        <time>2025-08-08T16:29:43.000Z</time>
        <extensions>
          <ns3:TrackPointExtension/>
        </extensions>
      </trkpt>
      <trkpt lat="43.8280615769326686859130859375" lon="-121.7691227607429027557373046875">
        <ele>1362.199951171875</ele>
        <time>2025-08-08T16:29:45.000Z</time>
        <extensions>
          <ns3:TrackPointExtension/>
        </extensions>
      </trkpt>
      <trkpt lat="43.8280451484024524688720703125" lon="-121.7694436199963092803955078125">
        <ele>1362.199951171875</ele>
        <time>2025-08-08T16:29:46.000Z</time>
        <extensions>
          <ns3:TrackPointExtension/>
        </extensions>
      </trkpt>
      <trkpt lat="43.82801421917974948883056640625" lon="-121.770070753991603851318359375">
        <ele>1362.5999755859375</ele>
        <time>2025-08-08T16:29:48.000Z</time>
        <extensions>
          <ns3:TrackPointExtension/>
        </extensions>
      </trkpt>
      <trkpt lat="43.8279539532959461212158203125" lon="-121.77097029983997344970703125">
        <ele>1362.800048828125</ele>
        <time>2025-08-08T16:29:51.000Z</time>
        <extensions>
          <ns3:TrackPointExtension/>
        </extensions>
      </trkpt>
      <trkpt lat="43.82791288197040557861328125" lon="-121.77182617597281932830810546875">
        <ele>1362.4000244140625</ele>
        <time>2025-08-08T16:29:54.000Z</time>
        <extensions>
          <ns3:TrackPointExtension/>
        </extensions>
      </trkpt>
      <trkpt lat="43.8278919272124767303466796875" lon="-121.77237602882087230682373046875">
        <ele>1362.199951171875</ele>
        <time>2025-08-08T16:29:56.000Z</time>
        <extensions>
          <ns3:TrackPointExtension/>
        </extensions>
      </trkpt>
      <trkpt lat="43.82785446010529994964599609375" lon="-121.77318387664854526519775390625">
        <ele>1362</ele>
        <time>2025-08-08T16:29:59.000Z</time>
        <extensions>
          <ns3:TrackPointExtension/>
        </extensions>
      </trkpt>
      <trkpt lat="43.8278117962181568145751953125" lon="-121.77395652048289775848388671875">
        <ele>1362</ele>
        <time>2025-08-08T16:30:02.000Z</time>
        <extensions>
          <ns3:TrackPointExtension/>
        </extensions>
      </trkpt>
      <trkpt lat="43.82777349092066287994384765625" lon="-121.77465054206550121307373046875">
        <ele>1362.199951171875</ele>
        <time>2025-08-08T16:30:05.000Z</time>
        <extensions>
          <ns3:TrackPointExtension/>
        </extensions>
      </trkpt>
      <trkpt lat="43.82774792611598968505859375" lon="-121.775071062147617340087890625">
        <ele>1362.199951171875</ele>
        <time>2025-08-08T16:30:07.000Z</time>
        <extensions>
          <ns3:TrackPointExtension/>
        </extensions>
      </trkpt>
      <trkpt lat="43.82770509459078311920166015625" lon="-121.77582149393856525421142578125">
        <ele>1362.5999755859375</ele>
        <time>2025-08-08T16:30:11.000Z</time>
        <extensions>
          <ns3:TrackPointExtension/>
        </extensions>
      </trkpt>
      <trkpt lat="43.8276954554021358489990234375" lon="-121.77599005401134490966796875">
        <ele>1362.800048828125</ele>
        <time>2025-08-08T16:30:12.000Z</time>
        <extensions>
          <ns3:TrackPointExtension/>
        </extensions>
      </trkpt>
      <trkpt lat="43.82765161804854869842529296875" lon="-121.776749454438686370849609375">
        <ele>1363.5999755859375</ele>
        <time>2025-08-08T16:30:17.000Z</time>
        <extensions>
          <ns3:TrackPointExtension/>
        </extensions>
      </trkpt>
      <trkpt lat="43.82760979235172271728515625" lon="-121.77742327563464641571044921875">
        <ele>1363</ele>
        <time>2025-08-08T16:30:21.000Z</time>
        <extensions>
          <ns3:TrackPointExtension/>
        </extensions>
      </trkpt>
      <trkpt lat="43.82758959196507930755615234375" lon="-121.77783566527068614959716796875">
        <ele>1362.5999755859375</ele>
        <time>2025-08-08T16:30:23.000Z</time>
        <extensions>
          <ns3:TrackPointExtension/>
        </extensions>
      </trkpt>
      <trkpt lat="43.82755489088594913482666015625" lon="-121.77853303961455821990966796875">
        <ele>1362.5999755859375</ele>
        <time>2025-08-08T16:30:26.000Z</time>
        <extensions>
          <ns3:TrackPointExtension/>
        </extensions>
      </trkpt>
      <trkpt lat="43.82754198275506496429443359375" lon="-121.77878365851938724517822265625">
        <ele>1362.4000244140625</ele>
        <time>2025-08-08T16:30:27.000Z</time>
        <extensions>
          <ns3:TrackPointExtension/>
        </extensions>
      </trkpt>
      <trkpt lat="43.82750208489596843719482421875" lon="-121.77958153188228607177734375">
        <ele>1362.800048828125</ele>
        <time>2025-08-08T16:30:30.000Z</time>
        <extensions>
          <ns3:TrackPointExtension/>
        </extensions>
      </trkpt>
      <trkpt lat="43.82747232913970947265625" lon="-121.780148483812808990478515625">
        <ele>1362.800048828125</ele>
        <time>2025-08-08T16:30:32.000Z</time>
        <extensions>
          <ns3:TrackPointExtension/>
        </extensions>
      </trkpt>
      <trkpt lat="43.82742363028228282928466796875" lon="-121.78103654645383358001708984375">
        <ele>1363.199951171875</ele>
        <time>2025-08-08T16:30:35.000Z</time>
        <extensions>
          <ns3:TrackPointExtension/>
        </extensions>
      </trkpt>
      <trkpt lat="43.8273896835744380950927734375" lon="-121.78164842538535594940185546875">
        <ele>1363.199951171875</ele>
        <time>2025-08-08T16:30:37.000Z</time>
        <extensions>
          <ns3:TrackPointExtension/>
        </extensions>
      </trkpt>
      <trkpt lat="43.8273380510509014129638671875" lon="-121.78257999010384082794189453125">
        <ele>1363.199951171875</ele>
        <time>2025-08-08T16:30:40.000Z</time>
        <extensions>
          <ns3:TrackPointExtension/>
        </extensions>
      </trkpt>
      <trkpt lat="43.82730494253337383270263671875" lon="-121.78320628590881824493408203125">
        <ele>1363.199951171875</ele>
        <time>2025-08-08T16:30:42.000Z</time>
        <extensions>
          <ns3:TrackPointExtension/>
        </extensions>
      </trkpt>
      <trkpt lat="43.82728734053671360015869140625" lon="-121.783520691096782684326171875">
        <ele>1363.199951171875</ele>
        <time>2025-08-08T16:30:43.000Z</time>
        <extensions>
          <ns3:TrackPointExtension/>
        </extensions>
      </trkpt>
      <trkpt lat="43.827251382172107696533203125" lon="-121.78415159694850444793701171875">
        <ele>1363</ele>
        <time>2025-08-08T16:30:45.000Z</time>
        <extensions>
          <ns3:TrackPointExtension/>
        </extensions>
      </trkpt>
      <trkpt lat="43.8272166810929775238037109375" lon="-121.78478392772376537322998046875">
        <ele>1363.199951171875</ele>
        <time>2025-08-08T16:30:47.000Z</time>
        <extensions>
          <ns3:TrackPointExtension/>
        </extensions>
      </trkpt>
      <trkpt lat="43.8271851651370525360107421875" lon="-121.785416342318058013916015625">
        <ele>1363</ele>
        <time>2025-08-08T16:30:49.000Z</time>
        <extensions>
          <ns3:TrackPointExtension/>
        </extensions>
      </trkpt>
      <trkpt lat="43.8271519728004932403564453125" lon="-121.7860501818358898162841796875">
        <ele>1362.5999755859375</ele>
        <time>2025-08-08T16:30:51.000Z</time>
        <extensions>
          <ns3:TrackPointExtension/>
        </extensions>
      </trkpt>
      <trkpt lat="43.82712003774940967559814453125" lon="-121.7866833508014678955078125">
        <ele>1362.4000244140625</ele>
        <time>2025-08-08T16:30:53.000Z</time>
        <extensions>
          <ns3:TrackPointExtension/>
        </extensions>
      </trkpt>
      <trkpt lat="43.82708818651735782623291015625" lon="-121.7873091436922550201416015625">
        <ele>1362.4000244140625</ele>
        <time>2025-08-08T16:30:55.000Z</time>
        <extensions>
          <ns3:TrackPointExtension/>
        </extensions>
      </trkpt>
      <trkpt lat="43.82704158313572406768798828125" lon="-121.78821397013962268829345703125">
        <ele>1362.199951171875</ele>
        <time>2025-08-08T16:30:58.000Z</time>
        <extensions>
          <ns3:TrackPointExtension/>
        </extensions>
      </trkpt>
      <trkpt lat="43.82699556648731231689453125" lon="-121.78907998837530612945556640625">
        <ele>1362.199951171875</ele>
        <time>2025-08-08T16:31:01.000Z</time>
        <extensions>
          <ns3:TrackPointExtension/>
        </extensions>
      </trkpt>
      <trkpt lat="43.826965726912021636962890625" lon="-121.789628751575946807861328125">
        <ele>1362.199951171875</ele>
        <time>2025-08-08T16:31:03.000Z</time>
        <extensions>
          <ns3:TrackPointExtension/>
        </extensions>
      </trkpt>
      <trkpt lat="43.826929517090320587158203125" lon="-121.7903732322156429290771484375">
        <ele>1362</ele>
        <time>2025-08-08T16:31:06.000Z</time>
        <extensions>
          <ns3:TrackPointExtension/>
        </extensions>
      </trkpt>
      <trkpt lat="43.826905377209186553955078125" lon="-121.790815629065036773681640625">
        <ele>1362</ele>
        <time>2025-08-08T16:31:08.000Z</time>
        <extensions>
          <ns3:TrackPointExtension/>
        </extensions>
      </trkpt>
      <trkpt lat="43.82682935334742069244384765625" lon="-121.7915993370115756988525390625">
        <ele>1361.5999755859375</ele>
        <time>2025-08-08T16:31:12.000Z</time>
        <extensions>
          <ns3:TrackPointExtension/>
        </extensions>
      </trkpt>
      <trkpt lat="43.82679197005927562713623046875" lon="-121.79176907055079936981201171875">
        <ele>1361.4000244140625</ele>
        <time>2025-08-08T16:31:13.000Z</time>
        <extensions>
          <ns3:TrackPointExtension/>
        </extensions>
      </trkpt>
      <trkpt lat="43.826705552637577056884765625" lon="-121.79208490066230297088623046875">
        <ele>1361.4000244140625</ele>
        <time>2025-08-08T16:31:15.000Z</time>
        <extensions>
          <ns3:TrackPointExtension/>
        </extensions>
      </trkpt>
      <trkpt lat="43.82667395286262035369873046875" lon="-121.7922350205481052398681640625">
        <ele>1361.4000244140625</ele>
        <time>2025-08-08T16:31:16.000Z</time>
        <extensions>
          <ns3:TrackPointExtension/>
        </extensions>
      </trkpt>
      <trkpt lat="43.82666372694075107574462890625" lon="-121.7924951948225498199462890625">
        <ele>1361.5999755859375</ele>
        <time>2025-08-08T16:31:18.000Z</time>
        <extensions>
          <ns3:TrackPointExtension/>
        </extensions>
      </trkpt>
      <trkpt lat="43.8267127610743045806884765625" lon="-121.79266593419015407562255859375">
        <ele>1361.800048828125</ele>
        <time>2025-08-08T16:31:20.000Z</time>
        <extensions>
          <ns3:TrackPointExtension/>
        </extensions>
      </trkpt>
      <trkpt lat="43.82674553431570529937744140625" lon="-121.79271094501018524169921875">
        <ele>1362</ele>
        <time>2025-08-08T16:31:21.000Z</time>
        <extensions>
          <ns3:TrackPointExtension/>
        </extensions>
      </trkpt>
      <trkpt lat="43.8267774693667888641357421875" lon="-121.7927241884171962738037109375">
        <ele>1362.199951171875</ele>
        <time>2025-08-08T16:31:22.000Z</time>
        <extensions>
          <ns3:TrackPointExtension/>
        </extensions>
      </trkpt>
      <trkpt lat="43.82684041745960712432861328125" lon="-121.79269594140350818634033203125">
        <ele>1362.4000244140625</ele>
        <time>2025-08-08T16:31:24.000Z</time>
        <extensions>
          <ns3:TrackPointExtension/>
        </extensions>
      </trkpt>
      <trkpt lat="43.826983161270618438720703125" lon="-121.79252444766461849212646484375">
        <ele>1362.4000244140625</ele>
        <time>2025-08-08T16:31:27.000Z</time>
        <extensions>
          <ns3:TrackPointExtension/>
        </extensions>
      </trkpt>
      <trkpt lat="43.827217519283294677734375" lon="-121.79225052706897258758544921875">
        <ele>1362.800048828125</ele>
        <time>2025-08-08T16:31:30.000Z</time>
        <extensions>
          <ns3:TrackPointExtension/>
        </extensions>
      </trkpt>
      <trkpt lat="43.827539049088954925537109375" lon="-121.7918809689581394195556640625">
        <ele>1363</ele>
        <time>2025-08-08T16:31:33.000Z</time>
        <extensions>
          <ns3:TrackPointExtension/>
        </extensions>
      </trkpt>
      <trkpt lat="43.82793366909027099609375" lon="-121.791432537138462066650390625">
        <ele>1363.4000244140625</ele>
        <time>2025-08-08T16:31:36.000Z</time>
        <extensions>
          <ns3:TrackPointExtension/>
        </extensions>
      </trkpt>
      <trkpt lat="43.82807825691998004913330078125" lon="-121.791270263493061065673828125">
        <ele>1363.5999755859375</ele>
        <time>2025-08-08T16:31:37.000Z</time>
        <extensions>
          <ns3:TrackPointExtension/>
        </extensions>
      </trkpt>
      <trkpt lat="43.82838604040443897247314453125" lon="-121.79092568345367908477783203125">
        <ele>1363.800048828125</ele>
        <time>2025-08-08T16:31:39.000Z</time>
        <extensions>
          <ns3:TrackPointExtension/>
        </extensions>
      </trkpt>
      <trkpt lat="43.82888074032962322235107421875" lon="-121.7903713881969451904296875">
        <ele>1364.199951171875</ele>
        <time>2025-08-08T16:31:42.000Z</time>
        <extensions>
          <ns3:TrackPointExtension/>
        </extensions>
      </trkpt>
      <trkpt lat="43.82905407808721065521240234375" lon="-121.790176928043365478515625">
        <ele>1364.199951171875</ele>
        <time>2025-08-08T16:31:43.000Z</time>
        <extensions>
          <ns3:TrackPointExtension/>
        </extensions>
      </trkpt>
      <trkpt lat="43.82941424846649169921875" lon="-121.78977937437593936920166015625">
        <ele>1364.5999755859375</ele>
        <time>2025-08-08T16:31:45.000Z</time>
        <extensions>
          <ns3:TrackPointExtension/>
        </extensions>
      </trkpt>
      <trkpt lat="43.82978749461472034454345703125" lon="-121.7893695831298828125">
        <ele>1364.800048828125</ele>
        <time>2025-08-08T16:31:47.000Z</time>
        <extensions>
          <ns3:TrackPointExtension/>
        </extensions>
      </trkpt>
      <trkpt lat="43.83016568608582019805908203125" lon="-121.78894822485744953155517578125">
        <ele>1365.199951171875</ele>
        <time>2025-08-08T16:31:49.000Z</time>
        <extensions>
          <ns3:TrackPointExtension/>
        </extensions>
      </trkpt>
      <trkpt lat="43.830550499260425567626953125" lon="-121.7885179817676544189453125">
        <ele>1365.5999755859375</ele>
        <time>2025-08-08T16:31:51.000Z</time>
        <extensions>
          <ns3:TrackPointExtension/>
        </extensions>
      </trkpt>
      <trkpt lat="43.830746971070766448974609375" lon="-121.7883025668561458587646484375">
        <ele>1366</ele>
        <time>2025-08-08T16:31:52.000Z</time>
        <extensions>
          <ns3:TrackPointExtension/>
        </extensions>
      </trkpt>
      <trkpt lat="43.83114452473819255828857421875" lon="-121.787865869700908660888671875">
        <ele>1366.4000244140625</ele>
        <time>2025-08-08T16:31:54.000Z</time>
        <extensions>
          <ns3:TrackPointExtension/>
        </extensions>
      </trkpt>
      <trkpt lat="43.83154182694852352142333984375" lon="-121.787423975765705108642578125">
        <ele>1366.800048828125</ele>
        <time>2025-08-08T16:31:56.000Z</time>
        <extensions>
          <ns3:TrackPointExtension/>
        </extensions>
      </trkpt>
      <trkpt lat="43.83194264955818653106689453125" lon="-121.78698183037340641021728515625">
        <ele>1367.5999755859375</ele>
        <time>2025-08-08T16:31:58.000Z</time>
        <extensions>
          <ns3:TrackPointExtension/>
        </extensions>
      </trkpt>
      <trkpt lat="43.8323430530726909637451171875" lon="-121.78653742186725139617919921875">
        <ele>1368.199951171875</ele>
        <time>2025-08-08T16:32:00.000Z</time>
        <extensions>
          <ns3:TrackPointExtension/>
        </extensions>
      </trkpt>
      <trkpt lat="43.83274295367300510406494140625" lon="-121.78609368391335010528564453125">
        <ele>1368.800048828125</ele>
        <time>2025-08-08T16:32:02.000Z</time>
        <extensions>
          <ns3:TrackPointExtension/>
        </extensions>
      </trkpt>
      <trkpt lat="43.8331406749784946441650390625" lon="-121.7856552265584468841552734375">
        <ele>1369.199951171875</ele>
        <time>2025-08-08T16:32:04.000Z</time>
        <extensions>
          <ns3:TrackPointExtension/>
        </extensions>
      </trkpt>
      <trkpt lat="43.8335312716662883758544921875" lon="-121.78522758185863494873046875">
        <ele>1369.800048828125</ele>
        <time>2025-08-08T16:32:06.000Z</time>
        <extensions>
          <ns3:TrackPointExtension/>
        </extensions>
      </trkpt>
      <trkpt lat="43.8339161686599254608154296875" lon="-121.78480924107134342193603515625">
        <ele>1370.4000244140625</ele>
        <time>2025-08-08T16:32:08.000Z</time>
        <extensions>
          <ns3:TrackPointExtension/>
        </extensions>
      </trkpt>
      <trkpt lat="43.8341082818806171417236328125" lon="-121.78460354916751384735107421875">
        <ele>1370.800048828125</ele>
        <time>2025-08-08T16:32:09.000Z</time>
        <extensions>
          <ns3:TrackPointExtension/>
        </extensions>
      </trkpt>
      <trkpt lat="43.8344968669116497039794921875" lon="-121.78420239128172397613525390625">
        <ele>1371.4000244140625</ele>
        <time>2025-08-08T16:32:11.000Z</time>
        <extensions>
          <ns3:TrackPointExtension/>
        </extensions>
      </trkpt>
      <trkpt lat="43.83489006198942661285400390625" lon="-121.7838162370026111602783203125">
        <ele>1371.800048828125</ele>
        <time>2025-08-08T16:32:13.000Z</time>
        <extensions>
          <ns3:TrackPointExtension/>
        </extensions>
      </trkpt>
      <trkpt lat="43.83509055711328983306884765625" lon="-121.78363242186605930328369140625">
        <ele>1372</ele>
        <time>2025-08-08T16:32:14.000Z</time>
        <extensions>
          <ns3:TrackPointExtension/>
        </extensions>
      </trkpt>
      <trkpt lat="43.83549037389457225799560546875" lon="-121.7832774482667446136474609375">
        <ele>1372.5999755859375</ele>
        <time>2025-08-08T16:32:16.000Z</time>
        <extensions>
          <ns3:TrackPointExtension/>
        </extensions>
      </trkpt>
      <trkpt lat="43.83589069359004497528076171875" lon="-121.7829428426921367645263671875">
        <ele>1372.800048828125</ele>
        <time>2025-08-08T16:32:18.000Z</time>
        <extensions>
          <ns3:TrackPointExtension/>
        </extensions>
      </trkpt>
      <trkpt lat="43.83629637770354747772216796875" lon="-121.782630197703838348388671875">
        <ele>1373.199951171875</ele>
        <time>2025-08-08T16:32:20.000Z</time>
        <extensions>
          <ns3:TrackPointExtension/>
        </extensions>
      </trkpt>
      <trkpt lat="43.83670792914927005767822265625" lon="-121.7823343165218830108642578125">
        <ele>1373.4000244140625</ele>
        <time>2025-08-08T16:32:22.000Z</time>
        <extensions>
          <ns3:TrackPointExtension/>
        </extensions>
      </trkpt>
      <trkpt lat="43.83712467737495899200439453125" lon="-121.7820565402507781982421875">
        <ele>1373.5999755859375</ele>
        <time>2025-08-08T16:32:24.000Z</time>
        <extensions>
          <ns3:TrackPointExtension/>
        </extensions>
      </trkpt>
      <trkpt lat="43.8373349793255329132080078125" lon="-121.78192586638033390045166015625">
        <ele>1373.800048828125</ele>
        <time>2025-08-08T16:32:25.000Z</time>
        <extensions>
          <ns3:TrackPointExtension/>
        </extensions>
      </trkpt>
      <trkpt lat="43.83776421658694744110107421875" lon="-121.78167642094194889068603515625">
        <ele>1374</ele>
        <time>2025-08-08T16:32:27.000Z</time>
        <extensions>
          <ns3:TrackPointExtension/>
        </extensions>
      </trkpt>
      <trkpt lat="43.83820317685604095458984375" lon="-121.7814401350915431976318359375">
        <ele>1374.4000244140625</ele>
        <time>2025-08-08T16:32:29.000Z</time>
        <extensions>
          <ns3:TrackPointExtension/>
        </extensions>
      </trkpt>
      <trkpt lat="43.83865152485668659210205078125" lon="-121.7812178470194339752197265625">
        <ele>1374.5999755859375</ele>
        <time>2025-08-08T16:32:31.000Z</time>
        <extensions>
          <ns3:TrackPointExtension/>
        </extensions>
      </trkpt>
      <trkpt lat="43.839111439883708953857421875" lon="-121.78101475350558757781982421875">
        <ele>1374.5999755859375</ele>
        <time>2025-08-08T16:32:33.000Z</time>
        <extensions>
          <ns3:TrackPointExtension/>
        </extensions>
      </trkpt>
      <trkpt lat="43.8395776413381099700927734375" lon="-121.78082716651260852813720703125">
        <ele>1374.4000244140625</ele>
        <time>2025-08-08T16:32:35.000Z</time>
        <extensions>
          <ns3:TrackPointExtension/>
        </extensions>
      </trkpt>
      <trkpt lat="43.83981426246464252471923828125" lon="-121.78074602968990802764892578125">
        <ele>1374</ele>
        <time>2025-08-08T16:32:36.000Z</time>
        <extensions>
          <ns3:TrackPointExtension/>
        </extensions>
      </trkpt>
      <trkpt lat="43.84027945809066295623779296875" lon="-121.78059666417539119720458984375">
        <ele>1373.5999755859375</ele>
        <time>2025-08-08T16:32:38.000Z</time>
        <extensions>
          <ns3:TrackPointExtension/>
        </extensions>
      </trkpt>
      <trkpt lat="43.84073325432837009429931640625" lon="-121.78046423010528087615966796875">
        <ele>1373.5999755859375</ele>
        <time>2025-08-08T16:32:40.000Z</time>
        <extensions>
          <ns3:TrackPointExtension/>
        </extensions>
      </trkpt>
      <trkpt lat="43.84117908775806427001953125" lon="-121.78034386597573757171630859375">
        <ele>1373.800048828125</ele>
        <time>2025-08-08T16:32:42.000Z</time>
        <extensions>
          <ns3:TrackPointExtension/>
        </extensions>
      </trkpt>
      <trkpt lat="43.84182843379676342010498046875" lon="-121.7801734618842601776123046875">
        <ele>1374.199951171875</ele>
        <time>2025-08-08T16:32:45.000Z</time>
        <extensions>
          <ns3:TrackPointExtension/>
        </extensions>
      </trkpt>
      <trkpt lat="43.842253983020782470703125" lon="-121.78007715381681919097900390625">
        <ele>1374.5999755859375</ele>
        <time>2025-08-08T16:32:47.000Z</time>
        <extensions>
          <ns3:TrackPointExtension/>
        </extensions>
      </trkpt>
      <trkpt lat="43.84290106594562530517578125" lon="-121.7799602262675762176513671875">
        <ele>1375</ele>
        <time>2025-08-08T16:32:50.000Z</time>
        <extensions>
          <ns3:TrackPointExtension/>
        </extensions>
      </trkpt>
      <trkpt lat="43.84334304369986057281494140625" lon="-121.7799149639904499053955078125">
        <ele>1374.4000244140625</ele>
        <time>2025-08-08T16:32:52.000Z</time>
        <extensions>
          <ns3:TrackPointExtension/>
        </extensions>
      </trkpt>
      <trkpt lat="43.84400613605976104736328125" lon="-121.77985352464020252227783203125">
        <ele>1374.5999755859375</ele>
        <time>2025-08-08T16:32:55.000Z</time>
        <extensions>
          <ns3:TrackPointExtension/>
        </extensions>
      </trkpt>
      <trkpt lat="43.84467559866607189178466796875" lon="-121.77980843000113964080810546875">
        <ele>1376.199951171875</ele>
        <time>2025-08-08T16:32:58.000Z</time>
        <extensions>
          <ns3:TrackPointExtension/>
        </extensions>
      </trkpt>
      <trkpt lat="43.84490224532783031463623046875" lon="-121.77980415523052215576171875">
        <ele>1376.4000244140625</ele>
        <time>2025-08-08T16:32:59.000Z</time>
        <extensions>
          <ns3:TrackPointExtension/>
        </extensions>
      </trkpt>
      <trkpt lat="43.84535503573715686798095703125" lon="-121.77980977110564708709716796875">
        <ele>1377.4000244140625</ele>
        <time>2025-08-08T16:33:01.000Z</time>
        <extensions>
          <ns3:TrackPointExtension/>
        </extensions>
      </trkpt>
      <trkpt lat="43.84602558799088001251220703125" lon="-121.77982435561716556549072265625">
        <ele>1379.5999755859375</ele>
        <time>2025-08-08T16:33:04.000Z</time>
        <extensions>
          <ns3:TrackPointExtension/>
        </extensions>
      </trkpt>
      <trkpt lat="43.84625055827200412750244140625" lon="-121.77983575500547885894775390625">
        <ele>1380.5999755859375</ele>
        <time>2025-08-08T16:33:05.000Z</time>
        <extensions>
          <ns3:TrackPointExtension/>
        </extensions>
      </trkpt>
      <trkpt lat="43.84670888073742389678955078125" lon="-121.7798727191984653472900390625">
        <ele>1381.4000244140625</ele>
        <time>2025-08-08T16:33:07.000Z</time>
        <extensions>
          <ns3:TrackPointExtension/>
        </extensions>
      </trkpt>
      <trkpt lat="43.8471639342606067657470703125" lon="-121.7799243517220020294189453125">
        <ele>1382.5999755859375</ele>
        <time>2025-08-08T16:33:09.000Z</time>
        <extensions>
          <ns3:TrackPointExtension/>
        </extensions>
      </trkpt>
      <trkpt lat="43.84761563502252101898193359375" lon="-121.7799853719770908355712890625">
        <ele>1383</ele>
        <time>2025-08-08T16:33:11.000Z</time>
        <extensions>
          <ns3:TrackPointExtension/>
        </extensions>
      </trkpt>
      <trkpt lat="43.84806976653635501861572265625" lon="-121.78006307221949100494384765625">
        <ele>1384.4000244140625</ele>
        <time>2025-08-08T16:33:13.000Z</time>
        <extensions>
          <ns3:TrackPointExtension/>
        </extensions>
      </trkpt>
      <trkpt lat="43.8485345430672168731689453125" lon="-121.7801620624959468841552734375">
        <ele>1385.4000244140625</ele>
        <time>2025-08-08T16:33:15.000Z</time>
        <extensions>
          <ns3:TrackPointExtension/>
        </extensions>
      </trkpt>
      <trkpt lat="43.8489901833236217498779296875" lon="-121.780269853770732879638671875">
        <ele>1387</ele>
        <time>2025-08-08T16:33:17.000Z</time>
        <extensions>
          <ns3:TrackPointExtension/>
        </extensions>
      </trkpt>
      <trkpt lat="43.8494491763412952423095703125" lon="-121.7803989350795745849609375">
        <ele>1386.4000244140625</ele>
        <time>2025-08-08T16:33:19.000Z</time>
        <extensions>
          <ns3:TrackPointExtension/>
        </extensions>
      </trkpt>
      <trkpt lat="43.84991697035729885101318359375" lon="-121.7805271781980991363525390625">
        <ele>1386</ele>
        <time>2025-08-08T16:33:21.000Z</time>
        <extensions>
          <ns3:TrackPointExtension/>
        </extensions>
      </trkpt>
      <trkpt lat="43.85038518346846103668212890625" lon="-121.78065718151628971099853515625">
        <ele>1386</ele>
        <time>2025-08-08T16:33:23.000Z</time>
        <extensions>
          <ns3:TrackPointExtension/>
        </extensions>
      </trkpt>
      <trkpt lat="43.85085574351251125335693359375" lon="-121.7807883583009243011474609375">
        <ele>1385.4000244140625</ele>
        <time>2025-08-08T16:33:25.000Z</time>
        <extensions>
          <ns3:TrackPointExtension/>
        </extensions>
      </trkpt>
      <trkpt lat="43.8510916940867900848388671875" lon="-121.78085164166986942291259765625">
        <ele>1385</ele>
        <time>2025-08-08T16:33:26.000Z</time>
        <extensions>
          <ns3:TrackPointExtension/>
        </extensions>
      </trkpt>
      <trkpt lat="43.85156116448342800140380859375" lon="-121.78097569383680820465087890625">
        <ele>1385.4000244140625</ele>
        <time>2025-08-08T16:33:28.000Z</time>
        <extensions>
          <ns3:TrackPointExtension/>
        </extensions>
      </trkpt>
      <trkpt lat="43.8520237617194652557373046875" lon="-121.7811055295169353485107421875">
        <ele>1385.4000244140625</ele>
        <time>2025-08-08T16:33:30.000Z</time>
        <extensions>
          <ns3:TrackPointExtension/>
        </extensions>
      </trkpt>
      <trkpt lat="43.85247118771076202392578125" lon="-121.7812309227883815765380859375">
        <ele>1386</ele>
        <time>2025-08-08T16:33:32.000Z</time>
        <extensions>
          <ns3:TrackPointExtension/>
        </extensions>
      </trkpt>
      <trkpt lat="43.85291576385498046875" lon="-121.78134382702410221099853515625">
        <ele>1386.199951171875</ele>
        <time>2025-08-08T16:33:34.000Z</time>
        <extensions>
          <ns3:TrackPointExtension/>
        </extensions>
      </trkpt>
      <trkpt lat="43.8535559736192226409912109375" lon="-121.7814957909286022186279296875">
        <ele>1386.800048828125</ele>
        <time>2025-08-08T16:33:37.000Z</time>
        <extensions>
          <ns3:TrackPointExtension/>
        </extensions>
      </trkpt>
      <trkpt lat="43.85397464968264102935791015625" lon="-121.78160618059337139129638671875">
        <ele>1387</ele>
        <time>2025-08-08T16:33:39.000Z</time>
        <extensions>
          <ns3:TrackPointExtension/>
        </extensions>
      </trkpt>
      <trkpt lat="43.85461159050464630126953125" lon="-121.78184674121439456939697265625">
        <ele>1386.4000244140625</ele>
        <time>2025-08-08T16:33:42.000Z</time>
        <extensions>
          <ns3:TrackPointExtension/>
        </extensions>
      </trkpt>
      <trkpt lat="43.85483664460480213165283203125" lon="-121.78196576423943042755126953125">
        <ele>1385.800048828125</ele>
        <time>2025-08-08T16:33:43.000Z</time>
        <extensions>
          <ns3:TrackPointExtension/>
        </extensions>
      </trkpt>
      <trkpt lat="43.85543175972998142242431640625" lon="-121.78236298263072967529296875">
        <ele>1384.199951171875</ele>
        <time>2025-08-08T16:33:46.000Z</time>
        <extensions>
          <ns3:TrackPointExtension/>
        </extensions>
      </trkpt>
      <trkpt lat="43.85562923736870288848876953125" lon="-121.782510839402675628662109375">
        <ele>1384.5999755859375</ele>
        <time>2025-08-08T16:33:47.000Z</time>
        <extensions>
          <ns3:TrackPointExtension/>
        </extensions>
      </trkpt>
      <trkpt lat="43.85602109134197235107421875" lon="-121.78282423876225948333740234375">
        <ele>1385.199951171875</ele>
        <time>2025-08-08T16:33:49.000Z</time>
        <extensions>
          <ns3:TrackPointExtension/>
        </extensions>
      </trkpt>
      <trkpt lat="43.85640841908752918243408203125" lon="-121.7831533960998058319091796875">
        <ele>1385.5999755859375</ele>
        <time>2025-08-08T16:33:51.000Z</time>
        <extensions>
          <ns3:TrackPointExtension/>
        </extensions>
      </trkpt>
      <trkpt lat="43.856791891157627105712890625" lon="-121.78350334055721759796142578125">
        <ele>1386.199951171875</ele>
        <time>2025-08-08T16:33:53.000Z</time>
        <extensions>
          <ns3:TrackPointExtension/>
        </extensions>
      </trkpt>
      <trkpt lat="43.8571839965879917144775390625" lon="-121.78384959697723388671875">
        <ele>1387.199951171875</ele>
        <time>2025-08-08T16:33:55.000Z</time>
        <extensions>
          <ns3:TrackPointExtension/>
        </extensions>
      </trkpt>
      <trkpt lat="43.85757886804640293121337890625" lon="-121.78418847732245922088623046875">
        <ele>1388</ele>
        <time>2025-08-08T16:33:57.000Z</time>
        <extensions>
          <ns3:TrackPointExtension/>
        </extensions>
      </trkpt>
      <trkpt lat="43.85798656381666660308837890625" lon="-121.78448754362761974334716796875">
        <ele>1388.800048828125</ele>
        <time>2025-08-08T16:33:59.000Z</time>
        <extensions>
          <ns3:TrackPointExtension/>
        </extensions>
      </trkpt>
      <trkpt lat="43.85820415802299976348876953125" lon="-121.7846108414232730865478515625">
        <ele>1389.800048828125</ele>
        <time>2025-08-08T16:34:00.000Z</time>
        <extensions>
          <ns3:TrackPointExtension/>
        </extensions>
      </trkpt>
      <trkpt lat="43.85864923708140850067138671875" lon="-121.78479708731174468994140625">
        <ele>1391.199951171875</ele>
        <time>2025-08-08T16:34:02.000Z</time>
        <extensions>
          <ns3:TrackPointExtension/>
        </extensions>
      </trkpt>
      <trkpt lat="43.8588828407227993011474609375" lon="-121.7848562635481357574462890625">
        <ele>1391.5999755859375</ele>
        <time>2025-08-08T16:34:03.000Z</time>
        <extensions>
          <ns3:TrackPointExtension/>
        </extensions>
      </trkpt>
      <trkpt lat="43.8593532331287860870361328125" lon="-121.78492273204028606414794921875">
        <ele>1392.800048828125</ele>
        <time>2025-08-08T16:34:05.000Z</time>
        <extensions>
          <ns3:TrackPointExtension/>
        </extensions>
      </trkpt>
      <trkpt lat="43.8595889322459697723388671875" lon="-121.78492792882025241851806640625">
        <ele>1393.199951171875</ele>
        <time>2025-08-08T16:34:06.000Z</time>
        <extensions>
          <ns3:TrackPointExtension/>
        </extensions>
      </trkpt>
      <trkpt lat="43.86006225831806659698486328125" lon="-121.78486892022192478179931640625">
        <ele>1394.5999755859375</ele>
        <time>2025-08-08T16:34:08.000Z</time>
        <extensions>
          <ns3:TrackPointExtension/>
        </extensions>
      </trkpt>
      <trkpt lat="43.8602950237691402435302734375" lon="-121.78481527604162693023681640625">
        <ele>1395.4000244140625</ele>
        <time>2025-08-08T16:34:09.000Z</time>
        <extensions>
          <ns3:TrackPointExtension/>
        </extensions>
      </trkpt>
      <trkpt lat="43.86074773035943508148193359375" lon="-121.78465551696717739105224609375">
        <ele>1396.199951171875</ele>
        <time>2025-08-08T16:34:11.000Z</time>
        <extensions>
          <ns3:TrackPointExtension/>
        </extensions>
      </trkpt>
      <trkpt lat="43.860961385071277618408203125" lon="-121.7845474742352962493896484375">
        <ele>1396.199951171875</ele>
        <time>2025-08-08T16:34:12.000Z</time>
        <extensions>
          <ns3:TrackPointExtension/>
        </extensions>
      </trkpt>
      <trkpt lat="43.861560858786106109619140625" lon="-121.78419367410242557525634765625">
        <ele>1396.4000244140625</ele>
        <time>2025-08-08T16:34:15.000Z</time>
        <extensions>
          <ns3:TrackPointExtension/>
        </extensions>
      </trkpt>
      <trkpt lat="43.8619754277169704437255859375" lon="-121.783960573375225067138671875">
        <ele>1397.5999755859375</ele>
        <time>2025-08-08T16:34:17.000Z</time>
        <extensions>
          <ns3:TrackPointExtension/>
        </extensions>
      </trkpt>
      <trkpt lat="43.862590827047824859619140625" lon="-121.7835929431021213531494140625">
        <ele>1401.5999755859375</ele>
        <time>2025-08-08T16:34:20.000Z</time>
        <extensions>
          <ns3:TrackPointExtension/>
        </extensions>
      </trkpt>
      <trkpt lat="43.863212428987026214599609375" lon="-121.78323612548410892486572265625">
        <ele>1405.199951171875</ele>
        <time>2025-08-08T16:34:23.000Z</time>
        <extensions>
          <ns3:TrackPointExtension/>
        </extensions>
      </trkpt>
      <trkpt lat="43.86342105455696582794189453125" lon="-121.7831158451735973358154296875">
        <ele>1406</ele>
        <time>2025-08-08T16:34:24.000Z</time>
        <extensions>
          <ns3:TrackPointExtension/>
        </extensions>
      </trkpt>
      <trkpt lat="43.8638388924300670623779296875" lon="-121.78287453018128871917724609375">
        <ele>1406.5999755859375</ele>
        <time>2025-08-08T16:34:26.000Z</time>
        <extensions>
          <ns3:TrackPointExtension/>
        </extensions>
      </trkpt>
      <trkpt lat="43.86426008306443691253662109375" lon="-121.7826367355883121490478515625">
        <ele>1407.199951171875</ele>
        <time>2025-08-08T16:34:28.000Z</time>
        <extensions>
          <ns3:TrackPointExtension/>
        </extensions>
      </trkpt>
      <trkpt lat="43.86468152515590190887451171875" lon="-121.7824043892323970794677734375">
        <ele>1408.4000244140625</ele>
        <time>2025-08-08T16:34:30.000Z</time>
        <extensions>
          <ns3:TrackPointExtension/>
        </extensions>
      </trkpt>
      <trkpt lat="43.8651050627231597900390625" lon="-121.78216793574392795562744140625">
        <ele>1408</ele>
        <time>2025-08-08T16:34:32.000Z</time>
        <extensions>
          <ns3:TrackPointExtension/>
        </extensions>
      </trkpt>
      <trkpt lat="43.8653142750263214111328125" lon="-121.78205159492790699005126953125">
        <ele>1407.800048828125</ele>
        <time>2025-08-08T16:34:33.000Z</time>
        <extensions>
          <ns3:TrackPointExtension/>
        </extensions>
      </trkpt>
      <trkpt lat="43.865938223898410797119140625" lon="-121.781695783138275146484375">
        <ele>1407</ele>
        <time>2025-08-08T16:34:36.000Z</time>
        <extensions>
          <ns3:TrackPointExtension/>
        </extensions>
      </trkpt>
      <trkpt lat="43.8663551397621631622314453125" lon="-121.78145765326917171478271484375">
        <ele>1406.5999755859375</ele>
        <time>2025-08-08T16:34:38.000Z</time>
        <extensions>
          <ns3:TrackPointExtension/>
        </extensions>
      </trkpt>
      <trkpt lat="43.86676962487399578094482421875" lon="-121.7812101356685161590576171875">
        <ele>1406.199951171875</ele>
        <time>2025-08-08T16:34:40.000Z</time>
        <extensions>
          <ns3:TrackPointExtension/>
        </extensions>
      </trkpt>
      <trkpt lat="43.86737697757780551910400390625" lon="-121.78080596029758453369140625">
        <ele>1405</ele>
        <time>2025-08-08T16:34:43.000Z</time>
        <extensions>
          <ns3:TrackPointExtension/>
        </extensions>
      </trkpt>
      <trkpt lat="43.86798148043453693389892578125" lon="-121.78041703999042510986328125">
        <ele>1405.800048828125</ele>
        <time>2025-08-08T16:34:46.000Z</time>
        <extensions>
          <ns3:TrackPointExtension/>
        </extensions>
      </trkpt>
      <trkpt lat="43.868582881987094879150390625" lon="-121.7800349928438663482666015625">
        <ele>1408.199951171875</ele>
        <time>2025-08-08T16:34:49.000Z</time>
        <extensions>
          <ns3:TrackPointExtension/>
        </extensions>
      </trkpt>
      <trkpt lat="43.86898227967321872711181640625" lon="-121.77977624349296092987060546875">
        <ele>1409.5999755859375</ele>
        <time>2025-08-08T16:34:51.000Z</time>
        <extensions>
          <ns3:TrackPointExtension/>
        </extensions>
      </trkpt>
      <trkpt lat="43.869588039815425872802734375" lon="-121.779380030930042266845703125">
        <ele>1411</ele>
        <time>2025-08-08T16:34:54.000Z</time>
        <extensions>
          <ns3:TrackPointExtension/>
        </extensions>
      </trkpt>
      <trkpt lat="43.87018977664411067962646484375" lon="-121.77899739705026149749755859375">
        <ele>1412.199951171875</ele>
        <time>2025-08-08T16:34:57.000Z</time>
        <extensions>
          <ns3:TrackPointExtension/>
        </extensions>
      </trkpt>
      <trkpt lat="43.8707757554948329925537109375" lon="-121.77862557582557201385498046875">
        <ele>1412.800048828125</ele>
        <time>2025-08-08T16:35:00.000Z</time>
        <extensions>
          <ns3:TrackPointExtension/>
        </extensions>
      </trkpt>
      <trkpt lat="43.8709742389619350433349609375" lon="-121.7785031162202358245849609375">
        <ele>1412.800048828125</ele>
        <time>2025-08-08T16:35:01.000Z</time>
        <extensions>
          <ns3:TrackPointExtension/>
        </extensions>
      </trkpt>
      <trkpt lat="43.8715797476470470428466796875" lon="-121.77812735550105571746826171875">
        <ele>1412.199951171875</ele>
        <time>2025-08-08T16:35:04.000Z</time>
        <extensions>
          <ns3:TrackPointExtension/>
        </extensions>
      </trkpt>
      <trkpt lat="43.87218751944601535797119140625" lon="-121.77773374132812023162841796875">
        <ele>1410.199951171875</ele>
        <time>2025-08-08T16:35:07.000Z</time>
        <extensions>
          <ns3:TrackPointExtension/>
        </extensions>
      </trkpt>
      <trkpt lat="43.8725986517965793609619140625" lon="-121.7774761654436588287353515625">
        <ele>1408.800048828125</ele>
        <time>2025-08-08T16:35:09.000Z</time>
        <extensions>
          <ns3:TrackPointExtension/>
        </extensions>
      </trkpt>
      <trkpt lat="43.8730073533952236175537109375" lon="-121.777234934270381927490234375">
        <ele>1407.800048828125</ele>
        <time>2025-08-08T16:35:11.000Z</time>
        <extensions>
          <ns3:TrackPointExtension/>
        </extensions>
      </trkpt>
      <trkpt lat="43.8736049830913543701171875" lon="-121.77684743888676166534423828125">
        <ele>1407.800048828125</ele>
        <time>2025-08-08T16:35:14.000Z</time>
        <extensions>
          <ns3:TrackPointExtension/>
        </extensions>
      </trkpt>
      <trkpt lat="43.87420135550200939178466796875" lon="-121.776444353163242340087890625">
        <ele>1408.800048828125</ele>
        <time>2025-08-08T16:35:17.000Z</time>
        <extensions>
          <ns3:TrackPointExtension/>
        </extensions>
      </trkpt>
      <trkpt lat="43.87440025806427001953125" lon="-121.77631367929279804229736328125">
        <ele>1409.199951171875</ele>
        <time>2025-08-08T16:35:18.000Z</time>
        <extensions>
          <ns3:TrackPointExtension/>
        </extensions>
      </trkpt>
      <trkpt lat="43.874998725950717926025390625" lon="-121.7759389244019985198974609375">
        <ele>1410.199951171875</ele>
        <time>2025-08-08T16:35:21.000Z</time>
        <extensions>
          <ns3:TrackPointExtension/>
        </extensions>
      </trkpt>
      <trkpt lat="43.87559945695102214813232421875" lon="-121.775562576949596405029296875">
        <ele>1411.5999755859375</ele>
        <time>2025-08-08T16:35:24.000Z</time>
        <extensions>
          <ns3:TrackPointExtension/>
        </extensions>
      </trkpt>
      <trkpt lat="43.87580062262713909149169921875" lon="-121.77543349564075469970703125">
        <ele>1412.199951171875</ele>
        <time>2025-08-08T16:35:25.000Z</time>
        <extensions>
          <ns3:TrackPointExtension/>
        </extensions>
      </trkpt>
      <trkpt lat="43.8764147646725177764892578125" lon="-121.775040216743946075439453125">
        <ele>1414</ele>
        <time>2025-08-08T16:35:28.000Z</time>
        <extensions>
          <ns3:TrackPointExtension/>
        </extensions>
      </trkpt>
      <trkpt lat="43.87683662585914134979248046875" lon="-121.774774678051471710205078125">
        <ele>1415.4000244140625</ele>
        <time>2025-08-08T16:35:30.000Z</time>
        <extensions>
          <ns3:TrackPointExtension/>
        </extensions>
      </trkpt>
      <trkpt lat="43.8772670365869998931884765625" lon="-121.77450335584580898284912109375">
        <ele>1416.5999755859375</ele>
        <time>2025-08-08T16:35:32.000Z</time>
        <extensions>
          <ns3:TrackPointExtension/>
        </extensions>
      </trkpt>
      <trkpt lat="43.87770113535225391387939453125" lon="-121.77422189153730869293212890625">
        <ele>1417.800048828125</ele>
        <time>2025-08-08T16:35:34.000Z</time>
        <extensions>
          <ns3:TrackPointExtension/>
        </extensions>
      </trkpt>
      <trkpt lat="43.878138922154903411865234375" lon="-121.77394193597137928009033203125">
        <ele>1419.199951171875</ele>
        <time>2025-08-08T16:35:36.000Z</time>
        <extensions>
          <ns3:TrackPointExtension/>
        </extensions>
      </trkpt>
      <trkpt lat="43.87857913970947265625" lon="-121.77366591989994049072265625">
        <ele>1420.4000244140625</ele>
        <time>2025-08-08T16:35:38.000Z</time>
        <extensions>
          <ns3:TrackPointExtension/>
        </extensions>
      </trkpt>
      <trkpt lat="43.87901893816888332366943359375" lon="-121.773384623229503631591796875">
        <ele>1421.5999755859375</ele>
        <time>2025-08-08T16:35:40.000Z</time>
        <extensions>
          <ns3:TrackPointExtension/>
        </extensions>
      </trkpt>
      <trkpt lat="43.87923963367938995361328125" lon="-121.77324213087558746337890625">
        <ele>1422</ele>
        <time>2025-08-08T16:35:41.000Z</time>
        <extensions>
          <ns3:TrackPointExtension/>
        </extensions>
      </trkpt>
      <trkpt lat="43.87968219816684722900390625" lon="-121.77295722998678684234619140625">
        <ele>1423.199951171875</ele>
        <time>2025-08-08T16:35:43.000Z</time>
        <extensions>
          <ns3:TrackPointExtension/>
        </extensions>
      </trkpt>
      <trkpt lat="43.88012132607400417327880859375" lon="-121.7726706527173519134521484375">
        <ele>1424.199951171875</ele>
        <time>2025-08-08T16:35:45.000Z</time>
        <extensions>
          <ns3:TrackPointExtension/>
        </extensions>
      </trkpt>
      <trkpt lat="43.8805594481527805328369140625" lon="-121.77238759584724903106689453125">
        <ele>1425.199951171875</ele>
        <time>2025-08-08T16:35:47.000Z</time>
        <extensions>
          <ns3:TrackPointExtension/>
        </extensions>
      </trkpt>
      <trkpt lat="43.880999498069286346435546875" lon="-121.7721137590706348419189453125">
        <ele>1426.4000244140625</ele>
        <time>2025-08-08T16:35:49.000Z</time>
        <extensions>
          <ns3:TrackPointExtension/>
        </extensions>
      </trkpt>
      <trkpt lat="43.88143862597644329071044921875" lon="-121.77183128893375396728515625">
        <ele>1427.4000244140625</ele>
        <time>2025-08-08T16:35:51.000Z</time>
        <extensions>
          <ns3:TrackPointExtension/>
        </extensions>
      </trkpt>
      <trkpt lat="43.88187414966523647308349609375" lon="-121.7715508304536342620849609375">
        <ele>1428.800048828125</ele>
        <time>2025-08-08T16:35:53.000Z</time>
        <extensions>
          <ns3:TrackPointExtension/>
        </extensions>
      </trkpt>
      <trkpt lat="43.8823020458221435546875" lon="-121.7712767422199249267578125">
        <ele>1430.199951171875</ele>
        <time>2025-08-08T16:35:55.000Z</time>
        <extensions>
          <ns3:TrackPointExtension/>
        </extensions>
      </trkpt>
      <trkpt lat="43.88273463584482669830322265625" lon="-121.77100089378654956817626953125">
        <ele>1430.4000244140625</ele>
        <time>2025-08-08T16:35:57.000Z</time>
        <extensions>
          <ns3:TrackPointExtension/>
        </extensions>
      </trkpt>
      <trkpt lat="43.88316865079104900360107421875" lon="-121.77072227932512760162353515625">
        <ele>1431</ele>
        <time>2025-08-08T16:35:59.000Z</time>
        <extensions>
          <ns3:TrackPointExtension/>
        </extensions>
      </trkpt>
      <trkpt lat="43.88359813950955867767333984375" lon="-121.7704390548169612884521484375">
        <ele>1431.4000244140625</ele>
        <time>2025-08-08T16:36:01.000Z</time>
        <extensions>
          <ns3:TrackPointExtension/>
        </extensions>
      </trkpt>
      <trkpt lat="43.88402494601905345916748046875" lon="-121.7701634578406810760498046875">
        <ele>1432.5999755859375</ele>
        <time>2025-08-08T16:36:03.000Z</time>
        <extensions>
          <ns3:TrackPointExtension/>
        </extensions>
      </trkpt>
      <trkpt lat="43.88444554992020130157470703125" lon="-121.76989448256790637969970703125">
        <ele>1432.800048828125</ele>
        <time>2025-08-08T16:36:05.000Z</time>
        <extensions>
          <ns3:TrackPointExtension/>
        </extensions>
      </trkpt>
      <trkpt lat="43.88487202115356922149658203125" lon="-121.769623495638370513916015625">
        <ele>1433.5999755859375</ele>
        <time>2025-08-08T16:36:07.000Z</time>
        <extensions>
          <ns3:TrackPointExtension/>
        </extensions>
      </trkpt>
      <trkpt lat="43.88531483709812164306640625" lon="-121.76935468800365924835205078125">
        <ele>1434.199951171875</ele>
        <time>2025-08-08T16:36:09.000Z</time>
        <extensions>
          <ns3:TrackPointExtension/>
        </extensions>
      </trkpt>
      <trkpt lat="43.88575798831880092620849609375" lon="-121.76907397806644439697265625">
        <ele>1434.800048828125</ele>
        <time>2025-08-08T16:36:11.000Z</time>
        <extensions>
          <ns3:TrackPointExtension/>
        </extensions>
      </trkpt>
      <trkpt lat="43.8862031511962413787841796875" lon="-121.76879226230084896087646484375">
        <ele>1435.199951171875</ele>
        <time>2025-08-08T16:36:13.000Z</time>
        <extensions>
          <ns3:TrackPointExtension/>
        </extensions>
      </trkpt>
      <trkpt lat="43.8866458833217620849609375" lon="-121.76851465366780757904052734375">
        <ele>1435.800048828125</ele>
        <time>2025-08-08T16:36:15.000Z</time>
        <extensions>
          <ns3:TrackPointExtension/>
        </extensions>
      </trkpt>
      <trkpt lat="43.8868659920990467071533203125" lon="-121.76837869919836521148681640625">
        <ele>1436</ele>
        <time>2025-08-08T16:36:16.000Z</time>
        <extensions>
          <ns3:TrackPointExtension/>
        </extensions>
      </trkpt>
      <trkpt lat="43.88729967176914215087890625" lon="-121.76810494624078273773193359375">
        <ele>1436.5999755859375</ele>
        <time>2025-08-08T16:36:18.000Z</time>
        <extensions>
          <ns3:TrackPointExtension/>
        </extensions>
      </trkpt>
      <trkpt lat="43.88773025013506412506103515625" lon="-121.76782918162643909454345703125">
        <ele>1437.199951171875</ele>
        <time>2025-08-08T16:36:20.000Z</time>
        <extensions>
          <ns3:TrackPointExtension/>
        </extensions>
      </trkpt>
      <trkpt lat="43.8881608285009860992431640625" lon="-121.76755727268755435943603515625">
        <ele>1437.800048828125</ele>
        <time>2025-08-08T16:36:22.000Z</time>
        <extensions>
          <ns3:TrackPointExtension/>
        </extensions>
      </trkpt>
      <trkpt lat="43.8885946758091449737548828125" lon="-121.76731168292462825775146484375">
        <ele>1438.4000244140625</ele>
        <time>2025-08-08T16:36:24.000Z</time>
        <extensions>
          <ns3:TrackPointExtension/>
        </extensions>
      </trkpt>
      <trkpt lat="43.88903749175369739532470703125" lon="-121.76710649393498897552490234375">
        <ele>1438.800048828125</ele>
        <time>2025-08-08T16:36:26.000Z</time>
        <extensions>
          <ns3:TrackPointExtension/>
        </extensions>
      </trkpt>
      <trkpt lat="43.88948776759207248687744140625" lon="-121.7669491656124591827392578125">
        <ele>1439.199951171875</ele>
        <time>2025-08-08T16:36:28.000Z</time>
        <extensions>
          <ns3:TrackPointExtension/>
        </extensions>
      </trkpt>
      <trkpt lat="43.88994692824780941009521484375" lon="-121.76684263162314891815185546875">
        <ele>1439.5999755859375</ele>
        <time>2025-08-08T16:36:30.000Z</time>
        <extensions>
          <ns3:TrackPointExtension/>
        </extensions>
      </trkpt>
      <trkpt lat="43.89041782356798648834228515625" lon="-121.766791082918643951416015625">
        <ele>1440.199951171875</ele>
        <time>2025-08-08T16:36:32.000Z</time>
        <extensions>
          <ns3:TrackPointExtension/>
        </extensions>
      </trkpt>
      <trkpt lat="43.89088712632656097412109375" lon="-121.76678764633834362030029296875">
        <ele>1440.5999755859375</ele>
        <time>2025-08-08T16:36:34.000Z</time>
        <extensions>
          <ns3:TrackPointExtension/>
        </extensions>
      </trkpt>
      <trkpt lat="43.89135056175291538238525390625" lon="-121.7668321542441844940185546875">
        <ele>1440.5999755859375</ele>
        <time>2025-08-08T16:36:36.000Z</time>
        <extensions>
          <ns3:TrackPointExtension/>
        </extensions>
      </trkpt>
      <trkpt lat="43.89181005768477916717529296875" lon="-121.76692158915102481842041015625">
        <ele>1440.5999755859375</ele>
        <time>2025-08-08T16:36:38.000Z</time>
        <extensions>
          <ns3:TrackPointExtension/>
        </extensions>
      </trkpt>
      <trkpt lat="43.892266117036342620849609375" lon="-121.76705922000110149383544921875">
        <ele>1441.199951171875</ele>
        <time>2025-08-08T16:36:40.000Z</time>
        <extensions>
          <ns3:TrackPointExtension/>
        </extensions>
      </trkpt>
      <trkpt lat="43.89271094463765621185302734375" lon="-121.7672425322234630584716796875">
        <ele>1442</ele>
        <time>2025-08-08T16:36:42.000Z</time>
        <extensions>
          <ns3:TrackPointExtension/>
        </extensions>
      </trkpt>
      <trkpt lat="43.89314495958387851715087890625" lon="-121.76747001707553863525390625">
        <ele>1443</ele>
        <time>2025-08-08T16:36:44.000Z</time>
        <extensions>
          <ns3:TrackPointExtension/>
        </extensions>
      </trkpt>
      <trkpt lat="43.89356103725731372833251953125" lon="-121.76773295737802982330322265625">
        <ele>1444</ele>
        <time>2025-08-08T16:36:46.000Z</time>
        <extensions>
          <ns3:TrackPointExtension/>
        </extensions>
      </trkpt>
      <trkpt lat="43.893963955342769622802734375" lon="-121.76803596317768096923828125">
        <ele>1445.5999755859375</ele>
        <time>2025-08-08T16:36:48.000Z</time>
        <extensions>
          <ns3:TrackPointExtension/>
        </extensions>
      </trkpt>
      <trkpt lat="43.89436217956244945526123046875" lon="-121.76836612634360790252685546875">
        <ele>1446.800048828125</ele>
        <time>2025-08-08T16:36:50.000Z</time>
        <extensions>
          <ns3:TrackPointExtension/>
        </extensions>
      </trkpt>
      <trkpt lat="43.89476065523922443389892578125" lon="-121.76871162839233875274658203125">
        <ele>1448.4000244140625</ele>
        <time>2025-08-08T16:36:52.000Z</time>
        <extensions>
          <ns3:TrackPointExtension/>
        </extensions>
      </trkpt>
      <trkpt lat="43.89515594579279422760009765625" lon="-121.76905729807913303375244140625">
        <ele>1449.5999755859375</ele>
        <time>2025-08-08T16:36:54.000Z</time>
        <extensions>
          <ns3:TrackPointExtension/>
        </extensions>
      </trkpt>
      <trkpt lat="43.895552158355712890625" lon="-121.7693970166146755218505859375">
        <ele>1450.800048828125</ele>
        <time>2025-08-08T16:36:56.000Z</time>
        <extensions>
          <ns3:TrackPointExtension/>
        </extensions>
      </trkpt>
      <trkpt lat="43.89594652689993381500244140625" lon="-121.769737489521503448486328125">
        <ele>1451.800048828125</ele>
        <time>2025-08-08T16:36:58.000Z</time>
        <extensions>
          <ns3:TrackPointExtension/>
        </extensions>
      </trkpt>
      <trkpt lat="43.89634215272963047027587890625" lon="-121.7700789682567119598388671875">
        <ele>1452.4000244140625</ele>
        <time>2025-08-08T16:37:00.000Z</time>
        <extensions>
          <ns3:TrackPointExtension/>
        </extensions>
      </trkpt>
      <trkpt lat="43.89673526398837566375732421875" lon="-121.7704155854880809783935546875">
        <ele>1452.5999755859375</ele>
        <time>2025-08-08T16:37:02.000Z</time>
        <extensions>
          <ns3:TrackPointExtension/>
        </extensions>
      </trkpt>
      <trkpt lat="43.89712519012391567230224609375" lon="-121.7707488499581813812255859375">
        <ele>1452.199951171875</ele>
        <time>2025-08-08T16:37:04.000Z</time>
        <extensions>
          <ns3:TrackPointExtension/>
        </extensions>
      </trkpt>
      <trkpt lat="43.89751578681170940399169921875" lon="-121.77107867784798145294189453125">
        <ele>1451.4000244140625</ele>
        <time>2025-08-08T16:37:06.000Z</time>
        <extensions>
          <ns3:TrackPointExtension/>
        </extensions>
      </trkpt>
      <trkpt lat="43.89790671877562999725341796875" lon="-121.77141018211841583251953125">
        <ele>1450.5999755859375</ele>
        <time>2025-08-08T16:37:08.000Z</time>
        <extensions>
          <ns3:TrackPointExtension/>
        </extensions>
      </trkpt>
      <trkpt lat="43.89829999767243862152099609375" lon="-121.77174017764627933502197265625">
        <ele>1450.199951171875</ele>
        <time>2025-08-08T16:37:10.000Z</time>
        <extensions>
          <ns3:TrackPointExtension/>
        </extensions>
      </trkpt>
      <trkpt lat="43.8986858166754245758056640625" lon="-121.77206573076546192169189453125">
        <ele>1450</ele>
        <time>2025-08-08T16:37:12.000Z</time>
        <extensions>
          <ns3:TrackPointExtension/>
        </extensions>
      </trkpt>
      <trkpt lat="43.899240531027317047119140625" lon="-121.7725293338298797607421875">
        <ele>1450.800048828125</ele>
        <time>2025-08-08T16:37:15.000Z</time>
        <extensions>
          <ns3:TrackPointExtension/>
        </extensions>
      </trkpt>
      <trkpt lat="43.89975828118622303009033203125" lon="-121.77296125330030918121337890625">
        <ele>1452</ele>
        <time>2025-08-08T16:37:18.000Z</time>
        <extensions>
          <ns3:TrackPointExtension/>
        </extensions>
      </trkpt>
      <trkpt lat="43.90022699721157550811767578125" lon="-121.773358471691608428955078125">
        <ele>1454</ele>
        <time>2025-08-08T16:37:21.000Z</time>
        <extensions>
          <ns3:TrackPointExtension/>
        </extensions>
      </trkpt>
      <trkpt lat="43.90052162110805511474609375" lon="-121.77360917441546916961669921875">
        <ele>1455.199951171875</ele>
        <time>2025-08-08T16:37:23.000Z</time>
        <extensions>
          <ns3:TrackPointExtension/>
        </extensions>
      </trkpt>
      <trkpt lat="43.90096376650035381317138671875" lon="-121.7739829234778881072998046875">
        <ele>1456.4000244140625</ele>
        <time>2025-08-08T16:37:26.000Z</time>
        <extensions>
          <ns3:TrackPointExtension/>
        </extensions>
      </trkpt>
      <trkpt lat="43.90143533237278461456298828125" lon="-121.77438206970691680908203125">
        <ele>1457</ele>
        <time>2025-08-08T16:37:29.000Z</time>
        <extensions>
          <ns3:TrackPointExtension/>
        </extensions>
      </trkpt>
      <trkpt lat="43.901921398937702178955078125" lon="-121.77479739300906658172607421875">
        <ele>1456.800048828125</ele>
        <time>2025-08-08T16:37:32.000Z</time>
        <extensions>
          <ns3:TrackPointExtension/>
        </extensions>
      </trkpt>
      <trkpt lat="43.9023936353623867034912109375" lon="-121.7751959525048732757568359375">
        <ele>1456.5999755859375</ele>
        <time>2025-08-08T16:37:35.000Z</time>
        <extensions>
          <ns3:TrackPointExtension/>
        </extensions>
      </trkpt>
      <trkpt lat="43.90284064225852489471435546875" lon="-121.7755707912147045135498046875">
        <ele>1455.800048828125</ele>
        <time>2025-08-08T16:37:38.000Z</time>
        <extensions>
          <ns3:TrackPointExtension/>
        </extensions>
      </trkpt>
      <trkpt lat="43.90323325060307979583740234375" lon="-121.77590145729482173919677734375">
        <ele>1455.5999755859375</ele>
        <time>2025-08-08T16:37:41.000Z</time>
        <extensions>
          <ns3:TrackPointExtension/>
        </extensions>
      </trkpt>
      <trkpt lat="43.903342299163341522216796875" lon="-121.77599248476326465606689453125">
        <ele>1455.199951171875</ele>
        <time>2025-08-08T16:37:42.000Z</time>
        <extensions>
          <ns3:TrackPointExtension/>
        </extensions>
      </trkpt>
      <trkpt lat="43.903585039079189300537109375" lon="-121.77619063295423984527587890625">
        <ele>1454.800048828125</ele>
        <time>2025-08-08T16:37:45.000Z</time>
        <extensions>
          <ns3:TrackPointExtension/>
        </extensions>
      </trkpt>
      <trkpt lat="43.903629966080188751220703125" lon="-121.77624612115323543548583984375">
        <ele>1454.800048828125</ele>
        <time>2025-08-08T16:37:46.000Z</time>
        <extensions>
          <ns3:TrackPointExtension/>
        </extensions>
      </trkpt>
      <trkpt lat="43.90364849008619785308837890625" lon="-121.7763060517609119415283203125">
        <ele>1454.4000244140625</ele>
        <time>2025-08-08T16:37:47.000Z</time>
        <extensions>
          <ns3:TrackPointExtension/>
        </extensions>
      </trkpt>
      <trkpt lat="43.90364547260105609893798828125" lon="-121.77637134678661823272705078125">
        <ele>1454.199951171875</ele>
        <time>2025-08-08T16:37:48.000Z</time>
        <extensions>
          <ns3:TrackPointExtension/>
        </extensions>
      </trkpt>
      <trkpt lat="43.90358394943177700042724609375" lon="-121.7764753662049770355224609375">
        <ele>1454.4000244140625</ele>
        <time>2025-08-08T16:37:50.000Z</time>
        <extensions>
          <ns3:TrackPointExtension/>
        </extensions>
      </trkpt>
      <trkpt lat="43.90347414650022983551025390625" lon="-121.7766537331044673919677734375">
        <ele>1455.199951171875</ele>
        <time>2025-08-08T16:37:53.000Z</time>
        <extensions>
          <ns3:TrackPointExtension/>
        </extensions>
      </trkpt>
      <trkpt lat="43.90332226641476154327392578125" lon="-121.77694785408675670623779296875">
        <ele>1457.199951171875</ele>
        <time>2025-08-08T16:37:58.000Z</time>
        <extensions>
          <ns3:TrackPointExtension/>
        </extensions>
      </trkpt>
      <trkpt lat="43.903315477073192596435546875" lon="-121.777000240981578826904296875">
        <ele>1457.800048828125</ele>
        <time>2025-08-08T16:37:59.000Z</time>
        <extensions>
          <ns3:TrackPointExtension/>
        </extensions>
      </trkpt>
      <trkpt lat="43.90332394279539585113525390625" lon="-121.77705028094351291656494140625">
        <ele>1458</ele>
        <time>2025-08-08T16:38:00.000Z</time>
        <extensions>
          <ns3:TrackPointExtension/>
        </extensions>
      </trkpt>
      <trkpt lat="43.90337205491960048675537109375" lon="-121.777125298976898193359375">
        <ele>1457.800048828125</ele>
        <time>2025-08-08T16:38:02.000Z</time>
        <extensions>
          <ns3:TrackPointExtension/>
        </extensions>
      </trkpt>
      <trkpt lat="43.90344212763011455535888671875" lon="-121.77715857513248920440673828125">
        <ele>1457.5999755859375</ele>
        <time>2025-08-08T16:38:04.000Z</time>
        <extensions>
          <ns3:TrackPointExtension/>
        </extensions>
      </trkpt>
      <trkpt lat="43.903483450412750244140625" lon="-121.777159161865711212158203125">
        <ele>1457.5999755859375</ele>
        <time>2025-08-08T16:38:05.000Z</time>
        <extensions>
          <ns3:TrackPointExtension/>
        </extensions>
      </trkpt>
      <trkpt lat="43.90368989668786525726318359375" lon="-121.7770651169121265411376953125">
        <ele>1456.800048828125</ele>
        <time>2025-08-08T16:38:10.000Z</time>
        <extensions>
          <ns3:TrackPointExtension/>
        </extensions>
      </trkpt>
      <trkpt lat="43.9039327204227447509765625" lon="-121.7769836448132991790771484375">
        <ele>1458</ele>
        <time>2025-08-08T16:38:17.000Z</time>
        <extensions>
          <ns3:TrackPointExtension/>
        </extensions>
      </trkpt>
      <trkpt lat="43.904065825045108795166015625" lon="-121.77703854627907276153564453125">
        <ele>1457.5999755859375</ele>
        <time>2025-08-08T16:38:22.000Z</time>
        <extensions>
          <ns3:TrackPointExtension/>
        </extensions>
      </trkpt>
      <trkpt lat="43.90414637513458728790283203125" lon="-121.77717349492013454437255859375">
        <ele>1458.199951171875</ele>
        <time>2025-08-08T16:38:28.000Z</time>
        <extensions>
          <ns3:TrackPointExtension/>
        </extensions>
      </trkpt>
      <trkpt lat="43.90414335764944553375244140625" lon="-121.77722445689141750335693359375">
        <ele>1459</ele>
        <time>2025-08-08T16:38:30.000Z</time>
        <extensions>
          <ns3:TrackPointExtension/>
        </extensions>
      </trkpt>
      <trkpt lat="43.90412692911922931671142578125" lon="-121.7772977985441684722900390625">
        <ele>1459.800048828125</ele>
        <time>2025-08-08T16:38:33.000Z</time>
        <extensions>
          <ns3:TrackPointExtension/>
        </extensions>
      </trkpt>
      <trkpt lat="43.904005475342273712158203125" lon="-121.77737667225301265716552734375">
        <ele>1459.800048828125</ele>
        <time>2025-08-08T16:38:39.000Z</time>
        <extensions>
          <ns3:TrackPointExtension/>
        </extensions>
      </trkpt>
      <trkpt lat="43.90397303737699985504150390625" lon="-121.777411960065364837646484375">
        <ele>1459.4000244140625</ele>
        <time>2025-08-08T16:38:42.000Z</time>
        <extensions>
          <ns3:TrackPointExtension/>
        </extensions>
      </trkpt>
      <trkpt lat="43.903972618281841278076171875" lon="-121.77741623483598232269287109375">
        <ele>1459.199951171875</ele>
        <time>2025-08-08T16:38:43.000Z</time>
        <extensions>
          <ns3:TrackPointExtension/>
        </extensions>
      </trkpt>
      <trkpt lat="43.9039747975766658782958984375" lon="-121.77741589955985546112060546875">
        <ele>1459.199951171875</ele>
        <time>2025-08-08T16:38:44.000Z</time>
        <extensions>
          <ns3:TrackPointExtension/>
        </extensions>
      </trkpt>
      <trkpt lat="43.90398359857499599456787109375" lon="-121.77740667946636676788330078125">
        <ele>1459.199951171875</ele>
        <time>2025-08-08T16:38:46.000Z</time>
        <extensions>
          <ns3:TrackPointExtension/>
        </extensions>
      </trkpt>
      <trkpt lat="43.90400522388517856597900390625" lon="-121.777405254542827606201171875">
        <ele>1459.5999755859375</ele>
        <time>2025-08-08T16:38:52.000Z</time>
        <extensions>
          <ns3:TrackPointExtension/>
        </extensions>
      </trkpt>
      <trkpt lat="43.90398032963275909423828125" lon="-121.77749368362128734588623046875">
        <ele>1460.800048828125</ele>
        <time>2025-08-08T16:39:00.000Z</time>
        <extensions>
          <ns3:TrackPointExtension/>
        </extensions>
      </trkpt>
      <trkpt lat="43.90399097464978694915771484375" lon="-121.7774959467351436614990234375">
        <ele>1461</ele>
        <time>2025-08-08T16:39:04.000Z</time>
        <extensions>
          <ns3:TrackPointExtension/>
        </extensions>
      </trkpt>
      <trkpt lat="43.90399248339235782623291015625" lon="-121.7774952761828899383544921875">
        <ele>1461</ele>
        <time>2025-08-08T16:39:11.000Z</time>
        <extensions>
          <ns3:TrackPointExtension/>
        </extensions>
      </trkpt>
      <trkpt lat="43.9039838500320911407470703125" lon="-121.77747624926269054412841796875">
        <ele>1460.800048828125</ele>
        <time>2025-08-08T16:39:23.000Z</time>
        <extensions>
          <ns3:TrackPointExtension/>
        </extensions>
      </trkpt>
      <trkpt lat="43.90399617142975330352783203125" lon="-121.7774506844580173492431640625">
        <ele>1460.199951171875</ele>
        <time>2025-08-08T16:39:33.000Z</time>
        <extensions>
          <ns3:TrackPointExtension/>
        </extensions>
      </trkpt>
      <trkpt lat="43.90398963354527950286865234375" lon="-121.77744138054549694061279296875">
        <ele>1460.199951171875</ele>
        <time>2025-08-08T16:39:41.000Z</time>
        <extensions>
          <ns3:TrackPointExtension/>
        </extensions>
      </trkpt>
      <trkpt lat="43.90398812480270862579345703125" lon="-121.77744674496352672576904296875">
        <ele>1460.4000244140625</ele>
        <time>2025-08-08T16:39:49.000Z</time>
        <extensions>
          <ns3:TrackPointExtension/>
        </extensions>
      </trkpt>
      <trkpt lat="43.9039878733456134796142578125" lon="-121.77744104526937007904052734375">
        <ele>1460.199951171875</ele>
        <time>2025-08-08T16:40:04.000Z</time>
        <extensions>
          <ns3:TrackPointExtension/>
        </extensions>
      </trkpt>
      <trkpt lat="43.9040009491145610809326171875" lon="-121.777450852096080780029296875">
        <ele>1459.800048828125</ele>
        <time>2025-08-08T16:41:01.000Z</time>
        <extensions>
          <ns3:TrackPointExtension/>
        </extensions>
      </trkpt>
      <trkpt lat="43.9039997756481170654296875" lon="-121.7774538695812225341796875">
        <ele>1459.800048828125</ele>
        <time>2025-08-08T16:41:11.000Z</time>
        <extensions>
          <ns3:TrackPointExtension/>
        </extensions>
      </trkpt>
      <trkpt lat="43.90399784781038761138916015625" lon="-121.7774510197341442108154296875">
        <ele>1459.5999755859375</ele>
        <time>2025-08-08T16:41:24.000Z</time>
        <extensions>
          <ns3:TrackPointExtension/>
        </extensions>
      </trkpt>
      <trkpt lat="43.903998099267482757568359375" lon="-121.777454875409603118896484375">
        <ele>1460</ele>
        <time>2025-08-08T16:41:45.000Z</time>
        <extensions>
          <ns3:TrackPointExtension/>
        </extensions>
      </trkpt>
      <trkpt lat="43.904008828103542327880859375" lon="-121.7774526961147785186767578125">
        <ele>1459</ele>
        <time>2025-08-08T16:42:03.000Z</time>
        <extensions>
          <ns3:TrackPointExtension/>
        </extensions>
      </trkpt>
      <trkpt lat="43.90400673262774944305419921875" lon="-121.7774178273975849151611328125">
        <ele>1459.199951171875</ele>
        <time>2025-08-08T16:42:22.000Z</time>
        <extensions>
          <ns3:TrackPointExtension/>
        </extensions>
      </trkpt>
      <trkpt lat="43.90400421805679798126220703125" lon="-121.77740047685801982879638671875">
        <ele>1458.800048828125</ele>
        <time>2025-08-08T16:42:43.000Z</time>
        <extensions>
          <ns3:TrackPointExtension/>
        </extensions>
      </trkpt>
      <trkpt lat="43.90401192940771579742431640625" lon="-121.777407266199588775634765625">
        <ele>1459.5999755859375</ele>
        <time>2025-08-08T16:43:05.000Z</time>
        <extensions>
          <ns3:TrackPointExtension/>
        </extensions>
      </trkpt>
      <trkpt lat="43.90401293523609638214111328125" lon="-121.77739955484867095947265625">
        <ele>1459.5999755859375</ele>
        <time>2025-08-08T16:43:27.000Z</time>
        <extensions>
          <ns3:TrackPointExtension/>
        </extensions>
      </trkpt>
      <trkpt lat="43.90402047894895076751708984375" lon="-121.77739762701094150543212890625">
        <ele>1459</ele>
        <time>2025-08-08T16:43:51.000Z</time>
        <extensions>
          <ns3:TrackPointExtension/>
        </extensions>
      </trkpt>
      <trkpt lat="43.90403824858367443084716796875" lon="-121.777396537363529205322265625">
        <ele>1458.199951171875</ele>
        <time>2025-08-08T16:44:14.000Z</time>
        <extensions>
          <ns3:TrackPointExtension/>
        </extensions>
      </trkpt>
      <trkpt lat="43.90402902849018573760986328125" lon="-121.77739846520125865936279296875">
        <ele>1458</ele>
        <time>2025-08-08T16:44:43.000Z</time>
        <extensions>
          <ns3:TrackPointExtension/>
        </extensions>
      </trkpt>
      <trkpt lat="43.9040185511112213134765625" lon="-121.7773854732513427734375">
        <ele>1457.5999755859375</ele>
        <time>2025-08-08T16:45:15.000Z</time>
        <extensions>
          <ns3:TrackPointExtension/>
        </extensions>
      </trkpt>
      <trkpt lat="43.9040158689022064208984375" lon="-121.77738337777554988861083984375">
        <ele>1457.4000244140625</ele>
        <time>2025-08-08T16:45:31.000Z</time>
        <extensions>
          <ns3:TrackPointExtension/>
        </extensions>
      </trkpt>
      <trkpt lat="43.90401092357933521270751953125" lon="-121.7773869819939136505126953125">
        <ele>1457.199951171875</ele>
        <time>2025-08-08T16:45:55.000Z</time>
        <extensions>
          <ns3:TrackPointExtension/>
        </extensions>
      </trkpt>
      <trkpt lat="43.90402047894895076751708984375" lon="-121.77742226980626583099365234375">
        <ele>1459.4000244140625</ele>
        <time>2025-08-08T16:46:08.000Z</time>
        <extensions>
          <ns3:TrackPointExtension/>
        </extensions>
      </trkpt>
      <trkpt lat="43.90408569015562534332275390625" lon="-121.77745646797120571136474609375">
        <ele>1469.199951171875</ele>
        <time>2025-08-08T16:46:35.000Z</time>
        <extensions>
          <ns3:TrackPointExtension/>
        </extensions>
      </trkpt>
      <trkpt lat="43.90404059551656246185302734375" lon="-121.777556128799915313720703125">
        <ele>1473.199951171875</ele>
        <time>2025-08-08T16:46:57.000Z</time>
        <extensions>
          <ns3:TrackPointExtension/>
        </extensions>
      </trkpt>
      <trkpt lat="43.90405216254293918609619140625" lon="-121.77767355926334857940673828125">
        <ele>1476.4000244140625</ele>
        <time>2025-08-08T16:47:10.000Z</time>
        <extensions>
          <ns3:TrackPointExtension/>
        </extensions>
      </trkpt>
      <trkpt lat="43.9040599577128887176513671875" lon="-121.7778808437287807464599609375">
        <ele>1479</ele>
        <time>2025-08-08T16:47:21.000Z</time>
        <extensions>
          <ns3:TrackPointExtension/>
        </extensions>
      </trkpt>
      <trkpt lat="43.90400857664644718170166015625" lon="-121.77807304076850414276123046875">
        <ele>1481</ele>
        <time>2025-08-08T16:47:33.000Z</time>
        <extensions>
          <ns3:TrackPointExtension/>
        </extensions>
      </trkpt>
      <trkpt lat="43.90398032963275909423828125" lon="-121.77818804048001766204833984375">
        <ele>1483.199951171875</ele>
        <time>2025-08-08T16:47:42.000Z</time>
        <extensions>
          <ns3:TrackPointExtension/>
        </extensions>
      </trkpt>
      <trkpt lat="43.9038369990885257720947265625" lon="-121.77834059111773967742919921875">
        <ele>1485.4000244140625</ele>
        <time>2025-08-08T16:47:54.000Z</time>
        <extensions>
          <ns3:TrackPointExtension/>
        </extensions>
      </trkpt>
      <trkpt lat="43.9036904834210872650146484375" lon="-121.7784182913601398468017578125">
        <ele>1485.4000244140625</ele>
        <time>2025-08-08T16:48:05.000Z</time>
        <extensions>
          <ns3:TrackPointExtension/>
        </extensions>
      </trkpt>
      <trkpt lat="43.9036240987479686737060546875" lon="-121.77844888530671596527099609375">
        <ele>1485.800048828125</ele>
        <time>2025-08-08T16:48:14.000Z</time>
        <extensions>
          <ns3:TrackPointExtension/>
        </extensions>
      </trkpt>
      <trkpt lat="43.90353349037468433380126953125" lon="-121.77849515341222286224365234375">
        <ele>1487.199951171875</ele>
        <time>2025-08-08T16:48:25.000Z</time>
        <extensions>
          <ns3:TrackPointExtension/>
        </extensions>
      </trkpt>
      <trkpt lat="43.903474397957324981689453125" lon="-121.778545193374156951904296875">
        <ele>1487.800048828125</ele>
        <time>2025-08-08T16:48:34.000Z</time>
        <extensions>
          <ns3:TrackPointExtension/>
        </extensions>
      </trkpt>
      <trkpt lat="43.90337255783379077911376953125" lon="-121.77860411815345287322998046875">
        <ele>1489</ele>
        <time>2025-08-08T16:48:44.000Z</time>
        <extensions>
          <ns3:TrackPointExtension/>
        </extensions>
      </trkpt>
      <trkpt lat="43.90318463556468486785888671875" lon="-121.77877016365528106689453125">
        <ele>1487.4000244140625</ele>
        <time>2025-08-08T16:48:58.000Z</time>
        <extensions>
          <ns3:TrackPointExtension/>
        </extensions>
      </trkpt>
      <trkpt lat="43.90303392894566059112548828125" lon="-121.7788145877420902252197265625">
        <ele>1486</ele>
        <time>2025-08-08T16:49:12.000Z</time>
        <extensions>
          <ns3:TrackPointExtension/>
        </extensions>
      </trkpt>
      <trkpt lat="43.902915827929973602294921875" lon="-121.77887208759784698486328125">
        <ele>1486.4000244140625</ele>
        <time>2025-08-08T16:49:24.000Z</time>
        <extensions>
          <ns3:TrackPointExtension/>
        </extensions>
      </trkpt>
      <trkpt lat="43.90283904969692230224609375" lon="-121.77890586666762828826904296875">
        <ele>1485.800048828125</ele>
        <time>2025-08-08T16:49:33.000Z</time>
        <extensions>
          <ns3:TrackPointExtension/>
        </extensions>
      </trkpt>
      <trkpt lat="43.90275648795068264007568359375" lon="-121.77901365794241428375244140625">
        <ele>1485.4000244140625</ele>
        <time>2025-08-08T16:49:46.000Z</time>
        <extensions>
          <ns3:TrackPointExtension/>
        </extensions>
      </trkpt>
      <trkpt lat="43.9026973955333232879638671875" lon="-121.77911072038114070892333984375">
        <ele>1485.199951171875</ele>
        <time>2025-08-08T16:49:56.000Z</time>
        <extensions>
          <ns3:TrackPointExtension/>
        </extensions>
      </trkpt>
      <trkpt lat="43.9026658795773983001708984375" lon="-121.77918666042387485504150390625">
        <ele>1486.4000244140625</ele>
        <time>2025-08-08T16:50:05.000Z</time>
        <extensions>
          <ns3:TrackPointExtension/>
        </extensions>
      </trkpt>
      <trkpt lat="43.902614749968051910400390625" lon="-121.77930618636310100555419921875">
        <ele>1487.5999755859375</ele>
        <time>2025-08-08T16:50:17.000Z</time>
        <extensions>
          <ns3:TrackPointExtension/>
        </extensions>
      </trkpt>
      <trkpt lat="43.9025180228054523468017578125" lon="-121.77942168898880481719970703125">
        <ele>1487</ele>
        <time>2025-08-08T16:50:28.000Z</time>
        <extensions>
          <ns3:TrackPointExtension/>
        </extensions>
      </trkpt>
      <trkpt lat="43.9024811424314975738525390625" lon="-121.77947818301618099212646484375">
        <ele>1485</ele>
        <time>2025-08-08T16:50:37.000Z</time>
        <extensions>
          <ns3:TrackPointExtension/>
        </extensions>
      </trkpt>
      <trkpt lat="43.9024720899760723114013671875" lon="-121.77951179444789886474609375">
        <ele>1484.5999755859375</ele>
        <time>2025-08-08T16:50:46.000Z</time>
        <extensions>
          <ns3:TrackPointExtension/>
        </extensions>
      </trkpt>
      <trkpt lat="43.902472592890262603759765625" lon="-121.7796038277447223663330078125">
        <ele>1485</ele>
        <time>2025-08-08T16:50:59.000Z</time>
        <extensions>
          <ns3:TrackPointExtension/>
        </extensions>
      </trkpt>
      <trkpt lat="43.9025109820067882537841796875" lon="-121.77965302951633930206298828125">
        <ele>1486</ele>
        <time>2025-08-08T16:51:09.000Z</time>
        <extensions>
          <ns3:TrackPointExtension/>
        </extensions>
      </trkpt>
      <trkpt lat="43.90252833254635334014892578125" lon="-121.77968756295740604400634765625">
        <ele>1487.800048828125</ele>
        <time>2025-08-08T16:51:17.000Z</time>
        <extensions>
          <ns3:TrackPointExtension/>
        </extensions>
      </trkpt>
      <trkpt lat="43.90261399559676647186279296875" lon="-121.77974254824221134185791015625">
        <ele>1489.199951171875</ele>
        <time>2025-08-08T16:51:30.000Z</time>
        <extensions>
          <ns3:TrackPointExtension/>
        </extensions>
      </trkpt>
      <trkpt lat="43.90266093425452709197998046875" lon="-121.7798153869807720184326171875">
        <ele>1490.800048828125</ele>
        <time>2025-08-08T16:51:39.000Z</time>
        <extensions>
          <ns3:TrackPointExtension/>
        </extensions>
      </trkpt>
      <trkpt lat="43.9027577452361583709716796875" lon="-121.7799008823931217193603515625">
        <ele>1492.5999755859375</ele>
        <time>2025-08-08T16:51:52.000Z</time>
        <extensions>
          <ns3:TrackPointExtension/>
        </extensions>
      </trkpt>
      <trkpt lat="43.902860842645168304443359375" lon="-121.77994824014604091644287109375">
        <ele>1493.4000244140625</ele>
        <time>2025-08-08T16:52:05.000Z</time>
        <extensions>
          <ns3:TrackPointExtension/>
        </extensions>
      </trkpt>
      <trkpt lat="43.9028931967914104461669921875" lon="-121.7800490744411945343017578125">
        <ele>1495.4000244140625</ele>
        <time>2025-08-08T16:52:14.000Z</time>
        <extensions>
          <ns3:TrackPointExtension/>
        </extensions>
      </trkpt>
      <trkpt lat="43.90298766084015369415283203125" lon="-121.7802254296839237213134765625">
        <ele>1498.5999755859375</ele>
        <time>2025-08-08T16:52:27.000Z</time>
        <extensions>
          <ns3:TrackPointExtension/>
        </extensions>
      </trkpt>
      <trkpt lat="43.90301012434065341949462890625" lon="-121.78029206581413745880126953125">
        <ele>1499.5999755859375</ele>
        <time>2025-08-08T16:52:31.000Z</time>
        <extensions>
          <ns3:TrackPointExtension/>
        </extensions>
      </trkpt>
      <trkpt lat="43.90304113738238811492919921875" lon="-121.7803471349179744720458984375">
        <ele>1499.800048828125</ele>
        <time>2025-08-08T16:52:34.000Z</time>
        <extensions>
          <ns3:TrackPointExtension/>
        </extensions>
      </trkpt>
      <trkpt lat="43.903104923665523529052734375" lon="-121.7805067263543605804443359375">
        <ele>1499.199951171875</ele>
        <time>2025-08-08T16:52:44.000Z</time>
        <extensions>
          <ns3:TrackPointExtension/>
        </extensions>
      </trkpt>
      <trkpt lat="43.9031228609383106231689453125" lon="-121.78057537414133548736572265625">
        <ele>1500</ele>
        <time>2025-08-08T16:52:53.000Z</time>
        <extensions>
          <ns3:TrackPointExtension/>
        </extensions>
      </trkpt>
      <trkpt lat="43.903151191771030426025390625" lon="-121.78068836219608783721923828125">
        <ele>1501.4000244140625</ele>
        <time>2025-08-08T16:53:03.000Z</time>
        <extensions>
          <ns3:TrackPointExtension/>
        </extensions>
      </trkpt>
      <trkpt lat="43.90322654508054256439208984375" lon="-121.78086698055267333984375">
        <ele>1502.4000244140625</ele>
        <time>2025-08-08T16:53:14.000Z</time>
        <extensions>
          <ns3:TrackPointExtension/>
        </extensions>
      </trkpt>
      <trkpt lat="43.9032485894858837127685546875" lon="-121.7809127457439899444580078125">
        <ele>1501.199951171875</ele>
        <time>2025-08-08T16:53:20.000Z</time>
        <extensions>
          <ns3:TrackPointExtension/>
        </extensions>
      </trkpt>
      <trkpt lat="43.903283961117267608642578125" lon="-121.7810129933059215545654296875">
        <ele>1500</ele>
        <time>2025-08-08T16:53:33.000Z</time>
        <extensions>
          <ns3:TrackPointExtension/>
        </extensions>
      </trkpt>
      <trkpt lat="43.903349675238132476806640625" lon="-121.78111617453396320343017578125">
        <ele>1499.4000244140625</ele>
        <time>2025-08-08T16:53:44.000Z</time>
        <extensions>
          <ns3:TrackPointExtension/>
        </extensions>
      </trkpt>
      <trkpt lat="43.9034366793930530548095703125" lon="-121.7812188528478145599365234375">
        <ele>1500.199951171875</ele>
        <time>2025-08-08T16:53:57.000Z</time>
        <extensions>
          <ns3:TrackPointExtension/>
        </extensions>
      </trkpt>
      <trkpt lat="43.9035007171332836151123046875" lon="-121.78124223835766315460205078125">
        <ele>1501.800048828125</ele>
        <time>2025-08-08T16:54:06.000Z</time>
        <extensions>
          <ns3:TrackPointExtension/>
        </extensions>
      </trkpt>
      <trkpt lat="43.90356014482676982879638671875" lon="-121.78127308376133441925048828125">
        <ele>1503.5999755859375</ele>
        <time>2025-08-08T16:54:15.000Z</time>
        <extensions>
          <ns3:TrackPointExtension/>
        </extensions>
      </trkpt>
      <trkpt lat="43.90366089530289173126220703125" lon="-121.78122463636100292205810546875">
        <ele>1506.4000244140625</ele>
        <time>2025-08-08T16:54:27.000Z</time>
        <extensions>
          <ns3:TrackPointExtension/>
        </extensions>
      </trkpt>
      <trkpt lat="43.90382853336632251739501953125" lon="-121.78122597746551036834716796875">
        <ele>1507.5999755859375</ele>
        <time>2025-08-08T16:54:42.000Z</time>
        <extensions>
          <ns3:TrackPointExtension/>
        </extensions>
      </trkpt>
      <trkpt lat="43.90395744703710079193115234375" lon="-121.78127677179872989654541015625">
        <ele>1508.199951171875</ele>
        <time>2025-08-08T16:54:54.000Z</time>
        <extensions>
          <ns3:TrackPointExtension/>
        </extensions>
      </trkpt>
      <trkpt lat="43.90409524552524089813232421875" lon="-121.78134776651859283447265625">
        <ele>1506.5999755859375</ele>
        <time>2025-08-08T16:55:06.000Z</time>
        <extensions>
          <ns3:TrackPointExtension/>
        </extensions>
      </trkpt>
      <trkpt lat="43.90423874370753765106201171875" lon="-121.781470477581024169921875">
        <ele>1507</ele>
        <time>2025-08-08T16:55:21.000Z</time>
        <extensions>
          <ns3:TrackPointExtension/>
        </extensions>
      </trkpt>
      <trkpt lat="43.90432901680469512939453125" lon="-121.78151917643845081329345703125">
        <ele>1507.4000244140625</ele>
        <time>2025-08-08T16:55:31.000Z</time>
        <extensions>
          <ns3:TrackPointExtension/>
        </extensions>
      </trkpt>
      <trkpt lat="43.90440587885677814483642578125" lon="-121.78162545897066593170166015625">
        <ele>1507.5999755859375</ele>
        <time>2025-08-08T16:55:41.000Z</time>
        <extensions>
          <ns3:TrackPointExtension/>
        </extensions>
      </trkpt>
      <trkpt lat="43.90450067818164825439453125" lon="-121.7817559652030467987060546875">
        <ele>1506</ele>
        <time>2025-08-08T16:55:51.000Z</time>
        <extensions>
          <ns3:TrackPointExtension/>
        </extensions>
      </trkpt>
      <trkpt lat="43.9045601896941661834716796875" lon="-121.781863085925579071044921875">
        <ele>1504.800048828125</ele>
        <time>2025-08-08T16:55:58.000Z</time>
        <extensions>
          <ns3:TrackPointExtension/>
        </extensions>
      </trkpt>
      <trkpt lat="43.904618360102176666259765625" lon="-121.7819624952971935272216796875">
        <ele>1503</ele>
        <time>2025-08-08T16:56:10.000Z</time>
        <extensions>
          <ns3:TrackPointExtension/>
        </extensions>
      </trkpt>
      <trkpt lat="43.904695473611354827880859375" lon="-121.782054863870143890380859375">
        <ele>1501.5999755859375</ele>
        <time>2025-08-08T16:56:22.000Z</time>
        <extensions>
          <ns3:TrackPointExtension/>
        </extensions>
      </trkpt>
      <trkpt lat="43.904713578522205352783203125" lon="-121.78206634707748889923095703125">
        <ele>1501.800048828125</ele>
        <time>2025-08-08T16:56:24.000Z</time>
        <extensions>
          <ns3:TrackPointExtension/>
        </extensions>
      </trkpt>
      <trkpt lat="43.9047482796013355255126953125" lon="-121.78210607729852199554443359375">
        <ele>1502.5999755859375</ele>
        <time>2025-08-08T16:56:29.000Z</time>
        <extensions>
          <ns3:TrackPointExtension/>
        </extensions>
      </trkpt>
      <trkpt lat="43.90485498122870922088623046875" lon="-121.78217765875160694122314453125">
        <ele>1503.800048828125</ele>
        <time>2025-08-08T16:56:43.000Z</time>
        <extensions>
          <ns3:TrackPointExtension/>
        </extensions>
      </trkpt>
      <trkpt lat="43.90496746636927127838134765625" lon="-121.78234915249049663543701171875">
        <ele>1504.199951171875</ele>
        <time>2025-08-08T16:56:55.000Z</time>
        <extensions>
          <ns3:TrackPointExtension/>
        </extensions>
      </trkpt>
      <trkpt lat="43.905075676739215850830078125" lon="-121.782509498298168182373046875">
        <ele>1506</ele>
        <time>2025-08-08T16:57:08.000Z</time>
        <extensions>
          <ns3:TrackPointExtension/>
        </extensions>
      </trkpt>
      <trkpt lat="43.905087076127529144287109375" lon="-121.78252416662871837615966796875">
        <ele>1506.199951171875</ele>
        <time>2025-08-08T16:57:10.000Z</time>
        <extensions>
          <ns3:TrackPointExtension/>
        </extensions>
      </trkpt>
      <trkpt lat="43.90509906224906444549560546875" lon="-121.782559789717197418212890625">
        <ele>1506.5999755859375</ele>
        <time>2025-08-08T16:57:15.000Z</time>
        <extensions>
          <ns3:TrackPointExtension/>
        </extensions>
      </trkpt>
      <trkpt lat="43.90518958680331707000732421875" lon="-121.78266665898263454437255859375">
        <ele>1507.5999755859375</ele>
        <time>2025-08-08T16:57:28.000Z</time>
        <extensions>
          <ns3:TrackPointExtension/>
        </extensions>
      </trkpt>
      <trkpt lat="43.90527189709246158599853515625" lon="-121.7828409187495708465576171875">
        <ele>1509</ele>
        <time>2025-08-08T16:57:40.000Z</time>
        <extensions>
          <ns3:TrackPointExtension/>
        </extensions>
      </trkpt>
      <trkpt lat="43.9053380303084850311279296875" lon="-121.7830132506787776947021484375">
        <ele>1511.4000244140625</ele>
        <time>2025-08-08T16:57:52.000Z</time>
        <extensions>
          <ns3:TrackPointExtension/>
        </extensions>
      </trkpt>
      <trkpt lat="43.90539762564003467559814453125" lon="-121.78315415047109127044677734375">
        <ele>1512</ele>
        <time>2025-08-08T16:58:04.000Z</time>
        <extensions>
          <ns3:TrackPointExtension/>
        </extensions>
      </trkpt>
      <trkpt lat="43.90542025677859783172607421875" lon="-121.7832234688103199005126953125">
        <ele>1511.4000244140625</ele>
        <time>2025-08-08T16:58:13.000Z</time>
        <extensions>
          <ns3:TrackPointExtension/>
        </extensions>
      </trkpt>
      <trkpt lat="43.90551027841866016387939453125" lon="-121.7833391390740871429443359375">
        <ele>1509.800048828125</ele>
        <time>2025-08-08T16:58:24.000Z</time>
        <extensions>
          <ns3:TrackPointExtension/>
        </extensions>
      </trkpt>
      <trkpt lat="43.905570544302463531494140625" lon="-121.78356687538325786590576171875">
        <ele>1510</ele>
        <time>2025-08-08T16:58:39.000Z</time>
        <extensions>
          <ns3:TrackPointExtension/>
        </extensions>
      </trkpt>
      <trkpt lat="43.90562762506306171417236328125" lon="-121.7837310768663883209228515625">
        <ele>1512.199951171875</ele>
        <time>2025-08-08T16:58:53.000Z</time>
        <extensions>
          <ns3:TrackPointExtension/>
        </extensions>
      </trkpt>
      <trkpt lat="43.905716054141521453857421875" lon="-121.78391757421195507049560546875">
        <ele>1513.800048828125</ele>
        <time>2025-08-08T16:59:05.000Z</time>
        <extensions>
          <ns3:TrackPointExtension/>
        </extensions>
      </trkpt>
      <trkpt lat="43.90577682293951511383056640625" lon="-121.7840522713959217071533203125">
        <ele>1515.4000244140625</ele>
        <time>2025-08-08T16:59:17.000Z</time>
        <extensions>
          <ns3:TrackPointExtension/>
        </extensions>
      </trkpt>
      <trkpt lat="43.90582124702632427215576171875" lon="-121.7842346616089344024658203125">
        <ele>1515.199951171875</ele>
        <time>2025-08-08T16:59:28.000Z</time>
        <extensions>
          <ns3:TrackPointExtension/>
        </extensions>
      </trkpt>
      <trkpt lat="43.90586114488542079925537109375" lon="-121.784455776214599609375">
        <ele>1515.4000244140625</ele>
        <time>2025-08-08T16:59:38.000Z</time>
        <extensions>
          <ns3:TrackPointExtension/>
        </extensions>
      </trkpt>
      <trkpt lat="43.90589517541229724884033203125" lon="-121.7846410162746906280517578125">
        <ele>1516</ele>
        <time>2025-08-08T16:59:51.000Z</time>
        <extensions>
          <ns3:TrackPointExtension/>
        </extensions>
      </trkpt>
      <trkpt lat="43.9059016294777393341064453125" lon="-121.78475475870072841644287109375">
        <ele>1516.800048828125</ele>
        <time>2025-08-08T17:00:02.000Z</time>
        <extensions>
          <ns3:TrackPointExtension/>
        </extensions>
      </trkpt>
      <trkpt lat="43.9059106819331645965576171875" lon="-121.7849102430045604705810546875">
        <ele>1517.800048828125</ele>
        <time>2025-08-08T17:00:13.000Z</time>
        <extensions>
          <ns3:TrackPointExtension/>
        </extensions>
      </trkpt>
      <trkpt lat="43.9058989472687244415283203125" lon="-121.78502147085964679718017578125">
        <ele>1517.800048828125</ele>
        <time>2025-08-08T17:00:22.000Z</time>
        <extensions>
          <ns3:TrackPointExtension/>
        </extensions>
      </trkpt>
      <trkpt lat="43.90592551790177822113037109375" lon="-121.78515943698585033416748046875">
        <ele>1517.4000244140625</ele>
        <time>2025-08-08T17:00:29.000Z</time>
        <extensions>
          <ns3:TrackPointExtension/>
        </extensions>
      </trkpt>
      <trkpt lat="43.9059282839298248291015625" lon="-121.785228587687015533447265625">
        <ele>1517.199951171875</ele>
        <time>2025-08-08T17:00:32.000Z</time>
        <extensions>
          <ns3:TrackPointExtension/>
        </extensions>
      </trkpt>
      <trkpt lat="43.9059277810156345367431640625" lon="-121.785298995673656463623046875">
        <ele>1516.5999755859375</ele>
        <time>2025-08-08T17:00:36.000Z</time>
        <extensions>
          <ns3:TrackPointExtension/>
        </extensions>
      </trkpt>
      <trkpt lat="43.90593239106237888336181640625" lon="-121.78534249775111675262451171875">
        <ele>1517.199951171875</ele>
        <time>2025-08-08T17:00:39.000Z</time>
        <extensions>
          <ns3:TrackPointExtension/>
        </extensions>
      </trkpt>
      <trkpt lat="43.90593356452882289886474609375" lon="-121.78536127321422100067138671875">
        <ele>1517.199951171875</ele>
        <time>2025-08-08T17:00:40.000Z</time>
        <extensions>
          <ns3:TrackPointExtension/>
        </extensions>
      </trkpt>
      <trkpt lat="43.90593088231980800628662109375" lon="-121.7853759415447711944580078125">
        <ele>1517.4000244140625</ele>
        <time>2025-08-08T17:00:41.000Z</time>
        <extensions>
          <ns3:TrackPointExtension/>
        </extensions>
      </trkpt>
      <trkpt lat="43.9059297926723957061767578125" lon="-121.7854067869484424591064453125">
        <ele>1517.199951171875</ele>
        <time>2025-08-08T17:00:43.000Z</time>
        <extensions>
          <ns3:TrackPointExtension/>
        </extensions>
      </trkpt>
      <trkpt lat="43.9059229195117950439453125" lon="-121.78544224239885807037353515625">
        <ele>1517.199951171875</ele>
        <time>2025-08-08T17:00:46.000Z</time>
        <extensions>
          <ns3:TrackPointExtension/>
        </extensions>
      </trkpt>
      <trkpt lat="43.9059133641421794891357421875" lon="-121.785505525767803192138671875">
        <ele>1516.199951171875</ele>
        <time>2025-08-08T17:00:53.000Z</time>
        <extensions>
          <ns3:TrackPointExtension/>
        </extensions>
      </trkpt>
      <trkpt lat="43.905934654176235198974609375" lon="-121.78564709611237049102783203125">
        <ele>1516.199951171875</ele>
        <time>2025-08-08T17:01:05.000Z</time>
        <extensions>
          <ns3:TrackPointExtension/>
        </extensions>
      </trkpt>
      <trkpt lat="43.905964158475399017333984375" lon="-121.7857279814779758453369140625">
        <ele>1516</ele>
        <time>2025-08-08T17:01:15.000Z</time>
        <extensions>
          <ns3:TrackPointExtension/>
        </extensions>
      </trkpt>
      <trkpt lat="43.90600539743900299072265625" lon="-121.78584448993206024169921875">
        <ele>1516</ele>
        <time>2025-08-08T17:01:26.000Z</time>
        <extensions>
          <ns3:TrackPointExtension/>
        </extensions>
      </trkpt>
      <trkpt lat="43.90603465028107166290283203125" lon="-121.7859532870352268218994140625">
        <ele>1517</ele>
        <time>2025-08-08T17:01:34.000Z</time>
        <extensions>
          <ns3:TrackPointExtension/>
        </extensions>
      </trkpt>
      <trkpt lat="43.906126432120800018310546875" lon="-121.78613441996276378631591796875">
        <ele>1518</ele>
        <time>2025-08-08T17:01:47.000Z</time>
        <extensions>
          <ns3:TrackPointExtension/>
        </extensions>
      </trkpt>
      <trkpt lat="43.9061547629535198211669921875" lon="-121.78622293286025524139404296875">
        <ele>1518.5999755859375</ele>
        <time>2025-08-08T17:01:57.000Z</time>
        <extensions>
          <ns3:TrackPointExtension/>
        </extensions>
      </trkpt>
      <trkpt lat="43.90621352009475231170654296875" lon="-121.78632996976375579833984375">
        <ele>1519.4000244140625</ele>
        <time>2025-08-08T17:02:10.000Z</time>
        <extensions>
          <ns3:TrackPointExtension/>
        </extensions>
      </trkpt>
      <trkpt lat="43.90625693835318088531494140625" lon="-121.7863762378692626953125">
        <ele>1519.5999755859375</ele>
        <time>2025-08-08T17:02:19.000Z</time>
        <extensions>
          <ns3:TrackPointExtension/>
        </extensions>
      </trkpt>
      <trkpt lat="43.9062965847551822662353515625" lon="-121.78639912046492099761962890625">
        <ele>1520</ele>
        <time>2025-08-08T17:02:24.000Z</time>
        <extensions>
          <ns3:TrackPointExtension/>
        </extensions>
      </trkpt>
      <trkpt lat="43.90632332302629947662353515625" lon="-121.786427199840545654296875">
        <ele>1520.4000244140625</ele>
        <time>2025-08-08T17:02:28.000Z</time>
        <extensions>
          <ns3:TrackPointExtension/>
        </extensions>
      </trkpt>
      <trkpt lat="43.906396664679050445556640625" lon="-121.78652887232601642608642578125">
        <ele>1521.4000244140625</ele>
        <time>2025-08-08T17:02:39.000Z</time>
        <extensions>
          <ns3:TrackPointExtension/>
        </extensions>
      </trkpt>
      <trkpt lat="43.90647972933948040008544921875" lon="-121.78664118982851505279541015625">
        <ele>1522.5999755859375</ele>
        <time>2025-08-08T17:02:49.000Z</time>
        <extensions>
          <ns3:TrackPointExtension/>
        </extensions>
      </trkpt>
      <trkpt lat="43.90659405849874019622802734375" lon="-121.786754429340362548828125">
        <ele>1524.5999755859375</ele>
        <time>2025-08-08T17:03:02.000Z</time>
        <extensions>
          <ns3:TrackPointExtension/>
        </extensions>
      </trkpt>
      <trkpt lat="43.90668223612010478973388671875" lon="-121.786878146231174468994140625">
        <ele>1527</ele>
        <time>2025-08-08T17:03:14.000Z</time>
        <extensions>
          <ns3:TrackPointExtension/>
        </extensions>
      </trkpt>
      <trkpt lat="43.9067354612052440643310546875" lon="-121.78697965107858180999755859375">
        <ele>1527.199951171875</ele>
        <time>2025-08-08T17:03:23.000Z</time>
        <extensions>
          <ns3:TrackPointExtension/>
        </extensions>
      </trkpt>
      <trkpt lat="43.9068293385207653045654296875" lon="-121.78710403852164745330810546875">
        <ele>1528.4000244140625</ele>
        <time>2025-08-08T17:03:34.000Z</time>
        <extensions>
          <ns3:TrackPointExtension/>
        </extensions>
      </trkpt>
      <trkpt lat="43.9068920351564884185791015625" lon="-121.78722792305052280426025390625">
        <ele>1528.800048828125</ele>
        <time>2025-08-08T17:03:44.000Z</time>
        <extensions>
          <ns3:TrackPointExtension/>
        </extensions>
      </trkpt>
      <trkpt lat="43.9069689810276031494140625" lon="-121.7873939685523509979248046875">
        <ele>1528.800048828125</ele>
        <time>2025-08-08T17:03:56.000Z</time>
        <extensions>
          <ns3:TrackPointExtension/>
        </extensions>
      </trkpt>
      <trkpt lat="43.907029666006565093994140625" lon="-121.78748239763081073760986328125">
        <ele>1528.199951171875</ele>
        <time>2025-08-08T17:04:06.000Z</time>
        <extensions>
          <ns3:TrackPointExtension/>
        </extensions>
      </trkpt>
      <trkpt lat="43.90707853250205516815185546875" lon="-121.7876175977289676666259765625">
        <ele>1528.4000244140625</ele>
        <time>2025-08-08T17:04:18.000Z</time>
        <extensions>
          <ns3:TrackPointExtension/>
        </extensions>
      </trkpt>
      <trkpt lat="43.9071022532880306243896484375" lon="-121.78772203624248504638671875">
        <ele>1528.4000244140625</ele>
        <time>2025-08-08T17:04:27.000Z</time>
        <extensions>
          <ns3:TrackPointExtension/>
        </extensions>
      </trkpt>
      <trkpt lat="43.907170481979846954345703125" lon="-121.7878318391740322113037109375">
        <ele>1527.199951171875</ele>
        <time>2025-08-08T17:04:38.000Z</time>
        <extensions>
          <ns3:TrackPointExtension/>
        </extensions>
      </trkpt>
      <trkpt lat="43.9072393812239170074462890625" lon="-121.78793049417436122894287109375">
        <ele>1527</ele>
        <time>2025-08-08T17:04:48.000Z</time>
        <extensions>
          <ns3:TrackPointExtension/>
        </extensions>
      </trkpt>
      <trkpt lat="43.9073490165174007415771484375" lon="-121.78809159435331821441650390625">
        <ele>1528</ele>
        <time>2025-08-08T17:05:00.000Z</time>
        <extensions>
          <ns3:TrackPointExtension/>
        </extensions>
      </trkpt>
      <trkpt lat="43.90738262794911861419677734375" lon="-121.788174323737621307373046875">
        <ele>1528.199951171875</ele>
        <time>2025-08-08T17:05:09.000Z</time>
        <extensions>
          <ns3:TrackPointExtension/>
        </extensions>
      </trkpt>
      <trkpt lat="43.907437361776828765869140625" lon="-121.78825587965548038482666015625">
        <ele>1527.800048828125</ele>
        <time>2025-08-08T17:05:19.000Z</time>
        <extensions>
          <ns3:TrackPointExtension/>
        </extensions>
      </trkpt>
      <trkpt lat="43.9075099490582942962646484375" lon="-121.78832259960472583770751953125">
        <ele>1527.5999755859375</ele>
        <time>2025-08-08T17:05:30.000Z</time>
        <extensions>
          <ns3:TrackPointExtension/>
        </extensions>
      </trkpt>
      <trkpt lat="43.9075796864926815032958984375" lon="-121.788405664265155792236328125">
        <ele>1527.5999755859375</ele>
        <time>2025-08-08T17:05:40.000Z</time>
        <extensions>
          <ns3:TrackPointExtension/>
        </extensions>
      </trkpt>
      <trkpt lat="43.9076943509280681610107421875" lon="-121.78853918798267841339111328125">
        <ele>1529.800048828125</ele>
        <time>2025-08-08T17:05:53.000Z</time>
        <extensions>
          <ns3:TrackPointExtension/>
        </extensions>
      </trkpt>
      <trkpt lat="43.907806836068630218505859375" lon="-121.7886797524988651275634765625">
        <ele>1530.800048828125</ele>
        <time>2025-08-08T17:06:05.000Z</time>
        <extensions>
          <ns3:TrackPointExtension/>
        </extensions>
      </trkpt>
      <trkpt lat="43.90788696706295013427734375" lon="-121.78883657790720462799072265625">
        <ele>1532</ele>
        <time>2025-08-08T17:06:17.000Z</time>
        <extensions>
          <ns3:TrackPointExtension/>
        </extensions>
      </trkpt>
      <trkpt lat="43.9079374261200428009033203125" lon="-121.78891587071120738983154296875">
        <ele>1533.4000244140625</ele>
        <time>2025-08-08T17:06:28.000Z</time>
        <extensions>
          <ns3:TrackPointExtension/>
        </extensions>
      </trkpt>
      <trkpt lat="43.90799987129867076873779296875" lon="-121.78899885155260562896728515625">
        <ele>1534.800048828125</ele>
        <time>2025-08-08T17:06:40.000Z</time>
        <extensions>
          <ns3:TrackPointExtension/>
        </extensions>
      </trkpt>
      <trkpt lat="43.908075392246246337890625" lon="-121.789141930639743804931640625">
        <ele>1535.4000244140625</ele>
        <time>2025-08-08T17:06:53.000Z</time>
        <extensions>
          <ns3:TrackPointExtension/>
        </extensions>
      </trkpt>
      <trkpt lat="43.90810749493539333343505859375" lon="-121.78925852291285991668701171875">
        <ele>1535.5999755859375</ele>
        <time>2025-08-08T17:07:02.000Z</time>
        <extensions>
          <ns3:TrackPointExtension/>
        </extensions>
      </trkpt>
      <trkpt lat="43.9081303775310516357421875" lon="-121.78939707577228546142578125">
        <ele>1536.4000244140625</ele>
        <time>2025-08-08T17:07:09.000Z</time>
        <extensions>
          <ns3:TrackPointExtension/>
        </extensions>
      </trkpt>
      <trkpt lat="43.9081318862736225128173828125" lon="-121.78942867554724216461181640625">
        <ele>1536.800048828125</ele>
        <time>2025-08-08T17:07:11.000Z</time>
        <extensions>
          <ns3:TrackPointExtension/>
        </extensions>
      </trkpt>
      <trkpt lat="43.9081318862736225128173828125" lon="-121.789473854005336761474609375">
        <ele>1537.4000244140625</ele>
        <time>2025-08-08T17:07:14.000Z</time>
        <extensions>
          <ns3:TrackPointExtension/>
        </extensions>
      </trkpt>
      <trkpt lat="43.9081318862736225128173828125" lon="-121.7895157635211944580078125">
        <ele>1537.800048828125</ele>
        <time>2025-08-08T17:07:17.000Z</time>
        <extensions>
          <ns3:TrackPointExtension/>
        </extensions>
      </trkpt>
      <trkpt lat="43.9081372506916522979736328125" lon="-121.78963202051818370819091796875">
        <ele>1540.4000244140625</ele>
        <time>2025-08-08T17:07:28.000Z</time>
        <extensions>
          <ns3:TrackPointExtension/>
        </extensions>
      </trkpt>
      <trkpt lat="43.90817287378013134002685546875" lon="-121.78970578126609325408935546875">
        <ele>1541.800048828125</ele>
        <time>2025-08-08T17:07:37.000Z</time>
        <extensions>
          <ns3:TrackPointExtension/>
        </extensions>
      </trkpt>
      <trkpt lat="43.90816591680049896240234375" lon="-121.78972925059497356414794921875">
        <ele>1541.800048828125</ele>
        <time>2025-08-08T17:07:44.000Z</time>
        <extensions>
          <ns3:TrackPointExtension/>
        </extensions>
      </trkpt>
      <trkpt lat="43.90818343497812747955322265625" lon="-121.78977032192051410675048828125">
        <ele>1541.5999755859375</ele>
        <time>2025-08-08T17:07:52.000Z</time>
        <extensions>
          <ns3:TrackPointExtension/>
        </extensions>
      </trkpt>
      <trkpt lat="43.90821277163922786712646484375" lon="-121.78980552591383457183837890625">
        <ele>1541.800048828125</ele>
        <time>2025-08-08T17:07:56.000Z</time>
        <extensions>
          <ns3:TrackPointExtension/>
        </extensions>
      </trkpt>
      <trkpt lat="43.9083270169794559478759765625" lon="-121.78989705629646778106689453125">
        <ele>1540.5999755859375</ele>
        <time>2025-08-08T17:08:05.000Z</time>
        <extensions>
          <ns3:TrackPointExtension/>
        </extensions>
      </trkpt>
      <trkpt lat="43.90840337611734867095947265625" lon="-121.78998976014554500579833984375">
        <ele>1540.4000244140625</ele>
        <time>2025-08-08T17:08:16.000Z</time>
        <extensions>
          <ns3:TrackPointExtension/>
        </extensions>
      </trkpt>
      <trkpt lat="43.90849909745156764984130859375" lon="-121.79006335325539112091064453125">
        <ele>1540.4000244140625</ele>
        <time>2025-08-08T17:08:28.000Z</time>
        <extensions>
          <ns3:TrackPointExtension/>
        </extensions>
      </trkpt>
      <trkpt lat="43.908557184040546417236328125" lon="-121.79008665494620800018310546875">
        <ele>1541</ele>
        <time>2025-08-08T17:08:39.000Z</time>
        <extensions>
          <ns3:TrackPointExtension/>
        </extensions>
      </trkpt>
      <trkpt lat="43.90865005552768707275390625" lon="-121.79019528441131114959716796875">
        <ele>1542.800048828125</ele>
        <time>2025-08-08T17:08:52.000Z</time>
        <extensions>
          <ns3:TrackPointExtension/>
        </extensions>
      </trkpt>
      <trkpt lat="43.90872742049396038055419921875" lon="-121.790244989097118377685546875">
        <ele>1544.800048828125</ele>
        <time>2025-08-08T17:09:04.000Z</time>
        <extensions>
          <ns3:TrackPointExtension/>
        </extensions>
      </trkpt>
      <trkpt lat="43.908796571195125579833984375" lon="-121.790277175605297088623046875">
        <ele>1547.800048828125</ele>
        <time>2025-08-08T17:09:17.000Z</time>
        <extensions>
          <ns3:TrackPointExtension/>
        </extensions>
      </trkpt>
      <trkpt lat="43.9088849164545536041259765625" lon="-121.79033274762332439422607421875">
        <ele>1550</ele>
        <time>2025-08-08T17:09:29.000Z</time>
        <extensions>
          <ns3:TrackPointExtension/>
        </extensions>
      </trkpt>
      <trkpt lat="43.9089841581881046295166015625" lon="-121.7903836257755756378173828125">
        <ele>1552.800048828125</ele>
        <time>2025-08-08T17:09:42.000Z</time>
        <extensions>
          <ns3:TrackPointExtension/>
        </extensions>
      </trkpt>
      <trkpt lat="43.909064121544361114501953125" lon="-121.790441460907459259033203125">
        <ele>1554.199951171875</ele>
        <time>2025-08-08T17:09:52.000Z</time>
        <extensions>
          <ns3:TrackPointExtension/>
        </extensions>
      </trkpt>
      <trkpt lat="43.909156657755374908447265625" lon="-121.79045814089477062225341796875">
        <ele>1554.800048828125</ele>
        <time>2025-08-08T17:10:03.000Z</time>
        <extensions>
          <ns3:TrackPointExtension/>
        </extensions>
      </trkpt>
      <trkpt lat="43.90926034189760684967041015625" lon="-121.7905569635331630706787109375">
        <ele>1555.5999755859375</ele>
        <time>2025-08-08T17:10:17.000Z</time>
        <extensions>
          <ns3:TrackPointExtension/>
        </extensions>
      </trkpt>
      <trkpt lat="43.9092406444251537322998046875" lon="-121.7906977795064449310302734375">
        <ele>1555.800048828125</ele>
        <time>2025-08-08T17:10:26.000Z</time>
        <extensions>
          <ns3:TrackPointExtension/>
        </extensions>
      </trkpt>
      <trkpt lat="43.90914249233901500701904296875" lon="-121.79079928435385227203369140625">
        <ele>1556.199951171875</ele>
        <time>2025-08-08T17:10:37.000Z</time>
        <extensions>
          <ns3:TrackPointExtension/>
        </extensions>
      </trkpt>
      <trkpt lat="43.90909354202449321746826171875" lon="-121.79081805981695652008056640625">
        <ele>1556.199951171875</ele>
        <time>2025-08-08T17:10:40.000Z</time>
        <extensions>
          <ns3:TrackPointExtension/>
        </extensions>
      </trkpt>
      <trkpt lat="43.909031264483928680419921875" lon="-121.7908134497702121734619140625">
        <ele>1556</ele>
        <time>2025-08-08T17:10:46.000Z</time>
        <extensions>
          <ns3:TrackPointExtension/>
        </extensions>
      </trkpt>
      <trkpt lat="43.9089221321046352386474609375" lon="-121.7907966859638690948486328125">
        <ele>1554.800048828125</ele>
        <time>2025-08-08T17:10:57.000Z</time>
        <extensions>
          <ns3:TrackPointExtension/>
        </extensions>
      </trkpt>
      <trkpt lat="43.90885415486991405487060546875" lon="-121.79080565460026264190673828125">
        <ele>1553</ele>
        <time>2025-08-08T17:11:05.000Z</time>
        <extensions>
          <ns3:TrackPointExtension/>
        </extensions>
      </trkpt>
      <trkpt lat="43.9088465273380279541015625" lon="-121.79080766625702381134033203125">
        <ele>1552.800048828125</ele>
        <time>2025-08-08T17:11:06.000Z</time>
        <extensions>
          <ns3:TrackPointExtension/>
        </extensions>
      </trkpt>
      <trkpt lat="43.90875332057476043701171875" lon="-121.79079878143966197967529296875">
        <ele>1550.199951171875</ele>
        <time>2025-08-08T17:11:15.000Z</time>
        <extensions>
          <ns3:TrackPointExtension/>
        </extensions>
      </trkpt>
      <trkpt lat="43.9086480438709259033203125" lon="-121.79077916778624057769775390625">
        <ele>1548.199951171875</ele>
        <time>2025-08-08T17:11:25.000Z</time>
        <extensions>
          <ns3:TrackPointExtension/>
        </extensions>
      </trkpt>
      <trkpt lat="43.90858107246458530426025390625" lon="-121.79081236012279987335205078125">
        <ele>1550.5999755859375</ele>
        <time>2025-08-08T17:11:35.000Z</time>
        <extensions>
          <ns3:TrackPointExtension/>
        </extensions>
      </trkpt>
      <trkpt lat="43.90849272720515727996826171875" lon="-121.79080925881862640380859375">
        <ele>1551.800048828125</ele>
        <time>2025-08-08T17:11:44.000Z</time>
        <extensions>
          <ns3:TrackPointExtension/>
        </extensions>
      </trkpt>
      <trkpt lat="43.90841695480048656463623046875" lon="-121.79078872315585613250732421875">
        <ele>1552.5999755859375</ele>
        <time>2025-08-08T17:11:53.000Z</time>
        <extensions>
          <ns3:TrackPointExtension/>
        </extensions>
      </trkpt>
      <trkpt lat="43.90837772749364376068115234375" lon="-121.79079978726804256439208984375">
        <ele>1554.4000244140625</ele>
        <time>2025-08-08T17:11:59.000Z</time>
        <extensions>
          <ns3:TrackPointExtension/>
        </extensions>
      </trkpt>
      <trkpt lat="43.9082859456539154052734375" lon="-121.790753938257694244384765625">
        <ele>1559.5999755859375</ele>
        <time>2025-08-08T17:12:13.000Z</time>
        <extensions>
          <ns3:TrackPointExtension/>
        </extensions>
      </trkpt>
      <trkpt lat="43.9081855304539203643798828125" lon="-121.79069652222096920013427734375">
        <ele>1562.4000244140625</ele>
        <time>2025-08-08T17:12:26.000Z</time>
        <extensions>
          <ns3:TrackPointExtension/>
        </extensions>
      </trkpt>
      <trkpt lat="43.9080996997654438018798828125" lon="-121.79066986776888370513916015625">
        <ele>1565</ele>
        <time>2025-08-08T17:12:37.000Z</time>
        <extensions>
          <ns3:TrackPointExtension/>
        </extensions>
      </trkpt>
      <trkpt lat="43.90802669338881969451904296875" lon="-121.790680848062038421630859375">
        <ele>1566.4000244140625</ele>
        <time>2025-08-08T17:12:48.000Z</time>
        <extensions>
          <ns3:TrackPointExtension/>
        </extensions>
      </trkpt>
      <trkpt lat="43.9079640805721282958984375" lon="-121.7907068319618701934814453125">
        <ele>1568.800048828125</ele>
        <time>2025-08-08T17:12:59.000Z</time>
        <extensions>
          <ns3:TrackPointExtension/>
        </extensions>
      </trkpt>
      <trkpt lat="43.90793868340551853179931640625" lon="-121.79073139093816280364990234375">
        <ele>1570.800048828125</ele>
        <time>2025-08-08T17:13:05.000Z</time>
        <extensions>
          <ns3:TrackPointExtension/>
        </extensions>
      </trkpt>
      <trkpt lat="43.90787196345627307891845703125" lon="-121.7907750606536865234375">
        <ele>1571.5999755859375</ele>
        <time>2025-08-08T17:13:11.000Z</time>
        <extensions>
          <ns3:TrackPointExtension/>
        </extensions>
      </trkpt>
      <trkpt lat="43.9078043214976787567138671875" lon="-121.7908442951738834381103515625">
        <ele>1573.4000244140625</ele>
        <time>2025-08-08T17:13:26.000Z</time>
        <extensions>
          <ns3:TrackPointExtension/>
        </extensions>
      </trkpt>
      <trkpt lat="43.907786719501018524169921875" lon="-121.79095149971544742584228515625">
        <ele>1574.199951171875</ele>
        <time>2025-08-08T17:13:38.000Z</time>
        <extensions>
          <ns3:TrackPointExtension/>
        </extensions>
      </trkpt>
      <trkpt lat="43.90766576863825321197509765625" lon="-121.79101754911243915557861328125">
        <ele>1575.800048828125</ele>
        <time>2025-08-08T17:13:49.000Z</time>
        <extensions>
          <ns3:TrackPointExtension/>
        </extensions>
      </trkpt>
      <trkpt lat="43.90761732123792171478271484375" lon="-121.79104755632579326629638671875">
        <ele>1577.4000244140625</ele>
        <time>2025-08-08T17:13:59.000Z</time>
        <extensions>
          <ns3:TrackPointExtension/>
        </extensions>
      </trkpt>
      <trkpt lat="43.9074893295764923095703125" lon="-121.79112852551043033599853515625">
        <ele>1577</ele>
        <time>2025-08-08T17:14:12.000Z</time>
        <extensions>
          <ns3:TrackPointExtension/>
        </extensions>
      </trkpt>
      <trkpt lat="43.90741263516247272491455078125" lon="-121.791192479431629180908203125">
        <ele>1577.800048828125</ele>
        <time>2025-08-08T17:14:25.000Z</time>
        <extensions>
          <ns3:TrackPointExtension/>
        </extensions>
      </trkpt>
      <trkpt lat="43.90734189189970493316650390625" lon="-121.79124939255416393280029296875">
        <ele>1578</ele>
        <time>2025-08-08T17:14:34.000Z</time>
        <extensions>
          <ns3:TrackPointExtension/>
        </extensions>
      </trkpt>
      <trkpt lat="43.9072611741721630096435546875" lon="-121.7913388274610042572021484375">
        <ele>1578</ele>
        <time>2025-08-08T17:14:47.000Z</time>
        <extensions>
          <ns3:TrackPointExtension/>
        </extensions>
      </trkpt>
      <trkpt lat="43.9071781933307647705078125" lon="-121.791438572108745574951171875">
        <ele>1579.800048828125</ele>
        <time>2025-08-08T17:15:02.000Z</time>
        <extensions>
          <ns3:TrackPointExtension/>
        </extensions>
      </trkpt>
      <trkpt lat="43.90709437429904937744140625" lon="-121.791531778872013092041015625">
        <ele>1579.5999755859375</ele>
        <time>2025-08-08T17:15:12.000Z</time>
        <extensions>
          <ns3:TrackPointExtension/>
        </extensions>
      </trkpt>
      <trkpt lat="43.907034695148468017578125" lon="-121.79160394705832004547119140625">
        <ele>1581</ele>
        <time>2025-08-08T17:15:24.000Z</time>
        <extensions>
          <ns3:TrackPointExtension/>
        </extensions>
      </trkpt>
      <trkpt lat="43.90701516531407833099365234375" lon="-121.79166496731340885162353515625">
        <ele>1582.800048828125</ele>
        <time>2025-08-08T17:15:35.000Z</time>
        <extensions>
          <ns3:TrackPointExtension/>
        </extensions>
      </trkpt>
      <trkpt lat="43.90687988139688968658447265625" lon="-121.7917709983885288238525390625">
        <ele>1586</ele>
        <time>2025-08-08T17:15:49.000Z</time>
        <extensions>
          <ns3:TrackPointExtension/>
        </extensions>
      </trkpt>
      <trkpt lat="43.90681944787502288818359375" lon="-121.791815422475337982177734375">
        <ele>1587.199951171875</ele>
        <time>2025-08-08T17:15:57.000Z</time>
        <extensions>
          <ns3:TrackPointExtension/>
        </extensions>
      </trkpt>
      <trkpt lat="43.90677946619689464569091796875" lon="-121.791850291192531585693359375">
        <ele>1588.800048828125</ele>
        <time>2025-08-08T17:16:06.000Z</time>
        <extensions>
          <ns3:TrackPointExtension/>
        </extensions>
      </trkpt>
      <trkpt lat="43.90667997300624847412109375" lon="-121.7919396422803401947021484375">
        <ele>1589.4000244140625</ele>
        <time>2025-08-08T17:16:18.000Z</time>
        <extensions>
          <ns3:TrackPointExtension/>
        </extensions>
      </trkpt>
      <trkpt lat="43.906572349369525909423828125" lon="-121.79201683960855007171630859375">
        <ele>1590.4000244140625</ele>
        <time>2025-08-08T17:16:30.000Z</time>
        <extensions>
          <ns3:TrackPointExtension/>
        </extensions>
      </trkpt>
      <trkpt lat="43.90650118701159954071044921875" lon="-121.792110465466976165771484375">
        <ele>1591.4000244140625</ele>
        <time>2025-08-08T17:16:43.000Z</time>
        <extensions>
          <ns3:TrackPointExtension/>
        </extensions>
      </trkpt>
      <trkpt lat="43.90644888393580913543701171875" lon="-121.792156398296356201171875">
        <ele>1591.800048828125</ele>
        <time>2025-08-08T17:16:53.000Z</time>
        <extensions>
          <ns3:TrackPointExtension/>
        </extensions>
      </trkpt>
      <trkpt lat="43.90637059696018695831298828125" lon="-121.7922172509133815765380859375">
        <ele>1592.5999755859375</ele>
        <time>2025-08-08T17:17:04.000Z</time>
        <extensions>
          <ns3:TrackPointExtension/>
        </extensions>
      </trkpt>
      <trkpt lat="43.90630018897354602813720703125" lon="-121.79231439717113971710205078125">
        <ele>1593</ele>
        <time>2025-08-08T17:17:15.000Z</time>
        <extensions>
          <ns3:TrackPointExtension/>
        </extensions>
      </trkpt>
      <trkpt lat="43.906269259750843048095703125" lon="-121.79235018789768218994140625">
        <ele>1593.5999755859375</ele>
        <time>2025-08-08T17:17:24.000Z</time>
        <extensions>
          <ns3:TrackPointExtension/>
        </extensions>
      </trkpt>
      <trkpt lat="43.90617437660694122314453125" lon="-121.792438030242919921875">
        <ele>1593.800048828125</ele>
        <time>2025-08-08T17:17:33.000Z</time>
        <extensions>
          <ns3:TrackPointExtension/>
        </extensions>
      </trkpt>
      <trkpt lat="43.906159289181232452392578125" lon="-121.79245303384959697723388671875">
        <ele>1593.800048828125</ele>
        <time>2025-08-08T17:17:35.000Z</time>
        <extensions>
          <ns3:TrackPointExtension/>
        </extensions>
      </trkpt>
      <trkpt lat="43.90605501830577850341796875" lon="-121.79255093447864055633544921875">
        <ele>1594.199951171875</ele>
        <time>2025-08-08T17:17:46.000Z</time>
        <extensions>
          <ns3:TrackPointExtension/>
        </extensions>
      </trkpt>
      <trkpt lat="43.9060162939131259918212890625" lon="-121.7926319874823093414306640625">
        <ele>1595.4000244140625</ele>
        <time>2025-08-08T17:17:58.000Z</time>
        <extensions>
          <ns3:TrackPointExtension/>
        </extensions>
      </trkpt>
      <trkpt lat="43.90599374659359455108642578125" lon="-121.7927305586636066436767578125">
        <ele>1596.800048828125</ele>
        <time>2025-08-08T17:18:09.000Z</time>
        <extensions>
          <ns3:TrackPointExtension/>
        </extensions>
      </trkpt>
      <trkpt lat="43.90595502220094203948974609375" lon="-121.7928455583751201629638671875">
        <ele>1598.800048828125</ele>
        <time>2025-08-08T17:18:21.000Z</time>
        <extensions>
          <ns3:TrackPointExtension/>
        </extensions>
      </trkpt>
      <trkpt lat="43.90588645823299884796142578125" lon="-121.7929786629974842071533203125">
        <ele>1601.4000244140625</ele>
        <time>2025-08-08T17:18:34.000Z</time>
        <extensions>
          <ns3:TrackPointExtension/>
        </extensions>
      </trkpt>
      <trkpt lat="43.90585913322865962982177734375" lon="-121.79309139959514141082763671875">
        <ele>1602.4000244140625</ele>
        <time>2025-08-08T17:18:44.000Z</time>
        <extensions>
          <ns3:TrackPointExtension/>
        </extensions>
      </trkpt>
      <trkpt lat="43.90582434833049774169921875" lon="-121.79324612952768802642822265625">
        <ele>1603.800048828125</ele>
        <time>2025-08-08T17:18:57.000Z</time>
        <extensions>
          <ns3:TrackPointExtension/>
        </extensions>
      </trkpt>
      <trkpt lat="43.90581403858959674835205078125" lon="-121.79336138069629669189453125">
        <ele>1604.199951171875</ele>
        <time>2025-08-08T17:19:06.000Z</time>
        <extensions>
          <ns3:TrackPointExtension/>
        </extensions>
      </trkpt>
      <trkpt lat="43.905809260904788970947265625" lon="-121.79340354166924953460693359375">
        <ele>1604.199951171875</ele>
        <time>2025-08-08T17:19:15.000Z</time>
        <extensions>
          <ns3:TrackPointExtension/>
        </extensions>
      </trkpt>
      <trkpt lat="43.905796520411968231201171875" lon="-121.79357754997909069061279296875">
        <ele>1604</ele>
        <time>2025-08-08T17:19:27.000Z</time>
        <extensions>
          <ns3:TrackPointExtension/>
        </extensions>
      </trkpt>
      <trkpt lat="43.905743546783924102783203125" lon="-121.79375298321247100830078125">
        <ele>1605.5999755859375</ele>
        <time>2025-08-08T17:19:41.000Z</time>
        <extensions>
          <ns3:TrackPointExtension/>
        </extensions>
      </trkpt>
      <trkpt lat="43.9057064987719058990478515625" lon="-121.793881393969058990478515625">
        <ele>1607.4000244140625</ele>
        <time>2025-08-08T17:19:53.000Z</time>
        <extensions>
          <ns3:TrackPointExtension/>
        </extensions>
      </trkpt>
      <trkpt lat="43.90569602139294147491455078125" lon="-121.79401583969593048095703125">
        <ele>1609.800048828125</ele>
        <time>2025-08-08T17:20:04.000Z</time>
        <extensions>
          <ns3:TrackPointExtension/>
        </extensions>
      </trkpt>
      <trkpt lat="43.90566207468509674072265625" lon="-121.79413653910160064697265625">
        <ele>1612.199951171875</ele>
        <time>2025-08-08T17:20:14.000Z</time>
        <extensions>
          <ns3:TrackPointExtension/>
        </extensions>
      </trkpt>
      <trkpt lat="43.90568126924335956573486328125" lon="-121.7942513711750507354736328125">
        <ele>1613.800048828125</ele>
        <time>2025-08-08T17:20:25.000Z</time>
        <extensions>
          <ns3:TrackPointExtension/>
        </extensions>
      </trkpt>
      <trkpt lat="43.905701972544193267822265625" lon="-121.79439025931060314178466796875">
        <ele>1614.199951171875</ele>
        <time>2025-08-08T17:20:38.000Z</time>
        <extensions>
          <ns3:TrackPointExtension/>
        </extensions>
      </trkpt>
      <trkpt lat="43.9057041518390178680419921875" lon="-121.7944112978875637054443359375">
        <ele>1614</ele>
        <time>2025-08-08T17:20:45.000Z</time>
        <extensions>
          <ns3:TrackPointExtension/>
        </extensions>
      </trkpt>
      <trkpt lat="43.90569048933684825897216796875" lon="-121.7944337613880634307861328125">
        <ele>1613.800048828125</ele>
        <time>2025-08-08T17:20:59.000Z</time>
        <extensions>
          <ns3:TrackPointExtension/>
        </extensions>
      </trkpt>
      <trkpt lat="43.90568043105304241180419921875" lon="-121.79444977082312107086181640625">
        <ele>1613.5999755859375</ele>
        <time>2025-08-08T17:21:09.000Z</time>
        <extensions>
          <ns3:TrackPointExtension/>
        </extensions>
      </trkpt>
      <trkpt lat="43.90567389316856861114501953125" lon="-121.79445647634565830230712890625">
        <ele>1613.4000244140625</ele>
        <time>2025-08-08T17:21:18.000Z</time>
        <extensions>
          <ns3:TrackPointExtension/>
        </extensions>
      </trkpt>
      <trkpt lat="43.9056573808193206787109375" lon="-121.7944595776498317718505859375">
        <ele>1613.4000244140625</ele>
        <time>2025-08-08T17:21:27.000Z</time>
        <extensions>
          <ns3:TrackPointExtension/>
        </extensions>
      </trkpt>
      <trkpt lat="43.9056488312780857086181640625" lon="-121.7944696359336376190185546875">
        <ele>1613.199951171875</ele>
        <time>2025-08-08T17:21:39.000Z</time>
        <extensions>
          <ns3:TrackPointExtension/>
        </extensions>
      </trkpt>
      <trkpt lat="43.9056493341922760009765625" lon="-121.79447407834231853485107421875">
        <ele>1613.4000244140625</ele>
        <time>2025-08-08T17:21:50.000Z</time>
        <extensions>
          <ns3:TrackPointExtension/>
        </extensions>
      </trkpt>
      <trkpt lat="43.90564254485070705413818359375" lon="-121.79448229260742664337158203125">
        <ele>1613.199951171875</ele>
        <time>2025-08-08T17:21:59.000Z</time>
        <extensions>
          <ns3:TrackPointExtension/>
        </extensions>
      </trkpt>
      <trkpt lat="43.9056394435465335845947265625" lon="-121.79447843693196773529052734375">
        <ele>1612.800048828125</ele>
        <time>2025-08-08T17:22:12.000Z</time>
        <extensions>
          <ns3:TrackPointExtension/>
        </extensions>
      </trkpt>
      <trkpt lat="43.9056297205388545989990234375" lon="-121.7944783531129360198974609375">
        <ele>1612.199951171875</ele>
        <time>2025-08-08T17:22:22.000Z</time>
        <extensions>
          <ns3:TrackPointExtension/>
        </extensions>
      </trkpt>
      <trkpt lat="43.90561019070446491241455078125" lon="-121.7945001460611820220947265625">
        <ele>1611.800048828125</ele>
        <time>2025-08-08T17:22:32.000Z</time>
        <extensions>
          <ns3:TrackPointExtension/>
        </extensions>
      </trkpt>
      <trkpt lat="43.9055864699184894561767578125" lon="-121.7945467494428157806396484375">
        <ele>1612.199951171875</ele>
        <time>2025-08-08T17:22:41.000Z</time>
        <extensions>
          <ns3:TrackPointExtension/>
        </extensions>
      </trkpt>
      <trkpt lat="43.905604071915149688720703125" lon="-121.79456032812595367431640625">
        <ele>1612</ele>
        <time>2025-08-08T17:22:51.000Z</time>
        <extensions>
          <ns3:TrackPointExtension/>
        </extensions>
      </trkpt>
      <trkpt lat="43.905633576214313507080078125" lon="-121.794570721685886383056640625">
        <ele>1611.800048828125</ele>
        <time>2025-08-08T17:23:03.000Z</time>
        <extensions>
          <ns3:TrackPointExtension/>
        </extensions>
      </trkpt>
      <trkpt lat="43.90564237721264362335205078125" lon="-121.79456946440041065216064453125">
        <ele>1611.800048828125</ele>
        <time>2025-08-08T17:23:18.000Z</time>
        <extensions>
          <ns3:TrackPointExtension/>
        </extensions>
      </trkpt>
      <trkpt lat="43.90564438886940479278564453125" lon="-121.79456711746752262115478515625">
        <ele>1611.5999755859375</ele>
        <time>2025-08-08T17:23:26.000Z</time>
        <extensions>
          <ns3:TrackPointExtension/>
        </extensions>
      </trkpt>
      <trkpt lat="43.9056290499866008758544921875" lon="-121.79456627927720546722412109375">
        <ele>1611.5999755859375</ele>
        <time>2025-08-08T17:23:34.000Z</time>
        <extensions>
          <ns3:TrackPointExtension/>
        </extensions>
      </trkpt>
      <trkpt lat="43.90562863089144229888916015625" lon="-121.7945584841072559356689453125">
        <ele>1611.199951171875</ele>
        <time>2025-08-08T17:23:43.000Z</time>
        <extensions>
          <ns3:TrackPointExtension/>
        </extensions>
      </trkpt>
      <trkpt lat="43.9056236855685710906982421875" lon="-121.79456594400107860565185546875">
        <ele>1611.199951171875</ele>
        <time>2025-08-08T17:23:51.000Z</time>
        <extensions>
          <ns3:TrackPointExtension/>
        </extensions>
      </trkpt>
      <trkpt lat="43.90561656095087528228759765625" lon="-121.7945866473019123077392578125">
        <ele>1611</ele>
        <time>2025-08-08T17:24:02.000Z</time>
        <extensions>
          <ns3:TrackPointExtension/>
        </extensions>
      </trkpt>
      <trkpt lat="43.90561521984636783599853515625" lon="-121.79459653794765472412109375">
        <ele>1610.199951171875</ele>
        <time>2025-08-08T17:24:09.000Z</time>
        <extensions>
          <ns3:TrackPointExtension/>
        </extensions>
      </trkpt>
      <trkpt lat="43.9056089334189891815185546875" lon="-121.79458002559840679168701171875">
        <ele>1609.5999755859375</ele>
        <time>2025-08-08T17:24:17.000Z</time>
        <extensions>
          <ns3:TrackPointExtension/>
        </extensions>
      </trkpt>
      <trkpt lat="43.9055983722209930419921875" lon="-121.79456963203847408294677734375">
        <ele>1609.4000244140625</ele>
        <time>2025-08-08T17:24:26.000Z</time>
        <extensions>
          <ns3:TrackPointExtension/>
        </extensions>
      </trkpt>
      <trkpt lat="43.9055983722209930419921875" lon="-121.79456225596368312835693359375">
        <ele>1608.800048828125</ele>
        <time>2025-08-08T17:24:36.000Z</time>
        <extensions>
          <ns3:TrackPointExtension/>
        </extensions>
      </trkpt>
      <trkpt lat="43.90560172498226165771484375" lon="-121.79456057958304882049560546875">
        <ele>1608.199951171875</ele>
        <time>2025-08-08T17:24:50.000Z</time>
        <extensions>
          <ns3:TrackPointExtension/>
        </extensions>
      </trkpt>
      <trkpt lat="43.9056092686951160430908203125" lon="-121.7945502698421478271484375">
        <ele>1608</ele>
        <time>2025-08-08T17:25:05.000Z</time>
        <extensions>
          <ns3:TrackPointExtension/>
        </extensions>
      </trkpt>
      <trkpt lat="43.90560113824903964996337890625" lon="-121.79455739445984363555908203125">
        <ele>1608</ele>
        <time>2025-08-08T17:25:18.000Z</time>
        <extensions>
          <ns3:TrackPointExtension/>
        </extensions>
      </trkpt>
      <trkpt lat="43.90557398088276386260986328125" lon="-121.794578097760677337646484375">
        <ele>1608.199951171875</ele>
        <time>2025-08-08T17:25:34.000Z</time>
        <extensions>
          <ns3:TrackPointExtension/>
        </extensions>
      </trkpt>
      <trkpt lat="43.9055693708360195159912109375" lon="-121.79457239806652069091796875">
        <ele>1607.800048828125</ele>
        <time>2025-08-08T17:25:49.000Z</time>
        <extensions>
          <ns3:TrackPointExtension/>
        </extensions>
      </trkpt>
      <trkpt lat="43.905572555959224700927734375" lon="-121.79456577636301517486572265625">
        <ele>1607.800048828125</ele>
        <time>2025-08-08T17:26:01.000Z</time>
        <extensions>
          <ns3:TrackPointExtension/>
        </extensions>
      </trkpt>
      <trkpt lat="43.905604071915149688720703125" lon="-121.7945574782788753509521484375">
        <ele>1607</ele>
        <time>2025-08-08T17:26:13.000Z</time>
        <extensions>
          <ns3:TrackPointExtension/>
        </extensions>
      </trkpt>
      <trkpt lat="43.90561236999928951263427734375" lon="-121.7945517785847187042236328125">
        <ele>1606.5999755859375</ele>
        <time>2025-08-08T17:26:25.000Z</time>
        <extensions>
          <ns3:TrackPointExtension/>
        </extensions>
      </trkpt>
      <trkpt lat="43.90559527091681957244873046875" lon="-121.79455303587019443511962890625">
        <ele>1606.199951171875</ele>
        <time>2025-08-08T17:26:38.000Z</time>
        <extensions>
          <ns3:TrackPointExtension/>
        </extensions>
      </trkpt>
      <trkpt lat="43.90559233725070953369140625" lon="-121.7945598252117633819580078125">
        <ele>1605.800048828125</ele>
        <time>2025-08-08T17:26:54.000Z</time>
        <extensions>
          <ns3:TrackPointExtension/>
        </extensions>
      </trkpt>
      <trkpt lat="43.90558554790914058685302734375" lon="-121.79456745274364948272705078125">
        <ele>1605.4000244140625</ele>
        <time>2025-08-08T17:27:04.000Z</time>
        <extensions>
          <ns3:TrackPointExtension/>
        </extensions>
      </trkpt>
      <trkpt lat="43.9055492542684078216552734375" lon="-121.79458354599773883819580078125">
        <ele>1604</ele>
        <time>2025-08-08T17:27:17.000Z</time>
        <extensions>
          <ns3:TrackPointExtension/>
        </extensions>
      </trkpt>
      <trkpt lat="43.9055500924587249755859375" lon="-121.7945916764438152313232421875">
        <ele>1603.4000244140625</ele>
        <time>2025-08-08T17:27:30.000Z</time>
        <extensions>
          <ns3:TrackPointExtension/>
        </extensions>
      </trkpt>
      <trkpt lat="43.90555771999061107635498046875" lon="-121.7945923469960689544677734375">
        <ele>1603</ele>
        <time>2025-08-08T17:27:40.000Z</time>
        <extensions>
          <ns3:TrackPointExtension/>
        </extensions>
      </trkpt>
      <trkpt lat="43.90554673969745635986328125" lon="-121.7945970408618450164794921875">
        <ele>1602</ele>
        <time>2025-08-08T17:27:51.000Z</time>
        <extensions>
          <ns3:TrackPointExtension/>
        </extensions>
      </trkpt>
      <trkpt lat="43.90554632060229778289794921875" lon="-121.79460592567920684814453125">
        <ele>1600.199951171875</ele>
        <time>2025-08-08T17:28:03.000Z</time>
        <extensions>
          <ns3:TrackPointExtension/>
        </extensions>
      </trkpt>
      <trkpt lat="43.90554581768810749053955078125" lon="-121.79460718296468257904052734375">
        <ele>1600.199951171875</ele>
        <time>2025-08-08T17:28:12.000Z</time>
        <extensions>
          <ns3:TrackPointExtension/>
        </extensions>
      </trkpt>
      <trkpt lat="43.90556392259895801544189453125" lon="-121.79461187683045864105224609375">
        <ele>1600</ele>
        <time>2025-08-08T17:28:22.000Z</time>
        <extensions>
          <ns3:TrackPointExtension/>
        </extensions>
      </trkpt>
      <trkpt lat="43.90558429062366485595703125" lon="-121.79460248909890651702880859375">
        <ele>1599.800048828125</ele>
        <time>2025-08-08T17:28:34.000Z</time>
        <extensions>
          <ns3:TrackPointExtension/>
        </extensions>
      </trkpt>
      <trkpt lat="43.90558965504169464111328125" lon="-121.7945970408618450164794921875">
        <ele>1599.5999755859375</ele>
        <time>2025-08-08T17:28:44.000Z</time>
        <extensions>
          <ns3:TrackPointExtension/>
        </extensions>
      </trkpt>
      <trkpt lat="43.90558303333818912506103515625" lon="-121.79458404891192913055419921875">
        <ele>1599.4000244140625</ele>
        <time>2025-08-08T17:28:55.000Z</time>
        <extensions>
          <ns3:TrackPointExtension/>
        </extensions>
      </trkpt>
      <trkpt lat="43.90558219514787197113037109375" lon="-121.79457717575132846832275390625">
        <ele>1599.199951171875</ele>
        <time>2025-08-08T17:29:08.000Z</time>
        <extensions>
          <ns3:TrackPointExtension/>
        </extensions>
      </trkpt>
      <trkpt lat="43.90558672137558460235595703125" lon="-121.7945792712271213531494140625">
        <ele>1599</ele>
        <time>2025-08-08T17:29:24.000Z</time>
        <extensions>
          <ns3:TrackPointExtension/>
        </extensions>
      </trkpt>
      <trkpt lat="43.9055884815752506256103515625" lon="-121.79457508027553558349609375">
        <ele>1598.800048828125</ele>
        <time>2025-08-08T17:29:50.000Z</time>
        <extensions>
          <ns3:TrackPointExtension/>
        </extensions>
      </trkpt>
      <trkpt lat="43.90557892620563507080078125" lon="-121.79455219767987728118896484375">
        <ele>1598.199951171875</ele>
        <time>2025-08-08T17:31:12.000Z</time>
        <extensions>
          <ns3:TrackPointExtension/>
        </extensions>
      </trkpt>
      <trkpt lat="43.90557733364403247833251953125" lon="-121.79453912191092967987060546875">
        <ele>1597.199951171875</ele>
        <time>2025-08-08T17:32:49.000Z</time>
        <extensions>
          <ns3:TrackPointExtension/>
        </extensions>
      </trkpt>
      <trkpt lat="43.9055715501308441162109375" lon="-121.79453727789223194122314453125">
        <ele>1596</ele>
        <time>2025-08-08T17:33:14.000Z</time>
        <extensions>
          <ns3:TrackPointExtension/>
        </extensions>
      </trkpt>
      <trkpt lat="43.90558621846139430999755859375" lon="-121.79453493095934391021728515625">
        <ele>1596.199951171875</ele>
        <time>2025-08-08T17:33:42.000Z</time>
        <extensions>
          <ns3:TrackPointExtension/>
        </extensions>
      </trkpt>
      <trkpt lat="43.9055958576500415802001953125" lon="-121.79452956654131412506103515625">
        <ele>1596.5999755859375</ele>
        <time>2025-08-08T17:34:13.000Z</time>
        <extensions>
          <ns3:TrackPointExtension/>
        </extensions>
      </trkpt>
      <trkpt lat="43.9055941812694072723388671875" lon="-121.79453618824481964111328125">
        <ele>1596.4000244140625</ele>
        <time>2025-08-08T17:34:29.000Z</time>
        <extensions>
          <ns3:TrackPointExtension/>
        </extensions>
      </trkpt>
      <trkpt lat="43.905591331422328948974609375" lon="-121.7945437319576740264892578125">
        <ele>1595.800048828125</ele>
        <time>2025-08-08T17:34:40.000Z</time>
        <extensions>
          <ns3:TrackPointExtension/>
        </extensions>
      </trkpt>
      <trkpt lat="43.90559175051748752593994140625" lon="-121.7945437319576740264892578125">
        <ele>1595.4000244140625</ele>
        <time>2025-08-08T17:34:58.000Z</time>
        <extensions>
          <ns3:TrackPointExtension/>
        </extensions>
      </trkpt>
      <trkpt lat="43.90554984100162982940673828125" lon="-121.79452504031360149383544921875">
        <ele>1594.199951171875</ele>
        <time>2025-08-08T17:35:27.000Z</time>
        <extensions>
          <ns3:TrackPointExtension/>
        </extensions>
      </trkpt>
      <trkpt lat="43.9055338315665721893310546875" lon="-121.79449788294732570648193359375">
        <ele>1592.5999755859375</ele>
        <time>2025-08-08T17:35:37.000Z</time>
        <extensions>
          <ns3:TrackPointExtension/>
        </extensions>
      </trkpt>
      <trkpt lat="43.9054711349308490753173828125" lon="-121.79452654905617237091064453125">
        <ele>1593.4000244140625</ele>
        <time>2025-08-08T17:35:48.000Z</time>
        <extensions>
          <ns3:TrackPointExtension/>
        </extensions>
      </trkpt>
      <trkpt lat="43.90538337640464305877685546875" lon="-121.794574744999408721923828125">
        <ele>1596</ele>
        <time>2025-08-08T17:36:00.000Z</time>
        <extensions>
          <ns3:TrackPointExtension/>
        </extensions>
      </trkpt>
      <trkpt lat="43.90530559234321117401123046875" lon="-121.79464305751025676727294921875">
        <ele>1599.800048828125</ele>
        <time>2025-08-08T17:36:11.000Z</time>
        <extensions>
          <ns3:TrackPointExtension/>
        </extensions>
      </trkpt>
      <trkpt lat="43.90522579662501811981201171875" lon="-121.7946942709386348724365234375">
        <ele>1601.199951171875</ele>
        <time>2025-08-08T17:36:20.000Z</time>
        <extensions>
          <ns3:TrackPointExtension/>
        </extensions>
      </trkpt>
      <trkpt lat="43.90517097897827625274658203125" lon="-121.7947485856711864471435546875">
        <ele>1602.199951171875</ele>
        <time>2025-08-08T17:36:27.000Z</time>
        <extensions>
          <ns3:TrackPointExtension/>
        </extensions>
      </trkpt>
      <trkpt lat="43.90512026846408843994140625" lon="-121.79481052793562412261962890625">
        <ele>1603</ele>
        <time>2025-08-08T17:36:34.000Z</time>
        <extensions>
          <ns3:TrackPointExtension/>
        </extensions>
      </trkpt>
      <trkpt lat="43.90510425902903079986572265625" lon="-121.794885881245136260986328125">
        <ele>1603.5999755859375</ele>
        <time>2025-08-08T17:36:43.000Z</time>
        <extensions>
          <ns3:TrackPointExtension/>
        </extensions>
      </trkpt>
      <trkpt lat="43.9051127247512340545654296875" lon="-121.7949128709733486175537109375">
        <ele>1605.4000244140625</ele>
        <time>2025-08-08T17:36:50.000Z</time>
        <extensions>
          <ns3:TrackPointExtension/>
        </extensions>
      </trkpt>
      <trkpt lat="43.90514172613620758056640625" lon="-121.79498168639838695526123046875">
        <ele>1608.4000244140625</ele>
        <time>2025-08-08T17:37:01.000Z</time>
        <extensions>
          <ns3:TrackPointExtension/>
        </extensions>
      </trkpt>
      <trkpt lat="43.9051844738423824310302734375" lon="-121.7951787449419498443603515625">
        <ele>1608.800048828125</ele>
        <time>2025-08-08T17:37:12.000Z</time>
        <extensions>
          <ns3:TrackPointExtension/>
        </extensions>
      </trkpt>
      <trkpt lat="43.90517969615757465362548828125" lon="-121.7952149547636508941650390625">
        <ele>1609</ele>
        <time>2025-08-08T17:37:14.000Z</time>
        <extensions>
          <ns3:TrackPointExtension/>
        </extensions>
      </trkpt>
      <trkpt lat="43.9051871560513973236083984375" lon="-121.79524119012057781219482421875">
        <ele>1609.199951171875</ele>
        <time>2025-08-08T17:37:18.000Z</time>
        <extensions>
          <ns3:TrackPointExtension/>
        </extensions>
      </trkpt>
      <trkpt lat="43.90522344969213008880615234375" lon="-121.79529785178601741790771484375">
        <ele>1609.5999755859375</ele>
        <time>2025-08-08T17:37:27.000Z</time>
        <extensions>
          <ns3:TrackPointExtension/>
        </extensions>
      </trkpt>
      <trkpt lat="43.90524876303970813751220703125" lon="-121.79547253064811229705810546875">
        <ele>1607.4000244140625</ele>
        <time>2025-08-08T17:37:39.000Z</time>
        <extensions>
          <ns3:TrackPointExtension/>
        </extensions>
      </trkpt>
      <trkpt lat="43.9052032493054866790771484375" lon="-121.79548166692256927490234375">
        <ele>1604.5999755859375</ele>
        <time>2025-08-08T17:37:46.000Z</time>
        <extensions>
          <ns3:TrackPointExtension/>
        </extensions>
      </trkpt>
      <trkpt lat="43.90518187545239925384521484375" lon="-121.79547186009585857391357421875">
        <ele>1603.4000244140625</ele>
        <time>2025-08-08T17:37:56.000Z</time>
        <extensions>
          <ns3:TrackPointExtension/>
        </extensions>
      </trkpt>
      <trkpt lat="43.9051888324320316314697265625" lon="-121.79546616040170192718505859375">
        <ele>1603</ele>
        <time>2025-08-08T17:38:04.000Z</time>
        <extensions>
          <ns3:TrackPointExtension/>
        </extensions>
      </trkpt>
      <trkpt lat="43.905189670622348785400390625" lon="-121.79547353647649288177490234375">
        <ele>1602.5999755859375</ele>
        <time>2025-08-08T17:38:19.000Z</time>
        <extensions>
          <ns3:TrackPointExtension/>
        </extensions>
      </trkpt>
      <trkpt lat="43.90518464148044586181640625" lon="-121.79547538049519062042236328125">
        <ele>1602.4000244140625</ele>
        <time>2025-08-08T17:38:36.000Z</time>
        <extensions>
          <ns3:TrackPointExtension/>
        </extensions>
      </trkpt>
      <trkpt lat="43.90516846440732479095458984375" lon="-121.7954845167696475982666015625">
        <ele>1601</ele>
        <time>2025-08-08T17:39:01.000Z</time>
        <extensions>
          <ns3:TrackPointExtension/>
        </extensions>
      </trkpt>
      <trkpt lat="43.90515689738094806671142578125" lon="-121.79548862390220165252685546875">
        <ele>1599.800048828125</ele>
        <time>2025-08-08T17:39:18.000Z</time>
        <extensions>
          <ns3:TrackPointExtension/>
        </extensions>
      </trkpt>
      <trkpt lat="43.90515589155256748199462890625" lon="-121.795484684407711029052734375">
        <ele>1600.199951171875</ele>
        <time>2025-08-08T17:39:34.000Z</time>
        <extensions>
          <ns3:TrackPointExtension/>
        </extensions>
      </trkpt>
      <trkpt lat="43.90517533756792545318603515625" lon="-121.7954997718334197998046875">
        <ele>1600.5999755859375</ele>
        <time>2025-08-08T17:39:56.000Z</time>
        <extensions>
          <ns3:TrackPointExtension/>
        </extensions>
      </trkpt>
      <trkpt lat="43.9051911793649196624755859375" lon="-121.79551494307816028594970703125">
        <ele>1599.800048828125</ele>
        <time>2025-08-08T17:40:17.000Z</time>
        <extensions>
          <ns3:TrackPointExtension/>
        </extensions>
      </trkpt>
      <trkpt lat="43.90522043220698833465576171875" lon="-121.7954985983669757843017578125">
        <ele>1597.5999755859375</ele>
        <time>2025-08-08T17:40:32.000Z</time>
        <extensions>
          <ns3:TrackPointExtension/>
        </extensions>
      </trkpt>
      <trkpt lat="43.90518656931817531585693359375" lon="-121.795525588095188140869140625">
        <ele>1590.4000244140625</ele>
        <time>2025-08-08T17:40:49.000Z</time>
        <extensions>
          <ns3:TrackPointExtension/>
        </extensions>
      </trkpt>
      <trkpt lat="43.9051697216928005218505859375" lon="-121.79548845626413822174072265625">
        <ele>1587</ele>
        <time>2025-08-08T17:41:11.000Z</time>
        <extensions>
          <ns3:TrackPointExtension/>
        </extensions>
      </trkpt>
      <trkpt lat="43.905176930129528045654296875" lon="-121.79548644460737705230712890625">
        <ele>1587.800048828125</ele>
        <time>2025-08-08T17:41:31.000Z</time>
        <extensions>
          <ns3:TrackPointExtension/>
        </extensions>
      </trkpt>
      <trkpt lat="43.9051727391779422760009765625" lon="-121.7954836785793304443359375">
        <ele>1587.800048828125</ele>
        <time>2025-08-08T17:42:01.000Z</time>
        <extensions>
          <ns3:TrackPointExtension/>
        </extensions>
      </trkpt>
      <trkpt lat="43.9051767624914646148681640625" lon="-121.79547152481973171234130859375">
        <ele>1588</ele>
        <time>2025-08-08T17:42:20.000Z</time>
        <extensions>
          <ns3:TrackPointExtension/>
        </extensions>
      </trkpt>
      <trkpt lat="43.9051707275211811065673828125" lon="-121.795502118766307830810546875">
        <ele>1588</ele>
        <time>2025-08-08T17:42:42.000Z</time>
        <extensions>
          <ns3:TrackPointExtension/>
        </extensions>
      </trkpt>
      <trkpt lat="43.9051697216928005218505859375" lon="-121.79552483372390270233154296875">
        <ele>1588</ele>
        <time>2025-08-08T17:42:59.000Z</time>
        <extensions>
          <ns3:TrackPointExtension/>
        </extensions>
      </trkpt>
      <trkpt lat="43.90517617575824260711669921875" lon="-121.79553036577999591827392578125">
        <ele>1589</ele>
        <time>2025-08-08T17:43:10.000Z</time>
        <extensions>
          <ns3:TrackPointExtension/>
        </extensions>
      </trkpt>
      <trkpt lat="43.90518154017627239227294921875" lon="-121.79552382789552211761474609375">
        <ele>1589</ele>
        <time>2025-08-08T17:43:21.000Z</time>
        <extensions>
          <ns3:TrackPointExtension/>
        </extensions>
      </trkpt>
      <trkpt lat="43.90517869032919406890869140625" lon="-121.79553187452256679534912109375">
        <ele>1589.199951171875</ele>
        <time>2025-08-08T17:43:34.000Z</time>
        <extensions>
          <ns3:TrackPointExtension/>
        </extensions>
      </trkpt>
      <trkpt lat="43.9051759243011474609375" lon="-121.795533634722232818603515625">
        <ele>1589.199951171875</ele>
        <time>2025-08-08T17:43:48.000Z</time>
        <extensions>
          <ns3:TrackPointExtension/>
        </extensions>
      </trkpt>
      <trkpt lat="43.90517299063503742218017578125" lon="-121.79553128778934478759765625">
        <ele>1589</ele>
        <time>2025-08-08T17:44:00.000Z</time>
        <extensions>
          <ns3:TrackPointExtension/>
        </extensions>
      </trkpt>
      <trkpt lat="43.90517265535891056060791015625" lon="-121.79552667774260044097900390625">
        <ele>1589</ele>
        <time>2025-08-08T17:44:12.000Z</time>
        <extensions>
          <ns3:TrackPointExtension/>
        </extensions>
      </trkpt>
      <trkpt lat="43.90517533756792545318603515625" lon="-121.795523576438426971435546875">
        <ele>1589</ele>
        <time>2025-08-08T17:44:27.000Z</time>
        <extensions>
          <ns3:TrackPointExtension/>
        </extensions>
      </trkpt>
      <trkpt lat="43.905170224606990814208984375" lon="-121.7955002747476100921630859375">
        <ele>1589.4000244140625</ele>
        <time>2025-08-08T17:44:57.000Z</time>
        <extensions>
          <ns3:TrackPointExtension/>
        </extensions>
      </trkpt>
      <trkpt lat="43.90516678802669048309326171875" lon="-121.79550488479435443878173828125">
        <ele>1589.800048828125</ele>
        <time>2025-08-08T17:45:27.000Z</time>
        <extensions>
          <ns3:TrackPointExtension/>
        </extensions>
      </trkpt>
      <trkpt lat="43.9051757566630840301513671875" lon="-121.79557965137064456939697265625">
        <ele>1590</ele>
        <time>2025-08-08T17:45:50.000Z</time>
        <extensions>
          <ns3:TrackPointExtension/>
        </extensions>
      </trkpt>
      <trkpt lat="43.9051759243011474609375" lon="-121.79559691809117794036865234375">
        <ele>1590.4000244140625</ele>
        <time>2025-08-08T17:45:56.000Z</time>
        <extensions>
          <ns3:TrackPointExtension/>
        </extensions>
      </trkpt>
      <trkpt lat="43.90516444109380245208740234375" lon="-121.795602031052112579345703125">
        <ele>1590.800048828125</ele>
        <time>2025-08-08T17:46:05.000Z</time>
        <extensions>
          <ns3:TrackPointExtension/>
        </extensions>
      </trkpt>
      <trkpt lat="43.90516293235123157501220703125" lon="-121.79560328833758831024169921875">
        <ele>1591</ele>
        <time>2025-08-08T17:46:14.000Z</time>
        <extensions>
          <ns3:TrackPointExtension/>
        </extensions>
      </trkpt>
      <trkpt lat="43.905141390860080718994140625" lon="-121.79560194723308086395263671875">
        <ele>1590.800048828125</ele>
        <time>2025-08-08T17:46:27.000Z</time>
        <extensions>
          <ns3:TrackPointExtension/>
        </extensions>
      </trkpt>
      <trkpt lat="43.90513929538428783416748046875" lon="-121.7956068925559520721435546875">
        <ele>1591</ele>
        <time>2025-08-08T17:46:40.000Z</time>
        <extensions>
          <ns3:TrackPointExtension/>
        </extensions>
      </trkpt>
      <trkpt lat="43.9051378704607486724853515625" lon="-121.79561133496463298797607421875">
        <ele>1591</ele>
        <time>2025-08-08T17:46:54.000Z</time>
        <extensions>
          <ns3:TrackPointExtension/>
        </extensions>
      </trkpt>
      <trkpt lat="43.9051388762891292572021484375" lon="-121.79559356532990932464599609375">
        <ele>1591</ele>
        <time>2025-08-08T17:47:03.000Z</time>
        <extensions>
          <ns3:TrackPointExtension/>
        </extensions>
      </trkpt>
      <trkpt lat="43.90515555627644062042236328125" lon="-121.795584261417388916015625">
        <ele>1590.800048828125</ele>
        <time>2025-08-08T17:47:13.000Z</time>
        <extensions>
          <ns3:TrackPointExtension/>
        </extensions>
      </trkpt>
      <trkpt lat="43.90516041778028011322021484375" lon="-121.79557512514293193817138671875">
        <ele>1590.5999755859375</ele>
        <time>2025-08-08T17:47:26.000Z</time>
        <extensions>
          <ns3:TrackPointExtension/>
        </extensions>
      </trkpt>
      <trkpt lat="43.90516494400799274444580078125" lon="-121.79557411931455135345458984375">
        <ele>1590.5999755859375</ele>
        <time>2025-08-08T17:47:39.000Z</time>
        <extensions>
          <ns3:TrackPointExtension/>
        </extensions>
      </trkpt>
      <trkpt lat="43.90518128871917724609375" lon="-121.79560638964176177978515625">
        <ele>1590.5999755859375</ele>
        <time>2025-08-08T17:47:48.000Z</time>
        <extensions>
          <ns3:TrackPointExtension/>
        </extensions>
      </trkpt>
      <trkpt lat="43.90518774278461933135986328125" lon="-121.795634217560291290283203125">
        <ele>1590.199951171875</ele>
        <time>2025-08-08T17:47:57.000Z</time>
        <extensions>
          <ns3:TrackPointExtension/>
        </extensions>
      </trkpt>
      <trkpt lat="43.90520274639129638671875" lon="-121.79565056227147579193115234375">
        <ele>1590.5999755859375</ele>
        <time>2025-08-08T17:48:08.000Z</time>
        <extensions>
          <ns3:TrackPointExtension/>
        </extensions>
      </trkpt>
      <trkpt lat="43.90520769171416759490966796875" lon="-121.7956484667956829071044921875">
        <ele>1590.4000244140625</ele>
        <time>2025-08-08T17:48:16.000Z</time>
        <extensions>
          <ns3:TrackPointExtension/>
        </extensions>
      </trkpt>
      <trkpt lat="43.90519796870648860931396484375" lon="-121.79566196165978908538818359375">
        <ele>1590.4000244140625</ele>
        <time>2025-08-08T17:48:33.000Z</time>
        <extensions>
          <ns3:TrackPointExtension/>
        </extensions>
      </trkpt>
      <trkpt lat="43.905186988413333892822265625" lon="-121.7956692539155483245849609375">
        <ele>1590.5999755859375</ele>
        <time>2025-08-08T17:49:14.000Z</time>
        <extensions>
          <ns3:TrackPointExtension/>
        </extensions>
      </trkpt>
      <trkpt lat="43.905181623995304107666015625" lon="-121.7956886999309062957763671875">
        <ele>1590.800048828125</ele>
        <time>2025-08-08T17:49:31.000Z</time>
        <extensions>
          <ns3:TrackPointExtension/>
        </extensions>
      </trkpt>
      <trkpt lat="43.90517181716859340667724609375" lon="-121.7957061342895030975341796875">
        <ele>1590.800048828125</ele>
        <time>2025-08-08T17:49:39.000Z</time>
        <extensions>
          <ns3:TrackPointExtension/>
        </extensions>
      </trkpt>
      <trkpt lat="43.90517768450081348419189453125" lon="-121.79576975293457508087158203125">
        <ele>1591</ele>
        <time>2025-08-08T17:49:49.000Z</time>
        <extensions>
          <ns3:TrackPointExtension/>
        </extensions>
      </trkpt>
      <trkpt lat="43.90517852269113063812255859375" lon="-121.7957728542387485504150390625">
        <ele>1591.199951171875</ele>
        <time>2025-08-08T17:49:55.000Z</time>
        <extensions>
          <ns3:TrackPointExtension/>
        </extensions>
      </trkpt>
      <trkpt lat="43.9051772654056549072265625" lon="-121.79578073322772979736328125">
        <ele>1591.199951171875</ele>
        <time>2025-08-08T17:50:08.000Z</time>
        <extensions>
          <ns3:TrackPointExtension/>
        </extensions>
      </trkpt>
      <trkpt lat="43.90517793595790863037109375" lon="-121.7957832477986812591552734375">
        <ele>1591</ele>
        <time>2025-08-08T17:50:24.000Z</time>
        <extensions>
          <ns3:TrackPointExtension/>
        </extensions>
      </trkpt>
      <trkpt lat="43.90518506057560443878173828125" lon="-121.79582239128649234771728515625">
        <ele>1590</ele>
        <time>2025-08-08T17:50:43.000Z</time>
        <extensions>
          <ns3:TrackPointExtension/>
        </extensions>
      </trkpt>
      <trkpt lat="43.905192352831363677978515625" lon="-121.7958291806280612945556640625">
        <ele>1590.800048828125</ele>
        <time>2025-08-08T17:50:54.000Z</time>
        <extensions>
          <ns3:TrackPointExtension/>
        </extensions>
      </trkpt>
      <trkpt lat="43.90517634339630603790283203125" lon="-121.79580847732722759246826171875">
        <ele>1590.5999755859375</ele>
        <time>2025-08-08T17:51:05.000Z</time>
        <extensions>
          <ns3:TrackPointExtension/>
        </extensions>
      </trkpt>
      <trkpt lat="43.9051375351846218109130859375" lon="-121.79578215815126895904541015625">
        <ele>1591.199951171875</ele>
        <time>2025-08-08T17:51:15.000Z</time>
        <extensions>
          <ns3:TrackPointExtension/>
        </extensions>
      </trkpt>
      <trkpt lat="43.9051167480647563934326171875" lon="-121.7957443557679653167724609375">
        <ele>1592.5999755859375</ele>
        <time>2025-08-08T17:51:24.000Z</time>
        <extensions>
          <ns3:TrackPointExtension/>
        </extensions>
      </trkpt>
      <trkpt lat="43.905111886560916900634765625" lon="-121.79568593390285968780517578125">
        <ele>1594</ele>
        <time>2025-08-08T17:51:30.000Z</time>
        <extensions>
          <ns3:TrackPointExtension/>
        </extensions>
      </trkpt>
      <trkpt lat="43.905122280120849609375" lon="-121.7956179566681385040283203125">
        <ele>1594.5999755859375</ele>
        <time>2025-08-08T17:51:35.000Z</time>
        <extensions>
          <ns3:TrackPointExtension/>
        </extensions>
      </trkpt>
      <trkpt lat="43.90512672252953052520751953125" lon="-121.79555098526179790496826171875">
        <ele>1595.800048828125</ele>
        <time>2025-08-08T17:51:43.000Z</time>
        <extensions>
          <ns3:TrackPointExtension/>
        </extensions>
      </trkpt>
      <trkpt lat="43.9051209390163421630859375" lon="-121.79543799720704555511474609375">
        <ele>1595.199951171875</ele>
        <time>2025-08-08T17:52:07.000Z</time>
        <extensions>
          <ns3:TrackPointExtension/>
        </extensions>
      </trkpt>
      <trkpt lat="43.9051247946918010711669921875" lon="-121.79547303356230258941650390625">
        <ele>1593</ele>
        <time>2025-08-08T17:52:26.000Z</time>
        <extensions>
          <ns3:TrackPointExtension/>
        </extensions>
      </trkpt>
      <trkpt lat="43.90516377054154872894287109375" lon="-121.7955207265913486480712890625">
        <ele>1591.5999755859375</ele>
        <time>2025-08-08T17:52:41.000Z</time>
        <extensions>
          <ns3:TrackPointExtension/>
        </extensions>
      </trkpt>
      <trkpt lat="43.9051569811999797821044921875" lon="-121.79551712237298488616943359375">
        <ele>1591.199951171875</ele>
        <time>2025-08-08T17:52:50.000Z</time>
        <extensions>
          <ns3:TrackPointExtension/>
        </extensions>
      </trkpt>
      <trkpt lat="43.905156143009662628173828125" lon="-121.79550253786146640777587890625">
        <ele>1591</ele>
        <time>2025-08-08T17:53:04.000Z</time>
        <extensions>
          <ns3:TrackPointExtension/>
        </extensions>
      </trkpt>
      <trkpt lat="43.90515647828578948974609375" lon="-121.7954925633966922760009765625">
        <ele>1591</ele>
        <time>2025-08-08T17:53:16.000Z</time>
        <extensions>
          <ns3:TrackPointExtension/>
        </extensions>
      </trkpt>
      <trkpt lat="43.905152790248394012451171875" lon="-121.79547839798033237457275390625">
        <ele>1591.199951171875</ele>
        <time>2025-08-08T17:53:32.000Z</time>
        <extensions>
          <ns3:TrackPointExtension/>
        </extensions>
      </trkpt>
      <trkpt lat="43.905134685337543487548828125" lon="-121.7954680882394313812255859375">
        <ele>1591.5999755859375</ele>
        <time>2025-08-08T17:53:47.000Z</time>
        <extensions>
          <ns3:TrackPointExtension/>
        </extensions>
      </trkpt>
      <trkpt lat="43.9051569811999797821044921875" lon="-121.7954576946794986724853515625">
        <ele>1592.800048828125</ele>
        <time>2025-08-08T17:54:02.000Z</time>
        <extensions>
          <ns3:TrackPointExtension/>
        </extensions>
      </trkpt>
      <trkpt lat="43.90517793595790863037109375" lon="-121.795471943914890289306640625">
        <ele>1587.4000244140625</ele>
        <time>2025-08-08T17:54:21.000Z</time>
        <extensions>
          <ns3:TrackPointExtension/>
        </extensions>
      </trkpt>
      <trkpt lat="43.9051700569689273834228515625" lon="-121.7954362370073795318603515625">
        <ele>1588.800048828125</ele>
        <time>2025-08-08T17:54:37.000Z</time>
        <extensions>
          <ns3:TrackPointExtension/>
        </extensions>
      </trkpt>
      <trkpt lat="43.90517399646341800689697265625" lon="-121.795449145138263702392578125">
        <ele>1588</ele>
        <time>2025-08-08T17:54:48.000Z</time>
        <extensions>
          <ns3:TrackPointExtension/>
        </extensions>
      </trkpt>
      <trkpt lat="43.90517382882535457611083984375" lon="-121.79544453509151935577392578125">
        <ele>1588.199951171875</ele>
        <time>2025-08-08T17:54:58.000Z</time>
        <extensions>
          <ns3:TrackPointExtension/>
        </extensions>
      </trkpt>
      <trkpt lat="43.90517634339630603790283203125" lon="-121.79543833248317241668701171875">
        <ele>1588</ele>
        <time>2025-08-08T17:55:09.000Z</time>
        <extensions>
          <ns3:TrackPointExtension/>
        </extensions>
      </trkpt>
      <trkpt lat="43.90517533756792545318603515625" lon="-121.795437075197696685791015625">
        <ele>1588.199951171875</ele>
        <time>2025-08-08T17:55:21.000Z</time>
        <extensions>
          <ns3:TrackPointExtension/>
        </extensions>
      </trkpt>
      <trkpt lat="43.90517969615757465362548828125" lon="-121.79544419981539249420166015625">
        <ele>1588.4000244140625</ele>
        <time>2025-08-08T17:55:35.000Z</time>
        <extensions>
          <ns3:TrackPointExtension/>
        </extensions>
      </trkpt>
      <trkpt lat="43.90518464148044586181640625" lon="-121.79545409046113491058349609375">
        <ele>1588.4000244140625</ele>
        <time>2025-08-08T17:55:45.000Z</time>
        <extensions>
          <ns3:TrackPointExtension/>
        </extensions>
      </trkpt>
      <trkpt lat="43.90518455766141414642333984375" lon="-121.79544956423342227935791015625">
        <ele>1588.5999755859375</ele>
        <time>2025-08-08T17:55:55.000Z</time>
        <extensions>
          <ns3:TrackPointExtension/>
        </extensions>
      </trkpt>
      <trkpt lat="43.90516544692218303680419921875" lon="-121.79542827419936656951904296875">
        <ele>1590.4000244140625</ele>
        <time>2025-08-08T17:56:20.000Z</time>
        <extensions>
          <ns3:TrackPointExtension/>
        </extensions>
      </trkpt>
      <trkpt lat="43.90516846440732479095458984375" lon="-121.79543565027415752410888671875">
        <ele>1592.199951171875</ele>
        <time>2025-08-08T17:56:40.000Z</time>
        <extensions>
          <ns3:TrackPointExtension/>
        </extensions>
      </trkpt>
      <trkpt lat="43.90517064370214939117431640625" lon="-121.79543673992156982421875">
        <ele>1591</ele>
        <time>2025-08-08T17:56:57.000Z</time>
        <extensions>
          <ns3:TrackPointExtension/>
        </extensions>
      </trkpt>
      <trkpt lat="43.9051693864166736602783203125" lon="-121.79544688202440738677978515625">
        <ele>1590.800048828125</ele>
        <time>2025-08-08T17:57:35.000Z</time>
        <extensions>
          <ns3:TrackPointExtension/>
        </extensions>
      </trkpt>
      <trkpt lat="43.90514482744038105010986328125" lon="-121.79555199109017848968505859375">
        <ele>1591.5999755859375</ele>
        <time>2025-08-08T17:57:56.000Z</time>
        <extensions>
          <ns3:TrackPointExtension/>
        </extensions>
      </trkpt>
      <trkpt lat="43.90514449216425418853759765625" lon="-121.795669086277484893798828125">
        <ele>1593.800048828125</ele>
        <time>2025-08-08T17:58:10.000Z</time>
        <extensions>
          <ns3:TrackPointExtension/>
        </extensions>
      </trkpt>
      <trkpt lat="43.90514683909714221954345703125" lon="-121.79575927555561065673828125">
        <ele>1597.199951171875</ele>
        <time>2025-08-08T17:58:30.000Z</time>
        <extensions>
          <ns3:TrackPointExtension/>
        </extensions>
      </trkpt>
      <trkpt lat="43.90515035949647426605224609375" lon="-121.7958097346127033233642578125">
        <ele>1602</ele>
        <time>2025-08-08T17:58:51.000Z</time>
        <extensions>
          <ns3:TrackPointExtension/>
        </extensions>
      </trkpt>
      <trkpt lat="43.9051987230777740478515625" lon="-121.79580328054726123809814453125">
        <ele>1597</ele>
        <time>2025-08-08T17:59:10.000Z</time>
        <extensions>
          <ns3:TrackPointExtension/>
        </extensions>
      </trkpt>
      <trkpt lat="43.9052149839699268341064453125" lon="-121.795820631086826324462890625">
        <ele>1597</ele>
        <time>2025-08-08T17:59:26.000Z</time>
        <extensions>
          <ns3:TrackPointExtension/>
        </extensions>
      </trkpt>
      <trkpt lat="43.90520852990448474884033203125" lon="-121.795805878937244415283203125">
        <ele>1595.800048828125</ele>
        <time>2025-08-08T17:59:36.000Z</time>
        <extensions>
          <ns3:TrackPointExtension/>
        </extensions>
      </trkpt>
      <trkpt lat="43.90520274639129638671875" lon="-121.7958335392177104949951171875">
        <ele>1595.5999755859375</ele>
        <time>2025-08-08T17:59:47.000Z</time>
        <extensions>
          <ns3:TrackPointExtension/>
        </extensions>
      </trkpt>
      <trkpt lat="43.9051656983792781829833984375" lon="-121.7958243191242218017578125">
        <ele>1595.800048828125</ele>
        <time>2025-08-08T17:59:56.000Z</time>
        <extensions>
          <ns3:TrackPointExtension/>
        </extensions>
      </trkpt>
      <trkpt lat="43.90514709055423736572265625" lon="-121.7958013527095317840576171875">
        <ele>1596</ele>
        <time>2025-08-08T18:00:04.000Z</time>
        <extensions>
          <ns3:TrackPointExtension/>
        </extensions>
      </trkpt>
      <trkpt lat="43.90513795427978038787841796875" lon="-121.79579422809183597564697265625">
        <ele>1596.800048828125</ele>
        <time>2025-08-08T18:00:10.000Z</time>
        <extensions>
          <ns3:TrackPointExtension/>
        </extensions>
      </trkpt>
      <trkpt lat="43.90515471808612346649169921875" lon="-121.7957269214093685150146484375">
        <ele>1597.800048828125</ele>
        <time>2025-08-08T18:00:19.000Z</time>
        <extensions>
          <ns3:TrackPointExtension/>
        </extensions>
      </trkpt>
      <trkpt lat="43.90517768450081348419189453125" lon="-121.795687861740589141845703125">
        <ele>1597</ele>
        <time>2025-08-08T18:00:31.000Z</time>
        <extensions>
          <ns3:TrackPointExtension/>
        </extensions>
      </trkpt>
      <trkpt lat="43.90518204309046268463134765625" lon="-121.7956875264644622802734375">
        <ele>1597.199951171875</ele>
        <time>2025-08-08T18:00:39.000Z</time>
        <extensions>
          <ns3:TrackPointExtension/>
        </extensions>
      </trkpt>
      <trkpt lat="43.905188329517841339111328125" lon="-121.7956876941025257110595703125">
        <ele>1592.5999755859375</ele>
        <time>2025-08-08T18:00:58.000Z</time>
        <extensions>
          <ns3:TrackPointExtension/>
        </extensions>
      </trkpt>
      <trkpt lat="43.90521087683737277984619140625" lon="-121.79567436687648296356201171875">
        <ele>1593.800048828125</ele>
        <time>2025-08-08T18:01:20.000Z</time>
        <extensions>
          <ns3:TrackPointExtension/>
        </extensions>
      </trkpt>
      <trkpt lat="43.90523015521466732025146484375" lon="-121.79566682316362857818603515625">
        <ele>1594.800048828125</ele>
        <time>2025-08-08T18:01:34.000Z</time>
        <extensions>
          <ns3:TrackPointExtension/>
        </extensions>
      </trkpt>
      <trkpt lat="43.905216492712497711181640625" lon="-121.79572164081037044525146484375">
        <ele>1595.800048828125</ele>
        <time>2025-08-08T18:01:50.000Z</time>
        <extensions>
          <ns3:TrackPointExtension/>
        </extensions>
      </trkpt>
      <trkpt lat="43.9051003195345401763916015625" lon="-121.79568978957831859588623046875">
        <ele>1596.4000244140625</ele>
        <time>2025-08-08T18:02:07.000Z</time>
        <extensions>
          <ns3:TrackPointExtension/>
        </extensions>
      </trkpt>
      <trkpt lat="43.9051281474530696868896484375" lon="-121.7956310324370861053466796875">
        <ele>1596.5999755859375</ele>
        <time>2025-08-08T18:02:21.000Z</time>
        <extensions>
          <ns3:TrackPointExtension/>
        </extensions>
      </trkpt>
      <trkpt lat="43.905136026442050933837890625" lon="-121.795613765716552734375">
        <ele>1599.199951171875</ele>
        <time>2025-08-08T18:02:42.000Z</time>
        <extensions>
          <ns3:TrackPointExtension/>
        </extensions>
      </trkpt>
      <trkpt lat="43.90511565841734409332275390625" lon="-121.79563815705478191375732421875">
        <ele>1599.5999755859375</ele>
        <time>2025-08-08T18:02:56.000Z</time>
        <extensions>
          <ns3:TrackPointExtension/>
        </extensions>
      </trkpt>
      <trkpt lat="43.9051204361021518707275390625" lon="-121.79563698358833789825439453125">
        <ele>1599.4000244140625</ele>
        <time>2025-08-08T18:03:07.000Z</time>
        <extensions>
          <ns3:TrackPointExtension/>
        </extensions>
      </trkpt>
      <trkpt lat="43.905121944844722747802734375" lon="-121.79563279263675212860107421875">
        <ele>1598.5999755859375</ele>
        <time>2025-08-08T18:03:19.000Z</time>
        <extensions>
          <ns3:TrackPointExtension/>
        </extensions>
      </trkpt>
      <trkpt lat="43.9051190949976444244384765625" lon="-121.79564653895795345306396484375">
        <ele>1598.800048828125</ele>
        <time>2025-08-08T18:03:38.000Z</time>
        <extensions>
          <ns3:TrackPointExtension/>
        </extensions>
      </trkpt>
      <trkpt lat="43.90510643832385540008544921875" lon="-121.79563899524509906768798828125">
        <ele>1599</ele>
        <time>2025-08-08T18:03:46.000Z</time>
        <extensions>
          <ns3:TrackPointExtension/>
        </extensions>
      </trkpt>
      <trkpt lat="43.905073665082454681396484375" lon="-121.7956018634140491485595703125">
        <ele>1599.5999755859375</ele>
        <time>2025-08-08T18:03:56.000Z</time>
        <extensions>
          <ns3:TrackPointExtension/>
        </extensions>
      </trkpt>
      <trkpt lat="43.9050485193729400634765625" lon="-121.79555819369852542877197265625">
        <ele>1599.199951171875</ele>
        <time>2025-08-08T18:04:06.000Z</time>
        <extensions>
          <ns3:TrackPointExtension/>
        </extensions>
      </trkpt>
      <trkpt lat="43.90506084077060222625732421875" lon="-121.7955319583415985107421875">
        <ele>1598.5999755859375</ele>
        <time>2025-08-08T18:04:15.000Z</time>
        <extensions>
          <ns3:TrackPointExtension/>
        </extensions>
      </trkpt>
      <trkpt lat="43.905084393918514251708984375" lon="-121.79551209323108196258544921875">
        <ele>1597.5999755859375</ele>
        <time>2025-08-08T18:04:25.000Z</time>
        <extensions>
          <ns3:TrackPointExtension/>
        </extensions>
      </trkpt>
      <trkpt lat="43.90509202145040035247802734375" lon="-121.7955056391656398773193359375">
        <ele>1596.800048828125</ele>
        <time>2025-08-08T18:04:33.000Z</time>
        <extensions>
          <ns3:TrackPointExtension/>
        </extensions>
      </trkpt>
      <trkpt lat="43.90509738586843013763427734375" lon="-121.79549113847315311431884765625">
        <ele>1596</ele>
        <time>2025-08-08T18:04:41.000Z</time>
        <extensions>
          <ns3:TrackPointExtension/>
        </extensions>
      </trkpt>
      <trkpt lat="43.90508783049881458282470703125" lon="-121.7954690940678119659423828125">
        <ele>1595.5999755859375</ele>
        <time>2025-08-08T18:04:51.000Z</time>
        <extensions>
          <ns3:TrackPointExtension/>
        </extensions>
      </trkpt>
      <trkpt lat="43.90505966730415821075439453125" lon="-121.7954246699810028076171875">
        <ele>1596</ele>
        <time>2025-08-08T18:05:00.000Z</time>
        <extensions>
          <ns3:TrackPointExtension/>
        </extensions>
      </trkpt>
      <trkpt lat="43.9050486870110034942626953125" lon="-121.7953490652143955230712890625">
        <ele>1597.5999755859375</ele>
        <time>2025-08-08T18:05:12.000Z</time>
        <extensions>
          <ns3:TrackPointExtension/>
        </extensions>
      </trkpt>
      <trkpt lat="43.90500317327678203582763671875" lon="-121.79528242908418178558349609375">
        <ele>1598.4000244140625</ele>
        <time>2025-08-08T18:05:21.000Z</time>
        <extensions>
          <ns3:TrackPointExtension/>
        </extensions>
      </trkpt>
      <trkpt lat="43.9049665443599224090576171875" lon="-121.7952105961740016937255859375">
        <ele>1598.800048828125</ele>
        <time>2025-08-08T18:05:28.000Z</time>
        <extensions>
          <ns3:TrackPointExtension/>
        </extensions>
      </trkpt>
      <trkpt lat="43.90492119826376438140869140625" lon="-121.7951264418661594390869140625">
        <ele>1600.199951171875</ele>
        <time>2025-08-08T18:05:37.000Z</time>
        <extensions>
          <ns3:TrackPointExtension/>
        </extensions>
      </trkpt>
      <trkpt lat="43.90492924489080905914306640625" lon="-121.7949229292571544647216796875">
        <ele>1604.199951171875</ele>
        <time>2025-08-08T18:05:47.000Z</time>
        <extensions>
          <ns3:TrackPointExtension/>
        </extensions>
      </trkpt>
      <trkpt lat="43.90495573170483112335205078125" lon="-121.79484196007251739501953125">
        <ele>1608</ele>
        <time>2025-08-08T18:05:54.000Z</time>
        <extensions>
          <ns3:TrackPointExtension/>
        </extensions>
      </trkpt>
      <trkpt lat="43.90501121990382671356201171875" lon="-121.79479208774864673614501953125">
        <ele>1608.4000244140625</ele>
        <time>2025-08-08T18:06:02.000Z</time>
        <extensions>
          <ns3:TrackPointExtension/>
        </extensions>
      </trkpt>
      <trkpt lat="43.9050967991352081298828125" lon="-121.79464138112962245941162109375">
        <ele>1612.5999755859375</ele>
        <time>2025-08-08T18:06:12.000Z</time>
        <extensions>
          <ns3:TrackPointExtension/>
        </extensions>
      </trkpt>
      <trkpt lat="43.905113227665424346923828125" lon="-121.79461724124848842620849609375">
        <ele>1613</ele>
        <time>2025-08-08T18:06:14.000Z</time>
        <extensions>
          <ns3:TrackPointExtension/>
        </extensions>
      </trkpt>
      <trkpt lat="43.905153460800647735595703125" lon="-121.7945645190775394439697265625">
        <ele>1613.5999755859375</ele>
        <time>2025-08-08T18:06:19.000Z</time>
        <extensions>
          <ns3:TrackPointExtension/>
        </extensions>
      </trkpt>
      <trkpt lat="43.90518237836658954620361328125" lon="-121.7945427261292934417724609375">
        <ele>1613.800048828125</ele>
        <time>2025-08-08T18:06:22.000Z</time>
        <extensions>
          <ns3:TrackPointExtension/>
        </extensions>
      </trkpt>
      <trkpt lat="43.90521808527410030364990234375" lon="-121.79450877942144870758056640625">
        <ele>1614.199951171875</ele>
        <time>2025-08-08T18:06:26.000Z</time>
        <extensions>
          <ns3:TrackPointExtension/>
        </extensions>
      </trkpt>
      <trkpt lat="43.9052374474704265594482421875" lon="-121.7944924347102642059326171875">
        <ele>1614.4000244140625</ele>
        <time>2025-08-08T18:06:28.000Z</time>
        <extensions>
          <ns3:TrackPointExtension/>
        </extensions>
      </trkpt>
      <trkpt lat="43.905256055295467376708984375" lon="-121.79448732174932956695556640625">
        <ele>1614.800048828125</ele>
        <time>2025-08-08T18:06:30.000Z</time>
        <extensions>
          <ns3:TrackPointExtension/>
        </extensions>
      </trkpt>
      <trkpt lat="43.90527508221566677093505859375" lon="-121.79447608999907970428466796875">
        <ele>1615.5999755859375</ele>
        <time>2025-08-08T18:06:32.000Z</time>
        <extensions>
          <ns3:TrackPointExtension/>
        </extensions>
      </trkpt>
      <trkpt lat="43.90529067255556583404541015625" lon="-121.7944585718214511871337890625">
        <ele>1615.5999755859375</ele>
        <time>2025-08-08T18:06:34.000Z</time>
        <extensions>
          <ns3:TrackPointExtension/>
        </extensions>
      </trkpt>
      <trkpt lat="43.90532688237726688385009765625" lon="-121.79442361928522586822509765625">
        <ele>1615.4000244140625</ele>
        <time>2025-08-08T18:06:38.000Z</time>
        <extensions>
          <ns3:TrackPointExtension/>
        </extensions>
      </trkpt>
      <trkpt lat="43.9053440652787685394287109375" lon="-121.79441624321043491363525390625">
        <ele>1615.4000244140625</ele>
        <time>2025-08-08T18:06:40.000Z</time>
        <extensions>
          <ns3:TrackPointExtension/>
        </extensions>
      </trkpt>
      <trkpt lat="43.90538572333753108978271484375" lon="-121.79440098814666271209716796875">
        <ele>1614.800048828125</ele>
        <time>2025-08-08T18:06:46.000Z</time>
        <extensions>
          <ns3:TrackPointExtension/>
        </extensions>
      </trkpt>
      <trkpt lat="43.90540315769612789154052734375" lon="-121.794391684234142303466796875">
        <ele>1613.5999755859375</ele>
        <time>2025-08-08T18:06:52.000Z</time>
        <extensions>
          <ns3:TrackPointExtension/>
        </extensions>
      </trkpt>
      <trkpt lat="43.90543132089078426361083984375" lon="-121.794377267360687255859375">
        <ele>1611.4000244140625</ele>
        <time>2025-08-08T18:06:59.000Z</time>
        <extensions>
          <ns3:TrackPointExtension/>
        </extensions>
      </trkpt>
      <trkpt lat="43.90544221736490726470947265625" lon="-121.79436125792562961578369140625">
        <ele>1609</ele>
        <time>2025-08-08T18:07:07.000Z</time>
        <extensions>
          <ns3:TrackPointExtension/>
        </extensions>
      </trkpt>
      <trkpt lat="43.90544858761131763458251953125" lon="-121.7943184264004230499267578125">
        <ele>1608.4000244140625</ele>
        <time>2025-08-08T18:07:17.000Z</time>
        <extensions>
          <ns3:TrackPointExtension/>
        </extensions>
      </trkpt>
      <trkpt lat="43.90543517656624317169189453125" lon="-121.7942721582949161529541015625">
        <ele>1607.5999755859375</ele>
        <time>2025-08-08T18:07:26.000Z</time>
        <extensions>
          <ns3:TrackPointExtension/>
        </extensions>
      </trkpt>
      <trkpt lat="43.905428387224674224853515625" lon="-121.7942471802234649658203125">
        <ele>1606.800048828125</ele>
        <time>2025-08-08T18:07:31.000Z</time>
        <extensions>
          <ns3:TrackPointExtension/>
        </extensions>
      </trkpt>
      <trkpt lat="43.90542344190180301666259765625" lon="-121.794220693409442901611328125">
        <ele>1604.800048828125</ele>
        <time>2025-08-08T18:07:41.000Z</time>
        <extensions>
          <ns3:TrackPointExtension/>
        </extensions>
      </trkpt>
      <trkpt lat="43.90543651767075061798095703125" lon="-121.7941450886428356170654296875">
        <ele>1603.5999755859375</ele>
        <time>2025-08-08T18:07:54.000Z</time>
        <extensions>
          <ns3:TrackPointExtension/>
        </extensions>
      </trkpt>
      <trkpt lat="43.90546367503702640533447265625" lon="-121.79405548609793186187744140625">
        <ele>1603</ele>
        <time>2025-08-08T18:08:02.000Z</time>
        <extensions>
          <ns3:TrackPointExtension/>
        </extensions>
      </trkpt>
      <trkpt lat="43.905492089688777923583984375" lon="-121.79394568316638469696044921875">
        <ele>1602.800048828125</ele>
        <time>2025-08-08T18:08:09.000Z</time>
        <extensions>
          <ns3:TrackPointExtension/>
        </extensions>
      </trkpt>
      <trkpt lat="43.90554062090814113616943359375" lon="-121.79380595684051513671875">
        <ele>1602.4000244140625</ele>
        <time>2025-08-08T18:08:18.000Z</time>
        <extensions>
          <ns3:TrackPointExtension/>
        </extensions>
      </trkpt>
      <trkpt lat="43.9055393636226654052734375" lon="-121.793648041784763336181640625">
        <ele>1603.800048828125</ele>
        <time>2025-08-08T18:08:28.000Z</time>
        <extensions>
          <ns3:TrackPointExtension/>
        </extensions>
      </trkpt>
      <trkpt lat="43.905533663928508758544921875" lon="-121.7936277575790882110595703125">
        <ele>1604.199951171875</ele>
        <time>2025-08-08T18:08:30.000Z</time>
        <extensions>
          <ns3:TrackPointExtension/>
        </extensions>
      </trkpt>
      <trkpt lat="43.9055187441408634185791015625" lon="-121.79358442313969135284423828125">
        <ele>1605</ele>
        <time>2025-08-08T18:08:35.000Z</time>
        <extensions>
          <ns3:TrackPointExtension/>
        </extensions>
      </trkpt>
      <trkpt lat="43.90554028563201427459716796875" lon="-121.793440841138362884521484375">
        <ele>1606.800048828125</ele>
        <time>2025-08-08T18:08:44.000Z</time>
        <extensions>
          <ns3:TrackPointExtension/>
        </extensions>
      </trkpt>
      <trkpt lat="43.9055817760527133941650390625" lon="-121.79320715367794036865234375">
        <ele>1609.199951171875</ele>
        <time>2025-08-08T18:08:55.000Z</time>
        <extensions>
          <ns3:TrackPointExtension/>
        </extensions>
      </trkpt>
      <trkpt lat="43.90566819347441196441650390625" lon="-121.79296835325658321380615234375">
        <ele>1610.4000244140625</ele>
        <time>2025-08-08T18:09:06.000Z</time>
        <extensions>
          <ns3:TrackPointExtension/>
        </extensions>
      </trkpt>
      <trkpt lat="43.905694596469402313232421875" lon="-121.7929136194288730621337890625">
        <ele>1610.5999755859375</ele>
        <time>2025-08-08T18:09:09.000Z</time>
        <extensions>
          <ns3:TrackPointExtension/>
        </extensions>
      </trkpt>
      <trkpt lat="43.9057190716266632080078125" lon="-121.792869865894317626953125">
        <ele>1610.5999755859375</ele>
        <time>2025-08-08T18:09:12.000Z</time>
        <extensions>
          <ns3:TrackPointExtension/>
        </extensions>
      </trkpt>
      <trkpt lat="43.90572167001664638519287109375" lon="-121.79285871796309947967529296875">
        <ele>1610.4000244140625</ele>
        <time>2025-08-08T18:09:13.000Z</time>
        <extensions>
          <ns3:TrackPointExtension/>
        </extensions>
      </trkpt>
      <trkpt lat="43.905768357217311859130859375" lon="-121.7927409522235393524169921875">
        <ele>1610.800048828125</ele>
        <time>2025-08-08T18:09:21.000Z</time>
        <extensions>
          <ns3:TrackPointExtension/>
        </extensions>
      </trkpt>
      <trkpt lat="43.905804567039012908935546875" lon="-121.792641542851924896240234375">
        <ele>1611</ele>
        <time>2025-08-08T18:09:30.000Z</time>
        <extensions>
          <ns3:TrackPointExtension/>
        </extensions>
      </trkpt>
      <trkpt lat="43.9058503322303295135498046875" lon="-121.79250751622021198272705078125">
        <ele>1610.5999755859375</ele>
        <time>2025-08-08T18:09:39.000Z</time>
        <extensions>
          <ns3:TrackPointExtension/>
        </extensions>
      </trkpt>
      <trkpt lat="43.905887044966220855712890625" lon="-121.792435683310031890869140625">
        <ele>1610.800048828125</ele>
        <time>2025-08-08T18:09:43.000Z</time>
        <extensions>
          <ns3:TrackPointExtension/>
        </extensions>
      </trkpt>
      <trkpt lat="43.90591663308441638946533203125" lon="-121.79238547571003437042236328125">
        <ele>1610.800048828125</ele>
        <time>2025-08-08T18:09:46.000Z</time>
        <extensions>
          <ns3:TrackPointExtension/>
        </extensions>
      </trkpt>
      <trkpt lat="43.9059301279485225677490234375" lon="-121.7923711426556110382080078125">
        <ele>1610.4000244140625</ele>
        <time>2025-08-08T18:09:47.000Z</time>
        <extensions>
          <ns3:TrackPointExtension/>
        </extensions>
      </trkpt>
      <trkpt lat="43.9059804193675518035888671875" lon="-121.7923171631991863250732421875">
        <ele>1609.199951171875</ele>
        <time>2025-08-08T18:09:52.000Z</time>
        <extensions>
          <ns3:TrackPointExtension/>
        </extensions>
      </trkpt>
      <trkpt lat="43.9060343988239765167236328125" lon="-121.79224826395511627197265625">
        <ele>1609</ele>
        <time>2025-08-08T18:09:59.000Z</time>
        <extensions>
          <ns3:TrackPointExtension/>
        </extensions>
      </trkpt>
      <trkpt lat="43.9060699380934238433837890625" lon="-121.79218414239585399627685546875">
        <ele>1610.5999755859375</ele>
        <time>2025-08-08T18:10:06.000Z</time>
        <extensions>
          <ns3:TrackPointExtension/>
        </extensions>
      </trkpt>
      <trkpt lat="43.9061202295124530792236328125" lon="-121.7920960485935211181640625">
        <ele>1613.5999755859375</ele>
        <time>2025-08-08T18:10:14.000Z</time>
        <extensions>
          <ns3:TrackPointExtension/>
        </extensions>
      </trkpt>
      <trkpt lat="43.90612735413014888763427734375" lon="-121.79208624176681041717529296875">
        <ele>1613.800048828125</ele>
        <time>2025-08-08T18:10:15.000Z</time>
        <extensions>
          <ns3:TrackPointExtension/>
        </extensions>
      </trkpt>
      <trkpt lat="43.906196169555187225341796875" lon="-121.7920274846255779266357421875">
        <ele>1612.5999755859375</ele>
        <time>2025-08-08T18:10:24.000Z</time>
        <extensions>
          <ns3:TrackPointExtension/>
        </extensions>
      </trkpt>
      <trkpt lat="43.9062409289181232452392578125" lon="-121.791967637836933135986328125">
        <ele>1614.199951171875</ele>
        <time>2025-08-08T18:10:30.000Z</time>
        <extensions>
          <ns3:TrackPointExtension/>
        </extensions>
      </trkpt>
      <trkpt lat="43.90633639879524707794189453125" lon="-121.79189966060221195220947265625">
        <ele>1616</ele>
        <time>2025-08-08T18:10:39.000Z</time>
        <extensions>
          <ns3:TrackPointExtension/>
        </extensions>
      </trkpt>
      <trkpt lat="43.90638669021427631378173828125" lon="-121.79184031672775745391845703125">
        <ele>1617</ele>
        <time>2025-08-08T18:10:47.000Z</time>
        <extensions>
          <ns3:TrackPointExtension/>
        </extensions>
      </trkpt>
      <trkpt lat="43.90645793639123439788818359375" lon="-121.79174275137484073638916015625">
        <ele>1617.800048828125</ele>
        <time>2025-08-08T18:10:57.000Z</time>
        <extensions>
          <ns3:TrackPointExtension/>
        </extensions>
      </trkpt>
      <trkpt lat="43.9065371453762054443359375" lon="-121.791683323681354522705078125">
        <ele>1619.5999755859375</ele>
        <time>2025-08-08T18:11:05.000Z</time>
        <extensions>
          <ns3:TrackPointExtension/>
        </extensions>
      </trkpt>
      <trkpt lat="43.9065436832606792449951171875" lon="-121.79167418740689754486083984375">
        <ele>1619.800048828125</ele>
        <time>2025-08-08T18:11:06.000Z</time>
        <extensions>
          <ns3:TrackPointExtension/>
        </extensions>
      </trkpt>
      <trkpt lat="43.90666547231376171112060546875" lon="-121.79159489460289478302001953125">
        <ele>1619.5999755859375</ele>
        <time>2025-08-08T18:11:17.000Z</time>
        <extensions>
          <ns3:TrackPointExtension/>
        </extensions>
      </trkpt>
      <trkpt lat="43.90672448091208934783935546875" lon="-121.79154552519321441650390625">
        <ele>1618.800048828125</ele>
        <time>2025-08-08T18:11:25.000Z</time>
        <extensions>
          <ns3:TrackPointExtension/>
        </extensions>
      </trkpt>
      <trkpt lat="43.90676538459956645965576171875" lon="-121.7914893664419651031494140625">
        <ele>1617.199951171875</ele>
        <time>2025-08-08T18:11:32.000Z</time>
        <extensions>
          <ns3:TrackPointExtension/>
        </extensions>
      </trkpt>
      <trkpt lat="43.90685054473578929901123046875" lon="-121.7914021946489810943603515625">
        <ele>1613</ele>
        <time>2025-08-08T18:11:40.000Z</time>
        <extensions>
          <ns3:TrackPointExtension/>
        </extensions>
      </trkpt>
      <trkpt lat="43.906881473958492279052734375" lon="-121.79136472754180431365966796875">
        <ele>1613</ele>
        <time>2025-08-08T18:11:46.000Z</time>
        <extensions>
          <ns3:TrackPointExtension/>
        </extensions>
      </trkpt>
      <trkpt lat="43.906955234706401824951171875" lon="-121.791280321776866912841796875">
        <ele>1613</ele>
        <time>2025-08-08T18:11:54.000Z</time>
        <extensions>
          <ns3:TrackPointExtension/>
        </extensions>
      </trkpt>
      <trkpt lat="43.90698381699621677398681640625" lon="-121.79125442169606685638427734375">
        <ele>1613.199951171875</ele>
        <time>2025-08-08T18:11:56.000Z</time>
        <extensions>
          <ns3:TrackPointExtension/>
        </extensions>
      </trkpt>
      <trkpt lat="43.9070040173828601837158203125" lon="-121.791238076984882354736328125">
        <ele>1613.5999755859375</ele>
        <time>2025-08-08T18:11:58.000Z</time>
        <extensions>
          <ns3:TrackPointExtension/>
        </extensions>
      </trkpt>
      <trkpt lat="43.90702706761658191680908203125" lon="-121.7912231571972370147705078125">
        <ele>1613.800048828125</ele>
        <time>2025-08-08T18:12:00.000Z</time>
        <extensions>
          <ns3:TrackPointExtension/>
        </extensions>
      </trkpt>
      <trkpt lat="43.90703268349170684814453125" lon="-121.79121335037052631378173828125">
        <ele>1613.4000244140625</ele>
        <time>2025-08-08T18:12:01.000Z</time>
        <extensions>
          <ns3:TrackPointExtension/>
        </extensions>
      </trkpt>
      <trkpt lat="43.90706059522926807403564453125" lon="-121.791185438632965087890625">
        <ele>1613.4000244140625</ele>
        <time>2025-08-08T18:12:04.000Z</time>
        <extensions>
          <ns3:TrackPointExtension/>
        </extensions>
      </trkpt>
      <trkpt lat="43.90706956386566162109375" lon="-121.79117345251142978668212890625">
        <ele>1613.199951171875</ele>
        <time>2025-08-08T18:12:05.000Z</time>
        <extensions>
          <ns3:TrackPointExtension/>
        </extensions>
      </trkpt>
      <trkpt lat="43.907152377068996429443359375" lon="-121.791085191071033477783203125">
        <ele>1611</ele>
        <time>2025-08-08T18:12:14.000Z</time>
        <extensions>
          <ns3:TrackPointExtension/>
        </extensions>
      </trkpt>
      <trkpt lat="43.90721096657216548919677734375" lon="-121.79104202426970005035400390625">
        <ele>1608</ele>
        <time>2025-08-08T18:12:21.000Z</time>
        <extensions>
          <ns3:TrackPointExtension/>
        </extensions>
      </trkpt>
      <trkpt lat="43.90729445032775402069091796875" lon="-121.79097815416753292083740234375">
        <ele>1605.5999755859375</ele>
        <time>2025-08-08T18:12:30.000Z</time>
        <extensions>
          <ns3:TrackPointExtension/>
        </extensions>
      </trkpt>
      <trkpt lat="43.90741347335278987884521484375" lon="-121.7908714525401592254638671875">
        <ele>1604.800048828125</ele>
        <time>2025-08-08T18:12:41.000Z</time>
        <extensions>
          <ns3:TrackPointExtension/>
        </extensions>
      </trkpt>
      <trkpt lat="43.90749628655612468719482421875" lon="-121.7908191494643688201904296875">
        <ele>1603.800048828125</ele>
        <time>2025-08-08T18:12:49.000Z</time>
        <extensions>
          <ns3:TrackPointExtension/>
        </extensions>
      </trkpt>
      <trkpt lat="43.90752193517982959747314453125" lon="-121.7907581292092800140380859375">
        <ele>1601.199951171875</ele>
        <time>2025-08-08T18:12:55.000Z</time>
        <extensions>
          <ns3:TrackPointExtension/>
        </extensions>
      </trkpt>
      <trkpt lat="43.9076135493814945220947265625" lon="-121.79064673371613025665283203125">
        <ele>1599.800048828125</ele>
        <time>2025-08-08T18:13:04.000Z</time>
        <extensions>
          <ns3:TrackPointExtension/>
        </extensions>
      </trkpt>
      <trkpt lat="43.90767985023558139801025390625" lon="-121.790602393448352813720703125">
        <ele>1595.199951171875</ele>
        <time>2025-08-08T18:13:13.000Z</time>
        <extensions>
          <ns3:TrackPointExtension/>
        </extensions>
      </trkpt>
      <trkpt lat="43.90769711695611476898193359375" lon="-121.79059426300227642059326171875">
        <ele>1594.800048828125</ele>
        <time>2025-08-08T18:13:21.000Z</time>
        <extensions>
          <ns3:TrackPointExtension/>
        </extensions>
      </trkpt>
      <trkpt lat="43.90778646804392337799072265625" lon="-121.79052117280662059783935546875">
        <ele>1591.800048828125</ele>
        <time>2025-08-08T18:13:37.000Z</time>
        <extensions>
          <ns3:TrackPointExtension/>
        </extensions>
      </trkpt>
      <trkpt lat="43.9078931696712970733642578125" lon="-121.7904867231845855712890625">
        <ele>1589</ele>
        <time>2025-08-08T18:13:48.000Z</time>
        <extensions>
          <ns3:TrackPointExtension/>
        </extensions>
      </trkpt>
      <trkpt lat="43.908025436103343963623046875" lon="-121.7904845438897609710693359375">
        <ele>1584</ele>
        <time>2025-08-08T18:13:58.000Z</time>
        <extensions>
          <ns3:TrackPointExtension/>
        </extensions>
      </trkpt>
      <trkpt lat="43.9080621488392353057861328125" lon="-121.79049753583967685699462890625">
        <ele>1581.4000244140625</ele>
        <time>2025-08-08T18:14:01.000Z</time>
        <extensions>
          <ns3:TrackPointExtension/>
        </extensions>
      </trkpt>
      <trkpt lat="43.90810489654541015625" lon="-121.7905096895992755889892578125">
        <ele>1578.4000244140625</ele>
        <time>2025-08-08T18:14:04.000Z</time>
        <extensions>
          <ns3:TrackPointExtension/>
        </extensions>
      </trkpt>
      <trkpt lat="43.9081231690943241119384765625" lon="-121.79050625301897525787353515625">
        <ele>1577.199951171875</ele>
        <time>2025-08-08T18:14:06.000Z</time>
        <extensions>
          <ns3:TrackPointExtension/>
        </extensions>
      </trkpt>
      <trkpt lat="43.90819785185158252716064453125" lon="-121.79054162465035915374755859375">
        <ele>1572.199951171875</ele>
        <time>2025-08-08T18:14:11.000Z</time>
        <extensions>
          <ns3:TrackPointExtension/>
        </extensions>
      </trkpt>
      <trkpt lat="43.9082376658916473388671875" lon="-121.79056626744568347930908203125">
        <ele>1570</ele>
        <time>2025-08-08T18:14:15.000Z</time>
        <extensions>
          <ns3:TrackPointExtension/>
        </extensions>
      </trkpt>
      <trkpt lat="43.908289968967437744140625" lon="-121.7905966937541961669921875">
        <ele>1567.199951171875</ele>
        <time>2025-08-08T18:14:19.000Z</time>
        <extensions>
          <ns3:TrackPointExtension/>
        </extensions>
      </trkpt>
      <trkpt lat="43.9083142764866352081298828125" lon="-121.79060532711446285247802734375">
        <ele>1564.4000244140625</ele>
        <time>2025-08-08T18:14:26.000Z</time>
        <extensions>
          <ns3:TrackPointExtension/>
        </extensions>
      </trkpt>
      <trkpt lat="43.9083394221961498260498046875" lon="-121.790617145597934722900390625">
        <ele>1563.4000244140625</ele>
        <time>2025-08-08T18:14:29.000Z</time>
        <extensions>
          <ns3:TrackPointExtension/>
        </extensions>
      </trkpt>
      <trkpt lat="43.9083851873874664306640625" lon="-121.79062427021563053131103515625">
        <ele>1563.5999755859375</ele>
        <time>2025-08-08T18:14:35.000Z</time>
        <extensions>
          <ns3:TrackPointExtension/>
        </extensions>
      </trkpt>
      <trkpt lat="43.90842198394238948822021484375" lon="-121.7906273715198040008544921875">
        <ele>1564</ele>
        <time>2025-08-08T18:14:39.000Z</time>
        <extensions>
          <ns3:TrackPointExtension/>
        </extensions>
      </trkpt>
      <trkpt lat="43.90844193287193775177001953125" lon="-121.79061882197856903076171875">
        <ele>1563.800048828125</ele>
        <time>2025-08-08T18:14:42.000Z</time>
        <extensions>
          <ns3:TrackPointExtension/>
        </extensions>
      </trkpt>
      <trkpt lat="43.90854008495807647705078125" lon="-121.79062686860561370849609375">
        <ele>1563.4000244140625</ele>
        <time>2025-08-08T18:14:52.000Z</time>
        <extensions>
          <ns3:TrackPointExtension/>
        </extensions>
      </trkpt>
      <trkpt lat="43.90868232585489749908447265625" lon="-121.79063566960394382476806640625">
        <ele>1562.800048828125</ele>
        <time>2025-08-08T18:15:03.000Z</time>
        <extensions>
          <ns3:TrackPointExtension/>
        </extensions>
      </trkpt>
      <trkpt lat="43.9087668992578983306884765625" lon="-121.79062242619693279266357421875">
        <ele>1565.5999755859375</ele>
        <time>2025-08-08T18:15:10.000Z</time>
        <extensions>
          <ns3:TrackPointExtension/>
        </extensions>
      </trkpt>
      <trkpt lat="43.90884795226156711578369140625" lon="-121.7906216718256473541259765625">
        <ele>1567.199951171875</ele>
        <time>2025-08-08T18:15:17.000Z</time>
        <extensions>
          <ns3:TrackPointExtension/>
        </extensions>
      </trkpt>
      <trkpt lat="43.90892674215137958526611328125" lon="-121.790635250508785247802734375">
        <ele>1566.5999755859375</ele>
        <time>2025-08-08T18:15:24.000Z</time>
        <extensions>
          <ns3:TrackPointExtension/>
        </extensions>
      </trkpt>
      <trkpt lat="43.90893612988293170928955078125" lon="-121.7906407825648784637451171875">
        <ele>1566.199951171875</ele>
        <time>2025-08-08T18:15:25.000Z</time>
        <extensions>
          <ns3:TrackPointExtension/>
        </extensions>
      </trkpt>
      <trkpt lat="43.9090289175510406494140625" lon="-121.7906696163117885589599609375">
        <ele>1563.5999755859375</ele>
        <time>2025-08-08T18:15:33.000Z</time>
        <extensions>
          <ns3:TrackPointExtension/>
        </extensions>
      </trkpt>
      <trkpt lat="43.90908658504486083984375" lon="-121.79067573510110378265380859375">
        <ele>1564</ele>
        <time>2025-08-08T18:15:38.000Z</time>
        <extensions>
          <ns3:TrackPointExtension/>
        </extensions>
      </trkpt>
      <trkpt lat="43.9091249741613864898681640625" lon="-121.790682859718799591064453125">
        <ele>1563.800048828125</ele>
        <time>2025-08-08T18:15:42.000Z</time>
        <extensions>
          <ns3:TrackPointExtension/>
        </extensions>
      </trkpt>
      <trkpt lat="43.9091678895056247711181640625" lon="-121.79067808203399181365966796875">
        <ele>1562.4000244140625</ele>
        <time>2025-08-08T18:15:49.000Z</time>
        <extensions>
          <ns3:TrackPointExtension/>
        </extensions>
      </trkpt>
      <trkpt lat="43.90915154479444026947021484375" lon="-121.79069702513515949249267578125">
        <ele>1557.4000244140625</ele>
        <time>2025-08-08T18:15:57.000Z</time>
        <extensions>
          <ns3:TrackPointExtension/>
        </extensions>
      </trkpt>
      <trkpt lat="43.9090823940932750701904296875" lon="-121.79067523218691349029541015625">
        <ele>1555.4000244140625</ele>
        <time>2025-08-08T18:16:08.000Z</time>
        <extensions>
          <ns3:TrackPointExtension/>
        </extensions>
      </trkpt>
      <trkpt lat="43.90898725949227809906005859375" lon="-121.7906028963625431060791015625">
        <ele>1554.4000244140625</ele>
        <time>2025-08-08T18:16:23.000Z</time>
        <extensions>
          <ns3:TrackPointExtension/>
        </extensions>
      </trkpt>
      <trkpt lat="43.9089445956051349639892578125" lon="-121.79060365073382854461669921875">
        <ele>1554.199951171875</ele>
        <time>2025-08-08T18:16:27.000Z</time>
        <extensions>
          <ns3:TrackPointExtension/>
        </extensions>
      </trkpt>
      <trkpt lat="43.90891785733401775360107421875" lon="-121.790579259395599365234375">
        <ele>1554</ele>
        <time>2025-08-08T18:16:31.000Z</time>
        <extensions>
          <ns3:TrackPointExtension/>
        </extensions>
      </trkpt>
      <trkpt lat="43.90877209603786468505859375" lon="-121.79051077924668788909912109375">
        <ele>1553.199951171875</ele>
        <time>2025-08-08T18:16:45.000Z</time>
        <extensions>
          <ns3:TrackPointExtension/>
        </extensions>
      </trkpt>
      <trkpt lat="43.9087135903537273406982421875" lon="-121.79042838513851165771484375">
        <ele>1553.5999755859375</ele>
        <time>2025-08-08T18:16:55.000Z</time>
        <extensions>
          <ns3:TrackPointExtension/>
        </extensions>
      </trkpt>
      <trkpt lat="43.90864326618611812591552734375" lon="-121.7903504334390163421630859375">
        <ele>1553.199951171875</ele>
        <time>2025-08-08T18:17:07.000Z</time>
        <extensions>
          <ns3:TrackPointExtension/>
        </extensions>
      </trkpt>
      <trkpt lat="43.9085114188492298126220703125" lon="-121.79025596939027309417724609375">
        <ele>1551.4000244140625</ele>
        <time>2025-08-08T18:17:19.000Z</time>
        <extensions>
          <ns3:TrackPointExtension/>
        </extensions>
      </trkpt>
      <trkpt lat="43.9083907194435596466064453125" lon="-121.7901757545769214630126953125">
        <ele>1550.800048828125</ele>
        <time>2025-08-08T18:17:30.000Z</time>
        <extensions>
          <ns3:TrackPointExtension/>
        </extensions>
      </trkpt>
      <trkpt lat="43.9082981832325458526611328125" lon="-121.7901353538036346435546875">
        <ele>1549.5999755859375</ele>
        <time>2025-08-08T18:17:39.000Z</time>
        <extensions>
          <ns3:TrackPointExtension/>
        </extensions>
      </trkpt>
      <trkpt lat="43.90822358429431915283203125" lon="-121.7901019938290119171142578125">
        <ele>1549</ele>
        <time>2025-08-08T18:17:47.000Z</time>
        <extensions>
          <ns3:TrackPointExtension/>
        </extensions>
      </trkpt>
      <trkpt lat="43.908061981201171875" lon="-121.78999789059162139892578125">
        <ele>1547.800048828125</ele>
        <time>2025-08-08T18:17:59.000Z</time>
        <extensions>
          <ns3:TrackPointExtension/>
        </extensions>
      </trkpt>
      <trkpt lat="43.9080044813454151153564453125" lon="-121.78986378014087677001953125">
        <ele>1548.199951171875</ele>
        <time>2025-08-08T18:18:08.000Z</time>
        <extensions>
          <ns3:TrackPointExtension/>
        </extensions>
      </trkpt>
      <trkpt lat="43.9080068282783031463623046875" lon="-121.7896557413041591644287109375">
        <ele>1550</ele>
        <time>2025-08-08T18:18:21.000Z</time>
        <extensions>
          <ns3:TrackPointExtension/>
        </extensions>
      </trkpt>
      <trkpt lat="43.90798218548297882080078125" lon="-121.78954233415424823760986328125">
        <ele>1549.4000244140625</ele>
        <time>2025-08-08T18:18:29.000Z</time>
        <extensions>
          <ns3:TrackPointExtension/>
        </extensions>
      </trkpt>
      <trkpt lat="43.90794865787029266357421875" lon="-121.7894354648888111114501953125">
        <ele>1548.800048828125</ele>
        <time>2025-08-08T18:18:37.000Z</time>
        <extensions>
          <ns3:TrackPointExtension/>
        </extensions>
      </trkpt>
      <trkpt lat="43.9079461432993412017822265625" lon="-121.78942658007144927978515625">
        <ele>1548.5999755859375</ele>
        <time>2025-08-08T18:18:38.000Z</time>
        <extensions>
          <ns3:TrackPointExtension/>
        </extensions>
      </trkpt>
      <trkpt lat="43.90793365426361560821533203125" lon="-121.789382994174957275390625">
        <ele>1546.4000244140625</ele>
        <time>2025-08-08T18:18:44.000Z</time>
        <extensions>
          <ns3:TrackPointExtension/>
        </extensions>
      </trkpt>
      <trkpt lat="43.90785754658281803131103515625" lon="-121.7892731912434101104736328125">
        <ele>1543.5999755859375</ele>
        <time>2025-08-08T18:18:54.000Z</time>
        <extensions>
          <ns3:TrackPointExtension/>
        </extensions>
      </trkpt>
      <trkpt lat="43.90778931789100170135498046875" lon="-121.7891843430697917938232421875">
        <ele>1541.5999755859375</ele>
        <time>2025-08-08T18:19:01.000Z</time>
        <extensions>
          <ns3:TrackPointExtension/>
        </extensions>
      </trkpt>
      <trkpt lat="43.907721675932407379150390625" lon="-121.78905886597931385040283203125">
        <ele>1539.4000244140625</ele>
        <time>2025-08-08T18:19:11.000Z</time>
        <extensions>
          <ns3:TrackPointExtension/>
        </extensions>
      </trkpt>
      <trkpt lat="43.90769879333674907684326171875" lon="-121.7889861948788166046142578125">
        <ele>1538.800048828125</ele>
        <time>2025-08-08T18:19:19.000Z</time>
        <extensions>
          <ns3:TrackPointExtension/>
        </extensions>
      </trkpt>
      <trkpt lat="43.90759569592773914337158203125" lon="-121.78888318128883838653564453125">
        <ele>1538.5999755859375</ele>
        <time>2025-08-08T18:19:29.000Z</time>
        <extensions>
          <ns3:TrackPointExtension/>
        </extensions>
      </trkpt>
      <trkpt lat="43.90758748166263103485107421875" lon="-121.78887136280536651611328125">
        <ele>1538.4000244140625</ele>
        <time>2025-08-08T18:19:30.000Z</time>
        <extensions>
          <ns3:TrackPointExtension/>
        </extensions>
      </trkpt>
      <trkpt lat="43.90752042643725872039794921875" lon="-121.7888061515986919403076171875">
        <ele>1538.199951171875</ele>
        <time>2025-08-08T18:19:36.000Z</time>
        <extensions>
          <ns3:TrackPointExtension/>
        </extensions>
      </trkpt>
      <trkpt lat="43.907508440315723419189453125" lon="-121.788805983960628509521484375">
        <ele>1538.4000244140625</ele>
        <time>2025-08-08T18:19:37.000Z</time>
        <extensions>
          <ns3:TrackPointExtension/>
        </extensions>
      </trkpt>
      <trkpt lat="43.9075012318789958953857421875" lon="-121.7887754738330841064453125">
        <ele>1538.800048828125</ele>
        <time>2025-08-08T18:19:39.000Z</time>
        <extensions>
          <ns3:TrackPointExtension/>
        </extensions>
      </trkpt>
      <trkpt lat="43.9074955321848392486572265625" lon="-121.78874588571488857269287109375">
        <ele>1539.199951171875</ele>
        <time>2025-08-08T18:19:41.000Z</time>
        <extensions>
          <ns3:TrackPointExtension/>
        </extensions>
      </trkpt>
      <trkpt lat="43.907474577426910400390625" lon="-121.78871403448283672332763671875">
        <ele>1539.199951171875</ele>
        <time>2025-08-08T18:19:44.000Z</time>
        <extensions>
          <ns3:TrackPointExtension/>
        </extensions>
      </trkpt>
      <trkpt lat="43.90744515694677829742431640625" lon="-121.78867698647081851959228515625">
        <ele>1538.800048828125</ele>
        <time>2025-08-08T18:19:48.000Z</time>
        <extensions>
          <ns3:TrackPointExtension/>
        </extensions>
      </trkpt>
      <trkpt lat="43.9073721505701541900634765625" lon="-121.78858327679336071014404296875">
        <ele>1538</ele>
        <time>2025-08-08T18:19:56.000Z</time>
        <extensions>
          <ns3:TrackPointExtension/>
        </extensions>
      </trkpt>
      <trkpt lat="43.9073600806295871734619140625" lon="-121.7885637469589710235595703125">
        <ele>1537.800048828125</ele>
        <time>2025-08-08T18:19:58.000Z</time>
        <extensions>
          <ns3:TrackPointExtension/>
        </extensions>
      </trkpt>
      <trkpt lat="43.9072935283184051513671875" lon="-121.788499541580677032470703125">
        <ele>1537.199951171875</ele>
        <time>2025-08-08T18:20:05.000Z</time>
        <extensions>
          <ns3:TrackPointExtension/>
        </extensions>
      </trkpt>
      <trkpt lat="43.90724063850939273834228515625" lon="-121.78838051855564117431640625">
        <ele>1536.5999755859375</ele>
        <time>2025-08-08T18:20:14.000Z</time>
        <extensions>
          <ns3:TrackPointExtension/>
        </extensions>
      </trkpt>
      <trkpt lat="43.90716075897216796875" lon="-121.78827918134629726409912109375">
        <ele>1535.5999755859375</ele>
        <time>2025-08-08T18:20:23.000Z</time>
        <extensions>
          <ns3:TrackPointExtension/>
        </extensions>
      </trkpt>
      <trkpt lat="43.90710501931607723236083984375" lon="-121.78819544613361358642578125">
        <ele>1536</ele>
        <time>2025-08-08T18:20:31.000Z</time>
        <extensions>
          <ns3:TrackPointExtension/>
        </extensions>
      </trkpt>
      <trkpt lat="43.90698867850005626678466796875" lon="-121.78802973590791225433349609375">
        <ele>1537.5999755859375</ele>
        <time>2025-08-08T18:20:43.000Z</time>
        <extensions>
          <ns3:TrackPointExtension/>
        </extensions>
      </trkpt>
      <trkpt lat="43.90694257803261280059814453125" lon="-121.78790484555065631866455078125">
        <ele>1538.800048828125</ele>
        <time>2025-08-08T18:20:52.000Z</time>
        <extensions>
          <ns3:TrackPointExtension/>
        </extensions>
      </trkpt>
      <trkpt lat="43.90688113868236541748046875" lon="-121.7877939529716968536376953125">
        <ele>1539.5999755859375</ele>
        <time>2025-08-08T18:21:01.000Z</time>
        <extensions>
          <ns3:TrackPointExtension/>
        </extensions>
      </trkpt>
      <trkpt lat="43.90681006014347076416015625" lon="-121.78767534904181957244873046875">
        <ele>1539</ele>
        <time>2025-08-08T18:21:12.000Z</time>
        <extensions>
          <ns3:TrackPointExtension/>
        </extensions>
      </trkpt>
      <trkpt lat="43.906713165342807769775390625" lon="-121.787552721798419952392578125">
        <ele>1538</ele>
        <time>2025-08-08T18:21:24.000Z</time>
        <extensions>
          <ns3:TrackPointExtension/>
        </extensions>
      </trkpt>
      <trkpt lat="43.90666614286601543426513671875" lon="-121.78744845092296600341796875">
        <ele>1538.4000244140625</ele>
        <time>2025-08-08T18:21:32.000Z</time>
        <extensions>
          <ns3:TrackPointExtension/>
        </extensions>
      </trkpt>
      <trkpt lat="43.90661886893212795257568359375" lon="-121.78729866631329059600830078125">
        <ele>1538.199951171875</ele>
        <time>2025-08-08T18:21:42.000Z</time>
        <extensions>
          <ns3:TrackPointExtension/>
        </extensions>
      </trkpt>
      <trkpt lat="43.9065242372453212738037109375" lon="-121.78718567825853824615478515625">
        <ele>1537.5999755859375</ele>
        <time>2025-08-08T18:21:52.000Z</time>
        <extensions>
          <ns3:TrackPointExtension/>
        </extensions>
      </trkpt>
      <trkpt lat="43.90651593916118144989013671875" lon="-121.78716924972832202911376953125">
        <ele>1537.4000244140625</ele>
        <time>2025-08-08T18:21:53.000Z</time>
        <extensions>
          <ns3:TrackPointExtension/>
        </extensions>
      </trkpt>
      <trkpt lat="43.90650789253413677215576171875" lon="-121.7871341295540332794189453125">
        <ele>1537.4000244140625</ele>
        <time>2025-08-08T18:21:55.000Z</time>
        <extensions>
          <ns3:TrackPointExtension/>
        </extensions>
      </trkpt>
      <trkpt lat="43.90649146400392055511474609375" lon="-121.7870992608368396759033203125">
        <ele>1537.5999755859375</ele>
        <time>2025-08-08T18:21:58.000Z</time>
        <extensions>
          <ns3:TrackPointExtension/>
        </extensions>
      </trkpt>
      <trkpt lat="43.90640915371477603912353515625" lon="-121.7869842611253261566162109375">
        <ele>1536.4000244140625</ele>
        <time>2025-08-08T18:22:08.000Z</time>
        <extensions>
          <ns3:TrackPointExtension/>
        </extensions>
      </trkpt>
      <trkpt lat="43.9063314534723758697509765625" lon="-121.786886863410472869873046875">
        <ele>1534.5999755859375</ele>
        <time>2025-08-08T18:22:18.000Z</time>
        <extensions>
          <ns3:TrackPointExtension/>
        </extensions>
      </trkpt>
      <trkpt lat="43.90629448927938938140869140625" lon="-121.7867772281169891357421875">
        <ele>1533.199951171875</ele>
        <time>2025-08-08T18:22:27.000Z</time>
        <extensions>
          <ns3:TrackPointExtension/>
        </extensions>
      </trkpt>
      <trkpt lat="43.906212262809276580810546875" lon="-121.78670573048293590545654296875">
        <ele>1532.4000244140625</ele>
        <time>2025-08-08T18:22:33.000Z</time>
        <extensions>
          <ns3:TrackPointExtension/>
        </extensions>
      </trkpt>
      <trkpt lat="43.90610874630510807037353515625" lon="-121.78661026060581207275390625">
        <ele>1531.800048828125</ele>
        <time>2025-08-08T18:22:42.000Z</time>
        <extensions>
          <ns3:TrackPointExtension/>
        </extensions>
      </trkpt>
      <trkpt lat="43.90610195696353912353515625" lon="-121.78660028614103794097900390625">
        <ele>1531.5999755859375</ele>
        <time>2025-08-08T18:22:43.000Z</time>
        <extensions>
          <ns3:TrackPointExtension/>
        </extensions>
      </trkpt>
      <trkpt lat="43.9060283638536930084228515625" lon="-121.7865061573684215545654296875">
        <ele>1531</ele>
        <time>2025-08-08T18:22:52.000Z</time>
        <extensions>
          <ns3:TrackPointExtension/>
        </extensions>
      </trkpt>
      <trkpt lat="43.90594027005136013031005859375" lon="-121.78634597919881343841552734375">
        <ele>1529.4000244140625</ele>
        <time>2025-08-08T18:23:03.000Z</time>
        <extensions>
          <ns3:TrackPointExtension/>
        </extensions>
      </trkpt>
      <trkpt lat="43.90589115209877490997314453125" lon="-121.78618378937244415283203125">
        <ele>1528</ele>
        <time>2025-08-08T18:23:13.000Z</time>
        <extensions>
          <ns3:TrackPointExtension/>
        </extensions>
      </trkpt>
      <trkpt lat="43.9058754779398441314697265625" lon="-121.78614414297044277191162109375">
        <ele>1527</ele>
        <time>2025-08-08T18:23:16.000Z</time>
        <extensions>
          <ns3:TrackPointExtension/>
        </extensions>
      </trkpt>
      <trkpt lat="43.90583574771881103515625" lon="-121.78604506887495517730712890625">
        <ele>1525.800048828125</ele>
        <time>2025-08-08T18:23:22.000Z</time>
        <extensions>
          <ns3:TrackPointExtension/>
        </extensions>
      </trkpt>
      <trkpt lat="43.9058157987892627716064453125" lon="-121.7859821207821369171142578125">
        <ele>1524</ele>
        <time>2025-08-08T18:23:27.000Z</time>
        <extensions>
          <ns3:TrackPointExtension/>
        </extensions>
      </trkpt>
      <trkpt lat="43.90580079518258571624755859375" lon="-121.78592386655509471893310546875">
        <ele>1522</ele>
        <time>2025-08-08T18:23:30.000Z</time>
        <extensions>
          <ns3:TrackPointExtension/>
        </extensions>
      </trkpt>
      <trkpt lat="43.905755616724491119384765625" lon="-121.7857997305691242218017578125">
        <ele>1520.4000244140625</ele>
        <time>2025-08-08T18:23:40.000Z</time>
        <extensions>
          <ns3:TrackPointExtension/>
        </extensions>
      </trkpt>
      <trkpt lat="43.90573273412883281707763671875" lon="-121.78566369228065013885498046875">
        <ele>1519.5999755859375</ele>
        <time>2025-08-08T18:23:49.000Z</time>
        <extensions>
          <ns3:TrackPointExtension/>
        </extensions>
      </trkpt>
      <trkpt lat="43.9057292975485324859619140625" lon="-121.7855288274586200714111328125">
        <ele>1520</ele>
        <time>2025-08-08T18:23:56.000Z</time>
        <extensions>
          <ns3:TrackPointExtension/>
        </extensions>
      </trkpt>
      <trkpt lat="43.9057299681007862091064453125" lon="-121.7854513786733150482177734375">
        <ele>1520</ele>
        <time>2025-08-08T18:24:01.000Z</time>
        <extensions>
          <ns3:TrackPointExtension/>
        </extensions>
      </trkpt>
      <trkpt lat="43.90572971664369106292724609375" lon="-121.785351969301700592041015625">
        <ele>1521</ele>
        <time>2025-08-08T18:24:09.000Z</time>
        <extensions>
          <ns3:TrackPointExtension/>
        </extensions>
      </trkpt>
      <trkpt lat="43.9057115279138088226318359375" lon="-121.7851918749511241912841796875">
        <ele>1522</ele>
        <time>2025-08-08T18:24:21.000Z</time>
        <extensions>
          <ns3:TrackPointExtension/>
        </extensions>
      </trkpt>
      <trkpt lat="43.90570188872516155242919921875" lon="-121.7850436829030513763427734375">
        <ele>1522.800048828125</ele>
        <time>2025-08-08T18:24:30.000Z</time>
        <extensions>
          <ns3:TrackPointExtension/>
        </extensions>
      </trkpt>
      <trkpt lat="43.90566316433250904083251953125" lon="-121.78487445227801799774169921875">
        <ele>1523.199951171875</ele>
        <time>2025-08-08T18:24:42.000Z</time>
        <extensions>
          <ns3:TrackPointExtension/>
        </extensions>
      </trkpt>
      <trkpt lat="43.90566785819828510284423828125" lon="-121.78472491912543773651123046875">
        <ele>1523.4000244140625</ele>
        <time>2025-08-08T18:24:52.000Z</time>
        <extensions>
          <ns3:TrackPointExtension/>
        </extensions>
      </trkpt>
      <trkpt lat="43.9056895673274993896484375" lon="-121.78458577953279018402099609375">
        <ele>1524</ele>
        <time>2025-08-08T18:24:59.000Z</time>
        <extensions>
          <ns3:TrackPointExtension/>
        </extensions>
      </trkpt>
      <trkpt lat="43.9056810177862644195556640625" lon="-121.78448519669473171234130859375">
        <ele>1525</ele>
        <time>2025-08-08T18:25:07.000Z</time>
        <extensions>
          <ns3:TrackPointExtension/>
        </extensions>
      </trkpt>
      <trkpt lat="43.9056488312780857086181640625" lon="-121.784388385713100433349609375">
        <ele>1525.199951171875</ele>
        <time>2025-08-08T18:25:16.000Z</time>
        <extensions>
          <ns3:TrackPointExtension/>
        </extensions>
      </trkpt>
      <trkpt lat="43.905589990317821502685546875" lon="-121.7842038162052631378173828125">
        <ele>1523.5999755859375</ele>
        <time>2025-08-08T18:25:30.000Z</time>
        <extensions>
          <ns3:TrackPointExtension/>
        </extensions>
      </trkpt>
      <trkpt lat="43.90553022734820842742919921875" lon="-121.78408638574182987213134765625">
        <ele>1522.5999755859375</ele>
        <time>2025-08-08T18:25:40.000Z</time>
        <extensions>
          <ns3:TrackPointExtension/>
        </extensions>
      </trkpt>
      <trkpt lat="43.90549904666841030120849609375" lon="-121.78394825197756290435791015625">
        <ele>1522</ele>
        <time>2025-08-08T18:25:49.000Z</time>
        <extensions>
          <ns3:TrackPointExtension/>
        </extensions>
      </trkpt>
      <trkpt lat="43.90545646660029888153076171875" lon="-121.78382084704935550689697265625">
        <ele>1521.199951171875</ele>
        <time>2025-08-08T18:25:58.000Z</time>
        <extensions>
          <ns3:TrackPointExtension/>
        </extensions>
      </trkpt>
      <trkpt lat="43.90540324151515960693359375" lon="-121.7836817912757396697998046875">
        <ele>1520.4000244140625</ele>
        <time>2025-08-08T18:26:08.000Z</time>
        <extensions>
          <ns3:TrackPointExtension/>
        </extensions>
      </trkpt>
      <trkpt lat="43.90533962287008762359619140625" lon="-121.7835867404937744140625">
        <ele>1519.4000244140625</ele>
        <time>2025-08-08T18:26:18.000Z</time>
        <extensions>
          <ns3:TrackPointExtension/>
        </extensions>
      </trkpt>
      <trkpt lat="43.90524088405072689056396484375" lon="-121.78344349376857280731201171875">
        <ele>1518.5999755859375</ele>
        <time>2025-08-08T18:26:28.000Z</time>
        <extensions>
          <ns3:TrackPointExtension/>
        </extensions>
      </trkpt>
      <trkpt lat="43.9051925204694271087646484375" lon="-121.78328172303736209869384765625">
        <ele>1517.4000244140625</ele>
        <time>2025-08-08T18:26:36.000Z</time>
        <extensions>
          <ns3:TrackPointExtension/>
        </extensions>
      </trkpt>
      <trkpt lat="43.905186317861080169677734375" lon="-121.7832341976463794708251953125">
        <ele>1516.4000244140625</ele>
        <time>2025-08-08T18:26:39.000Z</time>
        <extensions>
          <ns3:TrackPointExtension/>
        </extensions>
      </trkpt>
      <trkpt lat="43.905155472457408905029296875" lon="-121.7831481993198394775390625">
        <ele>1513.5999755859375</ele>
        <time>2025-08-08T18:26:44.000Z</time>
        <extensions>
          <ns3:TrackPointExtension/>
        </extensions>
      </trkpt>
      <trkpt lat="43.9051155745983123779296875" lon="-121.7830273322761058807373046875">
        <ele>1510.5999755859375</ele>
        <time>2025-08-08T18:26:53.000Z</time>
        <extensions>
          <ns3:TrackPointExtension/>
        </extensions>
      </trkpt>
      <trkpt lat="43.9050969667732715606689453125" lon="-121.78299539722502231597900390625">
        <ele>1509.800048828125</ele>
        <time>2025-08-08T18:26:56.000Z</time>
        <extensions>
          <ns3:TrackPointExtension/>
        </extensions>
      </trkpt>
      <trkpt lat="43.90507995150983333587646484375" lon="-121.78295633755624294281005859375">
        <ele>1509.199951171875</ele>
        <time>2025-08-08T18:27:00.000Z</time>
        <extensions>
          <ns3:TrackPointExtension/>
        </extensions>
      </trkpt>
      <trkpt lat="43.905037455260753631591796875" lon="-121.78288442082703113555908203125">
        <ele>1508.4000244140625</ele>
        <time>2025-08-08T18:27:07.000Z</time>
        <extensions>
          <ns3:TrackPointExtension/>
        </extensions>
      </trkpt>
      <trkpt lat="43.9049521274864673614501953125" lon="-121.78276606835424900054931640625">
        <ele>1508.800048828125</ele>
        <time>2025-08-08T18:27:17.000Z</time>
        <extensions>
          <ns3:TrackPointExtension/>
        </extensions>
      </trkpt>
      <trkpt lat="43.90494517050683498382568359375" lon="-121.78275919519364833831787109375">
        <ele>1509</ele>
        <time>2025-08-08T18:27:18.000Z</time>
        <extensions>
          <ns3:TrackPointExtension/>
        </extensions>
      </trkpt>
      <trkpt lat="43.90487325377762317657470703125" lon="-121.78261385299265384674072265625">
        <ele>1509.4000244140625</ele>
        <time>2025-08-08T18:27:30.000Z</time>
        <extensions>
          <ns3:TrackPointExtension/>
        </extensions>
      </trkpt>
      <trkpt lat="43.9048374630510807037353515625" lon="-121.78255316801369190216064453125">
        <ele>1510.5999755859375</ele>
        <time>2025-08-08T18:27:36.000Z</time>
        <extensions>
          <ns3:TrackPointExtension/>
        </extensions>
      </trkpt>
      <trkpt lat="43.904821537435054779052734375" lon="-121.782534979283809661865234375">
        <ele>1510.800048828125</ele>
        <time>2025-08-08T18:27:38.000Z</time>
        <extensions>
          <ns3:TrackPointExtension/>
        </extensions>
      </trkpt>
      <trkpt lat="43.90474316664040088653564453125" lon="-121.78242023102939128875732421875">
        <ele>1511.800048828125</ele>
        <time>2025-08-08T18:27:48.000Z</time>
        <extensions>
          <ns3:TrackPointExtension/>
        </extensions>
      </trkpt>
      <trkpt lat="43.9046354591846466064453125" lon="-121.782328784465789794921875">
        <ele>1508.800048828125</ele>
        <time>2025-08-08T18:27:59.000Z</time>
        <extensions>
          <ns3:TrackPointExtension/>
        </extensions>
      </trkpt>
      <trkpt lat="43.904606290161609649658203125" lon="-121.78230891935527324676513671875">
        <ele>1508.199951171875</ele>
        <time>2025-08-08T18:28:02.000Z</time>
        <extensions>
          <ns3:TrackPointExtension/>
        </extensions>
      </trkpt>
      <trkpt lat="43.904556669294834136962890625" lon="-121.782254017889499664306640625">
        <ele>1509</ele>
        <time>2025-08-08T18:28:07.000Z</time>
        <extensions>
          <ns3:TrackPointExtension/>
        </extensions>
      </trkpt>
      <trkpt lat="43.9044870994985103607177734375" lon="-121.782150752842426300048828125">
        <ele>1510.199951171875</ele>
        <time>2025-08-08T18:28:15.000Z</time>
        <extensions>
          <ns3:TrackPointExtension/>
        </extensions>
      </trkpt>
      <trkpt lat="43.904478549957275390625" lon="-121.7821411974728107452392578125">
        <ele>1510.199951171875</ele>
        <time>2025-08-08T18:28:16.000Z</time>
        <extensions>
          <ns3:TrackPointExtension/>
        </extensions>
      </trkpt>
      <trkpt lat="43.904446028172969818115234375" lon="-121.7820872180163860321044921875">
        <ele>1508.800048828125</ele>
        <time>2025-08-08T18:28:21.000Z</time>
        <extensions>
          <ns3:TrackPointExtension/>
        </extensions>
      </trkpt>
      <trkpt lat="43.9043865166604518890380859375" lon="-121.78202074952423572540283203125">
        <ele>1508.199951171875</ele>
        <time>2025-08-08T18:28:27.000Z</time>
        <extensions>
          <ns3:TrackPointExtension/>
        </extensions>
      </trkpt>
      <trkpt lat="43.90437972731888294219970703125" lon="-121.7820037342607975006103515625">
        <ele>1508.4000244140625</ele>
        <time>2025-08-08T18:28:28.000Z</time>
        <extensions>
          <ns3:TrackPointExtension/>
        </extensions>
      </trkpt>
      <trkpt lat="43.9043710939586162567138671875" lon="-121.78199308924376964569091796875">
        <ele>1508.199951171875</ele>
        <time>2025-08-08T18:28:29.000Z</time>
        <extensions>
          <ns3:TrackPointExtension/>
        </extensions>
      </trkpt>
      <trkpt lat="43.90434108674526214599609375" lon="-121.7819252796471118927001953125">
        <ele>1508.199951171875</ele>
        <time>2025-08-08T18:28:34.000Z</time>
        <extensions>
          <ns3:TrackPointExtension/>
        </extensions>
      </trkpt>
      <trkpt lat="43.90433195047080516815185546875" lon="-121.781915724277496337890625">
        <ele>1508.5999755859375</ele>
        <time>2025-08-08T18:28:36.000Z</time>
        <extensions>
          <ns3:TrackPointExtension/>
        </extensions>
      </trkpt>
      <trkpt lat="43.90426958911120891571044921875" lon="-121.7818384431302547454833984375">
        <ele>1510.199951171875</ele>
        <time>2025-08-08T18:28:45.000Z</time>
        <extensions>
          <ns3:TrackPointExtension/>
        </extensions>
      </trkpt>
      <trkpt lat="43.9041454531252384185791015625" lon="-121.7817016504704952239990234375">
        <ele>1511.800048828125</ele>
        <time>2025-08-08T18:28:56.000Z</time>
        <extensions>
          <ns3:TrackPointExtension/>
        </extensions>
      </trkpt>
      <trkpt lat="43.90408493578433990478515625" lon="-121.78161456249654293060302734375">
        <ele>1512.199951171875</ele>
        <time>2025-08-08T18:29:04.000Z</time>
        <extensions>
          <ns3:TrackPointExtension/>
        </extensions>
      </trkpt>
      <trkpt lat="43.9040254242718219757080078125" lon="-121.781564019620418548583984375">
        <ele>1512.199951171875</ele>
        <time>2025-08-08T18:29:12.000Z</time>
        <extensions>
          <ns3:TrackPointExtension/>
        </extensions>
      </trkpt>
      <trkpt lat="43.90395644120872020721435546875" lon="-121.78153426386415958404541015625">
        <ele>1511.199951171875</ele>
        <time>2025-08-08T18:29:17.000Z</time>
        <extensions>
          <ns3:TrackPointExtension/>
        </extensions>
      </trkpt>
      <trkpt lat="43.90393313951790332794189453125" lon="-121.7815195955336093902587890625">
        <ele>1510.4000244140625</ele>
        <time>2025-08-08T18:29:20.000Z</time>
        <extensions>
          <ns3:TrackPointExtension/>
        </extensions>
      </trkpt>
      <trkpt lat="43.90383004210889339447021484375" lon="-121.78146335296332836151123046875">
        <ele>1505.800048828125</ele>
        <time>2025-08-08T18:29:30.000Z</time>
        <extensions>
          <ns3:TrackPointExtension/>
        </extensions>
      </trkpt>
      <trkpt lat="43.9037528447806835174560546875" lon="-121.78141205571591854095458984375">
        <ele>1504.199951171875</ele>
        <time>2025-08-08T18:29:37.000Z</time>
        <extensions>
          <ns3:TrackPointExtension/>
        </extensions>
      </trkpt>
      <trkpt lat="43.9037337340414524078369140625" lon="-121.781417839229106903076171875">
        <ele>1504.199951171875</ele>
        <time>2025-08-08T18:29:41.000Z</time>
        <extensions>
          <ns3:TrackPointExtension/>
        </extensions>
      </trkpt>
      <trkpt lat="43.90363792888820171356201171875" lon="-121.78144139237701892852783203125">
        <ele>1502.800048828125</ele>
        <time>2025-08-08T18:29:51.000Z</time>
        <extensions>
          <ns3:TrackPointExtension/>
        </extensions>
      </trkpt>
      <trkpt lat="43.90349057503044605255126953125" lon="-121.781445331871509552001953125">
        <ele>1501</ele>
        <time>2025-08-08T18:30:02.000Z</time>
        <extensions>
          <ns3:TrackPointExtension/>
        </extensions>
      </trkpt>
      <trkpt lat="43.903454281389713287353515625" lon="-121.78143904544413089752197265625">
        <ele>1500.5999755859375</ele>
        <time>2025-08-08T18:30:05.000Z</time>
        <extensions>
          <ns3:TrackPointExtension/>
        </extensions>
      </trkpt>
      <trkpt lat="43.9034054987132549285888671875" lon="-121.781419850885868072509765625">
        <ele>1499.5999755859375</ele>
        <time>2025-08-08T18:30:09.000Z</time>
        <extensions>
          <ns3:TrackPointExtension/>
        </extensions>
      </trkpt>
      <trkpt lat="43.90338756144046783447265625" lon="-121.78140903823077678680419921875">
        <ele>1499</ele>
        <time>2025-08-08T18:30:11.000Z</time>
        <extensions>
          <ns3:TrackPointExtension/>
        </extensions>
      </trkpt>
      <trkpt lat="43.9033468253910541534423828125" lon="-121.78138087503612041473388671875">
        <ele>1499.199951171875</ele>
        <time>2025-08-08T18:30:16.000Z</time>
        <extensions>
          <ns3:TrackPointExtension/>
        </extensions>
      </trkpt>
      <trkpt lat="43.90325671993196010589599609375" lon="-121.78129948675632476806640625">
        <ele>1499.5999755859375</ele>
        <time>2025-08-08T18:30:26.000Z</time>
        <extensions>
          <ns3:TrackPointExtension/>
        </extensions>
      </trkpt>
      <trkpt lat="43.9031627587974071502685546875" lon="-121.78123033605515956878662109375">
        <ele>1500.4000244140625</ele>
        <time>2025-08-08T18:30:36.000Z</time>
        <extensions>
          <ns3:TrackPointExtension/>
        </extensions>
      </trkpt>
      <trkpt lat="43.903070390224456787109375" lon="-121.781084574759006500244140625">
        <ele>1501.800048828125</ele>
        <time>2025-08-08T18:30:48.000Z</time>
        <extensions>
          <ns3:TrackPointExtension/>
        </extensions>
      </trkpt>
      <trkpt lat="43.90302303247153759002685546875" lon="-121.78094275295734405517578125">
        <ele>1502.5999755859375</ele>
        <time>2025-08-08T18:30:58.000Z</time>
        <extensions>
          <ns3:TrackPointExtension/>
        </extensions>
      </trkpt>
      <trkpt lat="43.90297986567020416259765625" lon="-121.78077536635100841522216796875">
        <ele>1503.800048828125</ele>
        <time>2025-08-08T18:31:10.000Z</time>
        <extensions>
          <ns3:TrackPointExtension/>
        </extensions>
      </trkpt>
      <trkpt lat="43.902933932840824127197265625" lon="-121.7806723527610301971435546875">
        <ele>1505.199951171875</ele>
        <time>2025-08-08T18:31:18.000Z</time>
        <extensions>
          <ns3:TrackPointExtension/>
        </extensions>
      </trkpt>
      <trkpt lat="43.90290115959942340850830078125" lon="-121.78059582598507404327392578125">
        <ele>1506.4000244140625</ele>
        <time>2025-08-08T18:31:25.000Z</time>
        <extensions>
          <ns3:TrackPointExtension/>
        </extensions>
      </trkpt>
      <trkpt lat="43.90285287983715534210205078125" lon="-121.78045316599309444427490234375">
        <ele>1507.5999755859375</ele>
        <time>2025-08-08T18:31:34.000Z</time>
        <extensions>
          <ns3:TrackPointExtension/>
        </extensions>
      </trkpt>
      <trkpt lat="43.90283578075468540191650390625" lon="-121.780337579548358917236328125">
        <ele>1508</ele>
        <time>2025-08-08T18:31:41.000Z</time>
        <extensions>
          <ns3:TrackPointExtension/>
        </extensions>
      </trkpt>
      <trkpt lat="43.90277928672730922698974609375" lon="-121.7802267707884311676025390625">
        <ele>1506.199951171875</ele>
        <time>2025-08-08T18:31:51.000Z</time>
        <extensions>
          <ns3:TrackPointExtension/>
        </extensions>
      </trkpt>
      <trkpt lat="43.90270116738975048065185546875" lon="-121.78014873526990413665771484375">
        <ele>1505.5999755859375</ele>
        <time>2025-08-08T18:32:02.000Z</time>
        <extensions>
          <ns3:TrackPointExtension/>
        </extensions>
      </trkpt>
      <trkpt lat="43.90260192565619945526123046875" lon="-121.7800574563443660736083984375">
        <ele>1505</ele>
        <time>2025-08-08T18:32:12.000Z</time>
        <extensions>
          <ns3:TrackPointExtension/>
        </extensions>
      </trkpt>
      <trkpt lat="43.9025136642158031463623046875" lon="-121.78000724874436855316162109375">
        <ele>1503.5999755859375</ele>
        <time>2025-08-08T18:32:21.000Z</time>
        <extensions>
          <ns3:TrackPointExtension/>
        </extensions>
      </trkpt>
      <trkpt lat="43.902406878769397735595703125" lon="-121.7799196578562259674072265625">
        <ele>1503.199951171875</ele>
        <time>2025-08-08T18:32:30.000Z</time>
        <extensions>
          <ns3:TrackPointExtension/>
        </extensions>
      </trkpt>
      <trkpt lat="43.90240645967423915863037109375" lon="-121.77991278469562530517578125">
        <ele>1503</ele>
        <time>2025-08-08T18:32:31.000Z</time>
        <extensions>
          <ns3:TrackPointExtension/>
        </extensions>
      </trkpt>
      <trkpt lat="43.90234552323818206787109375" lon="-121.77983759902417659759521484375">
        <ele>1503.199951171875</ele>
        <time>2025-08-08T18:32:38.000Z</time>
        <extensions>
          <ns3:TrackPointExtension/>
        </extensions>
      </trkpt>
      <trkpt lat="43.90233085490763187408447265625" lon="-121.779783032834529876708984375">
        <ele>1503.199951171875</ele>
        <time>2025-08-08T18:32:45.000Z</time>
        <extensions>
          <ns3:TrackPointExtension/>
        </extensions>
      </trkpt>
      <trkpt lat="43.90231928788125514984130859375" lon="-121.779724694788455963134765625">
        <ele>1503.199951171875</ele>
        <time>2025-08-08T18:32:50.000Z</time>
        <extensions>
          <ns3:TrackPointExtension/>
        </extensions>
      </trkpt>
      <trkpt lat="43.902296237647533416748046875" lon="-121.7796346731483936309814453125">
        <ele>1503</ele>
        <time>2025-08-08T18:32:56.000Z</time>
        <extensions>
          <ns3:TrackPointExtension/>
        </extensions>
      </trkpt>
      <trkpt lat="43.90231744386255741119384765625" lon="-121.7794945277273654937744140625">
        <ele>1502</ele>
        <time>2025-08-08T18:33:04.000Z</time>
        <extensions>
          <ns3:TrackPointExtension/>
        </extensions>
      </trkpt>
      <trkpt lat="43.9023906178772449493408203125" lon="-121.77930853329598903656005859375">
        <ele>1499.199951171875</ele>
        <time>2025-08-08T18:33:16.000Z</time>
        <extensions>
          <ns3:TrackPointExtension/>
        </extensions>
      </trkpt>
      <trkpt lat="43.9024653844535350799560546875" lon="-121.77920736372470855712890625">
        <ele>1494</ele>
        <time>2025-08-08T18:33:26.000Z</time>
        <extensions>
          <ns3:TrackPointExtension/>
        </extensions>
      </trkpt>
      <trkpt lat="43.9025002531707286834716796875" lon="-121.7791382968425750732421875">
        <ele>1492.4000244140625</ele>
        <time>2025-08-08T18:33:33.000Z</time>
        <extensions>
          <ns3:TrackPointExtension/>
        </extensions>
      </trkpt>
      <trkpt lat="43.9025233872234821319580078125" lon="-121.77904953248798847198486328125">
        <ele>1489.800048828125</ele>
        <time>2025-08-08T18:33:40.000Z</time>
        <extensions>
          <ns3:TrackPointExtension/>
        </extensions>
      </trkpt>
      <trkpt lat="43.90258331783115863800048828125" lon="-121.77890695631504058837890625">
        <ele>1486.5999755859375</ele>
        <time>2025-08-08T18:33:51.000Z</time>
        <extensions>
          <ns3:TrackPointExtension/>
        </extensions>
      </trkpt>
      <trkpt lat="43.90262807719409465789794921875" lon="-121.77885306067764759063720703125">
        <ele>1485.199951171875</ele>
        <time>2025-08-08T18:33:55.000Z</time>
        <extensions>
          <ns3:TrackPointExtension/>
        </extensions>
      </trkpt>
      <trkpt lat="43.9026631973683834075927734375" lon="-121.77881316281855106353759765625">
        <ele>1484</ele>
        <time>2025-08-08T18:33:58.000Z</time>
        <extensions>
          <ns3:TrackPointExtension/>
        </extensions>
      </trkpt>
      <trkpt lat="43.90268658287823200225830078125" lon="-121.7787927947938442230224609375">
        <ele>1483.199951171875</ele>
        <time>2025-08-08T18:34:00.000Z</time>
        <extensions>
          <ns3:TrackPointExtension/>
        </extensions>
      </trkpt>
      <trkpt lat="43.9027310907840728759765625" lon="-121.778772175312042236328125">
        <ele>1481.800048828125</ele>
        <time>2025-08-08T18:34:04.000Z</time>
        <extensions>
          <ns3:TrackPointExtension/>
        </extensions>
      </trkpt>
      <trkpt lat="43.902758248150348663330078125" lon="-121.77876748144626617431640625">
        <ele>1481.199951171875</ele>
        <time>2025-08-08T18:34:06.000Z</time>
        <extensions>
          <ns3:TrackPointExtension/>
        </extensions>
      </trkpt>
      <trkpt lat="43.90282563865184783935546875" lon="-121.77874526940286159515380859375">
        <ele>1480.800048828125</ele>
        <time>2025-08-08T18:34:11.000Z</time>
        <extensions>
          <ns3:TrackPointExtension/>
        </extensions>
      </trkpt>
      <trkpt lat="43.90283896587789058685302734375" lon="-121.77873839624226093292236328125">
        <ele>1480.5999755859375</ele>
        <time>2025-08-08T18:34:12.000Z</time>
        <extensions>
          <ns3:TrackPointExtension/>
        </extensions>
      </trkpt>
      <trkpt lat="43.902910463511943817138671875" lon="-121.7787069641053676605224609375">
        <ele>1480.199951171875</ele>
        <time>2025-08-08T18:34:18.000Z</time>
        <extensions>
          <ns3:TrackPointExtension/>
        </extensions>
      </trkpt>
      <trkpt lat="43.9029483497142791748046875" lon="-121.77869933657348155975341796875">
        <ele>1481.199951171875</ele>
        <time>2025-08-08T18:34:21.000Z</time>
        <extensions>
          <ns3:TrackPointExtension/>
        </extensions>
      </trkpt>
      <trkpt lat="43.90299285762012004852294921875" lon="-121.77868257276713848114013671875">
        <ele>1482.5999755859375</ele>
        <time>2025-08-08T18:34:25.000Z</time>
        <extensions>
          <ns3:TrackPointExtension/>
        </extensions>
      </trkpt>
      <trkpt lat="43.9030447416007518768310546875" lon="-121.77863026969134807586669921875">
        <ele>1482.199951171875</ele>
        <time>2025-08-08T18:34:33.000Z</time>
        <extensions>
          <ns3:TrackPointExtension/>
        </extensions>
      </trkpt>
      <trkpt lat="43.90313769690692424774169921875" lon="-121.77852683700621128082275390625">
        <ele>1480.5999755859375</ele>
        <time>2025-08-08T18:34:43.000Z</time>
        <extensions>
          <ns3:TrackPointExtension/>
        </extensions>
      </trkpt>
      <trkpt lat="43.90325085259974002838134765625" lon="-121.7784534953534603118896484375">
        <ele>1484.199951171875</ele>
        <time>2025-08-08T18:34:54.000Z</time>
        <extensions>
          <ns3:TrackPointExtension/>
        </extensions>
      </trkpt>
      <trkpt lat="43.90333618037402629852294921875" lon="-121.77836221642792224884033203125">
        <ele>1484.4000244140625</ele>
        <time>2025-08-08T18:35:05.000Z</time>
        <extensions>
          <ns3:TrackPointExtension/>
        </extensions>
      </trkpt>
      <trkpt lat="43.903435170650482177734375" lon="-121.7783227376639842987060546875">
        <ele>1484.199951171875</ele>
        <time>2025-08-08T18:35:14.000Z</time>
        <extensions>
          <ns3:TrackPointExtension/>
        </extensions>
      </trkpt>
      <trkpt lat="43.90351337380707263946533203125" lon="-121.7782972566783428192138671875">
        <ele>1483.800048828125</ele>
        <time>2025-08-08T18:35:20.000Z</time>
        <extensions>
          <ns3:TrackPointExtension/>
        </extensions>
      </trkpt>
      <trkpt lat="43.90354312956333160400390625" lon="-121.77827169187366962432861328125">
        <ele>1484.4000244140625</ele>
        <time>2025-08-08T18:35:22.000Z</time>
        <extensions>
          <ns3:TrackPointExtension/>
        </extensions>
      </trkpt>
      <trkpt lat="43.90360238961875438690185546875" lon="-121.77824352867901325225830078125">
        <ele>1485.5999755859375</ele>
        <time>2025-08-08T18:35:27.000Z</time>
        <extensions>
          <ns3:TrackPointExtension/>
        </extensions>
      </trkpt>
      <trkpt lat="43.90361915342509746551513671875" lon="-121.778233386576175689697265625">
        <ele>1486.4000244140625</ele>
        <time>2025-08-08T18:35:29.000Z</time>
        <extensions>
          <ns3:TrackPointExtension/>
        </extensions>
      </trkpt>
      <trkpt lat="43.90371152199804782867431640625" lon="-121.77820379845798015594482421875">
        <ele>1487.199951171875</ele>
        <time>2025-08-08T18:35:40.000Z</time>
        <extensions>
          <ns3:TrackPointExtension/>
        </extensions>
      </trkpt>
      <trkpt lat="43.90381403267383575439453125" lon="-121.77809047512710094451904296875">
        <ele>1486.4000244140625</ele>
        <time>2025-08-08T18:35:50.000Z</time>
        <extensions>
          <ns3:TrackPointExtension/>
        </extensions>
      </trkpt>
      <trkpt lat="43.90384077094495296478271484375" lon="-121.778002716600894927978515625">
        <ele>1486.199951171875</ele>
        <time>2025-08-08T18:35:57.000Z</time>
        <extensions>
          <ns3:TrackPointExtension/>
        </extensions>
      </trkpt>
      <trkpt lat="43.9038591273128986358642578125" lon="-121.777906157076358795166015625">
        <ele>1487.4000244140625</ele>
        <time>2025-08-08T18:36:06.000Z</time>
        <extensions>
          <ns3:TrackPointExtension/>
        </extensions>
      </trkpt>
      <trkpt lat="43.903861977159976959228515625" lon="-121.77779124118387699127197265625">
        <ele>1487.199951171875</ele>
        <time>2025-08-08T18:36:16.000Z</time>
        <extensions>
          <ns3:TrackPointExtension/>
        </extensions>
      </trkpt>
      <trkpt lat="43.90388318337500095367431640625" lon="-121.77759292535483837127685546875">
        <ele>1485.5999755859375</ele>
        <time>2025-08-08T18:36:27.000Z</time>
        <extensions>
          <ns3:TrackPointExtension/>
        </extensions>
      </trkpt>
      <trkpt lat="43.90390648506581783294677734375" lon="-121.77748798392713069915771484375">
        <ele>1483.5999755859375</ele>
        <time>2025-08-08T18:36:35.000Z</time>
        <extensions>
          <ns3:TrackPointExtension/>
        </extensions>
      </trkpt>
      <trkpt lat="43.90394814312458038330078125" lon="-121.77741019986569881439208984375">
        <ele>1479.800048828125</ele>
        <time>2025-08-08T18:36:42.000Z</time>
        <extensions>
          <ns3:TrackPointExtension/>
        </extensions>
      </trkpt>
      <trkpt lat="43.9039751328527927398681640625" lon="-121.77740483544766902923583984375">
        <ele>1478.4000244140625</ele>
        <time>2025-08-08T18:36:54.000Z</time>
        <extensions>
          <ns3:TrackPointExtension/>
        </extensions>
      </trkpt>
      <trkpt lat="43.90398292802274227142333984375" lon="-121.77740366198122501373291015625">
        <ele>1474.4000244140625</ele>
        <time>2025-08-08T18:37:08.000Z</time>
        <extensions>
          <ns3:TrackPointExtension/>
        </extensions>
      </trkpt>
      <trkpt lat="43.9039804972708225250244140625" lon="-121.77741288207471370697021484375">
        <ele>1473.800048828125</ele>
        <time>2025-08-08T18:37:19.000Z</time>
        <extensions>
          <ns3:TrackPointExtension/>
        </extensions>
      </trkpt>
      <trkpt lat="43.90398896299302577972412109375" lon="-121.77742964588105678558349609375">
        <ele>1472.800048828125</ele>
        <time>2025-08-08T18:37:30.000Z</time>
        <extensions>
          <ns3:TrackPointExtension/>
        </extensions>
      </trkpt>
      <trkpt lat="43.903980664908885955810546875" lon="-121.777455545961856842041015625">
        <ele>1472.5999755859375</ele>
        <time>2025-08-08T18:37:40.000Z</time>
        <extensions>
          <ns3:TrackPointExtension/>
        </extensions>
      </trkpt>
      <trkpt lat="43.90397521667182445526123046875" lon="-121.77746652625501155853271484375">
        <ele>1472</ele>
        <time>2025-08-08T18:37:50.000Z</time>
        <extensions>
          <ns3:TrackPointExtension/>
        </extensions>
      </trkpt>
      <trkpt lat="43.903971947729587554931640625" lon="-121.77746987901628017425537109375">
        <ele>1472</ele>
        <time>2025-08-08T18:37:57.000Z</time>
        <extensions>
          <ns3:TrackPointExtension/>
        </extensions>
      </trkpt>
      <trkpt lat="43.90393263660371303558349609375" lon="-121.77748739719390869140625">
        <ele>1471.199951171875</ele>
        <time>2025-08-08T18:38:04.000Z</time>
        <extensions>
          <ns3:TrackPointExtension/>
        </extensions>
      </trkpt>
      <trkpt lat="43.90394856221973896026611328125" lon="-121.777505837380886077880859375">
        <ele>1468.5999755859375</ele>
        <time>2025-08-08T18:38:11.000Z</time>
        <extensions>
          <ns3:TrackPointExtension/>
        </extensions>
      </trkpt>
      <trkpt lat="43.9039516635239124298095703125" lon="-121.77749988622963428497314453125">
        <ele>1468.199951171875</ele>
        <time>2025-08-08T18:38:21.000Z</time>
        <extensions>
          <ns3:TrackPointExtension/>
        </extensions>
      </trkpt>
      <trkpt lat="43.90398963354527950286865234375" lon="-121.77738119848072528839111328125">
        <ele>1467.4000244140625</ele>
        <time>2025-08-08T18:38:37.000Z</time>
        <extensions>
          <ns3:TrackPointExtension/>
        </extensions>
      </trkpt>
      <trkpt lat="43.9039821736514568328857421875" lon="-121.77736745215952396392822265625">
        <ele>1466.4000244140625</ele>
        <time>2025-08-08T18:38:45.000Z</time>
        <extensions>
          <ns3:TrackPointExtension/>
        </extensions>
      </trkpt>
      <trkpt lat="43.90388469211757183074951171875" lon="-121.7772525362670421600341796875">
        <ele>1462</ele>
        <time>2025-08-08T18:38:57.000Z</time>
        <extensions>
          <ns3:TrackPointExtension/>
        </extensions>
      </trkpt>
      <trkpt lat="43.9037555269896984100341796875" lon="-121.77715279161930084228515625">
        <ele>1456.800048828125</ele>
        <time>2025-08-08T18:39:08.000Z</time>
        <extensions>
          <ns3:TrackPointExtension/>
        </extensions>
      </trkpt>
      <trkpt lat="43.90358897857367992401123046875" lon="-121.77717584185302257537841796875">
        <ele>1454.5999755859375</ele>
        <time>2025-08-08T18:39:14.000Z</time>
        <extensions>
          <ns3:TrackPointExtension/>
        </extensions>
      </trkpt>
      <trkpt lat="43.90339049510657787322998046875" lon="-121.77718363702297210693359375">
        <ele>1453.800048828125</ele>
        <time>2025-08-08T18:39:20.000Z</time>
        <extensions>
          <ns3:TrackPointExtension/>
        </extensions>
      </trkpt>
      <trkpt lat="43.9032824523746967315673828125" lon="-121.77705246023833751678466796875">
        <ele>1453.199951171875</ele>
        <time>2025-08-08T18:39:25.000Z</time>
        <extensions>
          <ns3:TrackPointExtension/>
        </extensions>
      </trkpt>
      <trkpt lat="43.9033069275319576263427734375" lon="-121.77686487324535846710205078125">
        <ele>1452.800048828125</ele>
        <time>2025-08-08T18:39:29.000Z</time>
        <extensions>
          <ns3:TrackPointExtension/>
        </extensions>
      </trkpt>
      <trkpt lat="43.90347733162343502044677734375" lon="-121.776482574641704559326171875">
        <ele>1454.800048828125</ele>
        <time>2025-08-08T18:39:36.000Z</time>
        <extensions>
          <ns3:TrackPointExtension/>
        </extensions>
      </trkpt>
      <trkpt lat="43.90354086644947528839111328125" lon="-121.7762986756861209869384765625">
        <ele>1455.5999755859375</ele>
        <time>2025-08-08T18:39:43.000Z</time>
        <extensions>
          <ns3:TrackPointExtension/>
        </extensions>
      </trkpt>
      <trkpt lat="43.90354153700172901153564453125" lon="-121.7762976698577404022216796875">
        <ele>1455.800048828125</ele>
        <time>2025-08-08T18:39:45.000Z</time>
        <extensions>
          <ns3:TrackPointExtension/>
        </extensions>
      </trkpt>
      <trkpt lat="43.903542123734951019287109375" lon="-121.776298843324184417724609375">
        <ele>1455.800048828125</ele>
        <time>2025-08-08T18:39:46.000Z</time>
        <extensions>
          <ns3:TrackPointExtension/>
        </extensions>
      </trkpt>
      <trkpt lat="43.90354388393461704254150390625" lon="-121.776301525533199310302734375">
        <ele>1456</ele>
        <time>2025-08-08T18:39:49.000Z</time>
        <extensions>
          <ns3:TrackPointExtension/>
        </extensions>
      </trkpt>
      <trkpt lat="43.9036009646952152252197265625" lon="-121.7762701772153377532958984375">
        <ele>1456</ele>
        <time>2025-08-08T18:39:53.000Z</time>
        <extensions>
          <ns3:TrackPointExtension/>
        </extensions>
      </trkpt>
      <trkpt lat="43.90364329330623149871826171875" lon="-121.77627981640398502349853515625">
        <ele>1456</ele>
        <time>2025-08-08T18:39:54.000Z</time>
        <extensions>
          <ns3:TrackPointExtension/>
        </extensions>
      </trkpt>
      <trkpt lat="43.9036928303539752960205078125" lon="-121.77630848251283168792724609375">
        <ele>1456</ele>
        <time>2025-08-08T18:39:55.000Z</time>
        <extensions>
          <ns3:TrackPointExtension/>
        </extensions>
      </trkpt>
      <trkpt lat="43.90381495468318462371826171875" lon="-121.77640504203736782073974609375">
        <ele>1455.800048828125</ele>
        <time>2025-08-08T18:39:57.000Z</time>
        <extensions>
          <ns3:TrackPointExtension/>
        </extensions>
      </trkpt>
      <trkpt lat="43.9041605405509471893310546875" lon="-121.77670276723802089691162109375">
        <ele>1455.199951171875</ele>
        <time>2025-08-08T18:40:01.000Z</time>
        <extensions>
          <ns3:TrackPointExtension/>
        </extensions>
      </trkpt>
      <trkpt lat="43.904491625726222991943359375" lon="-121.77698976360261440277099609375">
        <ele>1455.800048828125</ele>
        <time>2025-08-08T18:40:04.000Z</time>
        <extensions>
          <ns3:TrackPointExtension/>
        </extensions>
      </trkpt>
      <trkpt lat="43.90499345026910305023193359375" lon="-121.77742076106369495391845703125">
        <ele>1457.5999755859375</ele>
        <time>2025-08-08T18:40:08.000Z</time>
        <extensions>
          <ns3:TrackPointExtension/>
        </extensions>
      </trkpt>
      <trkpt lat="43.90539963729679584503173828125" lon="-121.7777634970843791961669921875">
        <ele>1460</ele>
        <time>2025-08-08T18:40:11.000Z</time>
        <extensions>
          <ns3:TrackPointExtension/>
        </extensions>
      </trkpt>
      <trkpt lat="43.90567548573017120361328125" lon="-121.77799676544964313507080078125">
        <ele>1462.5999755859375</ele>
        <time>2025-08-08T18:40:13.000Z</time>
        <extensions>
          <ns3:TrackPointExtension/>
        </extensions>
      </trkpt>
      <trkpt lat="43.906106650829315185546875" lon="-121.77834863774478435516357421875">
        <ele>1465</ele>
        <time>2025-08-08T18:40:16.000Z</time>
        <extensions>
          <ns3:TrackPointExtension/>
        </extensions>
      </trkpt>
      <trkpt lat="43.90655583702027797698974609375" lon="-121.77869548089802265167236328125">
        <ele>1466.5999755859375</ele>
        <time>2025-08-08T18:40:19.000Z</time>
        <extensions>
          <ns3:TrackPointExtension/>
        </extensions>
      </trkpt>
      <trkpt lat="43.90701927244663238525390625" lon="-121.77902639843523502349853515625">
        <ele>1467</ele>
        <time>2025-08-08T18:40:22.000Z</time>
        <extensions>
          <ns3:TrackPointExtension/>
        </extensions>
      </trkpt>
      <trkpt lat="43.907507769763469696044921875" lon="-121.77933937869966030120849609375">
        <ele>1466.5999755859375</ele>
        <time>2025-08-08T18:40:25.000Z</time>
        <extensions>
          <ns3:TrackPointExtension/>
        </extensions>
      </trkpt>
      <trkpt lat="43.9080175571143627166748046875" lon="-121.77963517606258392333984375">
        <ele>1466</ele>
        <time>2025-08-08T18:40:28.000Z</time>
        <extensions>
          <ns3:TrackPointExtension/>
        </extensions>
      </trkpt>
      <trkpt lat="43.90854033641517162322998046875" lon="-121.77991286851465702056884765625">
        <ele>1464.4000244140625</ele>
        <time>2025-08-08T18:40:31.000Z</time>
        <extensions>
          <ns3:TrackPointExtension/>
        </extensions>
      </trkpt>
      <trkpt lat="43.908718116581439971923828125" lon="-121.77999987266957759857177734375">
        <ele>1463.5999755859375</ele>
        <time>2025-08-08T18:40:32.000Z</time>
        <extensions>
          <ns3:TrackPointExtension/>
        </extensions>
      </trkpt>
      <trkpt lat="43.9092488586902618408203125" lon="-121.78024269640445709228515625">
        <ele>1461.4000244140625</ele>
        <time>2025-08-08T18:40:35.000Z</time>
        <extensions>
          <ns3:TrackPointExtension/>
        </extensions>
      </trkpt>
      <trkpt lat="43.90978454612195491790771484375" lon="-121.78045752458274364471435546875">
        <ele>1459</ele>
        <time>2025-08-08T18:40:38.000Z</time>
        <extensions>
          <ns3:TrackPointExtension/>
        </extensions>
      </trkpt>
      <trkpt lat="43.909969031810760498046875" lon="-121.78052457980811595916748046875">
        <ele>1458</ele>
        <time>2025-08-08T18:40:39.000Z</time>
        <extensions>
          <ns3:TrackPointExtension/>
        </extensions>
      </trkpt>
      <trkpt lat="43.910546042025089263916015625" lon="-121.78071032278239727020263671875">
        <ele>1455.4000244140625</ele>
        <time>2025-08-08T18:40:42.000Z</time>
        <extensions>
          <ns3:TrackPointExtension/>
        </extensions>
      </trkpt>
      <trkpt lat="43.9111505448818206787109375" lon="-121.78087997250258922576904296875">
        <ele>1451.800048828125</ele>
        <time>2025-08-08T18:40:45.000Z</time>
        <extensions>
          <ns3:TrackPointExtension/>
        </extensions>
      </trkpt>
      <trkpt lat="43.911358080804347991943359375" lon="-121.780931018292903900146484375">
        <ele>1451.4000244140625</ele>
        <time>2025-08-08T18:40:46.000Z</time>
        <extensions>
          <ns3:TrackPointExtension/>
        </extensions>
      </trkpt>
      <trkpt lat="43.9119952730834484100341796875" lon="-121.78106236271560192108154296875">
        <ele>1450</ele>
        <time>2025-08-08T18:40:49.000Z</time>
        <extensions>
          <ns3:TrackPointExtension/>
        </extensions>
      </trkpt>
      <trkpt lat="43.91264855861663818359375" lon="-121.78119362331926822662353515625">
        <ele>1448.5999755859375</ele>
        <time>2025-08-08T18:40:52.000Z</time>
        <extensions>
          <ns3:TrackPointExtension/>
        </extensions>
      </trkpt>
      <trkpt lat="43.91330377198755741119384765625" lon="-121.7813187651336193084716796875">
        <ele>1449.199951171875</ele>
        <time>2025-08-08T18:40:55.000Z</time>
        <extensions>
          <ns3:TrackPointExtension/>
        </extensions>
      </trkpt>
      <trkpt lat="43.913950435817241668701171875" lon="-121.781443320214748382568359375">
        <ele>1451.800048828125</ele>
        <time>2025-08-08T18:40:58.000Z</time>
        <extensions>
          <ns3:TrackPointExtension/>
        </extensions>
      </trkpt>
      <trkpt lat="43.914164341986179351806640625" lon="-121.781483553349971771240234375">
        <ele>1453.199951171875</ele>
        <time>2025-08-08T18:40:59.000Z</time>
        <extensions>
          <ns3:TrackPointExtension/>
        </extensions>
      </trkpt>
      <trkpt lat="43.9147968403995037078857421875" lon="-121.78160064853727817535400390625">
        <ele>1457.199951171875</ele>
        <time>2025-08-08T18:41:02.000Z</time>
        <extensions>
          <ns3:TrackPointExtension/>
        </extensions>
      </trkpt>
      <trkpt lat="43.91544031910598278045654296875" lon="-121.78172587417066097259521484375">
        <ele>1460.199951171875</ele>
        <time>2025-08-08T18:41:05.000Z</time>
        <extensions>
          <ns3:TrackPointExtension/>
        </extensions>
      </trkpt>
      <trkpt lat="43.91610383056104183197021484375" lon="-121.78185646422207355499267578125">
        <ele>1463.4000244140625</ele>
        <time>2025-08-08T18:41:08.000Z</time>
        <extensions>
          <ns3:TrackPointExtension/>
        </extensions>
      </trkpt>
      <trkpt lat="43.91654874198138713836669921875" lon="-121.7819514311850070953369140625">
        <ele>1464.199951171875</ele>
        <time>2025-08-08T18:41:10.000Z</time>
        <extensions>
          <ns3:TrackPointExtension/>
        </extensions>
      </trkpt>
      <trkpt lat="43.917209319770336151123046875" lon="-121.78208394907414913177490234375">
        <ele>1464.199951171875</ele>
        <time>2025-08-08T18:41:13.000Z</time>
        <extensions>
          <ns3:TrackPointExtension/>
        </extensions>
      </trkpt>
      <trkpt lat="43.91786436550319194793701171875" lon="-121.7822094261646270751953125">
        <ele>1465</ele>
        <time>2025-08-08T18:41:16.000Z</time>
        <extensions>
          <ns3:TrackPointExtension/>
        </extensions>
      </trkpt>
      <trkpt lat="43.9180808700621128082275390625" lon="-121.782251335680484771728515625">
        <ele>1465.4000244140625</ele>
        <time>2025-08-08T18:41:17.000Z</time>
        <extensions>
          <ns3:TrackPointExtension/>
        </extensions>
      </trkpt>
      <trkpt lat="43.91872501932084560394287109375" lon="-121.78237413056194782257080078125">
        <ele>1467.4000244140625</ele>
        <time>2025-08-08T18:41:20.000Z</time>
        <extensions>
          <ns3:TrackPointExtension/>
        </extensions>
      </trkpt>
      <trkpt lat="43.91935952939093112945556640625" lon="-121.78250203840434551239013671875">
        <ele>1470.199951171875</ele>
        <time>2025-08-08T18:41:23.000Z</time>
        <extensions>
          <ns3:TrackPointExtension/>
        </extensions>
      </trkpt>
      <trkpt lat="43.919785916805267333984375" lon="-121.782583259046077728271484375">
        <ele>1471.199951171875</ele>
        <time>2025-08-08T18:41:25.000Z</time>
        <extensions>
          <ns3:TrackPointExtension/>
        </extensions>
      </trkpt>
      <trkpt lat="43.9204395376145839691162109375" lon="-121.78270496428012847900390625">
        <ele>1472.4000244140625</ele>
        <time>2025-08-08T18:41:28.000Z</time>
        <extensions>
          <ns3:TrackPointExtension/>
        </extensions>
      </trkpt>
      <trkpt lat="43.92109709791839122772216796875" lon="-121.78284938447177410125732421875">
        <ele>1473.5999755859375</ele>
        <time>2025-08-08T18:41:31.000Z</time>
        <extensions>
          <ns3:TrackPointExtension/>
        </extensions>
      </trkpt>
      <trkpt lat="43.92131452448666095733642578125" lon="-121.78290755487978458404541015625">
        <ele>1473.4000244140625</ele>
        <time>2025-08-08T18:41:32.000Z</time>
        <extensions>
          <ns3:TrackPointExtension/>
        </extensions>
      </trkpt>
      <trkpt lat="43.92196512781083583831787109375" lon="-121.783102266490459442138671875">
        <ele>1472.4000244140625</ele>
        <time>2025-08-08T18:41:35.000Z</time>
        <extensions>
          <ns3:TrackPointExtension/>
        </extensions>
      </trkpt>
      <trkpt lat="43.9226131327450275421142578125" lon="-121.7833377979695796966552734375">
        <ele>1470.199951171875</ele>
        <time>2025-08-08T18:41:38.000Z</time>
        <extensions>
          <ns3:TrackPointExtension/>
        </extensions>
      </trkpt>
      <trkpt lat="43.9232558570802211761474609375" lon="-121.78361155092716217041015625">
        <ele>1468.199951171875</ele>
        <time>2025-08-08T18:41:41.000Z</time>
        <extensions>
          <ns3:TrackPointExtension/>
        </extensions>
      </trkpt>
      <trkpt lat="43.92387603409588336944580078125" lon="-121.783915646374225616455078125">
        <ele>1467.4000244140625</ele>
        <time>2025-08-08T18:41:44.000Z</time>
        <extensions>
          <ns3:TrackPointExtension/>
        </extensions>
      </trkpt>
      <trkpt lat="43.92447433434426784515380859375" lon="-121.78426106460392475128173828125">
        <ele>1468.4000244140625</ele>
        <time>2025-08-08T18:41:47.000Z</time>
        <extensions>
          <ns3:TrackPointExtension/>
        </extensions>
      </trkpt>
      <trkpt lat="43.92506408505141735076904296875" lon="-121.78462944924831390380859375">
        <ele>1470.5999755859375</ele>
        <time>2025-08-08T18:41:50.000Z</time>
        <extensions>
          <ns3:TrackPointExtension/>
        </extensions>
      </trkpt>
      <trkpt lat="43.925650231540203094482421875" lon="-121.78499833680689334869384765625">
        <ele>1472.5999755859375</ele>
        <time>2025-08-08T18:41:53.000Z</time>
        <extensions>
          <ns3:TrackPointExtension/>
        </extensions>
      </trkpt>
      <trkpt lat="43.926243670284748077392578125" lon="-121.78537451662123203277587890625">
        <ele>1474</ele>
        <time>2025-08-08T18:41:56.000Z</time>
        <extensions>
          <ns3:TrackPointExtension/>
        </extensions>
      </trkpt>
      <trkpt lat="43.9268453232944011688232421875" lon="-121.78575958125293254852294921875">
        <ele>1474.4000244140625</ele>
        <time>2025-08-08T18:41:59.000Z</time>
        <extensions>
          <ns3:TrackPointExtension/>
        </extensions>
      </trkpt>
      <trkpt lat="43.92724807374179363250732421875" lon="-121.7860173247754573822021484375">
        <ele>1473.800048828125</ele>
        <time>2025-08-08T18:42:01.000Z</time>
        <extensions>
          <ns3:TrackPointExtension/>
        </extensions>
      </trkpt>
      <trkpt lat="43.92785467207431793212890625" lon="-121.78639694117009639739990234375">
        <ele>1472.199951171875</ele>
        <time>2025-08-08T18:42:04.000Z</time>
        <extensions>
          <ns3:TrackPointExtension/>
        </extensions>
      </trkpt>
      <trkpt lat="43.9284610189497470855712890625" lon="-121.78677429445087909698486328125">
        <ele>1470.199951171875</ele>
        <time>2025-08-08T18:42:07.000Z</time>
        <extensions>
          <ns3:TrackPointExtension/>
        </extensions>
      </trkpt>
      <trkpt lat="43.928868882358074188232421875" lon="-121.78700228221714496612548828125">
        <ele>1469</ele>
        <time>2025-08-08T18:42:09.000Z</time>
        <extensions>
          <ns3:TrackPointExtension/>
        </extensions>
      </trkpt>
      <trkpt lat="43.9294966869056224822998046875" lon="-121.78725927136838436126708984375">
        <ele>1467.199951171875</ele>
        <time>2025-08-08T18:42:12.000Z</time>
        <extensions>
          <ns3:TrackPointExtension/>
        </extensions>
      </trkpt>
      <trkpt lat="43.92971084453165531158447265625" lon="-121.78731258027255535125732421875">
        <ele>1466.800048828125</ele>
        <time>2025-08-08T18:42:13.000Z</time>
        <extensions>
          <ns3:TrackPointExtension/>
        </extensions>
      </trkpt>
      <trkpt lat="43.93035658635199069976806640625" lon="-121.78738617338240146636962890625">
        <ele>1467.800048828125</ele>
        <time>2025-08-08T18:42:16.000Z</time>
        <extensions>
          <ns3:TrackPointExtension/>
        </extensions>
      </trkpt>
      <trkpt lat="43.9309988915920257568359375" lon="-121.787334792315959930419921875">
        <ele>1469.199951171875</ele>
        <time>2025-08-08T18:42:19.000Z</time>
        <extensions>
          <ns3:TrackPointExtension/>
        </extensions>
      </trkpt>
      <trkpt lat="43.93162585794925689697265625" lon="-121.7871676571667194366455078125">
        <ele>1471.5999755859375</ele>
        <time>2025-08-08T18:42:22.000Z</time>
        <extensions>
          <ns3:TrackPointExtension/>
        </extensions>
      </trkpt>
      <trkpt lat="43.9318338967859745025634765625" lon="-121.78710035048425197601318359375">
        <ele>1472.4000244140625</ele>
        <time>2025-08-08T18:42:23.000Z</time>
        <extensions>
          <ns3:TrackPointExtension/>
        </extensions>
      </trkpt>
      <trkpt lat="43.9324729330837726593017578125" lon="-121.78689314983785152435302734375">
        <ele>1474.800048828125</ele>
        <time>2025-08-08T18:42:26.000Z</time>
        <extensions>
          <ns3:TrackPointExtension/>
        </extensions>
      </trkpt>
      <trkpt lat="43.93312797881662845611572265625" lon="-121.7866751365363597869873046875">
        <ele>1476.199951171875</ele>
        <time>2025-08-08T18:42:29.000Z</time>
        <extensions>
          <ns3:TrackPointExtension/>
        </extensions>
      </trkpt>
      <trkpt lat="43.9337818510830402374267578125" lon="-121.786457039415836334228515625">
        <ele>1476.800048828125</ele>
        <time>2025-08-08T18:42:32.000Z</time>
        <extensions>
          <ns3:TrackPointExtension/>
        </extensions>
      </trkpt>
      <trkpt lat="43.933999277651309967041015625" lon="-121.78638637997210025787353515625">
        <ele>1477</ele>
        <time>2025-08-08T18:42:33.000Z</time>
        <extensions>
          <ns3:TrackPointExtension/>
        </extensions>
      </trkpt>
      <trkpt lat="43.93465164117515087127685546875" lon="-121.7861886508762836456298828125">
        <ele>1476.5999755859375</ele>
        <time>2025-08-08T18:42:36.000Z</time>
        <extensions>
          <ns3:TrackPointExtension/>
        </extensions>
      </trkpt>
      <trkpt lat="43.9353093691170215606689453125" lon="-121.78604238666594028472900390625">
        <ele>1476</ele>
        <time>2025-08-08T18:42:39.000Z</time>
        <extensions>
          <ns3:TrackPointExtension/>
        </extensions>
      </trkpt>
      <trkpt lat="43.935963325202465057373046875" lon="-121.78598555736243724822998046875">
        <ele>1477.5999755859375</ele>
        <time>2025-08-08T18:42:42.000Z</time>
        <extensions>
          <ns3:TrackPointExtension/>
        </extensions>
      </trkpt>
      <trkpt lat="43.936179243028163909912109375" lon="-121.78599175997078418731689453125">
        <ele>1478.5999755859375</ele>
        <time>2025-08-08T18:42:43.000Z</time>
        <extensions>
          <ns3:TrackPointExtension/>
        </extensions>
      </trkpt>
      <trkpt lat="43.93681802786886692047119140625" lon="-121.78606535308063030242919921875">
        <ele>1482</ele>
        <time>2025-08-08T18:42:46.000Z</time>
        <extensions>
          <ns3:TrackPointExtension/>
        </extensions>
      </trkpt>
      <trkpt lat="43.937027156352996826171875" lon="-121.78610843606293201446533203125">
        <ele>1483.199951171875</ele>
        <time>2025-08-08T18:42:47.000Z</time>
        <extensions>
          <ns3:TrackPointExtension/>
        </extensions>
      </trkpt>
      <trkpt lat="43.937647752463817596435546875" lon="-121.786304824054241180419921875">
        <ele>1486.4000244140625</ele>
        <time>2025-08-08T18:42:50.000Z</time>
        <extensions>
          <ns3:TrackPointExtension/>
        </extensions>
      </trkpt>
      <trkpt lat="43.9378559589385986328125" lon="-121.786390654742717742919921875">
        <ele>1487.199951171875</ele>
        <time>2025-08-08T18:42:51.000Z</time>
        <extensions>
          <ns3:TrackPointExtension/>
        </extensions>
      </trkpt>
      <trkpt lat="43.9384782314300537109375" lon="-121.786706484854221343994140625">
        <ele>1489.4000244140625</ele>
        <time>2025-08-08T18:42:54.000Z</time>
        <extensions>
          <ns3:TrackPointExtension/>
        </extensions>
      </trkpt>
      <trkpt lat="43.93868233077228069305419921875" lon="-121.78683112375438213348388671875">
        <ele>1490</ele>
        <time>2025-08-08T18:42:55.000Z</time>
        <extensions>
          <ns3:TrackPointExtension/>
        </extensions>
      </trkpt>
      <trkpt lat="43.9392699860036373138427734375" lon="-121.78726983256638050079345703125">
        <ele>1491.199951171875</ele>
        <time>2025-08-08T18:42:58.000Z</time>
        <extensions>
          <ns3:TrackPointExtension/>
        </extensions>
      </trkpt>
      <trkpt lat="43.93945614807307720184326171875" lon="-121.78743369877338409423828125">
        <ele>1491.4000244140625</ele>
        <time>2025-08-08T18:42:59.000Z</time>
        <extensions>
          <ns3:TrackPointExtension/>
        </extensions>
      </trkpt>
      <trkpt lat="43.9400018937885761260986328125" lon="-121.7879511974751949310302734375">
        <ele>1492.199951171875</ele>
        <time>2025-08-08T18:43:02.000Z</time>
        <extensions>
          <ns3:TrackPointExtension/>
        </extensions>
      </trkpt>
      <trkpt lat="43.9405421912670135498046875" lon="-121.7884742282330989837646484375">
        <ele>1493</ele>
        <time>2025-08-08T18:43:05.000Z</time>
        <extensions>
          <ns3:TrackPointExtension/>
        </extensions>
      </trkpt>
      <trkpt lat="43.9407218992710113525390625" lon="-121.78864865563809871673583984375">
        <ele>1493.199951171875</ele>
        <time>2025-08-08T18:43:06.000Z</time>
        <extensions>
          <ns3:TrackPointExtension/>
        </extensions>
      </trkpt>
      <trkpt lat="43.94126144237816333770751953125" lon="-121.78916766308248043060302734375">
        <ele>1494.4000244140625</ele>
        <time>2025-08-08T18:43:09.000Z</time>
        <extensions>
          <ns3:TrackPointExtension/>
        </extensions>
      </trkpt>
      <trkpt lat="43.94179771654307842254638671875" lon="-121.789692454040050506591796875">
        <ele>1496</ele>
        <time>2025-08-08T18:43:12.000Z</time>
        <extensions>
          <ns3:TrackPointExtension/>
        </extensions>
      </trkpt>
      <trkpt lat="43.94233667291700839996337890625" lon="-121.79021137766540050506591796875">
        <ele>1497</ele>
        <time>2025-08-08T18:43:15.000Z</time>
        <extensions>
          <ns3:TrackPointExtension/>
        </extensions>
      </trkpt>
      <trkpt lat="43.94251638092100620269775390625" lon="-121.79038412868976593017578125">
        <ele>1497.199951171875</ele>
        <time>2025-08-08T18:43:16.000Z</time>
        <extensions>
          <ns3:TrackPointExtension/>
        </extensions>
      </trkpt>
      <trkpt lat="43.9430554211139678955078125" lon="-121.790904141962528228759765625">
        <ele>1497.800048828125</ele>
        <time>2025-08-08T18:43:19.000Z</time>
        <extensions>
          <ns3:TrackPointExtension/>
        </extensions>
      </trkpt>
      <trkpt lat="43.943596221506595611572265625" lon="-121.79142172448337078094482421875">
        <ele>1498.199951171875</ele>
        <time>2025-08-08T18:43:22.000Z</time>
        <extensions>
          <ns3:TrackPointExtension/>
        </extensions>
      </trkpt>
      <trkpt lat="43.9441395364701747894287109375" lon="-121.7919419892132282257080078125">
        <ele>1498.199951171875</ele>
        <time>2025-08-08T18:43:25.000Z</time>
        <extensions>
          <ns3:TrackPointExtension/>
        </extensions>
      </trkpt>
      <trkpt lat="43.94468528218567371368408203125" lon="-121.792459823191165924072265625">
        <ele>1498.4000244140625</ele>
        <time>2025-08-08T18:43:28.000Z</time>
        <extensions>
          <ns3:TrackPointExtension/>
        </extensions>
      </trkpt>
      <trkpt lat="43.945048637688159942626953125" lon="-121.79280574433505535125732421875">
        <ele>1498.5999755859375</ele>
        <time>2025-08-08T18:43:31.000Z</time>
        <extensions>
          <ns3:TrackPointExtension/>
        </extensions>
      </trkpt>
      <trkpt lat="43.945411741733551025390625" lon="-121.7931528389453887939453125">
        <ele>1498.800048828125</ele>
        <time>2025-08-08T18:43:32.000Z</time>
        <extensions>
          <ns3:TrackPointExtension/>
        </extensions>
      </trkpt>
      <trkpt lat="43.94595698453485965728759765625" lon="-121.7936718463897705078125">
        <ele>1499</ele>
        <time>2025-08-08T18:43:35.000Z</time>
        <extensions>
          <ns3:TrackPointExtension/>
        </extensions>
      </trkpt>
      <trkpt lat="43.94649895839393138885498046875" lon="-121.7941920273005962371826171875">
        <ele>1499.199951171875</ele>
        <time>2025-08-08T18:43:38.000Z</time>
        <extensions>
          <ns3:TrackPointExtension/>
        </extensions>
      </trkpt>
      <trkpt lat="43.94704109989106655120849609375" lon="-121.79470784962177276611328125">
        <ele>1499.4000244140625</ele>
        <time>2025-08-08T18:43:41.000Z</time>
        <extensions>
          <ns3:TrackPointExtension/>
        </extensions>
      </trkpt>
      <trkpt lat="43.947585336863994598388671875" lon="-121.79521755315363407135009765625">
        <ele>1499.4000244140625</ele>
        <time>2025-08-08T18:43:44.000Z</time>
        <extensions>
          <ns3:TrackPointExtension/>
        </extensions>
      </trkpt>
      <trkpt lat="43.94794642925262451171875" lon="-121.7955614626407623291015625">
        <ele>1499.199951171875</ele>
        <time>2025-08-08T18:43:46.000Z</time>
        <extensions>
          <ns3:TrackPointExtension/>
        </extensions>
      </trkpt>
      <trkpt lat="43.94848815165460109710693359375" lon="-121.7960796318948268890380859375">
        <ele>1499.4000244140625</ele>
        <time>2025-08-08T18:43:49.000Z</time>
        <extensions>
          <ns3:TrackPointExtension/>
        </extensions>
      </trkpt>
      <trkpt lat="43.9490315504372119903564453125" lon="-121.7965972982347011566162109375">
        <ele>1499.800048828125</ele>
        <time>2025-08-08T18:43:52.000Z</time>
        <extensions>
          <ns3:TrackPointExtension/>
        </extensions>
      </trkpt>
      <trkpt lat="43.9495760388672351837158203125" lon="-121.7971156351268291473388671875">
        <ele>1499.800048828125</ele>
        <time>2025-08-08T18:43:55.000Z</time>
        <extensions>
          <ns3:TrackPointExtension/>
        </extensions>
      </trkpt>
      <trkpt lat="43.95011809654533863067626953125" lon="-121.797633133828639984130859375">
        <ele>1500</ele>
        <time>2025-08-08T18:43:58.000Z</time>
        <extensions>
          <ns3:TrackPointExtension/>
        </extensions>
      </trkpt>
      <trkpt lat="43.9506594836711883544921875" lon="-121.79815004579722881317138671875">
        <ele>1500.4000244140625</ele>
        <time>2025-08-08T18:44:01.000Z</time>
        <extensions>
          <ns3:TrackPointExtension/>
        </extensions>
      </trkpt>
      <trkpt lat="43.95120087079703807830810546875" lon="-121.79866637103259563446044921875">
        <ele>1500.800048828125</ele>
        <time>2025-08-08T18:44:04.000Z</time>
        <extensions>
          <ns3:TrackPointExtension/>
        </extensions>
      </trkpt>
      <trkpt lat="43.95174234174191951751708984375" lon="-121.7991824448108673095703125">
        <ele>1501.199951171875</ele>
        <time>2025-08-08T18:44:07.000Z</time>
        <extensions>
          <ns3:TrackPointExtension/>
        </extensions>
      </trkpt>
      <trkpt lat="43.95228414796292781829833984375" lon="-121.79970036260783672332763671875">
        <ele>1501.199951171875</ele>
        <time>2025-08-08T18:44:10.000Z</time>
        <extensions>
          <ns3:TrackPointExtension/>
        </extensions>
      </trkpt>
      <trkpt lat="43.95282645709812641143798828125" lon="-121.8002159334719181060791015625">
        <ele>1501.4000244140625</ele>
        <time>2025-08-08T18:44:13.000Z</time>
        <extensions>
          <ns3:TrackPointExtension/>
        </extensions>
      </trkpt>
      <trkpt lat="43.95300616510212421417236328125" lon="-121.80038985796272754669189453125">
        <ele>1501.5999755859375</ele>
        <time>2025-08-08T18:44:14.000Z</time>
        <extensions>
          <ns3:TrackPointExtension/>
        </extensions>
      </trkpt>
      <trkpt lat="43.953546546399593353271484375" lon="-121.80090911686420440673828125">
        <ele>1501.5999755859375</ele>
        <time>2025-08-08T18:44:17.000Z</time>
        <extensions>
          <ns3:TrackPointExtension/>
        </extensions>
      </trkpt>
      <trkpt lat="43.95409095101058483123779296875" lon="-121.80142921395599842071533203125">
        <ele>1501.4000244140625</ele>
        <time>2025-08-08T18:44:20.000Z</time>
        <extensions>
          <ns3:TrackPointExtension/>
        </extensions>
      </trkpt>
      <trkpt lat="43.95463694818317890167236328125" lon="-121.80195224471390247344970703125">
        <ele>1500.4000244140625</ele>
        <time>2025-08-08T18:44:23.000Z</time>
        <extensions>
          <ns3:TrackPointExtension/>
        </extensions>
      </trkpt>
      <trkpt lat="43.9551872201263904571533203125" lon="-121.8024703301489353179931640625">
        <ele>1499.199951171875</ele>
        <time>2025-08-08T18:44:26.000Z</time>
        <extensions>
          <ns3:TrackPointExtension/>
        </extensions>
      </trkpt>
      <trkpt lat="43.95555652678012847900390625" lon="-121.8028049357235431671142578125">
        <ele>1498.4000244140625</ele>
        <time>2025-08-08T18:44:28.000Z</time>
        <extensions>
          <ns3:TrackPointExtension/>
        </extensions>
      </trkpt>
      <trkpt lat="43.9561159349977970123291015625" lon="-121.80328463204205036163330078125">
        <ele>1497.5999755859375</ele>
        <time>2025-08-08T18:44:31.000Z</time>
        <extensions>
          <ns3:TrackPointExtension/>
        </extensions>
      </trkpt>
      <trkpt lat="43.9566902630031108856201171875" lon="-121.80371982045471668243408203125">
        <ele>1497.800048828125</ele>
        <time>2025-08-08T18:44:34.000Z</time>
        <extensions>
          <ns3:TrackPointExtension/>
        </extensions>
      </trkpt>
      <trkpt lat="43.957286886870861053466796875" lon="-121.8040910549461841583251953125">
        <ele>1498.5999755859375</ele>
        <time>2025-08-08T18:44:37.000Z</time>
        <extensions>
          <ns3:TrackPointExtension/>
        </extensions>
      </trkpt>
      <trkpt lat="43.95769299007952213287353515625" lon="-121.80431107990443706512451171875">
        <ele>1499.4000244140625</ele>
        <time>2025-08-08T18:44:39.000Z</time>
        <extensions>
          <ns3:TrackPointExtension/>
        </extensions>
      </trkpt>
      <trkpt lat="43.95830822177231311798095703125" lon="-121.80459053255617618560791015625">
        <ele>1500.4000244140625</ele>
        <time>2025-08-08T18:44:42.000Z</time>
        <extensions>
          <ns3:TrackPointExtension/>
        </extensions>
      </trkpt>
      <trkpt lat="43.95872949622571468353271484375" lon="-121.80474392138421535491943359375">
        <ele>1500.5999755859375</ele>
        <time>2025-08-08T18:44:44.000Z</time>
        <extensions>
          <ns3:TrackPointExtension/>
        </extensions>
      </trkpt>
      <trkpt lat="43.95937657915055751800537109375" lon="-121.8049384653568267822265625">
        <ele>1500.5999755859375</ele>
        <time>2025-08-08T18:44:47.000Z</time>
        <extensions>
          <ns3:TrackPointExtension/>
        </extensions>
      </trkpt>
      <trkpt lat="43.960030786693096160888671875" lon="-121.80509864352643489837646484375">
        <ele>1499.4000244140625</ele>
        <time>2025-08-08T18:44:50.000Z</time>
        <extensions>
          <ns3:TrackPointExtension/>
        </extensions>
      </trkpt>
      <trkpt lat="43.9606864191591739654541015625" lon="-121.8052678741514682769775390625">
        <ele>1499.199951171875</ele>
        <time>2025-08-08T18:44:53.000Z</time>
        <extensions>
          <ns3:TrackPointExtension/>
        </extensions>
      </trkpt>
      <trkpt lat="43.96133475936949253082275390625" lon="-121.80544464848935604095458984375">
        <ele>1499.199951171875</ele>
        <time>2025-08-08T18:44:56.000Z</time>
        <extensions>
          <ns3:TrackPointExtension/>
        </extensions>
      </trkpt>
      <trkpt lat="43.96175653673708438873291015625" lon="-121.80560289882123470306396484375">
        <ele>1499.199951171875</ele>
        <time>2025-08-08T18:44:58.000Z</time>
        <extensions>
          <ns3:TrackPointExtension/>
        </extensions>
      </trkpt>
      <trkpt lat="43.9621559344232082366943359375" lon="-121.80584144778549671173095703125">
        <ele>1499.199951171875</ele>
        <time>2025-08-08T18:45:00.000Z</time>
        <extensions>
          <ns3:TrackPointExtension/>
        </extensions>
      </trkpt>
      <trkpt lat="43.96234259940683841705322265625" lon="-121.80599818937480449676513671875">
        <ele>1499.4000244140625</ele>
        <time>2025-08-08T18:45:01.000Z</time>
        <extensions>
          <ns3:TrackPointExtension/>
        </extensions>
      </trkpt>
      <trkpt lat="43.9625175297260284423828125" lon="-121.80617756210267543792724609375">
        <ele>1499.4000244140625</ele>
        <time>2025-08-08T18:45:02.000Z</time>
        <extensions>
          <ns3:TrackPointExtension/>
        </extensions>
      </trkpt>
      <trkpt lat="43.96283646114170551300048828125" lon="-121.80658869445323944091796875">
        <ele>1499.4000244140625</ele>
        <time>2025-08-08T18:45:04.000Z</time>
        <extensions>
          <ns3:TrackPointExtension/>
        </extensions>
      </trkpt>
      <trkpt lat="43.9633005671203136444091796875" lon="-121.8072342686355113983154296875">
        <ele>1499.199951171875</ele>
        <time>2025-08-08T18:45:07.000Z</time>
        <extensions>
          <ns3:TrackPointExtension/>
        </extensions>
      </trkpt>
      <trkpt lat="43.963781185448169708251953125" lon="-121.80786073207855224609375">
        <ele>1499.4000244140625</ele>
        <time>2025-08-08T18:45:10.000Z</time>
        <extensions>
          <ns3:TrackPointExtension/>
        </extensions>
      </trkpt>
      <trkpt lat="43.96395678631961345672607421875" lon="-121.80804152972996234893798828125">
        <ele>1499.199951171875</ele>
        <time>2025-08-08T18:45:11.000Z</time>
        <extensions>
          <ns3:TrackPointExtension/>
        </extensions>
      </trkpt>
      <trkpt lat="43.96452927030622959136962890625" lon="-121.80849499069154262542724609375">
        <ele>1498.800048828125</ele>
        <time>2025-08-08T18:45:14.000Z</time>
        <extensions>
          <ns3:TrackPointExtension/>
        </extensions>
      </trkpt>
      <trkpt lat="43.965147435665130615234375" lon="-121.8088177777826786041259765625">
        <ele>1498.5999755859375</ele>
        <time>2025-08-08T18:45:17.000Z</time>
        <extensions>
          <ns3:TrackPointExtension/>
        </extensions>
      </trkpt>
      <trkpt lat="43.965799547731876373291015625" lon="-121.80898415856063365936279296875">
        <ele>1498</ele>
        <time>2025-08-08T18:45:20.000Z</time>
        <extensions>
          <ns3:TrackPointExtension/>
        </extensions>
      </trkpt>
      <trkpt lat="43.96646104753017425537109375" lon="-121.80898952297866344451904296875">
        <ele>1498.4000244140625</ele>
        <time>2025-08-08T18:45:23.000Z</time>
        <extensions>
          <ns3:TrackPointExtension/>
        </extensions>
      </trkpt>
      <trkpt lat="43.967119865119457244873046875" lon="-121.80890922434628009796142578125">
        <ele>1497.5999755859375</ele>
        <time>2025-08-08T18:45:26.000Z</time>
        <extensions>
          <ns3:TrackPointExtension/>
        </extensions>
      </trkpt>
      <trkpt lat="43.9677808620035648345947265625" lon="-121.8088653869926929473876953125">
        <ele>1495.4000244140625</ele>
        <time>2025-08-08T18:45:29.000Z</time>
        <extensions>
          <ns3:TrackPointExtension/>
        </extensions>
      </trkpt>
      <trkpt lat="43.968438170850276947021484375" lon="-121.8089076317846775054931640625">
        <ele>1494.4000244140625</ele>
        <time>2025-08-08T18:45:32.000Z</time>
        <extensions>
          <ns3:TrackPointExtension/>
        </extensions>
      </trkpt>
      <trkpt lat="43.9686562679708003997802734375" lon="-121.80894291959702968597412109375">
        <ele>1494.199951171875</ele>
        <time>2025-08-08T18:45:33.000Z</time>
        <extensions>
          <ns3:TrackPointExtension/>
        </extensions>
      </trkpt>
      <trkpt lat="43.96930779330432415008544921875" lon="-121.80909194983541965484619140625">
        <ele>1493.4000244140625</ele>
        <time>2025-08-08T18:45:36.000Z</time>
        <extensions>
          <ns3:TrackPointExtension/>
        </extensions>
      </trkpt>
      <trkpt lat="43.96973728202283382415771484375" lon="-121.8092318437993526458740234375">
        <ele>1494</ele>
        <time>2025-08-08T18:45:38.000Z</time>
        <extensions>
          <ns3:TrackPointExtension/>
        </extensions>
      </trkpt>
      <trkpt lat="43.9703718759119510650634765625" lon="-121.80949511937797069549560546875">
        <ele>1493.5999755859375</ele>
        <time>2025-08-08T18:45:41.000Z</time>
        <extensions>
          <ns3:TrackPointExtension/>
        </extensions>
      </trkpt>
      <trkpt lat="43.97100009955465793609619140625" lon="-121.80978613905608654022216796875">
        <ele>1493.199951171875</ele>
        <time>2025-08-08T18:45:44.000Z</time>
        <extensions>
          <ns3:TrackPointExtension/>
        </extensions>
      </trkpt>
      <trkpt lat="43.97163645364344120025634765625" lon="-121.81000582873821258544921875">
        <ele>1493.199951171875</ele>
        <time>2025-08-08T18:45:47.000Z</time>
        <extensions>
          <ns3:TrackPointExtension/>
        </extensions>
      </trkpt>
      <trkpt lat="43.97185362875461578369140625" lon="-121.81002996861934661865234375">
        <ele>1493.4000244140625</ele>
        <time>2025-08-08T18:45:48.000Z</time>
        <extensions>
          <ns3:TrackPointExtension/>
        </extensions>
      </trkpt>
      <trkpt lat="43.972069881856441497802734375" lon="-121.8100187368690967559814453125">
        <ele>1493.800048828125</ele>
        <time>2025-08-08T18:45:49.000Z</time>
        <extensions>
          <ns3:TrackPointExtension/>
        </extensions>
      </trkpt>
      <trkpt lat="43.9722834527492523193359375" lon="-121.80997003801167011260986328125">
        <ele>1494</ele>
        <time>2025-08-08T18:45:50.000Z</time>
        <extensions>
          <ns3:TrackPointExtension/>
        </extensions>
      </trkpt>
      <trkpt lat="43.9724884741008281707763671875" lon="-121.80988512933254241943359375">
        <ele>1494.5999755859375</ele>
        <time>2025-08-08T18:45:51.000Z</time>
        <extensions>
          <ns3:TrackPointExtension/>
        </extensions>
      </trkpt>
      <trkpt lat="43.973046876490116119384765625" lon="-121.80952462367713451385498046875">
        <ele>1496.800048828125</ele>
        <time>2025-08-08T18:45:54.000Z</time>
        <extensions>
          <ns3:TrackPointExtension/>
        </extensions>
      </trkpt>
      <trkpt lat="43.97354233078658580780029296875" lon="-121.8091548979282379150390625">
        <ele>1499</ele>
        <time>2025-08-08T18:45:57.000Z</time>
        <extensions>
          <ns3:TrackPointExtension/>
        </extensions>
      </trkpt>
      <trkpt lat="43.9738607592880725860595703125" lon="-121.80892565287649631500244140625">
        <ele>1500.5999755859375</ele>
        <time>2025-08-08T18:45:59.000Z</time>
        <extensions>
          <ns3:TrackPointExtension/>
        </extensions>
      </trkpt>
      <trkpt lat="43.97438353858888149261474609375" lon="-121.8086238205432891845703125">
        <ele>1502.800048828125</ele>
        <time>2025-08-08T18:46:02.000Z</time>
        <extensions>
          <ns3:TrackPointExtension/>
        </extensions>
      </trkpt>
      <trkpt lat="43.97457732819020748138427734375" lon="-121.80855073034763336181640625">
        <ele>1503.4000244140625</ele>
        <time>2025-08-08T18:46:03.000Z</time>
        <extensions>
          <ns3:TrackPointExtension/>
        </extensions>
      </trkpt>
      <trkpt lat="43.9747797511518001556396484375" lon="-121.80850152857601642608642578125">
        <ele>1503.800048828125</ele>
        <time>2025-08-08T18:46:04.000Z</time>
        <extensions>
          <ns3:TrackPointExtension/>
        </extensions>
      </trkpt>
      <trkpt lat="43.975196667015552520751953125" lon="-121.8084977567195892333984375">
        <ele>1504.5999755859375</ele>
        <time>2025-08-08T18:46:06.000Z</time>
        <extensions>
          <ns3:TrackPointExtension/>
        </extensions>
      </trkpt>
      <trkpt lat="43.97581768222153186798095703125" lon="-121.8087084777653217315673828125">
        <ele>1506</ele>
        <time>2025-08-08T18:46:09.000Z</time>
        <extensions>
          <ns3:TrackPointExtension/>
        </extensions>
      </trkpt>
      <trkpt lat="43.97642838768661022186279296875" lon="-121.809028498828411102294921875">
        <ele>1506.5999755859375</ele>
        <time>2025-08-08T18:46:12.000Z</time>
        <extensions>
          <ns3:TrackPointExtension/>
        </extensions>
      </trkpt>
      <trkpt lat="43.9768363349139690399169921875" lon="-121.8092529661953449249267578125">
        <ele>1506.800048828125</ele>
        <time>2025-08-08T18:46:14.000Z</time>
        <extensions>
          <ns3:TrackPointExtension/>
        </extensions>
      </trkpt>
      <trkpt lat="43.97745148278772830963134765625" lon="-121.8095899187028408050537109375">
        <ele>1506.4000244140625</ele>
        <time>2025-08-08T18:46:17.000Z</time>
        <extensions>
          <ns3:TrackPointExtension/>
        </extensions>
      </trkpt>
      <trkpt lat="43.978090770542621612548828125" lon="-121.809872724115848541259765625">
        <ele>1505.199951171875</ele>
        <time>2025-08-08T18:46:20.000Z</time>
        <extensions>
          <ns3:TrackPointExtension/>
        </extensions>
      </trkpt>
      <trkpt lat="43.97875436581671237945556640625" lon="-121.80998579598963260650634765625">
        <ele>1503</ele>
        <time>2025-08-08T18:46:23.000Z</time>
        <extensions>
          <ns3:TrackPointExtension/>
        </extensions>
      </trkpt>
      <trkpt lat="43.979413099586963653564453125" lon="-121.80988437496125698089599609375">
        <ele>1501</ele>
        <time>2025-08-08T18:46:26.000Z</time>
        <extensions>
          <ns3:TrackPointExtension/>
        </extensions>
      </trkpt>
      <trkpt lat="43.98004509508609771728515625" lon="-121.80965018458664417266845703125">
        <ele>1500.199951171875</ele>
        <time>2025-08-08T18:46:29.000Z</time>
        <extensions>
          <ns3:TrackPointExtension/>
        </extensions>
      </trkpt>
      <trkpt lat="43.98025305010378360748291015625" lon="-121.80956619791686534881591796875">
        <ele>1500.4000244140625</ele>
        <time>2025-08-08T18:46:30.000Z</time>
        <extensions>
          <ns3:TrackPointExtension/>
        </extensions>
      </trkpt>
      <trkpt lat="43.98087733425199985504150390625" lon="-121.8093319237232208251953125">
        <ele>1501</ele>
        <time>2025-08-08T18:46:33.000Z</time>
        <extensions>
          <ns3:TrackPointExtension/>
        </extensions>
      </trkpt>
      <trkpt lat="43.9815057255327701568603515625" lon="-121.8090916983783245086669921875">
        <ele>1500.800048828125</ele>
        <time>2025-08-08T18:46:36.000Z</time>
        <extensions>
          <ns3:TrackPointExtension/>
        </extensions>
      </trkpt>
      <trkpt lat="43.9820937998592853546142578125" lon="-121.8086823262274265289306640625">
        <ele>1500.4000244140625</ele>
        <time>2025-08-08T18:46:39.000Z</time>
        <extensions>
          <ns3:TrackPointExtension/>
        </extensions>
      </trkpt>
      <trkpt lat="43.98260886780917644500732421875" lon="-121.8080851994454860687255859375">
        <ele>1498.199951171875</ele>
        <time>2025-08-08T18:46:42.000Z</time>
        <extensions>
          <ns3:TrackPointExtension/>
        </extensions>
      </trkpt>
      <trkpt lat="43.98291447199881076812744140625" lon="-121.807623691856861114501953125">
        <ele>1497</ele>
        <time>2025-08-08T18:46:44.000Z</time>
        <extensions>
          <ns3:TrackPointExtension/>
        </extensions>
      </trkpt>
      <trkpt lat="43.9832000434398651123046875" lon="-121.80714583955705165863037109375">
        <ele>1496.5999755859375</ele>
        <time>2025-08-08T18:46:46.000Z</time>
        <extensions>
          <ns3:TrackPointExtension/>
        </extensions>
      </trkpt>
      <trkpt lat="43.98361737839877605438232421875" lon="-121.80644921958446502685546875">
        <ele>1497.5999755859375</ele>
        <time>2025-08-08T18:46:49.000Z</time>
        <extensions>
          <ns3:TrackPointExtension/>
        </extensions>
      </trkpt>
      <trkpt lat="43.9840618707239627838134765625" lon="-121.80581378750503063201904296875">
        <ele>1500.5999755859375</ele>
        <time>2025-08-08T18:46:52.000Z</time>
        <extensions>
          <ns3:TrackPointExtension/>
        </extensions>
      </trkpt>
      <trkpt lat="43.984559588134288787841796875" lon="-121.80527851916849613189697265625">
        <ele>1504.199951171875</ele>
        <time>2025-08-08T18:46:55.000Z</time>
        <extensions>
          <ns3:TrackPointExtension/>
        </extensions>
      </trkpt>
      <trkpt lat="43.98473686538636684417724609375" lon="-121.80512244813144207000732421875">
        <ele>1505.800048828125</ele>
        <time>2025-08-08T18:46:56.000Z</time>
        <extensions>
          <ns3:TrackPointExtension/>
        </extensions>
      </trkpt>
      <trkpt lat="43.9853114448487758636474609375" lon="-121.8047082982957363128662109375">
        <ele>1509.5999755859375</ele>
        <time>2025-08-08T18:46:59.000Z</time>
        <extensions>
          <ns3:TrackPointExtension/>
        </extensions>
      </trkpt>
      <trkpt lat="43.98551554419100284576416015625" lon="-121.80459086783230304718017578125">
        <ele>1510.5999755859375</ele>
        <time>2025-08-08T18:47:00.000Z</time>
        <extensions>
          <ns3:TrackPointExtension/>
        </extensions>
      </trkpt>
      <trkpt lat="43.986152149736881256103515625" lon="-121.8043188750743865966796875">
        <ele>1513.199951171875</ele>
        <time>2025-08-08T18:47:03.000Z</time>
        <extensions>
          <ns3:TrackPointExtension/>
        </extensions>
      </trkpt>
      <trkpt lat="43.98680048994719982147216796875" lon="-121.804117374122142791748046875">
        <ele>1515.4000244140625</ele>
        <time>2025-08-08T18:47:06.000Z</time>
        <extensions>
          <ns3:TrackPointExtension/>
        </extensions>
      </trkpt>
      <trkpt lat="43.9874387718737125396728515625" lon="-121.80392987094819545745849609375">
        <ele>1517.4000244140625</ele>
        <time>2025-08-08T18:47:09.000Z</time>
        <extensions>
          <ns3:TrackPointExtension/>
        </extensions>
      </trkpt>
      <trkpt lat="43.98764924146234989166259765625" lon="-121.80386625230312347412109375">
        <ele>1518.199951171875</ele>
        <time>2025-08-08T18:47:10.000Z</time>
        <extensions>
          <ns3:TrackPointExtension/>
        </extensions>
      </trkpt>
      <trkpt lat="43.98828308098018169403076171875" lon="-121.8036766536533832550048828125">
        <ele>1520</ele>
        <time>2025-08-08T18:47:13.000Z</time>
        <extensions>
          <ns3:TrackPointExtension/>
        </extensions>
      </trkpt>
      <trkpt lat="43.98892312310636043548583984375" lon="-121.80349149741232395172119140625">
        <ele>1522</ele>
        <time>2025-08-08T18:47:16.000Z</time>
        <extensions>
          <ns3:TrackPointExtension/>
        </extensions>
      </trkpt>
      <trkpt lat="43.9895603992044925689697265625" lon="-121.8032595701515674591064453125">
        <ele>1523.800048828125</ele>
        <time>2025-08-08T18:47:19.000Z</time>
        <extensions>
          <ns3:TrackPointExtension/>
        </extensions>
      </trkpt>
      <trkpt lat="43.9901752956211566925048828125" lon="-121.8029296584427356719970703125">
        <ele>1525.5999755859375</ele>
        <time>2025-08-08T18:47:22.000Z</time>
        <extensions>
          <ns3:TrackPointExtension/>
        </extensions>
      </trkpt>
      <trkpt lat="43.9903747849166393280029296875" lon="-121.80280049331486225128173828125">
        <ele>1526.4000244140625</ele>
        <time>2025-08-08T18:47:23.000Z</time>
        <extensions>
          <ns3:TrackPointExtension/>
        </extensions>
      </trkpt>
      <trkpt lat="43.99094634689390659332275390625" lon="-121.80235172621905803680419921875">
        <ele>1529</ele>
        <time>2025-08-08T18:47:26.000Z</time>
        <extensions>
          <ns3:TrackPointExtension/>
        </extensions>
      </trkpt>
      <trkpt lat="43.99112706072628498077392578125" lon="-121.80218257941305637359619140625">
        <ele>1530</ele>
        <time>2025-08-08T18:47:27.000Z</time>
        <extensions>
          <ns3:TrackPointExtension/>
        </extensions>
      </trkpt>
      <trkpt lat="43.9916548691689968109130859375" lon="-121.80165183730423450469970703125">
        <ele>1533.199951171875</ele>
        <time>2025-08-08T18:47:30.000Z</time>
        <extensions>
          <ns3:TrackPointExtension/>
        </extensions>
      </trkpt>
      <trkpt lat="43.99217538535594940185546875" lon="-121.80110466666519641876220703125">
        <ele>1537</ele>
        <time>2025-08-08T18:47:33.000Z</time>
        <extensions>
          <ns3:TrackPointExtension/>
        </extensions>
      </trkpt>
      <trkpt lat="43.9927012659609317779541015625" lon="-121.80055397562682628631591796875">
        <ele>1540.800048828125</ele>
        <time>2025-08-08T18:47:36.000Z</time>
        <extensions>
          <ns3:TrackPointExtension/>
        </extensions>
      </trkpt>
      <trkpt lat="43.99323192425072193145751953125" lon="-121.80000345222651958465576171875">
        <ele>1544</ele>
        <time>2025-08-08T18:47:39.000Z</time>
        <extensions>
          <ns3:TrackPointExtension/>
        </extensions>
      </trkpt>
      <trkpt lat="43.99376601912081241607666015625" lon="-121.79945225827395915985107421875">
        <ele>1546.4000244140625</ele>
        <time>2025-08-08T18:47:42.000Z</time>
        <extensions>
          <ns3:TrackPointExtension/>
        </extensions>
      </trkpt>
      <trkpt lat="43.99430028162896633148193359375" lon="-121.79890123195946216583251953125">
        <ele>1548.199951171875</ele>
        <time>2025-08-08T18:47:45.000Z</time>
        <extensions>
          <ns3:TrackPointExtension/>
        </extensions>
      </trkpt>
      <trkpt lat="43.9944782294332981109619140625" lon="-121.79871649481356143951416015625">
        <ele>1548.5999755859375</ele>
        <time>2025-08-08T18:47:46.000Z</time>
        <extensions>
          <ns3:TrackPointExtension/>
        </extensions>
      </trkpt>
      <trkpt lat="43.995007462799549102783203125" lon="-121.79816613905131816864013671875">
        <ele>1549</ele>
        <time>2025-08-08T18:47:49.000Z</time>
        <extensions>
          <ns3:TrackPointExtension/>
        </extensions>
      </trkpt>
      <trkpt lat="43.9955353550612926483154296875" lon="-121.7976158671081066131591796875">
        <ele>1549.4000244140625</ele>
        <time>2025-08-08T18:47:52.000Z</time>
        <extensions>
          <ns3:TrackPointExtension/>
        </extensions>
      </trkpt>
      <trkpt lat="43.99606324732303619384765625" lon="-121.79707062430679798126220703125">
        <ele>1549.800048828125</ele>
        <time>2025-08-08T18:47:55.000Z</time>
        <extensions>
          <ns3:TrackPointExtension/>
        </extensions>
      </trkpt>
      <trkpt lat="43.99659088812768459320068359375" lon="-121.79652797989547252655029296875">
        <ele>1550.199951171875</ele>
        <time>2025-08-08T18:47:58.000Z</time>
        <extensions>
          <ns3:TrackPointExtension/>
        </extensions>
      </trkpt>
      <trkpt lat="43.9971195347607135772705078125" lon="-121.7959874309599399566650390625">
        <ele>1550.5999755859375</ele>
        <time>2025-08-08T18:48:01.000Z</time>
        <extensions>
          <ns3:TrackPointExtension/>
        </extensions>
      </trkpt>
      <trkpt lat="43.99729572236537933349609375" lon="-121.79580797441303730010986328125">
        <ele>1550.800048828125</ele>
        <time>2025-08-08T18:48:02.000Z</time>
        <extensions>
          <ns3:TrackPointExtension/>
        </extensions>
      </trkpt>
      <trkpt lat="43.9978249557316303253173828125" lon="-121.7952685989439487457275390625">
        <ele>1551.4000244140625</ele>
        <time>2025-08-08T18:48:05.000Z</time>
        <extensions>
          <ns3:TrackPointExtension/>
        </extensions>
      </trkpt>
      <trkpt lat="43.99835142306983470916748046875" lon="-121.79472553543746471405029296875">
        <ele>1552.5999755859375</ele>
        <time>2025-08-08T18:48:08.000Z</time>
        <extensions>
          <ns3:TrackPointExtension/>
        </extensions>
      </trkpt>
      <trkpt lat="43.99887017905712127685546875" lon="-121.79418993182480335235595703125">
        <ele>1555.4000244140625</ele>
        <time>2025-08-08T18:48:11.000Z</time>
        <extensions>
          <ns3:TrackPointExtension/>
        </extensions>
      </trkpt>
      <trkpt lat="43.9993791282176971435546875" lon="-121.79366338066756725311279296875">
        <ele>1559.199951171875</ele>
        <time>2025-08-08T18:48:14.000Z</time>
        <extensions>
          <ns3:TrackPointExtension/>
        </extensions>
      </trkpt>
      <trkpt lat="43.999885730445384979248046875" lon="-121.79313599132001399993896484375">
        <ele>1564.5999755859375</ele>
        <time>2025-08-08T18:48:17.000Z</time>
        <extensions>
          <ns3:TrackPointExtension/>
        </extensions>
      </trkpt>
      <trkpt lat="44.0004062466323375701904296875" lon="-121.7925971187651157379150390625">
        <ele>1569.800048828125</ele>
        <time>2025-08-08T18:48:20.000Z</time>
        <extensions>
          <ns3:TrackPointExtension/>
        </extensions>
      </trkpt>
      <trkpt lat="44.00094729848206043243408203125" lon="-121.79203662090003490447998046875">
        <ele>1573.5999755859375</ele>
        <time>2025-08-08T18:48:23.000Z</time>
        <extensions>
          <ns3:TrackPointExtension/>
        </extensions>
      </trkpt>
      <trkpt lat="44.0013151802122592926025390625" lon="-121.7916630394756793975830078125">
        <ele>1575</ele>
        <time>2025-08-08T18:48:25.000Z</time>
        <extensions>
          <ns3:TrackPointExtension/>
        </extensions>
      </trkpt>
      <trkpt lat="44.00168105028569698333740234375" lon="-121.7912885360419750213623046875">
        <ele>1576</ele>
        <time>2025-08-08T18:48:27.000Z</time>
        <extensions>
          <ns3:TrackPointExtension/>
        </extensions>
      </trkpt>
      <trkpt lat="44.002218581736087799072265625" lon="-121.7907353304326534271240234375">
        <ele>1576.5999755859375</ele>
        <time>2025-08-08T18:48:30.000Z</time>
        <extensions>
          <ns3:TrackPointExtension/>
        </extensions>
      </trkpt>
      <trkpt lat="44.00274739600718021392822265625" lon="-121.7901889979839324951171875">
        <ele>1577.199951171875</ele>
        <time>2025-08-08T18:48:33.000Z</time>
        <extensions>
          <ns3:TrackPointExtension/>
        </extensions>
      </trkpt>
      <trkpt lat="44.0032758750021457672119140625" lon="-121.7896460182964801788330078125">
        <ele>1578</ele>
        <time>2025-08-08T18:48:36.000Z</time>
        <extensions>
          <ns3:TrackPointExtension/>
        </extensions>
      </trkpt>
      <trkpt lat="44.0038025937974452972412109375" lon="-121.7891025356948375701904296875">
        <ele>1579</ele>
        <time>2025-08-08T18:48:39.000Z</time>
        <extensions>
          <ns3:TrackPointExtension/>
        </extensions>
      </trkpt>
      <trkpt lat="44.00432855822145938873291015625" lon="-121.78856047801673412322998046875">
        <ele>1580.199951171875</ele>
        <time>2025-08-08T18:48:42.000Z</time>
        <extensions>
          <ns3:TrackPointExtension/>
        </extensions>
      </trkpt>
      <trkpt lat="44.004848487675189971923828125" lon="-121.788030155003070831298828125">
        <ele>1583.199951171875</ele>
        <time>2025-08-08T18:48:45.000Z</time>
        <extensions>
          <ns3:TrackPointExtension/>
        </extensions>
      </trkpt>
      <trkpt lat="44.00537319481372833251953125" lon="-121.78754593245685100555419921875">
        <ele>1587.5999755859375</ele>
        <time>2025-08-08T18:48:48.000Z</time>
        <extensions>
          <ns3:TrackPointExtension/>
        </extensions>
      </trkpt>
      <trkpt lat="44.0059258975088596343994140625" lon="-121.7871153540909290313720703125">
        <ele>1593</ele>
        <time>2025-08-08T18:48:51.000Z</time>
        <extensions>
          <ns3:TrackPointExtension/>
        </extensions>
      </trkpt>
      <trkpt lat="44.0063158236443996429443359375" lon="-121.78685056976974010467529296875">
        <ele>1596.800048828125</ele>
        <time>2025-08-08T18:48:53.000Z</time>
        <extensions>
          <ns3:TrackPointExtension/>
        </extensions>
      </trkpt>
      <trkpt lat="44.0069330669939517974853515625" lon="-121.78649484179913997650146484375">
        <ele>1602.199951171875</ele>
        <time>2025-08-08T18:48:56.000Z</time>
        <extensions>
          <ns3:TrackPointExtension/>
        </extensions>
      </trkpt>
      <trkpt lat="44.007357023656368255615234375" lon="-121.78628143854439258575439453125">
        <ele>1605.199951171875</ele>
        <time>2025-08-08T18:48:58.000Z</time>
        <extensions>
          <ns3:TrackPointExtension/>
        </extensions>
      </trkpt>
      <trkpt lat="44.00799195282161235809326171875" lon="-121.78596979938447475433349609375">
        <ele>1609.199951171875</ele>
        <time>2025-08-08T18:49:01.000Z</time>
        <extensions>
          <ns3:TrackPointExtension/>
        </extensions>
      </trkpt>
      <trkpt lat="44.0086211822926998138427734375" lon="-121.78565916605293750762939453125">
        <ele>1612.5999755859375</ele>
        <time>2025-08-08T18:49:04.000Z</time>
        <extensions>
          <ns3:TrackPointExtension/>
        </extensions>
      </trkpt>
      <trkpt lat="44.00924487970769405364990234375" lon="-121.78535372950136661529541015625">
        <ele>1615</ele>
        <time>2025-08-08T18:49:07.000Z</time>
        <extensions>
          <ns3:TrackPointExtension/>
        </extensions>
      </trkpt>
      <trkpt lat="44.00965609587728977203369140625" lon="-121.78515248000621795654296875">
        <ele>1616</ele>
        <time>2025-08-08T18:49:09.000Z</time>
        <extensions>
          <ns3:TrackPointExtension/>
        </extensions>
      </trkpt>
      <trkpt lat="44.01026914827525615692138671875" lon="-121.78485232405364513397216796875">
        <ele>1617.199951171875</ele>
        <time>2025-08-08T18:49:12.000Z</time>
        <extensions>
          <ns3:TrackPointExtension/>
        </extensions>
      </trkpt>
      <trkpt lat="44.01087348349392414093017578125" lon="-121.78455795161426067352294921875">
        <ele>1620.4000244140625</ele>
        <time>2025-08-08T18:49:15.000Z</time>
        <extensions>
          <ns3:TrackPointExtension/>
        </extensions>
      </trkpt>
      <trkpt lat="44.011471532285213470458984375" lon="-121.7842638306319713592529296875">
        <ele>1625</ele>
        <time>2025-08-08T18:49:18.000Z</time>
        <extensions>
          <ns3:TrackPointExtension/>
        </extensions>
      </trkpt>
      <trkpt lat="44.011873863637447357177734375" lon="-121.78406408987939357757568359375">
        <ele>1628.4000244140625</ele>
        <time>2025-08-08T18:49:20.000Z</time>
        <extensions>
          <ns3:TrackPointExtension/>
        </extensions>
      </trkpt>
      <trkpt lat="44.01249269954860210418701171875" lon="-121.7837615869939327239990234375">
        <ele>1634</ele>
        <time>2025-08-08T18:49:23.000Z</time>
        <extensions>
          <ns3:TrackPointExtension/>
        </extensions>
      </trkpt>
      <trkpt lat="44.0131200850009918212890625" lon="-121.78345254622399806976318359375">
        <ele>1639.5999755859375</ele>
        <time>2025-08-08T18:49:26.000Z</time>
        <extensions>
          <ns3:TrackPointExtension/>
        </extensions>
      </trkpt>
      <trkpt lat="44.0137532539665699005126953125" lon="-121.7831419967114925384521484375">
        <ele>1644</ele>
        <time>2025-08-08T18:49:29.000Z</time>
        <extensions>
          <ns3:TrackPointExtension/>
        </extensions>
      </trkpt>
      <trkpt lat="44.013964645564556121826171875" lon="-121.78303848020732402801513671875">
        <ele>1645</ele>
        <time>2025-08-08T18:49:30.000Z</time>
        <extensions>
          <ns3:TrackPointExtension/>
        </extensions>
      </trkpt>
      <trkpt lat="44.0145941264927387237548828125" lon="-121.7827272601425647735595703125">
        <ele>1648</ele>
        <time>2025-08-08T18:49:33.000Z</time>
        <extensions>
          <ns3:TrackPointExtension/>
        </extensions>
      </trkpt>
      <trkpt lat="44.015209190547466278076171875" lon="-121.7824025452136993408203125">
        <ele>1649.199951171875</ele>
        <time>2025-08-08T18:49:36.000Z</time>
        <extensions>
          <ns3:TrackPointExtension/>
        </extensions>
      </trkpt>
      <trkpt lat="44.01580698788166046142578125" lon="-121.7820523492991924285888671875">
        <ele>1650.5999755859375</ele>
        <time>2025-08-08T18:49:39.000Z</time>
        <extensions>
          <ns3:TrackPointExtension/>
        </extensions>
      </trkpt>
      <trkpt lat="44.01639179326593875885009765625" lon="-121.7816640995442867279052734375">
        <ele>1652.4000244140625</ele>
        <time>2025-08-08T18:49:42.000Z</time>
        <extensions>
          <ns3:TrackPointExtension/>
        </extensions>
      </trkpt>
      <trkpt lat="44.01696528308093547821044921875" lon="-121.7812416516244411468505859375">
        <ele>1654.800048828125</ele>
        <time>2025-08-08T18:49:45.000Z</time>
        <extensions>
          <ns3:TrackPointExtension/>
        </extensions>
      </trkpt>
      <trkpt lat="44.01752804405987262725830078125" lon="-121.780783496797084808349609375">
        <ele>1657.199951171875</ele>
        <time>2025-08-08T18:49:48.000Z</time>
        <extensions>
          <ns3:TrackPointExtension/>
        </extensions>
      </trkpt>
      <trkpt lat="44.01809298433363437652587890625" lon="-121.7803052254021167755126953125">
        <ele>1659.199951171875</ele>
        <time>2025-08-08T18:49:51.000Z</time>
        <extensions>
          <ns3:TrackPointExtension/>
        </extensions>
      </trkpt>
      <trkpt lat="44.018472097814083099365234375" lon="-121.77998595871031284332275390625">
        <ele>1660.4000244140625</ele>
        <time>2025-08-08T18:49:53.000Z</time>
        <extensions>
          <ns3:TrackPointExtension/>
        </extensions>
      </trkpt>
      <trkpt lat="44.01903946883976459503173828125" lon="-121.77950919605791568756103515625">
        <ele>1661.4000244140625</ele>
        <time>2025-08-08T18:49:56.000Z</time>
        <extensions>
          <ns3:TrackPointExtension/>
        </extensions>
      </trkpt>
      <trkpt lat="44.01960373856127262115478515625" lon="-121.7790336906909942626953125">
        <ele>1662.199951171875</ele>
        <time>2025-08-08T18:49:59.000Z</time>
        <extensions>
          <ns3:TrackPointExtension/>
        </extensions>
      </trkpt>
      <trkpt lat="44.0201657451689243316650390625" lon="-121.77856036461889743804931640625">
        <ele>1663.199951171875</ele>
        <time>2025-08-08T18:50:02.000Z</time>
        <extensions>
          <ns3:TrackPointExtension/>
        </extensions>
      </trkpt>
      <trkpt lat="44.02072875760495662689208984375" lon="-121.77808946929872035980224609375">
        <ele>1664</ele>
        <time>2025-08-08T18:50:05.000Z</time>
        <extensions>
          <ns3:TrackPointExtension/>
        </extensions>
      </trkpt>
      <trkpt lat="44.02091659605503082275390625" lon="-121.77793155424296855926513671875">
        <ele>1664.199951171875</ele>
        <time>2025-08-08T18:50:06.000Z</time>
        <extensions>
          <ns3:TrackPointExtension/>
        </extensions>
      </trkpt>
      <trkpt lat="44.021479189395904541015625" lon="-121.77745948545634746551513671875">
        <ele>1664.800048828125</ele>
        <time>2025-08-08T18:50:09.000Z</time>
        <extensions>
          <ns3:TrackPointExtension/>
        </extensions>
      </trkpt>
      <trkpt lat="44.02204119600355625152587890625" lon="-121.77698389627039432525634765625">
        <ele>1665.199951171875</ele>
        <time>2025-08-08T18:50:12.000Z</time>
        <extensions>
          <ns3:TrackPointExtension/>
        </extensions>
      </trkpt>
      <trkpt lat="44.02260546572506427764892578125" lon="-121.7765075527131557464599609375">
        <ele>1665.800048828125</ele>
        <time>2025-08-08T18:50:15.000Z</time>
        <extensions>
          <ns3:TrackPointExtension/>
        </extensions>
      </trkpt>
      <trkpt lat="44.02317325584590435028076171875" lon="-121.7760321311652660369873046875">
        <ele>1666.4000244140625</ele>
        <time>2025-08-08T18:50:18.000Z</time>
        <extensions>
          <ns3:TrackPointExtension/>
        </extensions>
      </trkpt>
      <trkpt lat="44.0237387828528881072998046875" lon="-121.77555964328348636627197265625">
        <ele>1667</ele>
        <time>2025-08-08T18:50:21.000Z</time>
        <extensions>
          <ns3:TrackPointExtension/>
        </extensions>
      </trkpt>
      <trkpt lat="44.02411378920078277587890625" lon="-121.77524297498166561126708984375">
        <ele>1667.199951171875</ele>
        <time>2025-08-08T18:50:23.000Z</time>
        <extensions>
          <ns3:TrackPointExtension/>
        </extensions>
      </trkpt>
      <trkpt lat="44.0246725268661975860595703125" lon="-121.774771325290203094482421875">
        <ele>1667.5999755859375</ele>
        <time>2025-08-08T18:50:26.000Z</time>
        <extensions>
          <ns3:TrackPointExtension/>
        </extensions>
      </trkpt>
      <trkpt lat="44.0252106450498104095458984375" lon="-121.7743183672428131103515625">
        <ele>1668.199951171875</ele>
        <time>2025-08-08T18:50:29.000Z</time>
        <extensions>
          <ns3:TrackPointExtension/>
        </extensions>
      </trkpt>
      <trkpt lat="44.025734178721904754638671875" lon="-121.77387907169759273529052734375">
        <ele>1668.4000244140625</ele>
        <time>2025-08-08T18:50:32.000Z</time>
        <extensions>
          <ns3:TrackPointExtension/>
        </extensions>
      </trkpt>
      <trkpt lat="44.025905840098857879638671875" lon="-121.773733980953693389892578125">
        <ele>1668.5999755859375</ele>
        <time>2025-08-08T18:50:33.000Z</time>
        <extensions>
          <ns3:TrackPointExtension/>
        </extensions>
      </trkpt>
      <trkpt lat="44.0264169685542583465576171875" lon="-121.7732964456081390380859375">
        <ele>1669</ele>
        <time>2025-08-08T18:50:36.000Z</time>
        <extensions>
          <ns3:TrackPointExtension/>
        </extensions>
      </trkpt>
      <trkpt lat="44.02692952193319797515869140625" lon="-121.77286569960415363311767578125">
        <ele>1669.5999755859375</ele>
        <time>2025-08-08T18:50:39.000Z</time>
        <extensions>
          <ns3:TrackPointExtension/>
        </extensions>
      </trkpt>
      <trkpt lat="44.0272705815732479095458984375" lon="-121.7725811339914798736572265625">
        <ele>1670</ele>
        <time>2025-08-08T18:50:41.000Z</time>
        <extensions>
          <ns3:TrackPointExtension/>
        </extensions>
      </trkpt>
      <trkpt lat="44.02777777053415775299072265625" lon="-121.7721516452729701995849609375">
        <ele>1670.800048828125</ele>
        <time>2025-08-08T18:50:44.000Z</time>
        <extensions>
          <ns3:TrackPointExtension/>
        </extensions>
      </trkpt>
      <trkpt lat="44.0282854624092578887939453125" lon="-121.7717251740396022796630859375">
        <ele>1671.4000244140625</ele>
        <time>2025-08-08T18:50:47.000Z</time>
        <extensions>
          <ns3:TrackPointExtension/>
        </extensions>
      </trkpt>
      <trkpt lat="44.0287913940846920013427734375" lon="-121.7712956853210926055908203125">
        <ele>1672.199951171875</ele>
        <time>2025-08-08T18:50:50.000Z</time>
        <extensions>
          <ns3:TrackPointExtension/>
        </extensions>
      </trkpt>
      <trkpt lat="44.02929808013141155242919921875" lon="-121.7708638496696949005126953125">
        <ele>1673</ele>
        <time>2025-08-08T18:50:53.000Z</time>
        <extensions>
          <ns3:TrackPointExtension/>
        </extensions>
      </trkpt>
      <trkpt lat="44.02980619110167026519775390625" lon="-121.77043377421796321868896484375">
        <ele>1673.800048828125</ele>
        <time>2025-08-08T18:50:56.000Z</time>
        <extensions>
          <ns3:TrackPointExtension/>
        </extensions>
      </trkpt>
      <trkpt lat="44.0299759246408939361572265625" lon="-121.7702908627688884735107421875">
        <ele>1674</ele>
        <time>2025-08-08T18:50:57.000Z</time>
        <extensions>
          <ns3:TrackPointExtension/>
        </extensions>
      </trkpt>
      <trkpt lat="44.03048814274370670318603515625" lon="-121.769860871136188507080078125">
        <ele>1674.4000244140625</ele>
        <time>2025-08-08T18:51:00.000Z</time>
        <extensions>
          <ns3:TrackPointExtension/>
        </extensions>
      </trkpt>
      <trkpt lat="44.0310008637607097625732421875" lon="-121.76942492835223674774169921875">
        <ele>1674.4000244140625</ele>
        <time>2025-08-08T18:51:03.000Z</time>
        <extensions>
          <ns3:TrackPointExtension/>
        </extensions>
      </trkpt>
      <trkpt lat="44.031516350805759429931640625" lon="-121.768987141549587249755859375">
        <ele>1674</ele>
        <time>2025-08-08T18:51:06.000Z</time>
        <extensions>
          <ns3:TrackPointExtension/>
        </extensions>
      </trkpt>
      <trkpt lat="44.0320338495075702667236328125" lon="-121.7685537971556186676025390625">
        <ele>1673.5999755859375</ele>
        <time>2025-08-08T18:51:09.000Z</time>
        <extensions>
          <ns3:TrackPointExtension/>
        </extensions>
      </trkpt>
      <trkpt lat="44.03253835625946521759033203125" lon="-121.7681331932544708251953125">
        <ele>1673.199951171875</ele>
        <time>2025-08-08T18:51:12.000Z</time>
        <extensions>
          <ns3:TrackPointExtension/>
        </extensions>
      </trkpt>
      <trkpt lat="44.033023416996002197265625" lon="-121.76775072701275348663330078125">
        <ele>1673</ele>
        <time>2025-08-08T18:51:15.000Z</time>
        <extensions>
          <ns3:TrackPointExtension/>
        </extensions>
      </trkpt>
      <trkpt lat="44.0333471260964870452880859375" lon="-121.76753061823546886444091796875">
        <ele>1672.4000244140625</ele>
        <time>2025-08-08T18:51:17.000Z</time>
        <extensions>
          <ns3:TrackPointExtension/>
        </extensions>
      </trkpt>
      <trkpt lat="44.03383134864270687103271484375" lon="-121.76724412478506565093994140625">
        <ele>1671.800048828125</ele>
        <time>2025-08-08T18:51:20.000Z</time>
        <extensions>
          <ns3:TrackPointExtension/>
        </extensions>
      </trkpt>
      <trkpt lat="44.03415287844836711883544921875" lon="-121.76708503626286983489990234375">
        <ele>1671.199951171875</ele>
        <time>2025-08-08T18:51:22.000Z</time>
        <extensions>
          <ns3:TrackPointExtension/>
        </extensions>
      </trkpt>
      <trkpt lat="44.034633077681064605712890625" lon="-121.76688663661479949951171875">
        <ele>1670.199951171875</ele>
        <time>2025-08-08T18:51:25.000Z</time>
        <extensions>
          <ns3:TrackPointExtension/>
        </extensions>
      </trkpt>
      <trkpt lat="44.03495284728705883026123046875" lon="-121.76677289418876171112060546875">
        <ele>1669.5999755859375</ele>
        <time>2025-08-08T18:51:27.000Z</time>
        <extensions>
          <ns3:TrackPointExtension/>
        </extensions>
      </trkpt>
      <trkpt lat="44.03543933294713497161865234375" lon="-121.76661548204720020294189453125">
        <ele>1668.5999755859375</ele>
        <time>2025-08-08T18:51:30.000Z</time>
        <extensions>
          <ns3:TrackPointExtension/>
        </extensions>
      </trkpt>
      <trkpt lat="44.03592682443559169769287109375" lon="-121.76645748317241668701171875">
        <ele>1667.5999755859375</ele>
        <time>2025-08-08T18:51:33.000Z</time>
        <extensions>
          <ns3:TrackPointExtension/>
        </extensions>
      </trkpt>
      <trkpt lat="44.0360863320529460906982421875" lon="-121.7663924396038055419921875">
        <ele>1667.199951171875</ele>
        <time>2025-08-08T18:51:34.000Z</time>
        <extensions>
          <ns3:TrackPointExtension/>
        </extensions>
      </trkpt>
      <trkpt lat="44.03639637865126132965087890625" lon="-121.7662199400365352630615234375">
        <ele>1666.4000244140625</ele>
        <time>2025-08-08T18:51:36.000Z</time>
        <extensions>
          <ns3:TrackPointExtension/>
        </extensions>
      </trkpt>
      <trkpt lat="44.03654272668063640594482421875" lon="-121.76610318012535572052001953125">
        <ele>1666.199951171875</ele>
        <time>2025-08-08T18:51:37.000Z</time>
        <extensions>
          <ns3:TrackPointExtension/>
        </extensions>
      </trkpt>
      <trkpt lat="44.0366797707974910736083984375" lon="-121.765961945056915283203125">
        <ele>1665.5999755859375</ele>
        <time>2025-08-08T18:51:38.000Z</time>
        <extensions>
          <ns3:TrackPointExtension/>
        </extensions>
      </trkpt>
      <trkpt lat="44.036918990314006805419921875" lon="-121.76561753265559673309326171875">
        <ele>1664.800048828125</ele>
        <time>2025-08-08T18:51:40.000Z</time>
        <extensions>
          <ns3:TrackPointExtension/>
        </extensions>
      </trkpt>
      <trkpt lat="44.03710104525089263916015625" lon="-121.7652053944766521453857421875">
        <ele>1663.800048828125</ele>
        <time>2025-08-08T18:51:42.000Z</time>
        <extensions>
          <ns3:TrackPointExtension/>
        </extensions>
      </trkpt>
      <trkpt lat="44.0371660888195037841796875" lon="-121.7649894766509532928466796875">
        <ele>1663.4000244140625</ele>
        <time>2025-08-08T18:51:43.000Z</time>
        <extensions>
          <ns3:TrackPointExtension/>
        </extensions>
      </trkpt>
      <trkpt lat="44.0372108481824398040771484375" lon="-121.76477749831974506378173828125">
        <ele>1663</ele>
        <time>2025-08-08T18:51:44.000Z</time>
        <extensions>
          <ns3:TrackPointExtension/>
        </extensions>
      </trkpt>
      <trkpt lat="44.03724613599479198455810546875" lon="-121.7643651925027370452880859375">
        <ele>1662.199951171875</ele>
        <time>2025-08-08T18:51:46.000Z</time>
        <extensions>
          <ns3:TrackPointExtension/>
        </extensions>
      </trkpt>
      <trkpt lat="44.0372229181230068206787109375" lon="-121.763962022960186004638671875">
        <ele>1661.5999755859375</ele>
        <time>2025-08-08T18:51:48.000Z</time>
        <extensions>
          <ns3:TrackPointExtension/>
        </extensions>
      </trkpt>
      <trkpt lat="44.037192575633525848388671875" lon="-121.76376848481595516204833984375">
        <ele>1661.5999755859375</ele>
        <time>2025-08-08T18:51:49.000Z</time>
        <extensions>
          <ns3:TrackPointExtension/>
        </extensions>
      </trkpt>
      <trkpt lat="44.0371491573750972747802734375" lon="-121.76358215510845184326171875">
        <ele>1661.5999755859375</ele>
        <time>2025-08-08T18:51:50.000Z</time>
        <extensions>
          <ns3:TrackPointExtension/>
        </extensions>
      </trkpt>
      <trkpt lat="44.037030972540378570556640625" lon="-121.76323807798326015472412109375">
        <ele>1661.5999755859375</ele>
        <time>2025-08-08T18:51:52.000Z</time>
        <extensions>
          <ns3:TrackPointExtension/>
        </extensions>
      </trkpt>
      <trkpt lat="44.03679502196609973907470703125" lon="-121.7628098465502262115478515625">
        <ele>1662.5999755859375</ele>
        <time>2025-08-08T18:51:55.000Z</time>
        <extensions>
          <ns3:TrackPointExtension/>
        </extensions>
      </trkpt>
      <trkpt lat="44.03640576638281345367431640625" lon="-121.76236485131084918975830078125">
        <ele>1664</ele>
        <time>2025-08-08T18:51:59.000Z</time>
        <extensions>
          <ns3:TrackPointExtension/>
        </extensions>
      </trkpt>
      <trkpt lat="44.03598348610103130340576171875" lon="-121.7619614303112030029296875">
        <ele>1665.199951171875</ele>
        <time>2025-08-08T18:52:03.000Z</time>
        <extensions>
          <ns3:TrackPointExtension/>
        </extensions>
      </trkpt>
      <trkpt lat="44.035783074796199798583984375" lon="-121.76173218525946140289306640625">
        <ele>1665.199951171875</ele>
        <time>2025-08-08T18:52:05.000Z</time>
        <extensions>
          <ns3:TrackPointExtension/>
        </extensions>
      </trkpt>
      <trkpt lat="44.03541527688503265380859375" lon="-121.7611612938344478607177734375">
        <ele>1665</ele>
        <time>2025-08-08T18:52:09.000Z</time>
        <extensions>
          <ns3:TrackPointExtension/>
        </extensions>
      </trkpt>
      <trkpt lat="44.0351096726953983306884765625" lon="-121.7604417912662029266357421875">
        <ele>1664.5999755859375</ele>
        <time>2025-08-08T18:52:13.000Z</time>
        <extensions>
          <ns3:TrackPointExtension/>
        </extensions>
      </trkpt>
      <trkpt lat="44.03503649868071079254150390625" lon="-121.76025688648223876953125">
        <ele>1664.5999755859375</ele>
        <time>2025-08-08T18:52:14.000Z</time>
        <extensions>
          <ns3:TrackPointExtension/>
        </extensions>
      </trkpt>
      <trkpt lat="44.0348164737224578857421875" lon="-121.7597048543393611907958984375">
        <ele>1664.800048828125</ele>
        <time>2025-08-08T18:52:17.000Z</time>
        <extensions>
          <ns3:TrackPointExtension/>
        </extensions>
      </trkpt>
      <trkpt lat="44.0346087701618671417236328125" lon="-121.75912725739181041717529296875">
        <ele>1665.4000244140625</ele>
        <time>2025-08-08T18:52:20.000Z</time>
        <extensions>
          <ns3:TrackPointExtension/>
        </extensions>
      </trkpt>
      <trkpt lat="44.03454246930778026580810546875" lon="-121.75892692990601062774658203125">
        <ele>1665.5999755859375</ele>
        <time>2025-08-08T18:52:21.000Z</time>
        <extensions>
          <ns3:TrackPointExtension/>
        </extensions>
      </trkpt>
      <trkpt lat="44.03434909880161285400390625" lon="-121.75829577259719371795654296875">
        <ele>1666</ele>
        <time>2025-08-08T18:52:24.000Z</time>
        <extensions>
          <ns3:TrackPointExtension/>
        </extensions>
      </trkpt>
      <trkpt lat="44.03411264531314373016357421875" lon="-121.75767634995281696319580078125">
        <ele>1667.5999755859375</ele>
        <time>2025-08-08T18:52:27.000Z</time>
        <extensions>
          <ns3:TrackPointExtension/>
        </extensions>
      </trkpt>
      <trkpt lat="44.03401239775121212005615234375" lon="-121.757491864264011383056640625">
        <ele>1668.199951171875</ele>
        <time>2025-08-08T18:52:28.000Z</time>
        <extensions>
          <ns3:TrackPointExtension/>
        </extensions>
      </trkpt>
      <trkpt lat="44.033778794109821319580078125" lon="-121.75716756843030452728271484375">
        <ele>1669.199951171875</ele>
        <time>2025-08-08T18:52:30.000Z</time>
        <extensions>
          <ns3:TrackPointExtension/>
        </extensions>
      </trkpt>
      <trkpt lat="44.03337889350950717926025390625" lon="-121.75672709941864013671875">
        <ele>1671.199951171875</ele>
        <time>2025-08-08T18:52:33.000Z</time>
        <extensions>
          <ns3:TrackPointExtension/>
        </extensions>
      </trkpt>
      <trkpt lat="44.03310514055192470550537109375" lon="-121.7564325593411922454833984375">
        <ele>1672</ele>
        <time>2025-08-08T18:52:35.000Z</time>
        <extensions>
          <ns3:TrackPointExtension/>
        </extensions>
      </trkpt>
      <trkpt lat="44.03271772898733615875244140625" lon="-121.7559437267482280731201171875">
        <ele>1671.800048828125</ele>
        <time>2025-08-08T18:52:38.000Z</time>
        <extensions>
          <ns3:TrackPointExtension/>
        </extensions>
      </trkpt>
      <trkpt lat="44.0325920842587947845458984375" lon="-121.75576259382069110870361328125">
        <ele>1671.199951171875</ele>
        <time>2025-08-08T18:52:39.000Z</time>
        <extensions>
          <ns3:TrackPointExtension/>
        </extensions>
      </trkpt>
      <trkpt lat="44.03220676816999912261962890625" lon="-121.75518424250185489654541015625">
        <ele>1669</ele>
        <time>2025-08-08T18:52:42.000Z</time>
        <extensions>
          <ns3:TrackPointExtension/>
        </extensions>
      </trkpt>
      <trkpt lat="44.031816087663173675537109375" lon="-121.75459717400372028350830078125">
        <ele>1664.5999755859375</ele>
        <time>2025-08-08T18:52:45.000Z</time>
        <extensions>
          <ns3:TrackPointExtension/>
        </extensions>
      </trkpt>
      <trkpt lat="44.03168692253530025482177734375" lon="-121.75439198501408100128173828125">
        <ele>1663.199951171875</ele>
        <time>2025-08-08T18:52:46.000Z</time>
        <extensions>
          <ns3:TrackPointExtension/>
        </extensions>
      </trkpt>
      <trkpt lat="44.0313264168798923492431640625" lon="-121.75373442471027374267578125">
        <ele>1658.5999755859375</ele>
        <time>2025-08-08T18:52:49.000Z</time>
        <extensions>
          <ns3:TrackPointExtension/>
        </extensions>
      </trkpt>
      <trkpt lat="44.0312196314334869384765625" lon="-121.75349813885986804962158203125">
        <ele>1657.5999755859375</ele>
        <time>2025-08-08T18:52:50.000Z</time>
        <extensions>
          <ns3:TrackPointExtension/>
        </extensions>
      </trkpt>
      <trkpt lat="44.03094562701880931854248046875" lon="-121.7527173645794391632080078125">
        <ele>1657.199951171875</ele>
        <time>2025-08-08T18:52:53.000Z</time>
        <extensions>
          <ns3:TrackPointExtension/>
        </extensions>
      </trkpt>
      <trkpt lat="44.03075954876840114593505859375" lon="-121.751874983310699462890625">
        <ele>1657.800048828125</ele>
        <time>2025-08-08T18:52:56.000Z</time>
        <extensions>
          <ns3:TrackPointExtension/>
        </extensions>
      </trkpt>
      <trkpt lat="44.03067941777408123016357421875" lon="-121.75099178217351436614990234375">
        <ele>1659.4000244140625</ele>
        <time>2025-08-08T18:52:59.000Z</time>
        <extensions>
          <ns3:TrackPointExtension/>
        </extensions>
      </trkpt>
      <trkpt lat="44.03070238418877124786376953125" lon="-121.75008217804133892059326171875">
        <ele>1661.5999755859375</ele>
        <time>2025-08-08T18:53:02.000Z</time>
        <extensions>
          <ns3:TrackPointExtension/>
        </extensions>
      </trkpt>
      <trkpt lat="44.03083113022148609161376953125" lon="-121.74919336102902889251708984375">
        <ele>1662.5999755859375</ele>
        <time>2025-08-08T18:53:05.000Z</time>
        <extensions>
          <ns3:TrackPointExtension/>
        </extensions>
      </trkpt>
      <trkpt lat="44.03105668723583221435546875" lon="-121.74836338497698307037353515625">
        <ele>1662.199951171875</ele>
        <time>2025-08-08T18:53:08.000Z</time>
        <extensions>
          <ns3:TrackPointExtension/>
        </extensions>
      </trkpt>
      <trkpt lat="44.0313686616718769073486328125" lon="-121.74759543500840663909912109375">
        <ele>1660.5999755859375</ele>
        <time>2025-08-08T18:53:11.000Z</time>
        <extensions>
          <ns3:TrackPointExtension/>
        </extensions>
      </trkpt>
      <trkpt lat="44.0317332744598388671875" lon="-121.74686604179441928863525390625">
        <ele>1658.4000244140625</ele>
        <time>2025-08-08T18:53:14.000Z</time>
        <extensions>
          <ns3:TrackPointExtension/>
        </extensions>
      </trkpt>
      <trkpt lat="44.03209545649588108062744140625" lon="-121.74614637158811092376708984375">
        <ele>1657</ele>
        <time>2025-08-08T18:53:17.000Z</time>
        <extensions>
          <ns3:TrackPointExtension/>
        </extensions>
      </trkpt>
      <trkpt lat="44.03244447894394397735595703125" lon="-121.74544514156877994537353515625">
        <ele>1657</ele>
        <time>2025-08-08T18:53:20.000Z</time>
        <extensions>
          <ns3:TrackPointExtension/>
        </extensions>
      </trkpt>
      <trkpt lat="44.0327553637325763702392578125" lon="-121.74474558793008327484130859375">
        <ele>1657.199951171875</ele>
        <time>2025-08-08T18:53:23.000Z</time>
        <extensions>
          <ns3:TrackPointExtension/>
        </extensions>
      </trkpt>
      <trkpt lat="44.032832644879817962646484375" lon="-121.74450033344328403472900390625">
        <ele>1657.199951171875</ele>
        <time>2025-08-08T18:53:24.000Z</time>
        <extensions>
          <ns3:TrackPointExtension/>
        </extensions>
      </trkpt>
      <trkpt lat="44.03293213807046413421630859375" lon="-121.743993647396564483642578125">
        <ele>1657.5999755859375</ele>
        <time>2025-08-08T18:53:26.000Z</time>
        <extensions>
          <ns3:TrackPointExtension/>
        </extensions>
      </trkpt>
      <trkpt lat="44.03295191936194896697998046875" lon="-121.74373439513146877288818359375">
        <ele>1657.5999755859375</ele>
        <time>2025-08-08T18:53:27.000Z</time>
        <extensions>
          <ns3:TrackPointExtension/>
        </extensions>
      </trkpt>
      <trkpt lat="44.0329496562480926513671875" lon="-121.743472628295421600341796875">
        <ele>1657.800048828125</ele>
        <time>2025-08-08T18:53:28.000Z</time>
        <extensions>
          <ns3:TrackPointExtension/>
        </extensions>
      </trkpt>
      <trkpt lat="44.0329273603856563568115234375" lon="-121.7432109452784061431884765625">
        <ele>1657.800048828125</ele>
        <time>2025-08-08T18:53:29.000Z</time>
        <extensions>
          <ns3:TrackPointExtension/>
        </extensions>
      </trkpt>
      <trkpt lat="44.03283373452723026275634765625" lon="-121.74269805662333965301513671875">
        <ele>1657.800048828125</ele>
        <time>2025-08-08T18:53:31.000Z</time>
        <extensions>
          <ns3:TrackPointExtension/>
        </extensions>
      </trkpt>
      <trkpt lat="44.03266626410186290740966796875" lon="-121.74222867004573345184326171875">
        <ele>1657.800048828125</ele>
        <time>2025-08-08T18:53:33.000Z</time>
        <extensions>
          <ns3:TrackPointExtension/>
        </extensions>
      </trkpt>
      <trkpt lat="44.03255478478968143463134765625" lon="-121.742019541561603546142578125">
        <ele>1657.800048828125</ele>
        <time>2025-08-08T18:53:34.000Z</time>
        <extensions>
          <ns3:TrackPointExtension/>
        </extensions>
      </trkpt>
      <trkpt lat="44.03242939151823520660400390625" lon="-121.7418287694454193115234375">
        <ele>1657.5999755859375</ele>
        <time>2025-08-08T18:53:35.000Z</time>
        <extensions>
          <ns3:TrackPointExtension/>
        </extensions>
      </trkpt>
      <trkpt lat="44.03214138932526111602783203125" lon="-121.741503216326236724853515625">
        <ele>1657</ele>
        <time>2025-08-08T18:53:37.000Z</time>
        <extensions>
          <ns3:TrackPointExtension/>
        </extensions>
      </trkpt>
      <trkpt lat="44.03165104798972606658935546875" lon="-121.7410779185593128204345703125">
        <ele>1656.4000244140625</ele>
        <time>2025-08-08T18:53:40.000Z</time>
        <extensions>
          <ns3:TrackPointExtension/>
        </extensions>
      </trkpt>
      <trkpt lat="44.03130889870226383209228515625" lon="-121.74078798852860927581787109375">
        <ele>1656.4000244140625</ele>
        <time>2025-08-08T18:53:42.000Z</time>
        <extensions>
          <ns3:TrackPointExtension/>
        </extensions>
      </trkpt>
      <trkpt lat="44.03083766810595989227294921875" lon="-121.74027979373931884765625">
        <ele>1656.199951171875</ele>
        <time>2025-08-08T18:53:45.000Z</time>
        <extensions>
          <ns3:TrackPointExtension/>
        </extensions>
      </trkpt>
      <trkpt lat="44.03058788739144802093505859375" lon="-121.739859692752361297607421875">
        <ele>1655.800048828125</ele>
        <time>2025-08-08T18:53:47.000Z</time>
        <extensions>
          <ns3:TrackPointExtension/>
        </extensions>
      </trkpt>
      <trkpt lat="44.03048512525856494903564453125" lon="-121.73962977714836597442626953125">
        <ele>1655.5999755859375</ele>
        <time>2025-08-08T18:53:48.000Z</time>
        <extensions>
          <ns3:TrackPointExtension/>
        </extensions>
      </trkpt>
      <trkpt lat="44.03024657629430294036865234375" lon="-121.73890423960983753204345703125">
        <ele>1655.199951171875</ele>
        <time>2025-08-08T18:53:51.000Z</time>
        <extensions>
          <ns3:TrackPointExtension/>
        </extensions>
      </trkpt>
      <trkpt lat="44.0300288982689380645751953125" lon="-121.73816378228366374969482421875">
        <ele>1654.800048828125</ele>
        <time>2025-08-08T18:53:54.000Z</time>
        <extensions>
          <ns3:TrackPointExtension/>
        </extensions>
      </trkpt>
      <trkpt lat="44.0297982282936573028564453125" lon="-121.73739868216216564178466796875">
        <ele>1654.199951171875</ele>
        <time>2025-08-08T18:53:57.000Z</time>
        <extensions>
          <ns3:TrackPointExtension/>
        </extensions>
      </trkpt>
      <trkpt lat="44.02963318862020969390869140625" lon="-121.7368718795478343963623046875">
        <ele>1654</ele>
        <time>2025-08-08T18:53:59.000Z</time>
        <extensions>
          <ns3:TrackPointExtension/>
        </extensions>
      </trkpt>
      <trkpt lat="44.02939262799918651580810546875" lon="-121.73607333563268184661865234375">
        <ele>1653.800048828125</ele>
        <time>2025-08-08T18:54:02.000Z</time>
        <extensions>
          <ns3:TrackPointExtension/>
        </extensions>
      </trkpt>
      <trkpt lat="44.02915189974009990692138671875" lon="-121.73527336679399013519287109375">
        <ele>1653.800048828125</ele>
        <time>2025-08-08T18:54:05.000Z</time>
        <extensions>
          <ns3:TrackPointExtension/>
        </extensions>
      </trkpt>
      <trkpt lat="44.0289888717234134674072265625" lon="-121.73473373986780643463134765625">
        <ele>1654</ele>
        <time>2025-08-08T18:54:07.000Z</time>
        <extensions>
          <ns3:TrackPointExtension/>
        </extensions>
      </trkpt>
      <trkpt lat="44.0287424437701702117919921875" lon="-121.733908541500568389892578125">
        <ele>1654.4000244140625</ele>
        <time>2025-08-08T18:54:10.000Z</time>
        <extensions>
          <ns3:TrackPointExtension/>
        </extensions>
      </trkpt>
      <trkpt lat="44.0284973569214344024658203125" lon="-121.733082421123981475830078125">
        <ele>1654.800048828125</ele>
        <time>2025-08-08T18:54:13.000Z</time>
        <extensions>
          <ns3:TrackPointExtension/>
        </extensions>
      </trkpt>
      <trkpt lat="44.02825168333947658538818359375" lon="-121.732259653508663177490234375">
        <ele>1655.199951171875</ele>
        <time>2025-08-08T18:54:16.000Z</time>
        <extensions>
          <ns3:TrackPointExtension/>
        </extensions>
      </trkpt>
      <trkpt lat="44.0280893258750438690185546875" lon="-121.7317166738212108612060546875">
        <ele>1655.4000244140625</ele>
        <time>2025-08-08T18:54:18.000Z</time>
        <extensions>
          <ns3:TrackPointExtension/>
        </extensions>
      </trkpt>
      <trkpt lat="44.0278432331979274749755859375" lon="-121.730899773538112640380859375">
        <ele>1655.5999755859375</ele>
        <time>2025-08-08T18:54:21.000Z</time>
        <extensions>
          <ns3:TrackPointExtension/>
        </extensions>
      </trkpt>
      <trkpt lat="44.02759538032114505767822265625" lon="-121.73008563928306102752685546875">
        <ele>1656</ele>
        <time>2025-08-08T18:54:24.000Z</time>
        <extensions>
          <ns3:TrackPointExtension/>
        </extensions>
      </trkpt>
      <trkpt lat="44.0273570828139781951904296875" lon="-121.7292969860136508941650390625">
        <ele>1656.4000244140625</ele>
        <time>2025-08-08T18:54:27.000Z</time>
        <extensions>
          <ns3:TrackPointExtension/>
        </extensions>
      </trkpt>
      <trkpt lat="44.0271284244954586029052734375" lon="-121.728558875620365142822265625">
        <ele>1657.199951171875</ele>
        <time>2025-08-08T18:54:30.000Z</time>
        <extensions>
          <ns3:TrackPointExtension/>
        </extensions>
      </trkpt>
      <trkpt lat="44.02705659158527851104736328125" lon="-121.728325523436069488525390625">
        <ele>1657.5999755859375</ele>
        <time>2025-08-08T18:54:31.000Z</time>
        <extensions>
          <ns3:TrackPointExtension/>
        </extensions>
      </trkpt>
      <trkpt lat="44.0268521569669246673583984375" lon="-121.72765036113560199737548828125">
        <ele>1658.5999755859375</ele>
        <time>2025-08-08T18:54:34.000Z</time>
        <extensions>
          <ns3:TrackPointExtension/>
        </extensions>
      </trkpt>
      <trkpt lat="44.02671611867845058441162109375" lon="-121.72721207141876220703125">
        <ele>1659.4000244140625</ele>
        <time>2025-08-08T18:54:36.000Z</time>
        <extensions>
          <ns3:TrackPointExtension/>
        </extensions>
      </trkpt>
      <trkpt lat="44.02650539763271808624267578125" lon="-121.726606227457523345947265625">
        <ele>1660.4000244140625</ele>
        <time>2025-08-08T18:54:39.000Z</time>
        <extensions>
          <ns3:TrackPointExtension/>
        </extensions>
      </trkpt>
      <trkpt lat="44.026362486183643341064453125" lon="-121.72626516781747341156005859375">
        <ele>1661</ele>
        <time>2025-08-08T18:54:41.000Z</time>
        <extensions>
          <ns3:TrackPointExtension/>
        </extensions>
      </trkpt>
      <trkpt lat="44.0262298844754695892333984375" lon="-121.7259908281266689300537109375">
        <ele>1661.199951171875</ele>
        <time>2025-08-08T18:54:43.000Z</time>
        <extensions>
          <ns3:TrackPointExtension/>
        </extensions>
      </trkpt>
      <trkpt lat="44.02606911957263946533203125" lon="-121.725701987743377685546875">
        <ele>1661.5999755859375</ele>
        <time>2025-08-08T18:54:46.000Z</time>
        <extensions>
          <ns3:TrackPointExtension/>
        </extensions>
      </trkpt>
      <trkpt lat="44.02590475045144557952880859375" lon="-121.72548715956509113311767578125">
        <ele>1661.800048828125</ele>
        <time>2025-08-08T18:54:50.000Z</time>
        <extensions>
          <ns3:TrackPointExtension/>
        </extensions>
      </trkpt>
      <trkpt lat="44.02580919675529003143310546875" lon="-121.72546327114105224609375">
        <ele>1661.4000244140625</ele>
        <time>2025-08-08T18:54:54.000Z</time>
        <extensions>
          <ns3:TrackPointExtension/>
        </extensions>
      </trkpt>
      <trkpt lat="44.02576242573559284210205078125" lon="-121.72538607381284236907958984375">
        <ele>1661.4000244140625</ele>
        <time>2025-08-08T18:54:59.000Z</time>
        <extensions>
          <ns3:TrackPointExtension/>
        </extensions>
      </trkpt>
      <trkpt lat="44.0257252939045429229736328125" lon="-121.72523729503154754638671875">
        <ele>1661.5999755859375</ele>
        <time>2025-08-08T18:55:04.000Z</time>
        <extensions>
          <ns3:TrackPointExtension/>
        </extensions>
      </trkpt>
      <trkpt lat="44.0256860665977001190185546875" lon="-121.7251781187951564788818359375">
        <ele>1661.800048828125</ele>
        <time>2025-08-08T18:55:05.000Z</time>
        <extensions>
          <ns3:TrackPointExtension/>
        </extensions>
      </trkpt>
      <trkpt lat="44.02550376020371913909912109375" lon="-121.724961362779140472412109375">
        <ele>1662.4000244140625</ele>
        <time>2025-08-08T18:55:08.000Z</time>
        <extensions>
          <ns3:TrackPointExtension/>
        </extensions>
      </trkpt>
      <trkpt lat="44.0251422487199306488037109375" lon="-121.7246009409427642822265625">
        <ele>1664</ele>
        <time>2025-08-08T18:55:12.000Z</time>
        <extensions>
          <ns3:TrackPointExtension/>
        </extensions>
      </trkpt>
      <trkpt lat="44.0247952379286289215087890625" lon="-121.7243184708058834075927734375">
        <ele>1666</ele>
        <time>2025-08-08T18:55:15.000Z</time>
        <extensions>
          <ns3:TrackPointExtension/>
        </extensions>
      </trkpt>
      <trkpt lat="44.0242701955139636993408203125" lon="-121.72394539229571819305419921875">
        <ele>1669.800048828125</ele>
        <time>2025-08-08T18:55:19.000Z</time>
        <extensions>
          <ns3:TrackPointExtension/>
        </extensions>
      </trkpt>
      <trkpt lat="44.02384783141314983367919921875" lon="-121.7236536182463169097900390625">
        <ele>1672.800048828125</ele>
        <time>2025-08-08T18:55:22.000Z</time>
        <extensions>
          <ns3:TrackPointExtension/>
        </extensions>
      </trkpt>
      <trkpt lat="44.02355429716408252716064453125" lon="-121.72345689497888088226318359375">
        <ele>1674.800048828125</ele>
        <time>2025-08-08T18:55:24.000Z</time>
        <extensions>
          <ns3:TrackPointExtension/>
        </extensions>
      </trkpt>
      <trkpt lat="44.02306747622787952423095703125" lon="-121.72317199409008026123046875">
        <ele>1678.199951171875</ele>
        <time>2025-08-08T18:55:27.000Z</time>
        <extensions>
          <ns3:TrackPointExtension/>
        </extensions>
      </trkpt>
      <trkpt lat="44.022890366613864898681640625" lon="-121.723103262484073638916015625">
        <ele>1679.5999755859375</ele>
        <time>2025-08-08T18:55:28.000Z</time>
        <extensions>
          <ns3:TrackPointExtension/>
        </extensions>
      </trkpt>
      <trkpt lat="44.02231528423726558685302734375" lon="-121.7229567468166351318359375">
        <ele>1683.800048828125</ele>
        <time>2025-08-08T18:55:31.000Z</time>
        <extensions>
          <ns3:TrackPointExtension/>
        </extensions>
      </trkpt>
      <trkpt lat="44.022112525999546051025390625" lon="-121.72291718423366546630859375">
        <ele>1686.199951171875</ele>
        <time>2025-08-08T18:55:32.000Z</time>
        <extensions>
          <ns3:TrackPointExtension/>
        </extensions>
      </trkpt>
      <trkpt lat="44.02170784771442413330078125" lon="-121.7227889411151409149169921875">
        <ele>1690.4000244140625</ele>
        <time>2025-08-08T18:55:34.000Z</time>
        <extensions>
          <ns3:TrackPointExtension/>
        </extensions>
      </trkpt>
      <trkpt lat="44.02150844223797321319580078125" lon="-121.72267846763134002685546875">
        <ele>1691</ele>
        <time>2025-08-08T18:55:35.000Z</time>
        <extensions>
          <ns3:TrackPointExtension/>
        </extensions>
      </trkpt>
      <trkpt lat="44.020945094525814056396484375" lon="-121.7222367413341999053955078125">
        <ele>1696.800048828125</ele>
        <time>2025-08-08T18:55:38.000Z</time>
        <extensions>
          <ns3:TrackPointExtension/>
        </extensions>
      </trkpt>
      <trkpt lat="44.020393230020999908447265625" lon="-121.72174497507512569427490234375">
        <ele>1703.800048828125</ele>
        <time>2025-08-08T18:55:41.000Z</time>
        <extensions>
          <ns3:TrackPointExtension/>
        </extensions>
      </trkpt>
      <trkpt lat="44.0200004540383815765380859375" lon="-121.7214743234217166900634765625">
        <ele>1707.199951171875</ele>
        <time>2025-08-08T18:55:43.000Z</time>
        <extensions>
          <ns3:TrackPointExtension/>
        </extensions>
      </trkpt>
      <trkpt lat="44.0193976275622844696044921875" lon="-121.72112454660236835479736328125">
        <ele>1713</ele>
        <time>2025-08-08T18:55:46.000Z</time>
        <extensions>
          <ns3:TrackPointExtension/>
        </extensions>
      </trkpt>
      <trkpt lat="44.019209034740924835205078125" lon="-121.72099496237933635711669921875">
        <ele>1716.199951171875</ele>
        <time>2025-08-08T18:55:47.000Z</time>
        <extensions>
          <ns3:TrackPointExtension/>
        </extensions>
      </trkpt>
      <trkpt lat="44.018863029778003692626953125" lon="-121.72061048448085784912109375">
        <ele>1716.800048828125</ele>
        <time>2025-08-08T18:55:49.000Z</time>
        <extensions>
          <ns3:TrackPointExtension/>
        </extensions>
      </trkpt>
      <trkpt lat="44.01858852244913578033447265625" lon="-121.7201271839439868927001953125">
        <ele>1719.800048828125</ele>
        <time>2025-08-08T18:55:51.000Z</time>
        <extensions>
          <ns3:TrackPointExtension/>
        </extensions>
      </trkpt>
      <trkpt lat="44.01840277947485446929931640625" lon="-121.71956584788858890533447265625">
        <ele>1723.4000244140625</ele>
        <time>2025-08-08T18:55:53.000Z</time>
        <extensions>
          <ns3:TrackPointExtension/>
        </extensions>
      </trkpt>
      <trkpt lat="44.01830269955098628997802734375" lon="-121.7189547233283519744873046875">
        <ele>1726.5999755859375</ele>
        <time>2025-08-08T18:55:55.000Z</time>
        <extensions>
          <ns3:TrackPointExtension/>
        </extensions>
      </trkpt>
      <trkpt lat="44.01828928850591182708740234375" lon="-121.718642078340053558349609375">
        <ele>1728.199951171875</ele>
        <time>2025-08-08T18:55:56.000Z</time>
        <extensions>
          <ns3:TrackPointExtension/>
        </extensions>
      </trkpt>
      <trkpt lat="44.01831929571926593780517578125" lon="-121.71771562658250331878662109375">
        <ele>1732.800048828125</ele>
        <time>2025-08-08T18:55:59.000Z</time>
        <extensions>
          <ns3:TrackPointExtension/>
        </extensions>
      </trkpt>
      <trkpt lat="44.01830957271158695220947265625" lon="-121.7171251215040683746337890625">
        <ele>1737.800048828125</ele>
        <time>2025-08-08T18:56:01.000Z</time>
        <extensions>
          <ns3:TrackPointExtension/>
        </extensions>
      </trkpt>
      <trkpt lat="44.018268585205078125" lon="-121.716834940016269683837890625">
        <ele>1739.5999755859375</ele>
        <time>2025-08-08T18:56:02.000Z</time>
        <extensions>
          <ns3:TrackPointExtension/>
        </extensions>
      </trkpt>
      <trkpt lat="44.01806465350091457366943359375" lon="-121.71599498949944972991943359375">
        <ele>1745.4000244140625</ele>
        <time>2025-08-08T18:56:05.000Z</time>
        <extensions>
          <ns3:TrackPointExtension/>
        </extensions>
      </trkpt>
      <trkpt lat="44.0179046429693698883056640625" lon="-121.7151255346834659576416015625">
        <ele>1750.800048828125</ele>
        <time>2025-08-08T18:56:08.000Z</time>
        <extensions>
          <ns3:TrackPointExtension/>
        </extensions>
      </trkpt>
      <trkpt lat="44.01791797019541263580322265625" lon="-121.71420847065746784210205078125">
        <ele>1756</ele>
        <time>2025-08-08T18:56:11.000Z</time>
        <extensions>
          <ns3:TrackPointExtension/>
        </extensions>
      </trkpt>
      <trkpt lat="44.0181088261306285858154296875" lon="-121.71333222649991512298583984375">
        <ele>1760.800048828125</ele>
        <time>2025-08-08T18:56:14.000Z</time>
        <extensions>
          <ns3:TrackPointExtension/>
        </extensions>
      </trkpt>
      <trkpt lat="44.0183369815349578857421875" lon="-121.7124741710722446441650390625">
        <ele>1766.5999755859375</ele>
        <time>2025-08-08T18:56:17.000Z</time>
        <extensions>
          <ns3:TrackPointExtension/>
        </extensions>
      </trkpt>
      <trkpt lat="44.0185902826488018035888671875" lon="-121.7116332985460758209228515625">
        <ele>1771.5999755859375</ele>
        <time>2025-08-08T18:56:20.000Z</time>
        <extensions>
          <ns3:TrackPointExtension/>
        </extensions>
      </trkpt>
      <trkpt lat="44.0188170969486236572265625" lon="-121.71112082898616790771484375">
        <ele>1774.5999755859375</ele>
        <time>2025-08-08T18:56:22.000Z</time>
        <extensions>
          <ns3:TrackPointExtension/>
        </extensions>
      </trkpt>
      <trkpt lat="44.01895984075963497161865234375" lon="-121.71088689006865024566650390625">
        <ele>1776</ele>
        <time>2025-08-08T18:56:23.000Z</time>
        <extensions>
          <ns3:TrackPointExtension/>
        </extensions>
      </trkpt>
      <trkpt lat="44.01944138109683990478515625" lon="-121.7102559842169284820556640625">
        <ele>1780.199951171875</ele>
        <time>2025-08-08T18:56:26.000Z</time>
        <extensions>
          <ns3:TrackPointExtension/>
        </extensions>
      </trkpt>
      <trkpt lat="44.0199253521859645843505859375" lon="-121.7096407525241374969482421875">
        <ele>1785.4000244140625</ele>
        <time>2025-08-08T18:56:29.000Z</time>
        <extensions>
          <ns3:TrackPointExtension/>
        </extensions>
      </trkpt>
      <trkpt lat="44.020068347454071044921875" lon="-121.7094142735004425048828125">
        <ele>1787.199951171875</ele>
        <time>2025-08-08T18:56:30.000Z</time>
        <extensions>
          <ns3:TrackPointExtension/>
        </extensions>
      </trkpt>
      <trkpt lat="44.02019508183002471923828125" lon="-121.7091706953942775726318359375">
        <ele>1789.199951171875</ele>
        <time>2025-08-08T18:56:31.000Z</time>
        <extensions>
          <ns3:TrackPointExtension/>
        </extensions>
      </trkpt>
      <trkpt lat="44.02038845233619213104248046875" lon="-121.708635427057743072509765625">
        <ele>1792.800048828125</ele>
        <time>2025-08-08T18:56:33.000Z</time>
        <extensions>
          <ns3:TrackPointExtension/>
        </extensions>
      </trkpt>
      <trkpt lat="44.020525328814983367919921875" lon="-121.70775909908115863800048828125">
        <ele>1798</ele>
        <time>2025-08-08T18:56:36.000Z</time>
        <extensions>
          <ns3:TrackPointExtension/>
        </extensions>
      </trkpt>
      <trkpt lat="44.0205794759094715118408203125" lon="-121.70685351826250553131103515625">
        <ele>1803.199951171875</ele>
        <time>2025-08-08T18:56:39.000Z</time>
        <extensions>
          <ns3:TrackPointExtension/>
        </extensions>
      </trkpt>
      <trkpt lat="44.0206230618059635162353515625" lon="-121.70594072900712490081787109375">
        <ele>1808.5999755859375</ele>
        <time>2025-08-08T18:56:42.000Z</time>
        <extensions>
          <ns3:TrackPointExtension/>
        </extensions>
      </trkpt>
      <trkpt lat="44.02067787945270538330078125" lon="-121.70502928085625171661376953125">
        <ele>1814</ele>
        <time>2025-08-08T18:56:45.000Z</time>
        <extensions>
          <ns3:TrackPointExtension/>
        </extensions>
      </trkpt>
      <trkpt lat="44.02073278091847896575927734375" lon="-121.70411414466798305511474609375">
        <ele>1818.5999755859375</ele>
        <time>2025-08-08T18:56:48.000Z</time>
        <extensions>
          <ns3:TrackPointExtension/>
        </extensions>
      </trkpt>
      <trkpt lat="44.0207883529365062713623046875" lon="-121.70320286415517330169677734375">
        <ele>1822.4000244140625</ele>
        <time>2025-08-08T18:56:51.000Z</time>
        <extensions>
          <ns3:TrackPointExtension/>
        </extensions>
      </trkpt>
      <trkpt lat="44.02084358967840671539306640625" lon="-121.70229493640363216400146484375">
        <ele>1825.800048828125</ele>
        <time>2025-08-08T18:56:54.000Z</time>
        <extensions>
          <ns3:TrackPointExtension/>
        </extensions>
      </trkpt>
      <trkpt lat="44.02084157802164554595947265625" lon="-121.70139069668948650360107421875">
        <ele>1828.4000244140625</ele>
        <time>2025-08-08T18:56:57.000Z</time>
        <extensions>
          <ns3:TrackPointExtension/>
        </extensions>
      </trkpt>
      <trkpt lat="44.02080805040895938873291015625" lon="-121.70109448023140430450439453125">
        <ele>1829.4000244140625</ele>
        <time>2025-08-08T18:56:58.000Z</time>
        <extensions>
          <ns3:TrackPointExtension/>
        </extensions>
      </trkpt>
      <trkpt lat="44.02067863382399082183837890625" lon="-121.70052752830088138580322265625">
        <ele>1831.199951171875</ele>
        <time>2025-08-08T18:57:00.000Z</time>
        <extensions>
          <ns3:TrackPointExtension/>
        </extensions>
      </trkpt>
      <trkpt lat="44.0203987620770931243896484375" lon="-121.6997306607663631439208984375">
        <ele>1833.800048828125</ele>
        <time>2025-08-08T18:57:03.000Z</time>
        <extensions>
          <ns3:TrackPointExtension/>
        </extensions>
      </trkpt>
      <trkpt lat="44.02030094526708126068115234375" lon="-121.6994681395590305328369140625">
        <ele>1834.5999755859375</ele>
        <time>2025-08-08T18:57:04.000Z</time>
        <extensions>
          <ns3:TrackPointExtension/>
        </extensions>
      </trkpt>
      <trkpt lat="44.020029790699481964111328125" lon="-121.69865584932267665863037109375">
        <ele>1837</ele>
        <time>2025-08-08T18:57:07.000Z</time>
        <extensions>
          <ns3:TrackPointExtension/>
        </extensions>
      </trkpt>
      <trkpt lat="44.01995544321835041046142578125" lon="-121.6983717866241931915283203125">
        <ele>1837.800048828125</ele>
        <time>2025-08-08T18:57:08.000Z</time>
        <extensions>
          <ns3:TrackPointExtension/>
        </extensions>
      </trkpt>
      <trkpt lat="44.01977992616593837738037109375" lon="-121.69749118387699127197265625">
        <ele>1840.199951171875</ele>
        <time>2025-08-08T18:57:11.000Z</time>
        <extensions>
          <ns3:TrackPointExtension/>
        </extensions>
      </trkpt>
      <trkpt lat="44.01974203996360301971435546875" lon="-121.69719002209603786468505859375">
        <ele>1841</ele>
        <time>2025-08-08T18:57:12.000Z</time>
        <extensions>
          <ns3:TrackPointExtension/>
        </extensions>
      </trkpt>
      <trkpt lat="44.0197037346661090850830078125" lon="-121.69627388007938861846923828125">
        <ele>1843.5999755859375</ele>
        <time>2025-08-08T18:57:15.000Z</time>
        <extensions>
          <ns3:TrackPointExtension/>
        </extensions>
      </trkpt>
      <trkpt lat="44.01971622370183467864990234375" lon="-121.6953603364527225494384765625">
        <ele>1846.199951171875</ele>
        <time>2025-08-08T18:57:18.000Z</time>
        <extensions>
          <ns3:TrackPointExtension/>
        </extensions>
      </trkpt>
      <trkpt lat="44.01973164640367031097412109375" lon="-121.69445198960602283477783203125">
        <ele>1849.199951171875</ele>
        <time>2025-08-08T18:57:21.000Z</time>
        <extensions>
          <ns3:TrackPointExtension/>
        </extensions>
      </trkpt>
      <trkpt lat="44.01975142769515514373779296875" lon="-121.6935337521135807037353515625">
        <ele>1851.199951171875</ele>
        <time>2025-08-08T18:57:24.000Z</time>
        <extensions>
          <ns3:TrackPointExtension/>
        </extensions>
      </trkpt>
      <trkpt lat="44.01973365806043148040771484375" lon="-121.692606545984745025634765625">
        <ele>1852</ele>
        <time>2025-08-08T18:57:27.000Z</time>
        <extensions>
          <ns3:TrackPointExtension/>
        </extensions>
      </trkpt>
      <trkpt lat="44.01970398612320423126220703125" lon="-121.69229976832866668701171875">
        <ele>1852</ele>
        <time>2025-08-08T18:57:28.000Z</time>
        <extensions>
          <ns3:TrackPointExtension/>
        </extensions>
      </trkpt>
      <trkpt lat="44.01953215710818767547607421875" lon="-121.69140768237411975860595703125">
        <ele>1851.5999755859375</ele>
        <time>2025-08-08T18:57:31.000Z</time>
        <extensions>
          <ns3:TrackPointExtension/>
        </extensions>
      </trkpt>
      <trkpt lat="44.01922252960503101348876953125" lon="-121.690591871738433837890625">
        <ele>1851</ele>
        <time>2025-08-08T18:57:34.000Z</time>
        <extensions>
          <ns3:TrackPointExtension/>
        </extensions>
      </trkpt>
      <trkpt lat="44.01881064288318157196044921875" lon="-121.6898725368082523345947265625">
        <ele>1850.800048828125</ele>
        <time>2025-08-08T18:57:37.000Z</time>
        <extensions>
          <ns3:TrackPointExtension/>
        </extensions>
      </trkpt>
      <trkpt lat="44.0183579362928867340087890625" lon="-121.689216233789920806884765625">
        <ele>1851.4000244140625</ele>
        <time>2025-08-08T18:57:40.000Z</time>
        <extensions>
          <ns3:TrackPointExtension/>
        </extensions>
      </trkpt>
      <trkpt lat="44.0180581994354724884033203125" lon="-121.68878649361431598663330078125">
        <ele>1852.4000244140625</ele>
        <time>2025-08-08T18:57:42.000Z</time>
        <extensions>
          <ns3:TrackPointExtension/>
        </extensions>
      </trkpt>
      <trkpt lat="44.0176186524331569671630859375" lon="-121.6881443560123443603515625">
        <ele>1854.5999755859375</ele>
        <time>2025-08-08T18:57:45.000Z</time>
        <extensions>
          <ns3:TrackPointExtension/>
        </extensions>
      </trkpt>
      <trkpt lat="44.017181955277919769287109375" lon="-121.68750557117164134979248046875">
        <ele>1857.4000244140625</ele>
        <time>2025-08-08T18:57:48.000Z</time>
        <extensions>
          <ns3:TrackPointExtension/>
        </extensions>
      </trkpt>
      <trkpt lat="44.0167368762195110321044921875" lon="-121.686849854886531829833984375">
        <ele>1860</ele>
        <time>2025-08-08T18:57:51.000Z</time>
        <extensions>
          <ns3:TrackPointExtension/>
        </extensions>
      </trkpt>
      <trkpt lat="44.01658642105758190155029296875" lon="-121.68662647716701030731201171875">
        <ele>1860.5999755859375</ele>
        <time>2025-08-08T18:57:52.000Z</time>
        <extensions>
          <ns3:TrackPointExtension/>
        </extensions>
      </trkpt>
      <trkpt lat="44.01613078080117702484130859375" lon="-121.68595558963716030120849609375">
        <ele>1862.4000244140625</ele>
        <time>2025-08-08T18:57:55.000Z</time>
        <extensions>
          <ns3:TrackPointExtension/>
        </extensions>
      </trkpt>
      <trkpt lat="44.015678577125072479248046875" lon="-121.685284785926342010498046875">
        <ele>1863.5999755859375</ele>
        <time>2025-08-08T18:57:58.000Z</time>
        <extensions>
          <ns3:TrackPointExtension/>
        </extensions>
      </trkpt>
      <trkpt lat="44.01523165404796600341796875" lon="-121.68462119065225124359130859375">
        <ele>1864.800048828125</ele>
        <time>2025-08-08T18:58:01.000Z</time>
        <extensions>
          <ns3:TrackPointExtension/>
        </extensions>
      </trkpt>
      <trkpt lat="44.01508237235248088836669921875" lon="-121.6843991540372371673583984375">
        <ele>1865.4000244140625</ele>
        <time>2025-08-08T18:58:02.000Z</time>
        <extensions>
          <ns3:TrackPointExtension/>
        </extensions>
      </trkpt>
      <trkpt lat="44.01463544927537441253662109375" lon="-121.68373522348701953887939453125">
        <ele>1866.800048828125</ele>
        <time>2025-08-08T18:58:05.000Z</time>
        <extensions>
          <ns3:TrackPointExtension/>
        </extensions>
      </trkpt>
      <trkpt lat="44.01418483816087245941162109375" lon="-121.6830744780600070953369140625">
        <ele>1868.800048828125</ele>
        <time>2025-08-08T18:58:08.000Z</time>
        <extensions>
          <ns3:TrackPointExtension/>
        </extensions>
      </trkpt>
      <trkpt lat="44.0137396752834320068359375" lon="-121.682408787310123443603515625">
        <ele>1871.4000244140625</ele>
        <time>2025-08-08T18:58:11.000Z</time>
        <extensions>
          <ns3:TrackPointExtension/>
        </extensions>
      </trkpt>
      <trkpt lat="44.0132932551205158233642578125" lon="-121.6817434318363666534423828125">
        <ele>1874.800048828125</ele>
        <time>2025-08-08T18:58:14.000Z</time>
        <extensions>
          <ns3:TrackPointExtension/>
        </extensions>
      </trkpt>
      <trkpt lat="44.01314279995858669281005859375" lon="-121.68152332305908203125">
        <ele>1875.800048828125</ele>
        <time>2025-08-08T18:58:15.000Z</time>
        <extensions>
          <ns3:TrackPointExtension/>
        </extensions>
      </trkpt>
      <trkpt lat="44.0126770175993442535400390625" lon="-121.680871546268463134765625">
        <ele>1878.5999755859375</ele>
        <time>2025-08-08T18:58:18.000Z</time>
        <extensions>
          <ns3:TrackPointExtension/>
        </extensions>
      </trkpt>
      <trkpt lat="44.01218022219836711883544921875" lon="-121.6802511177957057952880859375">
        <ele>1880.4000244140625</ele>
        <time>2025-08-08T18:58:21.000Z</time>
        <extensions>
          <ns3:TrackPointExtension/>
        </extensions>
      </trkpt>
      <trkpt lat="44.01167294941842555999755859375" lon="-121.67966597713530063629150390625">
        <ele>1881.800048828125</ele>
        <time>2025-08-08T18:58:24.000Z</time>
        <extensions>
          <ns3:TrackPointExtension/>
        </extensions>
      </trkpt>
      <trkpt lat="44.01116768829524517059326171875" lon="-121.67911025695502758026123046875">
        <ele>1884.4000244140625</ele>
        <time>2025-08-08T18:58:27.000Z</time>
        <extensions>
          <ns3:TrackPointExtension/>
        </extensions>
      </trkpt>
      <trkpt lat="44.010835848748683929443359375" lon="-121.678744889795780181884765625">
        <ele>1886.800048828125</ele>
        <time>2025-08-08T18:58:29.000Z</time>
        <extensions>
          <ns3:TrackPointExtension/>
        </extensions>
      </trkpt>
      <trkpt lat="44.01033796370029449462890625" lon="-121.67819327674806118011474609375">
        <ele>1891.800048828125</ele>
        <time>2025-08-08T18:58:32.000Z</time>
        <extensions>
          <ns3:TrackPointExtension/>
        </extensions>
      </trkpt>
      <trkpt lat="44.0098647214472293853759765625" lon="-121.67757268063724040985107421875">
        <ele>1897.4000244140625</ele>
        <time>2025-08-08T18:58:35.000Z</time>
        <extensions>
          <ns3:TrackPointExtension/>
        </extensions>
      </trkpt>
      <trkpt lat="44.009465239942073822021484375" lon="-121.67682115919888019561767578125">
        <ele>1903.4000244140625</ele>
        <time>2025-08-08T18:58:38.000Z</time>
        <extensions>
          <ns3:TrackPointExtension/>
        </extensions>
      </trkpt>
      <trkpt lat="44.009258039295673370361328125" lon="-121.6762636788189411163330078125">
        <ele>1907</ele>
        <time>2025-08-08T18:58:40.000Z</time>
        <extensions>
          <ns3:TrackPointExtension/>
        </extensions>
      </trkpt>
      <trkpt lat="44.0091750584542751312255859375" lon="-121.6759709827601909637451171875">
        <ele>1908.5999755859375</ele>
        <time>2025-08-08T18:58:41.000Z</time>
        <extensions>
          <ns3:TrackPointExtension/>
        </extensions>
      </trkpt>
      <trkpt lat="44.00904622860252857208251953125" lon="-121.675367988646030426025390625">
        <ele>1911.4000244140625</ele>
        <time>2025-08-08T18:58:43.000Z</time>
        <extensions>
          <ns3:TrackPointExtension/>
        </extensions>
      </trkpt>
      <trkpt lat="44.00899308733642101287841796875" lon="-121.67506255209445953369140625">
        <ele>1912.4000244140625</ele>
        <time>2025-08-08T18:58:44.000Z</time>
        <extensions>
          <ns3:TrackPointExtension/>
        </extensions>
      </trkpt>
      <trkpt lat="44.0088977850973606109619140625" lon="-121.67445226572453975677490234375">
        <ele>1914.5999755859375</ele>
        <time>2025-08-08T18:58:46.000Z</time>
        <extensions>
          <ns3:TrackPointExtension/>
        </extensions>
      </trkpt>
      <trkpt lat="44.00875755585730075836181640625" lon="-121.67355439625680446624755859375">
        <ele>1917</ele>
        <time>2025-08-08T18:58:49.000Z</time>
        <extensions>
          <ns3:TrackPointExtension/>
        </extensions>
      </trkpt>
      <trkpt lat="44.0085978806018829345703125" lon="-121.6726832650601863861083984375">
        <ele>1919.4000244140625</ele>
        <time>2025-08-08T18:58:52.000Z</time>
        <extensions>
          <ns3:TrackPointExtension/>
        </extensions>
      </trkpt>
      <trkpt lat="44.00836729444563388824462890625" lon="-121.6718499362468719482421875">
        <ele>1921</ele>
        <time>2025-08-08T18:58:55.000Z</time>
        <extensions>
          <ns3:TrackPointExtension/>
        </extensions>
      </trkpt>
      <trkpt lat="44.0080076269805431365966796875" lon="-121.671083830296993255615234375">
        <ele>1921.4000244140625</ele>
        <time>2025-08-08T18:58:58.000Z</time>
        <extensions>
          <ns3:TrackPointExtension/>
        </extensions>
      </trkpt>
      <trkpt lat="44.00769204832613468170166015625" lon="-121.6706390865147113800048828125">
        <ele>1920.800048828125</ele>
        <time>2025-08-08T18:59:00.000Z</time>
        <extensions>
          <ns3:TrackPointExtension/>
        </extensions>
      </trkpt>
      <trkpt lat="44.00751602835953235626220703125" lon="-121.67043976485729217529296875">
        <ele>1920.4000244140625</ele>
        <time>2025-08-08T18:59:01.000Z</time>
        <extensions>
          <ns3:TrackPointExtension/>
        </extensions>
      </trkpt>
      <trkpt lat="44.007138423621654510498046875" lon="-121.6700788401067256927490234375">
        <ele>1919.5999755859375</ele>
        <time>2025-08-08T18:59:03.000Z</time>
        <extensions>
          <ns3:TrackPointExtension/>
        </extensions>
      </trkpt>
      <trkpt lat="44.00694228708744049072265625" lon="-121.66991941630840301513671875">
        <ele>1919.199951171875</ele>
        <time>2025-08-08T18:59:04.000Z</time>
        <extensions>
          <ns3:TrackPointExtension/>
        </extensions>
      </trkpt>
      <trkpt lat="44.006358571350574493408203125" lon="-121.66946805082261562347412109375">
        <ele>1917.800048828125</ele>
        <time>2025-08-08T18:59:07.000Z</time>
        <extensions>
          <ns3:TrackPointExtension/>
        </extensions>
      </trkpt>
      <trkpt lat="44.00578851811587810516357421875" lon="-121.66902414523065090179443359375">
        <ele>1917.4000244140625</ele>
        <time>2025-08-08T18:59:10.000Z</time>
        <extensions>
          <ns3:TrackPointExtension/>
        </extensions>
      </trkpt>
      <trkpt lat="44.00522156618535518646240234375" lon="-121.66857336647808551788330078125">
        <ele>1917.199951171875</ele>
        <time>2025-08-08T18:59:13.000Z</time>
        <extensions>
          <ns3:TrackPointExtension/>
        </extensions>
      </trkpt>
      <trkpt lat="44.004650674760341644287109375" lon="-121.66812392883002758026123046875">
        <ele>1917.4000244140625</ele>
        <time>2025-08-08T18:59:16.000Z</time>
        <extensions>
          <ns3:TrackPointExtension/>
        </extensions>
      </trkpt>
      <trkpt lat="44.00408112443983554840087890625" lon="-121.66766342706978321075439453125">
        <ele>1918.4000244140625</ele>
        <time>2025-08-08T18:59:19.000Z</time>
        <extensions>
          <ns3:TrackPointExtension/>
        </extensions>
      </trkpt>
      <trkpt lat="44.0035149268805980682373046875" lon="-121.6672085411846637725830078125">
        <ele>1919.5999755859375</ele>
        <time>2025-08-08T18:59:22.000Z</time>
        <extensions>
          <ns3:TrackPointExtension/>
        </extensions>
      </trkpt>
      <trkpt lat="44.00313665159046649932861328125" lon="-121.66690989397466182708740234375">
        <ele>1920.4000244140625</ele>
        <time>2025-08-08T18:59:24.000Z</time>
        <extensions>
          <ns3:TrackPointExtension/>
        </extensions>
      </trkpt>
      <trkpt lat="44.00256131775677204132080078125" lon="-121.6664501465857028961181640625">
        <ele>1922</ele>
        <time>2025-08-08T18:59:27.000Z</time>
        <extensions>
          <ns3:TrackPointExtension/>
        </extensions>
      </trkpt>
      <trkpt lat="44.001986570656299591064453125" lon="-121.66598989628255367279052734375">
        <ele>1923.800048828125</ele>
        <time>2025-08-08T18:59:30.000Z</time>
        <extensions>
          <ns3:TrackPointExtension/>
        </extensions>
      </trkpt>
      <trkpt lat="44.00141869671642780303955078125" lon="-121.66553668677806854248046875">
        <ele>1925.5999755859375</ele>
        <time>2025-08-08T18:59:33.000Z</time>
        <extensions>
          <ns3:TrackPointExtension/>
        </extensions>
      </trkpt>
      <trkpt lat="44.001036398112773895263671875" lon="-121.665233932435512542724609375">
        <ele>1927</ele>
        <time>2025-08-08T18:59:35.000Z</time>
        <extensions>
          <ns3:TrackPointExtension/>
        </extensions>
      </trkpt>
      <trkpt lat="44.00064102374017238616943359375" lon="-121.664916761219501495361328125">
        <ele>1928.5999755859375</ele>
        <time>2025-08-08T18:59:37.000Z</time>
        <extensions>
          <ns3:TrackPointExtension/>
        </extensions>
      </trkpt>
      <trkpt lat="44.000236429274082183837890625" lon="-121.6646074689924716949462890625">
        <ele>1930.800048828125</ele>
        <time>2025-08-08T18:59:39.000Z</time>
        <extensions>
          <ns3:TrackPointExtension/>
        </extensions>
      </trkpt>
      <trkpt lat="43.99982345290482044219970703125" lon="-121.6642956621944904327392578125">
        <ele>1933.199951171875</ele>
        <time>2025-08-08T18:59:41.000Z</time>
        <extensions>
          <ns3:TrackPointExtension/>
        </extensions>
      </trkpt>
      <trkpt lat="43.99961725808680057525634765625" lon="-121.66413648985326290130615234375">
        <ele>1934.4000244140625</ele>
        <time>2025-08-08T18:59:42.000Z</time>
        <extensions>
          <ns3:TrackPointExtension/>
        </extensions>
      </trkpt>
      <trkpt lat="43.9992049522697925567626953125" lon="-121.6638054884970188140869140625">
        <ele>1936.4000244140625</ele>
        <time>2025-08-08T18:59:44.000Z</time>
        <extensions>
          <ns3:TrackPointExtension/>
        </extensions>
      </trkpt>
      <trkpt lat="43.9987890422344207763671875" lon="-121.66346442885696887969970703125">
        <ele>1938.199951171875</ele>
        <time>2025-08-08T18:59:46.000Z</time>
        <extensions>
          <ns3:TrackPointExtension/>
        </extensions>
      </trkpt>
      <trkpt lat="43.9983711205422878265380859375" lon="-121.6631205193698406219482421875">
        <ele>1939.5999755859375</ele>
        <time>2025-08-08T18:59:48.000Z</time>
        <extensions>
          <ns3:TrackPointExtension/>
        </extensions>
      </trkpt>
      <trkpt lat="43.99816048331558704376220703125" lon="-121.66295045055449008941650390625">
        <ele>1940.199951171875</ele>
        <time>2025-08-08T18:59:49.000Z</time>
        <extensions>
          <ns3:TrackPointExtension/>
        </extensions>
      </trkpt>
      <trkpt lat="43.9977374486625194549560546875" lon="-121.662618778645992279052734375">
        <ele>1941.5999755859375</ele>
        <time>2025-08-08T18:59:51.000Z</time>
        <extensions>
          <ns3:TrackPointExtension/>
        </extensions>
      </trkpt>
      <trkpt lat="43.9973203651607036590576171875" lon="-121.66229029186069965362548828125">
        <ele>1942.800048828125</ele>
        <time>2025-08-08T18:59:53.000Z</time>
        <extensions>
          <ns3:TrackPointExtension/>
        </extensions>
      </trkpt>
      <trkpt lat="43.9969074726104736328125" lon="-121.6619607992470264434814453125">
        <ele>1944.199951171875</ele>
        <time>2025-08-08T18:59:55.000Z</time>
        <extensions>
          <ns3:TrackPointExtension/>
        </extensions>
      </trkpt>
      <trkpt lat="43.99649684317409992218017578125" lon="-121.66162963025271892547607421875">
        <ele>1945.4000244140625</ele>
        <time>2025-08-08T18:59:57.000Z</time>
        <extensions>
          <ns3:TrackPointExtension/>
        </extensions>
      </trkpt>
      <trkpt lat="43.9960885606706142425537109375" lon="-121.66129468940198421478271484375">
        <ele>1946.5999755859375</ele>
        <time>2025-08-08T18:59:59.000Z</time>
        <extensions>
          <ns3:TrackPointExtension/>
        </extensions>
      </trkpt>
      <trkpt lat="43.99568296037614345550537109375" lon="-121.66094616986811161041259765625">
        <ele>1948.4000244140625</ele>
        <time>2025-08-08T19:00:01.000Z</time>
        <extensions>
          <ns3:TrackPointExtension/>
        </extensions>
      </trkpt>
      <trkpt lat="43.99528364650905132293701171875" lon="-121.66058222763240337371826171875">
        <ele>1949.5999755859375</ele>
        <time>2025-08-08T19:00:03.000Z</time>
        <extensions>
          <ns3:TrackPointExtension/>
        </extensions>
      </trkpt>
      <trkpt lat="43.9948906190693378448486328125" lon="-121.66019615717232227325439453125">
        <ele>1950.199951171875</ele>
        <time>2025-08-08T19:00:05.000Z</time>
        <extensions>
          <ns3:TrackPointExtension/>
        </extensions>
      </trkpt>
      <trkpt lat="43.99450815282762050628662109375" lon="-121.659784354269504547119140625">
        <ele>1950.4000244140625</ele>
        <time>2025-08-08T19:00:07.000Z</time>
        <extensions>
          <ns3:TrackPointExtension/>
        </extensions>
      </trkpt>
      <trkpt lat="43.99413582868874073028564453125" lon="-121.65935218334197998046875">
        <ele>1950.199951171875</ele>
        <time>2025-08-08T19:00:09.000Z</time>
        <extensions>
          <ns3:TrackPointExtension/>
        </extensions>
      </trkpt>
      <trkpt lat="43.99395234882831573486328125" lon="-121.659131236374378204345703125">
        <ele>1950</ele>
        <time>2025-08-08T19:00:10.000Z</time>
        <extensions>
          <ns3:TrackPointExtension/>
        </extensions>
      </trkpt>
      <trkpt lat="43.9935882389545440673828125" lon="-121.6586821340024471282958984375">
        <ele>1949</ele>
        <time>2025-08-08T19:00:12.000Z</time>
        <extensions>
          <ns3:TrackPointExtension/>
        </extensions>
      </trkpt>
      <trkpt lat="43.99322622455656528472900390625" lon="-121.65823093615472316741943359375">
        <ele>1947.800048828125</ele>
        <time>2025-08-08T19:00:14.000Z</time>
        <extensions>
          <ns3:TrackPointExtension/>
        </extensions>
      </trkpt>
      <trkpt lat="43.99286496452987194061279296875" lon="-121.6577795706689357757568359375">
        <ele>1946.800048828125</ele>
        <time>2025-08-08T19:00:16.000Z</time>
        <extensions>
          <ns3:TrackPointExtension/>
        </extensions>
      </trkpt>
      <trkpt lat="43.99250839836895465850830078125" lon="-121.65733055211603641510009765625">
        <ele>1945.800048828125</ele>
        <time>2025-08-08T19:00:18.000Z</time>
        <extensions>
          <ns3:TrackPointExtension/>
        </extensions>
      </trkpt>
      <trkpt lat="43.99233187548816204071044921875" lon="-121.65710507892072200775146484375">
        <ele>1945.4000244140625</ele>
        <time>2025-08-08T19:00:19.000Z</time>
        <extensions>
          <ns3:TrackPointExtension/>
        </extensions>
      </trkpt>
      <trkpt lat="43.9919827692210674285888671875" lon="-121.65665212087333202362060546875">
        <ele>1944.5999755859375</ele>
        <time>2025-08-08T19:00:21.000Z</time>
        <extensions>
          <ns3:TrackPointExtension/>
        </extensions>
      </trkpt>
      <trkpt lat="43.991635255515575408935546875" lon="-121.65619597770273685455322265625">
        <ele>1944</ele>
        <time>2025-08-08T19:00:23.000Z</time>
        <extensions>
          <ns3:TrackPointExtension/>
        </extensions>
      </trkpt>
      <trkpt lat="43.9913041703402996063232421875" lon="-121.65571653284132480621337890625">
        <ele>1943.4000244140625</ele>
        <time>2025-08-08T19:00:25.000Z</time>
        <extensions>
          <ns3:TrackPointExtension/>
        </extensions>
      </trkpt>
      <trkpt lat="43.99114885367453098297119140625" lon="-121.65546356700360774993896484375">
        <ele>1943</ele>
        <time>2025-08-08T19:00:26.000Z</time>
        <extensions>
          <ns3:TrackPointExtension/>
        </extensions>
      </trkpt>
      <trkpt lat="43.9908604323863983154296875" lon="-121.65493047796189785003662109375">
        <ele>1942</ele>
        <time>2025-08-08T19:00:28.000Z</time>
        <extensions>
          <ns3:TrackPointExtension/>
        </extensions>
      </trkpt>
      <trkpt lat="43.990601263940334320068359375" lon="-121.65436553768813610076904296875">
        <ele>1941.199951171875</ele>
        <time>2025-08-08T19:00:30.000Z</time>
        <extensions>
          <ns3:TrackPointExtension/>
        </extensions>
      </trkpt>
      <trkpt lat="43.9903667382895946502685546875" lon="-121.653779558837413787841796875">
        <ele>1940.199951171875</ele>
        <time>2025-08-08T19:00:32.000Z</time>
        <extensions>
          <ns3:TrackPointExtension/>
        </extensions>
      </trkpt>
      <trkpt lat="43.99014889262616634368896484375" lon="-121.65318083949387073516845703125">
        <ele>1939.199951171875</ele>
        <time>2025-08-08T19:00:34.000Z</time>
        <extensions>
          <ns3:TrackPointExtension/>
        </extensions>
      </trkpt>
      <trkpt lat="43.98993263952434062957763671875" lon="-121.65258103050291538238525390625">
        <ele>1938.4000244140625</ele>
        <time>2025-08-08T19:00:36.000Z</time>
        <extensions>
          <ns3:TrackPointExtension/>
        </extensions>
      </trkpt>
      <trkpt lat="43.9897062443196773529052734375" lon="-121.65199019014835357666015625">
        <ele>1937.5999755859375</ele>
        <time>2025-08-08T19:00:38.000Z</time>
        <extensions>
          <ns3:TrackPointExtension/>
        </extensions>
      </trkpt>
      <trkpt lat="43.98945453576743602752685546875" lon="-121.65142265148460865020751953125">
        <ele>1936.5999755859375</ele>
        <time>2025-08-08T19:00:40.000Z</time>
        <extensions>
          <ns3:TrackPointExtension/>
        </extensions>
      </trkpt>
      <trkpt lat="43.98916686885058879852294921875" lon="-121.650892160832881927490234375">
        <ele>1935.199951171875</ele>
        <time>2025-08-08T19:00:42.000Z</time>
        <extensions>
          <ns3:TrackPointExtension/>
        </extensions>
      </trkpt>
      <trkpt lat="43.98900995962321758270263671875" lon="-121.65064263157546520233154296875">
        <ele>1934.4000244140625</ele>
        <time>2025-08-08T19:00:43.000Z</time>
        <extensions>
          <ns3:TrackPointExtension/>
        </extensions>
      </trkpt>
      <trkpt lat="43.988681472837924957275390625" lon="-121.65016083978116512298583984375">
        <ele>1932.4000244140625</ele>
        <time>2025-08-08T19:00:45.000Z</time>
        <extensions>
          <ns3:TrackPointExtension/>
        </extensions>
      </trkpt>
      <trkpt lat="43.98834326304495334625244140625" lon="-121.6496873460710048675537109375">
        <ele>1930.4000244140625</ele>
        <time>2025-08-08T19:00:47.000Z</time>
        <extensions>
          <ns3:TrackPointExtension/>
        </extensions>
      </trkpt>
      <trkpt lat="43.98800295777618885040283203125" lon="-121.6492092423141002655029296875">
        <ele>1928</ele>
        <time>2025-08-08T19:00:49.000Z</time>
        <extensions>
          <ns3:TrackPointExtension/>
        </extensions>
      </trkpt>
      <trkpt lat="43.9876627363264560699462890625" lon="-121.64872518740594387054443359375">
        <ele>1925.5999755859375</ele>
        <time>2025-08-08T19:00:51.000Z</time>
        <extensions>
          <ns3:TrackPointExtension/>
        </extensions>
      </trkpt>
      <trkpt lat="43.9873333275318145751953125" lon="-121.64822579361498355865478515625">
        <ele>1922.800048828125</ele>
        <time>2025-08-08T19:00:53.000Z</time>
        <extensions>
          <ns3:TrackPointExtension/>
        </extensions>
      </trkpt>
      <trkpt lat="43.9870329201221466064453125" lon="-121.6476887650787830352783203125">
        <ele>1919.5999755859375</ele>
        <time>2025-08-08T19:00:55.000Z</time>
        <extensions>
          <ns3:TrackPointExtension/>
        </extensions>
      </trkpt>
      <trkpt lat="43.98677517659962177276611328125" lon="-121.64710513316094875335693359375">
        <ele>1916.4000244140625</ele>
        <time>2025-08-08T19:00:57.000Z</time>
        <extensions>
          <ns3:TrackPointExtension/>
        </extensions>
      </trkpt>
      <trkpt lat="43.9866666309535503387451171875" lon="-121.646796762943267822265625">
        <ele>1914.800048828125</ele>
        <time>2025-08-08T19:00:58.000Z</time>
        <extensions>
          <ns3:TrackPointExtension/>
        </extensions>
      </trkpt>
      <trkpt lat="43.986489437520503997802734375" lon="-121.64615227840840816497802734375">
        <ele>1911.5999755859375</ele>
        <time>2025-08-08T19:01:00.000Z</time>
        <extensions>
          <ns3:TrackPointExtension/>
        </extensions>
      </trkpt>
      <trkpt lat="43.98641592822968959808349609375" lon="-121.64582404308021068572998046875">
        <ele>1909.800048828125</ele>
        <time>2025-08-08T19:01:01.000Z</time>
        <extensions>
          <ns3:TrackPointExtension/>
        </extensions>
      </trkpt>
      <trkpt lat="43.98628667928278446197509765625" lon="-121.6451674886047840118408203125">
        <ele>1906.5999755859375</ele>
        <time>2025-08-08T19:01:03.000Z</time>
        <extensions>
          <ns3:TrackPointExtension/>
        </extensions>
      </trkpt>
      <trkpt lat="43.9861573465168476104736328125" lon="-121.644518561661243438720703125">
        <ele>1903.5999755859375</ele>
        <time>2025-08-08T19:01:05.000Z</time>
        <extensions>
          <ns3:TrackPointExtension/>
        </extensions>
      </trkpt>
      <trkpt lat="43.986013345420360565185546875" lon="-121.64388095028698444366455078125">
        <ele>1900.5999755859375</ele>
        <time>2025-08-08T19:01:07.000Z</time>
        <extensions>
          <ns3:TrackPointExtension/>
        </extensions>
      </trkpt>
      <trkpt lat="43.98582793772220611572265625" lon="-121.64327292703092098236083984375">
        <ele>1897.5999755859375</ele>
        <time>2025-08-08T19:01:09.000Z</time>
        <extensions>
          <ns3:TrackPointExtension/>
        </extensions>
      </trkpt>
      <trkpt lat="43.98571972735226154327392578125" lon="-121.64298257790505886077880859375">
        <ele>1896.199951171875</ele>
        <time>2025-08-08T19:01:10.000Z</time>
        <extensions>
          <ns3:TrackPointExtension/>
        </extensions>
      </trkpt>
      <trkpt lat="43.985478244721889495849609375" lon="-121.64242316968739032745361328125">
        <ele>1893.4000244140625</ele>
        <time>2025-08-08T19:01:12.000Z</time>
        <extensions>
          <ns3:TrackPointExtension/>
        </extensions>
      </trkpt>
      <trkpt lat="43.98522133938968181610107421875" lon="-121.6418762505054473876953125">
        <ele>1890.5999755859375</ele>
        <time>2025-08-08T19:01:14.000Z</time>
        <extensions>
          <ns3:TrackPointExtension/>
        </extensions>
      </trkpt>
      <trkpt lat="43.984969966113567352294921875" lon="-121.64132363162934780120849609375">
        <ele>1887.800048828125</ele>
        <time>2025-08-08T19:01:16.000Z</time>
        <extensions>
          <ns3:TrackPointExtension/>
        </extensions>
      </trkpt>
      <trkpt lat="43.98474826477468013763427734375" lon="-121.64073832333087921142578125">
        <ele>1885</ele>
        <time>2025-08-08T19:01:18.000Z</time>
        <extensions>
          <ns3:TrackPointExtension/>
        </extensions>
      </trkpt>
      <trkpt lat="43.984566293656826019287109375" lon="-121.64011194370687007904052734375">
        <ele>1881.800048828125</ele>
        <time>2025-08-08T19:01:20.000Z</time>
        <extensions>
          <ns3:TrackPointExtension/>
        </extensions>
      </trkpt>
      <trkpt lat="43.98449563421308994293212890625" lon="-121.639783121645450592041015625">
        <ele>1880.199951171875</ele>
        <time>2025-08-08T19:01:21.000Z</time>
        <extensions>
          <ns3:TrackPointExtension/>
        </extensions>
      </trkpt>
      <trkpt lat="43.98439253680408000946044921875" lon="-121.63910896517336368560791015625">
        <ele>1876.800048828125</ele>
        <time>2025-08-08T19:01:23.000Z</time>
        <extensions>
          <ns3:TrackPointExtension/>
        </extensions>
      </trkpt>
      <trkpt lat="43.9843614399433135986328125" lon="-121.6387657262384891510009765625">
        <ele>1875</ele>
        <time>2025-08-08T19:01:24.000Z</time>
        <extensions>
          <ns3:TrackPointExtension/>
        </extensions>
      </trkpt>
      <trkpt lat="43.98433838970959186553955078125" lon="-121.638079248368740081787109375">
        <ele>1871.5999755859375</ele>
        <time>2025-08-08T19:01:26.000Z</time>
        <extensions>
          <ns3:TrackPointExtension/>
        </extensions>
      </trkpt>
      <trkpt lat="43.9843310974538326263427734375" lon="-121.637403331696987152099609375">
        <ele>1868.199951171875</ele>
        <time>2025-08-08T19:01:28.000Z</time>
        <extensions>
          <ns3:TrackPointExtension/>
        </extensions>
      </trkpt>
      <trkpt lat="43.98431659676134586334228515625" lon="-121.63673403672873973846435546875">
        <ele>1865</ele>
        <time>2025-08-08T19:01:30.000Z</time>
        <extensions>
          <ns3:TrackPointExtension/>
        </extensions>
      </trkpt>
      <trkpt lat="43.98428499698638916015625" lon="-121.63607169874012470245361328125">
        <ele>1862</ele>
        <time>2025-08-08T19:01:32.000Z</time>
        <extensions>
          <ns3:TrackPointExtension/>
        </extensions>
      </trkpt>
      <trkpt lat="43.984258174896240234375" lon="-121.6357458941638469696044921875">
        <ele>1860.4000244140625</ele>
        <time>2025-08-08T19:01:33.000Z</time>
        <extensions>
          <ns3:TrackPointExtension/>
        </extensions>
      </trkpt>
      <trkpt lat="43.9841842465102672576904296875" lon="-121.635102331638336181640625">
        <ele>1857.4000244140625</ele>
        <time>2025-08-08T19:01:35.000Z</time>
        <extensions>
          <ns3:TrackPointExtension/>
        </extensions>
      </trkpt>
      <trkpt lat="43.984082154929637908935546875" lon="-121.6344621218740940093994140625">
        <ele>1854.199951171875</ele>
        <time>2025-08-08T19:01:37.000Z</time>
        <extensions>
          <ns3:TrackPointExtension/>
        </extensions>
      </trkpt>
      <trkpt lat="43.98395265452563762664794921875" lon="-121.63382836617529392242431640625">
        <ele>1851.199951171875</ele>
        <time>2025-08-08T19:01:39.000Z</time>
        <extensions>
          <ns3:TrackPointExtension/>
        </extensions>
      </trkpt>
      <trkpt lat="43.98379775695502758026123046875" lon="-121.633203327655792236328125">
        <ele>1848.5999755859375</ele>
        <time>2025-08-08T19:01:41.000Z</time>
        <extensions>
          <ns3:TrackPointExtension/>
        </extensions>
      </trkpt>
      <trkpt lat="43.983638584613800048828125" lon="-121.63257912732660770416259765625">
        <ele>1846.4000244140625</ele>
        <time>2025-08-08T19:01:43.000Z</time>
        <extensions>
          <ns3:TrackPointExtension/>
        </extensions>
      </trkpt>
      <trkpt lat="43.98348092101514339447021484375" lon="-121.63194713182747364044189453125">
        <ele>1844.199951171875</ele>
        <time>2025-08-08T19:01:45.000Z</time>
        <extensions>
          <ns3:TrackPointExtension/>
        </extensions>
      </trkpt>
      <trkpt lat="43.98332434706389904022216796875" lon="-121.6313029825687408447265625">
        <ele>1842.5999755859375</ele>
        <time>2025-08-08T19:01:47.000Z</time>
        <extensions>
          <ns3:TrackPointExtension/>
        </extensions>
      </trkpt>
      <trkpt lat="43.98317598737776279449462890625" lon="-121.6306485235691070556640625">
        <ele>1841</ele>
        <time>2025-08-08T19:01:49.000Z</time>
        <extensions>
          <ns3:TrackPointExtension/>
        </extensions>
      </trkpt>
      <trkpt lat="43.98310708813369274139404296875" lon="-121.6303194500505924224853515625">
        <ele>1840</ele>
        <time>2025-08-08T19:01:50.000Z</time>
        <extensions>
          <ns3:TrackPointExtension/>
        </extensions>
      </trkpt>
      <trkpt lat="43.982981778681278228759765625" lon="-121.62965635769069194793701171875">
        <ele>1838.4000244140625</ele>
        <time>2025-08-08T19:01:52.000Z</time>
        <extensions>
          <ns3:TrackPointExtension/>
        </extensions>
      </trkpt>
      <trkpt lat="43.98287214338779449462890625" lon="-121.628992594778537750244140625">
        <ele>1836.5999755859375</ele>
        <time>2025-08-08T19:01:54.000Z</time>
        <extensions>
          <ns3:TrackPointExtension/>
        </extensions>
      </trkpt>
      <trkpt lat="43.98282252252101898193359375" lon="-121.6286591626703739166259765625">
        <ele>1835.5999755859375</ele>
        <time>2025-08-08T19:01:55.000Z</time>
        <extensions>
          <ns3:TrackPointExtension/>
        </extensions>
      </trkpt>
      <trkpt lat="43.98273526690900325775146484375" lon="-121.627990119159221649169921875">
        <ele>1833.199951171875</ele>
        <time>2025-08-08T19:01:57.000Z</time>
        <extensions>
          <ns3:TrackPointExtension/>
        </extensions>
      </trkpt>
      <trkpt lat="43.98266267962753772735595703125" lon="-121.6273173876106739044189453125">
        <ele>1830.4000244140625</ele>
        <time>2025-08-08T19:01:59.000Z</time>
        <extensions>
          <ns3:TrackPointExtension/>
        </extensions>
      </trkpt>
      <trkpt lat="43.98263183422386646270751953125" lon="-121.62697817198932170867919921875">
        <ele>1829</ele>
        <time>2025-08-08T19:02:00.000Z</time>
        <extensions>
          <ns3:TrackPointExtension/>
        </extensions>
      </trkpt>
      <trkpt lat="43.98258271627128124237060546875" lon="-121.62629672326147556304931640625">
        <ele>1826</ele>
        <time>2025-08-08T19:02:02.000Z</time>
        <extensions>
          <ns3:TrackPointExtension/>
        </extensions>
      </trkpt>
      <trkpt lat="43.98254985921084880828857421875" lon="-121.6256104968488216400146484375">
        <ele>1822.5999755859375</ele>
        <time>2025-08-08T19:02:04.000Z</time>
        <extensions>
          <ns3:TrackPointExtension/>
        </extensions>
      </trkpt>
      <trkpt lat="43.9825380407273769378662109375" lon="-121.6252678446471691131591796875">
        <ele>1821</ele>
        <time>2025-08-08T19:02:05.000Z</time>
        <extensions>
          <ns3:TrackPointExtension/>
        </extensions>
      </trkpt>
      <trkpt lat="43.982521779835224151611328125" lon="-121.62458698265254497528076171875">
        <ele>1817.800048828125</ele>
        <time>2025-08-08T19:02:07.000Z</time>
        <extensions>
          <ns3:TrackPointExtension/>
        </extensions>
      </trkpt>
      <trkpt lat="43.98250996135175228118896484375" lon="-121.62391358055174350738525390625">
        <ele>1814.4000244140625</ele>
        <time>2025-08-08T19:02:09.000Z</time>
        <extensions>
          <ns3:TrackPointExtension/>
        </extensions>
      </trkpt>
      <trkpt lat="43.982496969401836395263671875" lon="-121.6232444532215595245361328125">
        <ele>1811.4000244140625</ele>
        <time>2025-08-08T19:02:11.000Z</time>
        <extensions>
          <ns3:TrackPointExtension/>
        </extensions>
      </trkpt>
      <trkpt lat="43.9824810437858104705810546875" lon="-121.6225842945277690887451171875">
        <ele>1809</ele>
        <time>2025-08-08T19:02:13.000Z</time>
        <extensions>
          <ns3:TrackPointExtension/>
        </extensions>
      </trkpt>
      <trkpt lat="43.9824642799794673919677734375" lon="-121.62193478085100650787353515625">
        <ele>1807.4000244140625</ele>
        <time>2025-08-08T19:02:15.000Z</time>
        <extensions>
          <ns3:TrackPointExtension/>
        </extensions>
      </trkpt>
      <trkpt lat="43.9824478514492511749267578125" lon="-121.62129499018192291259765625">
        <ele>1806.5999755859375</ele>
        <time>2025-08-08T19:02:17.000Z</time>
        <extensions>
          <ns3:TrackPointExtension/>
        </extensions>
      </trkpt>
      <trkpt lat="43.9824329316616058349609375" lon="-121.6206557862460613250732421875">
        <ele>1806.4000244140625</ele>
        <time>2025-08-08T19:02:19.000Z</time>
        <extensions>
          <ns3:TrackPointExtension/>
        </extensions>
      </trkpt>
      <trkpt lat="43.98241038434207439422607421875" lon="-121.6200036741793155670166015625">
        <ele>1806.199951171875</ele>
        <time>2025-08-08T19:02:21.000Z</time>
        <extensions>
          <ns3:TrackPointExtension/>
        </extensions>
      </trkpt>
      <trkpt lat="43.98236897774040699005126953125" lon="-121.61934410221874713897705078125">
        <ele>1806.4000244140625</ele>
        <time>2025-08-08T19:02:23.000Z</time>
        <extensions>
          <ns3:TrackPointExtension/>
        </extensions>
      </trkpt>
      <trkpt lat="43.9823117293417453765869140625" lon="-121.618682853877544403076171875">
        <ele>1806.4000244140625</ele>
        <time>2025-08-08T19:02:25.000Z</time>
        <extensions>
          <ns3:TrackPointExtension/>
        </extensions>
      </trkpt>
      <trkpt lat="43.9822788722813129425048828125" lon="-121.618352271616458892822265625">
        <ele>1806.4000244140625</ele>
        <time>2025-08-08T19:02:26.000Z</time>
        <extensions>
          <ns3:TrackPointExtension/>
        </extensions>
      </trkpt>
      <trkpt lat="43.98220829665660858154296875" lon="-121.61769236437976360321044921875">
        <ele>1806.4000244140625</ele>
        <time>2025-08-08T19:02:28.000Z</time>
        <extensions>
          <ns3:TrackPointExtension/>
        </extensions>
      </trkpt>
      <trkpt lat="43.9821387268602848052978515625" lon="-121.6170317865908145904541015625">
        <ele>1806.5999755859375</ele>
        <time>2025-08-08T19:02:30.000Z</time>
        <extensions>
          <ns3:TrackPointExtension/>
        </extensions>
      </trkpt>
      <trkpt lat="43.9820736832916736602783203125" lon="-121.616369783878326416015625">
        <ele>1806.800048828125</ele>
        <time>2025-08-08T19:02:32.000Z</time>
        <extensions>
          <ns3:TrackPointExtension/>
        </extensions>
      </trkpt>
      <trkpt lat="43.98202096112072467803955078125" lon="-121.61570786498486995697021484375">
        <ele>1807</ele>
        <time>2025-08-08T19:02:34.000Z</time>
        <extensions>
          <ns3:TrackPointExtension/>
        </extensions>
      </trkpt>
      <trkpt lat="43.98198994807898998260498046875" lon="-121.61504334770143032073974609375">
        <ele>1807</ele>
        <time>2025-08-08T19:02:36.000Z</time>
        <extensions>
          <ns3:TrackPointExtension/>
        </extensions>
      </trkpt>
      <trkpt lat="43.98199145682156085968017578125" lon="-121.61437648348510265350341796875">
        <ele>1807</ele>
        <time>2025-08-08T19:02:38.000Z</time>
        <extensions>
          <ns3:TrackPointExtension/>
        </extensions>
      </trkpt>
      <trkpt lat="43.98202188313007354736328125" lon="-121.613712050020694732666015625">
        <ele>1806.800048828125</ele>
        <time>2025-08-08T19:02:40.000Z</time>
        <extensions>
          <ns3:TrackPointExtension/>
        </extensions>
      </trkpt>
      <trkpt lat="43.982081897556781768798828125" lon="-121.61305256187915802001953125">
        <ele>1806.800048828125</ele>
        <time>2025-08-08T19:02:42.000Z</time>
        <extensions>
          <ns3:TrackPointExtension/>
        </extensions>
      </trkpt>
      <trkpt lat="43.9821719191968441009521484375" lon="-121.61240153945982456207275390625">
        <ele>1807</ele>
        <time>2025-08-08T19:02:44.000Z</time>
        <extensions>
          <ns3:TrackPointExtension/>
        </extensions>
      </trkpt>
      <trkpt lat="43.98229085840284824371337890625" lon="-121.611760072410106658935546875">
        <ele>1807.199951171875</ele>
        <time>2025-08-08T19:02:46.000Z</time>
        <extensions>
          <ns3:TrackPointExtension/>
        </extensions>
      </trkpt>
      <trkpt lat="43.98243837989866733551025390625" lon="-121.61113075911998748779296875">
        <ele>1807.4000244140625</ele>
        <time>2025-08-08T19:02:48.000Z</time>
        <extensions>
          <ns3:TrackPointExtension/>
        </extensions>
      </trkpt>
      <trkpt lat="43.9826072752475738525390625" lon="-121.610509492456912994384765625">
        <ele>1807.4000244140625</ele>
        <time>2025-08-08T19:02:50.000Z</time>
        <extensions>
          <ns3:TrackPointExtension/>
        </extensions>
      </trkpt>
      <trkpt lat="43.98278337903320789337158203125" lon="-121.6098917461931705474853515625">
        <ele>1807.5999755859375</ele>
        <time>2025-08-08T19:02:52.000Z</time>
        <extensions>
          <ns3:TrackPointExtension/>
        </extensions>
      </trkpt>
      <trkpt lat="43.98296107538044452667236328125" lon="-121.6092714853584766387939453125">
        <ele>1807.199951171875</ele>
        <time>2025-08-08T19:02:54.000Z</time>
        <extensions>
          <ns3:TrackPointExtension/>
        </extensions>
      </trkpt>
      <trkpt lat="43.98313508369028568267822265625" lon="-121.608646027743816375732421875">
        <ele>1806.5999755859375</ele>
        <time>2025-08-08T19:02:56.000Z</time>
        <extensions>
          <ns3:TrackPointExtension/>
        </extensions>
      </trkpt>
      <trkpt lat="43.9832920767366886138916015625" lon="-121.6080101765692234039306640625">
        <ele>1805.4000244140625</ele>
        <time>2025-08-08T19:02:58.000Z</time>
        <extensions>
          <ns3:TrackPointExtension/>
        </extensions>
      </trkpt>
      <trkpt lat="43.98336231708526611328125" lon="-121.60768772475421428680419921875">
        <ele>1804.800048828125</ele>
        <time>2025-08-08T19:02:59.000Z</time>
        <extensions>
          <ns3:TrackPointExtension/>
        </extensions>
      </trkpt>
      <trkpt lat="43.9834831841289997100830078125" lon="-121.60703209228813648223876953125">
        <ele>1803</ele>
        <time>2025-08-08T19:03:01.000Z</time>
        <extensions>
          <ns3:TrackPointExtension/>
        </extensions>
      </trkpt>
      <trkpt lat="43.98358368314802646636962890625" lon="-121.60636874847114086151123046875">
        <ele>1801</ele>
        <time>2025-08-08T19:03:03.000Z</time>
        <extensions>
          <ns3:TrackPointExtension/>
        </extensions>
      </trkpt>
      <trkpt lat="43.98367806337773799896240234375" lon="-121.6057041473686695098876953125">
        <ele>1798.4000244140625</ele>
        <time>2025-08-08T19:03:05.000Z</time>
        <extensions>
          <ns3:TrackPointExtension/>
        </extensions>
      </trkpt>
      <trkpt lat="43.983770348131656646728515625" lon="-121.60503585822880268096923828125">
        <ele>1795.199951171875</ele>
        <time>2025-08-08T19:03:07.000Z</time>
        <extensions>
          <ns3:TrackPointExtension/>
        </extensions>
      </trkpt>
      <trkpt lat="43.98385022766888141632080078125" lon="-121.6043601930141448974609375">
        <ele>1792.4000244140625</ele>
        <time>2025-08-08T19:03:09.000Z</time>
        <extensions>
          <ns3:TrackPointExtension/>
        </extensions>
      </trkpt>
      <trkpt lat="43.9838808216154575347900390625" lon="-121.6040195524692535400390625">
        <ele>1791.199951171875</ele>
        <time>2025-08-08T19:03:10.000Z</time>
        <extensions>
          <ns3:TrackPointExtension/>
        </extensions>
      </trkpt>
      <trkpt lat="43.98391594178974628448486328125" lon="-121.6033397801220417022705078125">
        <ele>1789.4000244140625</ele>
        <time>2025-08-08T19:03:12.000Z</time>
        <extensions>
          <ns3:TrackPointExtension/>
        </extensions>
      </trkpt>
      <trkpt lat="43.983917534351348876953125" lon="-121.602668724954128265380859375">
        <ele>1788.4000244140625</ele>
        <time>2025-08-08T19:03:14.000Z</time>
        <extensions>
          <ns3:TrackPointExtension/>
        </extensions>
      </trkpt>
      <trkpt lat="43.98388928733766078948974609375" lon="-121.60200227983295917510986328125">
        <ele>1788</ele>
        <time>2025-08-08T19:03:16.000Z</time>
        <extensions>
          <ns3:TrackPointExtension/>
        </extensions>
      </trkpt>
      <trkpt lat="43.983836062252521514892578125" lon="-121.60133608616888523101806640625">
        <ele>1788</ele>
        <time>2025-08-08T19:03:18.000Z</time>
        <extensions>
          <ns3:TrackPointExtension/>
        </extensions>
      </trkpt>
      <trkpt lat="43.98375182412564754486083984375" lon="-121.60067659802734851837158203125">
        <ele>1788.199951171875</ele>
        <time>2025-08-08T19:03:20.000Z</time>
        <extensions>
          <ns3:TrackPointExtension/>
        </extensions>
      </trkpt>
      <trkpt lat="43.9836345613002777099609375" lon="-121.6000279225409030914306640625">
        <ele>1788.199951171875</ele>
        <time>2025-08-08T19:03:22.000Z</time>
        <extensions>
          <ns3:TrackPointExtension/>
        </extensions>
      </trkpt>
      <trkpt lat="43.98348905146121978759765625" lon="-121.5993922390043735504150390625">
        <ele>1788.199951171875</ele>
        <time>2025-08-08T19:03:24.000Z</time>
        <extensions>
          <ns3:TrackPointExtension/>
        </extensions>
      </trkpt>
      <trkpt lat="43.98332543671131134033203125" lon="-121.598764769732952117919921875">
        <ele>1788.4000244140625</ele>
        <time>2025-08-08T19:03:26.000Z</time>
        <extensions>
          <ns3:TrackPointExtension/>
        </extensions>
      </trkpt>
      <trkpt lat="43.98315243422985076904296875" lon="-121.5981426648795604705810546875">
        <ele>1788.4000244140625</ele>
        <time>2025-08-08T19:03:28.000Z</time>
        <extensions>
          <ns3:TrackPointExtension/>
        </extensions>
      </trkpt>
      <trkpt lat="43.9829772524535655975341796875" lon="-121.59752248786389827728271484375">
        <ele>1788.4000244140625</ele>
        <time>2025-08-08T19:03:30.000Z</time>
        <extensions>
          <ns3:TrackPointExtension/>
        </extensions>
      </trkpt>
      <trkpt lat="43.98281556554138660430908203125" lon="-121.59689686261117458343505859375">
        <ele>1788.4000244140625</ele>
        <time>2025-08-08T19:03:32.000Z</time>
        <extensions>
          <ns3:TrackPointExtension/>
        </extensions>
      </trkpt>
      <trkpt lat="43.9827499352395534515380859375" lon="-121.59657734446227550506591796875">
        <ele>1788.4000244140625</ele>
        <time>2025-08-08T19:03:33.000Z</time>
        <extensions>
          <ns3:TrackPointExtension/>
        </extensions>
      </trkpt>
      <trkpt lat="43.98266804404556751251220703125" lon="-121.5959187783300876617431640625">
        <ele>1787.800048828125</ele>
        <time>2025-08-08T19:03:35.000Z</time>
        <extensions>
          <ns3:TrackPointExtension/>
        </extensions>
      </trkpt>
      <trkpt lat="43.9826540462672710418701171875" lon="-121.595585681498050689697265625">
        <ele>1787.5999755859375</ele>
        <time>2025-08-08T19:03:36.000Z</time>
        <extensions>
          <ns3:TrackPointExtension/>
        </extensions>
      </trkpt>
      <trkpt lat="43.9826731570065021514892578125" lon="-121.5949179790914058685302734375">
        <ele>1786.5999755859375</ele>
        <time>2025-08-08T19:03:38.000Z</time>
        <extensions>
          <ns3:TrackPointExtension/>
        </extensions>
      </trkpt>
      <trkpt lat="43.9826969616115093231201171875" lon="-121.59458446316421031951904296875">
        <ele>1786.4000244140625</ele>
        <time>2025-08-08T19:03:39.000Z</time>
        <extensions>
          <ns3:TrackPointExtension/>
        </extensions>
      </trkpt>
      <trkpt lat="43.98274498991668224334716796875" lon="-121.59391768276691436767578125">
        <ele>1785.5999755859375</ele>
        <time>2025-08-08T19:03:41.000Z</time>
        <extensions>
          <ns3:TrackPointExtension/>
        </extensions>
      </trkpt>
      <trkpt lat="43.9827650226652622222900390625" lon="-121.59325224347412586212158203125">
        <ele>1785.199951171875</ele>
        <time>2025-08-08T19:03:43.000Z</time>
        <extensions>
          <ns3:TrackPointExtension/>
        </extensions>
      </trkpt>
      <trkpt lat="43.98275454528629779815673828125" lon="-121.5929207392036914825439453125">
        <ele>1785.199951171875</ele>
        <time>2025-08-08T19:03:44.000Z</time>
        <extensions>
          <ns3:TrackPointExtension/>
        </extensions>
      </trkpt>
      <trkpt lat="43.982678689062595367431640625" lon="-121.59226938150823116302490234375">
        <ele>1785.5999755859375</ele>
        <time>2025-08-08T19:03:46.000Z</time>
        <extensions>
          <ns3:TrackPointExtension/>
        </extensions>
      </trkpt>
      <trkpt lat="43.9826091192662715911865234375" lon="-121.59195707179605960845947265625">
        <ele>1786</ele>
        <time>2025-08-08T19:03:47.000Z</time>
        <extensions>
          <ns3:TrackPointExtension/>
        </extensions>
      </trkpt>
      <trkpt lat="43.98251675069332122802734375" lon="-121.591656245291233062744140625">
        <ele>1786.4000244140625</ele>
        <time>2025-08-08T19:03:48.000Z</time>
        <extensions>
          <ns3:TrackPointExtension/>
        </extensions>
      </trkpt>
      <trkpt lat="43.98240468464791774749755859375" lon="-121.59136916510760784149169921875">
        <ele>1786.800048828125</ele>
        <time>2025-08-08T19:03:49.000Z</time>
        <extensions>
          <ns3:TrackPointExtension/>
        </extensions>
      </trkpt>
      <trkpt lat="43.98212925530970096588134765625" lon="-121.5908406861126422882080078125">
        <ele>1788.4000244140625</ele>
        <time>2025-08-08T19:03:51.000Z</time>
        <extensions>
          <ns3:TrackPointExtension/>
        </extensions>
      </trkpt>
      <trkpt lat="43.98197226226329803466796875" lon="-121.59059987403452396392822265625">
        <ele>1789.199951171875</ele>
        <time>2025-08-08T19:03:52.000Z</time>
        <extensions>
          <ns3:TrackPointExtension/>
        </extensions>
      </trkpt>
      <trkpt lat="43.98163572885096073150634765625" lon="-121.59014507196843624114990234375">
        <ele>1790.800048828125</ele>
        <time>2025-08-08T19:03:54.000Z</time>
        <extensions>
          <ns3:TrackPointExtension/>
        </extensions>
      </trkpt>
      <trkpt lat="43.98129173554480075836181640625" lon="-121.58969831652939319610595703125">
        <ele>1792.4000244140625</ele>
        <time>2025-08-08T19:03:56.000Z</time>
        <extensions>
          <ns3:TrackPointExtension/>
        </extensions>
      </trkpt>
      <trkpt lat="43.9809592254459857940673828125" lon="-121.58923177979886531829833984375">
        <ele>1794.800048828125</ele>
        <time>2025-08-08T19:03:58.000Z</time>
        <extensions>
          <ns3:TrackPointExtension/>
        </extensions>
      </trkpt>
      <trkpt lat="43.98066359572112560272216796875" lon="-121.58872216008603572845458984375">
        <ele>1797.5999755859375</ele>
        <time>2025-08-08T19:04:00.000Z</time>
        <extensions>
          <ns3:TrackPointExtension/>
        </extensions>
      </trkpt>
      <trkpt lat="43.9804239571094512939453125" lon="-121.58815654926002025604248046875">
        <ele>1800.800048828125</ele>
        <time>2025-08-08T19:04:02.000Z</time>
        <extensions>
          <ns3:TrackPointExtension/>
        </extensions>
      </trkpt>
      <trkpt lat="43.98032848723232746124267578125" lon="-121.58785446546971797943115234375">
        <ele>1802.5999755859375</ele>
        <time>2025-08-08T19:04:03.000Z</time>
        <extensions>
          <ns3:TrackPointExtension/>
        </extensions>
      </trkpt>
      <trkpt lat="43.98018716834485530853271484375" lon="-121.58722146414220333099365234375">
        <ele>1806.199951171875</ele>
        <time>2025-08-08T19:04:05.000Z</time>
        <extensions>
          <ns3:TrackPointExtension/>
        </extensions>
      </trkpt>
      <trkpt lat="43.980142660439014434814453125" lon="-121.586892642080783843994140625">
        <ele>1808</ele>
        <time>2025-08-08T19:04:06.000Z</time>
        <extensions>
          <ns3:TrackPointExtension/>
        </extensions>
      </trkpt>
      <trkpt lat="43.98011189885437488555908203125" lon="-121.58621706068515777587890625">
        <ele>1811.199951171875</ele>
        <time>2025-08-08T19:04:08.000Z</time>
        <extensions>
          <ns3:TrackPointExtension/>
        </extensions>
      </trkpt>
      <trkpt lat="43.98012413643300533294677734375" lon="-121.5858757495880126953125">
        <ele>1812.5999755859375</ele>
        <time>2025-08-08T19:04:09.000Z</time>
        <extensions>
          <ns3:TrackPointExtension/>
        </extensions>
      </trkpt>
      <trkpt lat="43.980204351246356964111328125" lon="-121.58520109020173549652099609375">
        <ele>1815</ele>
        <time>2025-08-08T19:04:11.000Z</time>
        <extensions>
          <ns3:TrackPointExtension/>
        </extensions>
      </trkpt>
      <trkpt lat="43.98027266375720500946044921875" lon="-121.58487268723547458648681640625">
        <ele>1816</ele>
        <time>2025-08-08T19:04:12.000Z</time>
        <extensions>
          <ns3:TrackPointExtension/>
        </extensions>
      </trkpt>
      <trkpt lat="43.9804656989872455596923828125" lon="-121.58424572087824344635009765625">
        <ele>1817.800048828125</ele>
        <time>2025-08-08T19:04:14.000Z</time>
        <extensions>
          <ns3:TrackPointExtension/>
        </extensions>
      </trkpt>
      <trkpt lat="43.9805875718593597412109375" lon="-121.58395268954336643218994140625">
        <ele>1818.5999755859375</ele>
        <time>2025-08-08T19:04:15.000Z</time>
        <extensions>
          <ns3:TrackPointExtension/>
        </extensions>
      </trkpt>
      <trkpt lat="43.980873562395572662353515625" lon="-121.5834146551787853240966796875">
        <ele>1819.800048828125</ele>
        <time>2025-08-08T19:04:17.000Z</time>
        <extensions>
          <ns3:TrackPointExtension/>
        </extensions>
      </trkpt>
      <trkpt lat="43.981033824384212493896484375" lon="-121.5831680595874786376953125">
        <ele>1820.5999755859375</ele>
        <time>2025-08-08T19:04:18.000Z</time>
        <extensions>
          <ns3:TrackPointExtension/>
        </extensions>
      </trkpt>
      <trkpt lat="43.98137706331908702850341796875" lon="-121.582709737122058868408203125">
        <ele>1821.800048828125</ele>
        <time>2025-08-08T19:04:20.000Z</time>
        <extensions>
          <ns3:TrackPointExtension/>
        </extensions>
      </trkpt>
      <trkpt lat="43.98173354566097259521484375" lon="-121.58227044157683849334716796875">
        <ele>1823</ele>
        <time>2025-08-08T19:04:22.000Z</time>
        <extensions>
          <ns3:TrackPointExtension/>
        </extensions>
      </trkpt>
      <trkpt lat="43.9820914529263973236083984375" lon="-121.58182955347001552581787109375">
        <ele>1824</ele>
        <time>2025-08-08T19:04:24.000Z</time>
        <extensions>
          <ns3:TrackPointExtension/>
        </extensions>
      </trkpt>
      <trkpt lat="43.98245363496243953704833984375" lon="-121.5813852287828922271728515625">
        <ele>1824.800048828125</ele>
        <time>2025-08-08T19:04:26.000Z</time>
        <extensions>
          <ns3:TrackPointExtension/>
        </extensions>
      </trkpt>
      <trkpt lat="43.98281673900783061981201171875" lon="-121.5809342823922634124755859375">
        <ele>1825</ele>
        <time>2025-08-08T19:04:28.000Z</time>
        <extensions>
          <ns3:TrackPointExtension/>
        </extensions>
      </trkpt>
      <trkpt lat="43.9831785857677459716796875" lon="-121.5804752893745899200439453125">
        <ele>1824.800048828125</ele>
        <time>2025-08-08T19:04:30.000Z</time>
        <extensions>
          <ns3:TrackPointExtension/>
        </extensions>
      </trkpt>
      <trkpt lat="43.98354227654635906219482421875" lon="-121.5800166316330432891845703125">
        <ele>1823.800048828125</ele>
        <time>2025-08-08T19:04:32.000Z</time>
        <extensions>
          <ns3:TrackPointExtension/>
        </extensions>
      </trkpt>
      <trkpt lat="43.98372466675937175750732421875" lon="-121.5797876380383968353271484375">
        <ele>1823.199951171875</ele>
        <time>2025-08-08T19:04:33.000Z</time>
        <extensions>
          <ns3:TrackPointExtension/>
        </extensions>
      </trkpt>
      <trkpt lat="43.984088189899921417236328125" lon="-121.57932939939200878143310546875">
        <ele>1821.5999755859375</ele>
        <time>2025-08-08T19:04:35.000Z</time>
        <extensions>
          <ns3:TrackPointExtension/>
        </extensions>
      </trkpt>
      <trkpt lat="43.98445271886885166168212890625" lon="-121.5788657963275909423828125">
        <ele>1819.199951171875</ele>
        <time>2025-08-08T19:04:37.000Z</time>
        <extensions>
          <ns3:TrackPointExtension/>
        </extensions>
      </trkpt>
      <trkpt lat="43.9848081953823566436767578125" lon="-121.578384675085544586181640625">
        <ele>1816.4000244140625</ele>
        <time>2025-08-08T19:04:39.000Z</time>
        <extensions>
          <ns3:TrackPointExtension/>
        </extensions>
      </trkpt>
      <trkpt lat="43.98514322005212306976318359375" lon="-121.57787044532597064971923828125">
        <ele>1813</ele>
        <time>2025-08-08T19:04:41.000Z</time>
        <extensions>
          <ns3:TrackPointExtension/>
        </extensions>
      </trkpt>
      <trkpt lat="43.9854368381202220916748046875" lon="-121.577310450375080108642578125">
        <ele>1809.5999755859375</ele>
        <time>2025-08-08T19:04:43.000Z</time>
        <extensions>
          <ns3:TrackPointExtension/>
        </extensions>
      </trkpt>
      <trkpt lat="43.98556583561003208160400390625" lon="-121.57701649703085422515869140625">
        <ele>1807.800048828125</ele>
        <time>2025-08-08T19:04:44.000Z</time>
        <extensions>
          <ns3:TrackPointExtension/>
        </extensions>
      </trkpt>
      <trkpt lat="43.9857915602624416351318359375" lon="-121.57641316764056682586669921875">
        <ele>1804.4000244140625</ele>
        <time>2025-08-08T19:04:46.000Z</time>
        <extensions>
          <ns3:TrackPointExtension/>
        </extensions>
      </trkpt>
      <trkpt lat="43.9858891256153583526611328125" lon="-121.57610437832772731781005859375">
        <ele>1802.5999755859375</ele>
        <time>2025-08-08T19:04:47.000Z</time>
        <extensions>
          <ns3:TrackPointExtension/>
        </extensions>
      </trkpt>
      <trkpt lat="43.98605885915458202362060546875" lon="-121.57547975890338420867919921875">
        <ele>1799</ele>
        <time>2025-08-08T19:04:49.000Z</time>
        <extensions>
          <ns3:TrackPointExtension/>
        </extensions>
      </trkpt>
      <trkpt lat="43.98621677421033382415771484375" lon="-121.574860252439975738525390625">
        <ele>1795.5999755859375</ele>
        <time>2025-08-08T19:04:51.000Z</time>
        <extensions>
          <ns3:TrackPointExtension/>
        </extensions>
      </trkpt>
      <trkpt lat="43.98629522882401943206787109375" lon="-121.5745512954890727996826171875">
        <ele>1794</ele>
        <time>2025-08-08T19:04:52.000Z</time>
        <extensions>
          <ns3:TrackPointExtension/>
        </extensions>
      </trkpt>
      <trkpt lat="43.98645096458494663238525390625" lon="-121.57392776571214199066162109375">
        <ele>1790.5999755859375</ele>
        <time>2025-08-08T19:04:54.000Z</time>
        <extensions>
          <ns3:TrackPointExtension/>
        </extensions>
      </trkpt>
      <trkpt lat="43.98660938255488872528076171875" lon="-121.573300547897815704345703125">
        <ele>1787.199951171875</ele>
        <time>2025-08-08T19:04:56.000Z</time>
        <extensions>
          <ns3:TrackPointExtension/>
        </extensions>
      </trkpt>
      <trkpt lat="43.98677635006606578826904296875" lon="-121.5726717375218868255615234375">
        <ele>1783.800048828125</ele>
        <time>2025-08-08T19:04:58.000Z</time>
        <extensions>
          <ns3:TrackPointExtension/>
        </extensions>
      </trkpt>
      <trkpt lat="43.9869405515491962432861328125" lon="-121.5720395743846893310546875">
        <ele>1780.5999755859375</ele>
        <time>2025-08-08T19:05:00.000Z</time>
        <extensions>
          <ns3:TrackPointExtension/>
        </extensions>
      </trkpt>
      <trkpt lat="43.98710458539426326751708984375" lon="-121.5714038908481597900390625">
        <ele>1777.199951171875</ele>
        <time>2025-08-08T19:05:02.000Z</time>
        <extensions>
          <ns3:TrackPointExtension/>
        </extensions>
      </trkpt>
      <trkpt lat="43.98727121762931346893310546875" lon="-121.5707666985690593719482421875">
        <ele>1774.199951171875</ele>
        <time>2025-08-08T19:05:04.000Z</time>
        <extensions>
          <ns3:TrackPointExtension/>
        </extensions>
      </trkpt>
      <trkpt lat="43.98743298836052417755126953125" lon="-121.57012674026191234588623046875">
        <ele>1771.5999755859375</ele>
        <time>2025-08-08T19:05:06.000Z</time>
        <extensions>
          <ns3:TrackPointExtension/>
        </extensions>
      </trkpt>
      <trkpt lat="43.98759308271110057830810546875" lon="-121.5694916434586048126220703125">
        <ele>1769.4000244140625</ele>
        <time>2025-08-08T19:05:08.000Z</time>
        <extensions>
          <ns3:TrackPointExtension/>
        </extensions>
      </trkpt>
      <trkpt lat="43.98775334469974040985107421875" lon="-121.56886341981589794158935546875">
        <ele>1767.4000244140625</ele>
        <time>2025-08-08T19:05:10.000Z</time>
        <extensions>
          <ns3:TrackPointExtension/>
        </extensions>
      </trkpt>
      <trkpt lat="43.987914361059665679931640625" lon="-121.5682383812963962554931640625">
        <ele>1766</ele>
        <time>2025-08-08T19:05:12.000Z</time>
        <extensions>
          <ns3:TrackPointExtension/>
        </extensions>
      </trkpt>
      <trkpt lat="43.988075964152812957763671875" lon="-121.56760697253048419952392578125">
        <ele>1764.4000244140625</ele>
        <time>2025-08-08T19:05:14.000Z</time>
        <extensions>
          <ns3:TrackPointExtension/>
        </extensions>
      </trkpt>
      <trkpt lat="43.98823178373277187347412109375" lon="-121.56696575693786144256591796875">
        <ele>1762.800048828125</ele>
        <time>2025-08-08T19:05:16.000Z</time>
        <extensions>
          <ns3:TrackPointExtension/>
        </extensions>
      </trkpt>
      <trkpt lat="43.98836396634578704833984375" lon="-121.56631163321435451507568359375">
        <ele>1761.199951171875</ele>
        <time>2025-08-08T19:05:18.000Z</time>
        <extensions>
          <ns3:TrackPointExtension/>
        </extensions>
      </trkpt>
      <trkpt lat="43.98845641873776912689208984375" lon="-121.56564577482640743255615234375">
        <ele>1759</ele>
        <time>2025-08-08T19:05:20.000Z</time>
        <extensions>
          <ns3:TrackPointExtension/>
        </extensions>
      </trkpt>
      <trkpt lat="43.988505788147449493408203125" lon="-121.5649707801640033721923828125">
        <ele>1756.4000244140625</ele>
        <time>2025-08-08T19:05:22.000Z</time>
        <extensions>
          <ns3:TrackPointExtension/>
        </extensions>
      </trkpt>
      <trkpt lat="43.98850587196648120880126953125" lon="-121.56428824178874492645263671875">
        <ele>1753</ele>
        <time>2025-08-08T19:05:24.000Z</time>
        <extensions>
          <ns3:TrackPointExtension/>
        </extensions>
      </trkpt>
      <trkpt lat="43.98848759941756725311279296875" lon="-121.563945673406124114990234375">
        <ele>1751.199951171875</ele>
        <time>2025-08-08T19:05:25.000Z</time>
        <extensions>
          <ns3:TrackPointExtension/>
        </extensions>
      </trkpt>
      <trkpt lat="43.9884590171277523040771484375" lon="-121.56360511668026447296142578125">
        <ele>1749.199951171875</ele>
        <time>2025-08-08T19:05:27.000Z</time>
        <extensions>
          <ns3:TrackPointExtension/>
        </extensions>
      </trkpt>
      <trkpt lat="43.98833102546632289886474609375" lon="-121.5626027248799800872802734375">
        <ele>1743.5999755859375</ele>
        <time>2025-08-08T19:05:29.000Z</time>
        <extensions>
          <ns3:TrackPointExtension/>
        </extensions>
      </trkpt>
      <trkpt lat="43.9882300235331058502197265625" lon="-121.5619452483952045440673828125">
        <ele>1740</ele>
        <time>2025-08-08T19:05:31.000Z</time>
        <extensions>
          <ns3:TrackPointExtension/>
        </extensions>
      </trkpt>
      <trkpt lat="43.98812315426766872406005859375" lon="-121.56129137612879276275634765625">
        <ele>1736.5999755859375</ele>
        <time>2025-08-08T19:05:33.000Z</time>
        <extensions>
          <ns3:TrackPointExtension/>
        </extensions>
      </trkpt>
      <trkpt lat="43.98801888339221477508544921875" lon="-121.56064563430845737457275390625">
        <ele>1733.800048828125</ele>
        <time>2025-08-08T19:05:35.000Z</time>
        <extensions>
          <ns3:TrackPointExtension/>
        </extensions>
      </trkpt>
      <trkpt lat="43.9879182167351245880126953125" lon="-121.56001062132418155670166015625">
        <ele>1731.5999755859375</ele>
        <time>2025-08-08T19:05:37.000Z</time>
        <extensions>
          <ns3:TrackPointExtension/>
        </extensions>
      </trkpt>
      <trkpt lat="43.987818472087383270263671875" lon="-121.5593807213008403778076171875">
        <ele>1729.5999755859375</ele>
        <time>2025-08-08T19:05:39.000Z</time>
        <extensions>
          <ns3:TrackPointExtension/>
        </extensions>
      </trkpt>
      <trkpt lat="43.98771948181092739105224609375" lon="-121.5587438642978668212890625">
        <ele>1727.5999755859375</ele>
        <time>2025-08-08T19:05:41.000Z</time>
        <extensions>
          <ns3:TrackPointExtension/>
        </extensions>
      </trkpt>
      <trkpt lat="43.9876221679151058197021484375" lon="-121.55809317715466022491455078125">
        <ele>1725.199951171875</ele>
        <time>2025-08-08T19:05:43.000Z</time>
        <extensions>
          <ns3:TrackPointExtension/>
        </extensions>
      </trkpt>
      <trkpt lat="43.987522423267364501953125" lon="-121.5574347786605358123779296875">
        <ele>1723</ele>
        <time>2025-08-08T19:05:45.000Z</time>
        <extensions>
          <ns3:TrackPointExtension/>
        </extensions>
      </trkpt>
      <trkpt lat="43.98742024786770343780517578125" lon="-121.5567705966532230377197265625">
        <ele>1720.5999755859375</ele>
        <time>2025-08-08T19:05:47.000Z</time>
        <extensions>
          <ns3:TrackPointExtension/>
        </extensions>
      </trkpt>
      <trkpt lat="43.98731765337288379669189453125" lon="-121.55610549263656139373779296875">
        <ele>1718.199951171875</ele>
        <time>2025-08-08T19:05:49.000Z</time>
        <extensions>
          <ns3:TrackPointExtension/>
        </extensions>
      </trkpt>
      <trkpt lat="43.98721463978290557861328125" lon="-121.55544281937181949615478515625">
        <ele>1715.800048828125</ele>
        <time>2025-08-08T19:05:51.000Z</time>
        <extensions>
          <ns3:TrackPointExtension/>
        </extensions>
      </trkpt>
      <trkpt lat="43.9871133863925933837890625" lon="-121.554781235754489898681640625">
        <ele>1713.4000244140625</ele>
        <time>2025-08-08T19:05:53.000Z</time>
        <extensions>
          <ns3:TrackPointExtension/>
        </extensions>
      </trkpt>
      <trkpt lat="43.9870099537074565887451171875" lon="-121.5541224181652069091796875">
        <ele>1710.800048828125</ele>
        <time>2025-08-08T19:05:55.000Z</time>
        <extensions>
          <ns3:TrackPointExtension/>
        </extensions>
      </trkpt>
      <trkpt lat="43.98690325208008289337158203125" lon="-121.55345865525305271148681640625">
        <ele>1708.5999755859375</ele>
        <time>2025-08-08T19:05:57.000Z</time>
        <extensions>
          <ns3:TrackPointExtension/>
        </extensions>
      </trkpt>
      <trkpt lat="43.986797891557216644287109375" lon="-121.55279782600700855255126953125">
        <ele>1706.199951171875</ele>
        <time>2025-08-08T19:05:59.000Z</time>
        <extensions>
          <ns3:TrackPointExtension/>
        </extensions>
      </trkpt>
      <trkpt lat="43.98669403977692127227783203125" lon="-121.5521375834941864013671875">
        <ele>1703.5999755859375</ele>
        <time>2025-08-08T19:06:01.000Z</time>
        <extensions>
          <ns3:TrackPointExtension/>
        </extensions>
      </trkpt>
      <trkpt lat="43.98659328930079936981201171875" lon="-121.55147952027618885040283203125">
        <ele>1701.4000244140625</ele>
        <time>2025-08-08T19:06:03.000Z</time>
        <extensions>
          <ns3:TrackPointExtension/>
        </extensions>
      </trkpt>
      <trkpt lat="43.98649589158594608306884765625" lon="-121.55082103796303272247314453125">
        <ele>1699</ele>
        <time>2025-08-08T19:06:05.000Z</time>
        <extensions>
          <ns3:TrackPointExtension/>
        </extensions>
      </trkpt>
      <trkpt lat="43.9863980747759342193603515625" lon="-121.5501634776592254638671875">
        <ele>1697.199951171875</ele>
        <time>2025-08-08T19:06:07.000Z</time>
        <extensions>
          <ns3:TrackPointExtension/>
        </extensions>
      </trkpt>
      <trkpt lat="43.98634853772819042205810546875" lon="-121.5498350746929645538330078125">
        <ele>1696</ele>
        <time>2025-08-08T19:06:08.000Z</time>
        <extensions>
          <ns3:TrackPointExtension/>
        </extensions>
      </trkpt>
      <trkpt lat="43.98624862544238567352294921875" lon="-121.549180448055267333984375">
        <ele>1694.199951171875</ele>
        <time>2025-08-08T19:06:10.000Z</time>
        <extensions>
          <ns3:TrackPointExtension/>
        </extensions>
      </trkpt>
      <trkpt lat="43.986148126423358917236328125" lon="-121.5485301800072193145751953125">
        <ele>1691.5999755859375</ele>
        <time>2025-08-08T19:06:12.000Z</time>
        <extensions>
          <ns3:TrackPointExtension/>
        </extensions>
      </trkpt>
      <trkpt lat="43.9860493876039981842041015625" lon="-121.54787614010274410247802734375">
        <ele>1689.5999755859375</ele>
        <time>2025-08-08T19:06:14.000Z</time>
        <extensions>
          <ns3:TrackPointExtension/>
        </extensions>
      </trkpt>
      <trkpt lat="43.98594997823238372802734375" lon="-121.5472242794930934906005859375">
        <ele>1687.199951171875</ele>
        <time>2025-08-08T19:06:16.000Z</time>
        <extensions>
          <ns3:TrackPointExtension/>
        </extensions>
      </trkpt>
      <trkpt lat="43.9858455397188663482666015625" lon="-121.54657359234988689422607421875">
        <ele>1684.4000244140625</ele>
        <time>2025-08-08T19:06:18.000Z</time>
        <extensions>
          <ns3:TrackPointExtension/>
        </extensions>
      </trkpt>
      <trkpt lat="43.98574478924274444580078125" lon="-121.54591779224574565887451171875">
        <ele>1681.4000244140625</ele>
        <time>2025-08-08T19:06:20.000Z</time>
        <extensions>
          <ns3:TrackPointExtension/>
        </extensions>
      </trkpt>
      <trkpt lat="43.9856470562517642974853515625" lon="-121.54525545425713062286376953125">
        <ele>1679</ele>
        <time>2025-08-08T19:06:22.000Z</time>
        <extensions>
          <ns3:TrackPointExtension/>
        </extensions>
      </trkpt>
      <trkpt lat="43.98554974235594272613525390625" lon="-121.5445913560688495635986328125">
        <ele>1676.5999755859375</ele>
        <time>2025-08-08T19:06:24.000Z</time>
        <extensions>
          <ns3:TrackPointExtension/>
        </extensions>
      </trkpt>
      <trkpt lat="43.98544848896563053131103515625" lon="-121.54392172582447528839111328125">
        <ele>1674.199951171875</ele>
        <time>2025-08-08T19:06:26.000Z</time>
        <extensions>
          <ns3:TrackPointExtension/>
        </extensions>
      </trkpt>
      <trkpt lat="43.98534857667982578277587890625" lon="-121.5432512573897838592529296875">
        <ele>1671.800048828125</ele>
        <time>2025-08-08T19:06:28.000Z</time>
        <extensions>
          <ns3:TrackPointExtension/>
        </extensions>
      </trkpt>
      <trkpt lat="43.9852990396320819854736328125" lon="-121.54291707091033458709716796875">
        <ele>1670.4000244140625</ele>
        <time>2025-08-08T19:06:29.000Z</time>
        <extensions>
          <ns3:TrackPointExtension/>
        </extensions>
      </trkpt>
      <trkpt lat="43.98519854061305522918701171875" lon="-121.5422491170465946197509765625">
        <ele>1668</ele>
        <time>2025-08-08T19:06:31.000Z</time>
        <extensions>
          <ns3:TrackPointExtension/>
        </extensions>
      </trkpt>
      <trkpt lat="43.9850883185863494873046875" lon="-121.54159189201891422271728515625">
        <ele>1665.5999755859375</ele>
        <time>2025-08-08T19:06:33.000Z</time>
        <extensions>
          <ns3:TrackPointExtension/>
        </extensions>
      </trkpt>
      <trkpt lat="43.98497994057834148406982421875" lon="-121.54094145633280277252197265625">
        <ele>1664</ele>
        <time>2025-08-08T19:06:35.000Z</time>
        <extensions>
          <ns3:TrackPointExtension/>
        </extensions>
      </trkpt>
      <trkpt lat="43.984927721321582794189453125" lon="-121.5406163223087787628173828125">
        <ele>1663.4000244140625</ele>
        <time>2025-08-08T19:06:36.000Z</time>
        <extensions>
          <ns3:TrackPointExtension/>
        </extensions>
      </trkpt>
      <trkpt lat="43.9848281443119049072265625" lon="-121.53996848501265048980712890625">
        <ele>1663</ele>
        <time>2025-08-08T19:06:38.000Z</time>
        <extensions>
          <ns3:TrackPointExtension/>
        </extensions>
      </trkpt>
      <trkpt lat="43.98473032750189304351806640625" lon="-121.53931888751685619354248046875">
        <ele>1662.5999755859375</ele>
        <time>2025-08-08T19:06:40.000Z</time>
        <extensions>
          <ns3:TrackPointExtension/>
        </extensions>
      </trkpt>
      <trkpt lat="43.98463259451091289520263671875" lon="-121.5386646799743175506591796875">
        <ele>1662.199951171875</ele>
        <time>2025-08-08T19:06:42.000Z</time>
        <extensions>
          <ns3:TrackPointExtension/>
        </extensions>
      </trkpt>
      <trkpt lat="43.9845359511673450469970703125" lon="-121.53800812549889087677001953125">
        <ele>1661.5999755859375</ele>
        <time>2025-08-08T19:06:44.000Z</time>
        <extensions>
          <ns3:TrackPointExtension/>
        </extensions>
      </trkpt>
      <trkpt lat="43.9844896830618381500244140625" lon="-121.537679135799407958984375">
        <ele>1661.199951171875</ele>
        <time>2025-08-08T19:06:45.000Z</time>
        <extensions>
          <ns3:TrackPointExtension/>
        </extensions>
      </trkpt>
      <trkpt lat="43.984398655593395233154296875" lon="-121.537021659314632415771484375">
        <ele>1660.4000244140625</ele>
        <time>2025-08-08T19:06:47.000Z</time>
        <extensions>
          <ns3:TrackPointExtension/>
        </extensions>
      </trkpt>
      <trkpt lat="43.984303437173366546630859375" lon="-121.5363661944866180419921875">
        <ele>1659.4000244140625</ele>
        <time>2025-08-08T19:06:49.000Z</time>
        <extensions>
          <ns3:TrackPointExtension/>
        </extensions>
      </trkpt>
      <trkpt lat="43.9842030219733715057373046875" lon="-121.53571416623890399932861328125">
        <ele>1658</ele>
        <time>2025-08-08T19:06:51.000Z</time>
        <extensions>
          <ns3:TrackPointExtension/>
        </extensions>
      </trkpt>
      <trkpt lat="43.98410202004015445709228515625" lon="-121.5350607968866825103759765625">
        <ele>1656.5999755859375</ele>
        <time>2025-08-08T19:06:53.000Z</time>
        <extensions>
          <ns3:TrackPointExtension/>
        </extensions>
      </trkpt>
      <trkpt lat="43.98400026373565196990966796875" lon="-121.5344056673347949981689453125">
        <ele>1654.5999755859375</ele>
        <time>2025-08-08T19:06:55.000Z</time>
        <extensions>
          <ns3:TrackPointExtension/>
        </extensions>
      </trkpt>
      <trkpt lat="43.98389632813632488250732421875" lon="-121.533746682107448577880859375">
        <ele>1652.199951171875</ele>
        <time>2025-08-08T19:06:57.000Z</time>
        <extensions>
          <ns3:TrackPointExtension/>
        </extensions>
      </trkpt>
      <trkpt lat="43.9837949909269809722900390625" lon="-121.53308845125138759613037109375">
        <ele>1649.800048828125</ele>
        <time>2025-08-08T19:06:59.000Z</time>
        <extensions>
          <ns3:TrackPointExtension/>
        </extensions>
      </trkpt>
      <trkpt lat="43.98369499482214450836181640625" lon="-121.532432734966278076171875">
        <ele>1647.5999755859375</ele>
        <time>2025-08-08T19:07:01.000Z</time>
        <extensions>
          <ns3:TrackPointExtension/>
        </extensions>
      </trkpt>
      <trkpt lat="43.983595333993434906005859375" lon="-121.53177835978567600250244140625">
        <ele>1645.4000244140625</ele>
        <time>2025-08-08T19:07:03.000Z</time>
        <extensions>
          <ns3:TrackPointExtension/>
        </extensions>
      </trkpt>
      <trkpt lat="43.9834965951740741729736328125" lon="-121.531126163899898529052734375">
        <ele>1643.800048828125</ele>
        <time>2025-08-08T19:07:05.000Z</time>
        <extensions>
          <ns3:TrackPointExtension/>
        </extensions>
      </trkpt>
      <trkpt lat="43.98344605229794979095458984375" lon="-121.53080186806619167327880859375">
        <ele>1642.800048828125</ele>
        <time>2025-08-08T19:07:06.000Z</time>
        <extensions>
          <ns3:TrackPointExtension/>
        </extensions>
      </trkpt>
      <trkpt lat="43.98334563709795475006103515625" lon="-121.5301570482552051544189453125">
        <ele>1640.800048828125</ele>
        <time>2025-08-08T19:07:08.000Z</time>
        <extensions>
          <ns3:TrackPointExtension/>
        </extensions>
      </trkpt>
      <trkpt lat="43.9832494966685771942138671875" lon="-121.52951273135840892791748046875">
        <ele>1639</ele>
        <time>2025-08-08T19:07:10.000Z</time>
        <extensions>
          <ns3:TrackPointExtension/>
        </extensions>
      </trkpt>
      <trkpt lat="43.98315436206758022308349609375" lon="-121.5288712643086910247802734375">
        <ele>1637.5999755859375</ele>
        <time>2025-08-08T19:07:12.000Z</time>
        <extensions>
          <ns3:TrackPointExtension/>
        </extensions>
      </trkpt>
      <trkpt lat="43.98305696435272693634033203125" lon="-121.52823046781122684478759765625">
        <ele>1636.199951171875</ele>
        <time>2025-08-08T19:07:14.000Z</time>
        <extensions>
          <ns3:TrackPointExtension/>
        </extensions>
      </trkpt>
      <trkpt lat="43.9829564653337001800537109375" lon="-121.52759076096117496490478515625">
        <ele>1635.199951171875</ele>
        <time>2025-08-08T19:07:16.000Z</time>
        <extensions>
          <ns3:TrackPointExtension/>
        </extensions>
      </trkpt>
      <trkpt lat="43.9828567206859588623046875" lon="-121.52694099582731723785400390625">
        <ele>1634.4000244140625</ele>
        <time>2025-08-08T19:07:18.000Z</time>
        <extensions>
          <ns3:TrackPointExtension/>
        </extensions>
      </trkpt>
      <trkpt lat="43.9827574789524078369140625" lon="-121.52628452517092227935791015625">
        <ele>1633.199951171875</ele>
        <time>2025-08-08T19:07:20.000Z</time>
        <extensions>
          <ns3:TrackPointExtension/>
        </extensions>
      </trkpt>
      <trkpt lat="43.9826590754091739654541015625" lon="-121.52562587521970272064208984375">
        <ele>1632.199951171875</ele>
        <time>2025-08-08T19:07:22.000Z</time>
        <extensions>
          <ns3:TrackPointExtension/>
        </extensions>
      </trkpt>
      <trkpt lat="43.98255765438079833984375" lon="-121.524971164762973785400390625">
        <ele>1631</ele>
        <time>2025-08-08T19:07:24.000Z</time>
        <extensions>
          <ns3:TrackPointExtension/>
        </extensions>
      </trkpt>
      <trkpt lat="43.982507698237895965576171875" lon="-121.52464502491056919097900390625">
        <ele>1630.4000244140625</ele>
        <time>2025-08-08T19:07:25.000Z</time>
        <extensions>
          <ns3:TrackPointExtension/>
        </extensions>
      </trkpt>
      <trkpt lat="43.98240937851369380950927734375" lon="-121.5239943377673625946044921875">
        <ele>1629</ele>
        <time>2025-08-08T19:07:27.000Z</time>
        <extensions>
          <ns3:TrackPointExtension/>
        </extensions>
      </trkpt>
      <trkpt lat="43.98231265135109424591064453125" lon="-121.523343063890933990478515625">
        <ele>1627.5999755859375</ele>
        <time>2025-08-08T19:07:29.000Z</time>
        <extensions>
          <ns3:TrackPointExtension/>
        </extensions>
      </trkpt>
      <trkpt lat="43.98221424780786037445068359375" lon="-121.5226944722235202789306640625">
        <ele>1626.4000244140625</ele>
        <time>2025-08-08T19:07:31.000Z</time>
        <extensions>
          <ns3:TrackPointExtension/>
        </extensions>
      </trkpt>
      <trkpt lat="43.98211383260786533355712890625" lon="-121.52204864658415317535400390625">
        <ele>1625</ele>
        <time>2025-08-08T19:07:33.000Z</time>
        <extensions>
          <ns3:TrackPointExtension/>
        </extensions>
      </trkpt>
      <trkpt lat="43.98200989700853824615478515625" lon="-121.52140055783092975616455078125">
        <ele>1623.800048828125</ele>
        <time>2025-08-08T19:07:35.000Z</time>
        <extensions>
          <ns3:TrackPointExtension/>
        </extensions>
      </trkpt>
      <trkpt lat="43.981908895075321197509765625" lon="-121.5207481943070888519287109375">
        <ele>1622.5999755859375</ele>
        <time>2025-08-08T19:07:37.000Z</time>
        <extensions>
          <ns3:TrackPointExtension/>
        </extensions>
      </trkpt>
      <trkpt lat="43.981810323894023895263671875" lon="-121.52009616605937480926513671875">
        <ele>1621.4000244140625</ele>
        <time>2025-08-08T19:07:39.000Z</time>
        <extensions>
          <ns3:TrackPointExtension/>
        </extensions>
      </trkpt>
      <trkpt lat="43.98171016015112400054931640625" lon="-121.51944573037326335906982421875">
        <ele>1620.4000244140625</ele>
        <time>2025-08-08T19:07:41.000Z</time>
        <extensions>
          <ns3:TrackPointExtension/>
        </extensions>
      </trkpt>
      <trkpt lat="43.9816086553037166595458984375" lon="-121.5187972225248813629150390625">
        <ele>1619.4000244140625</ele>
        <time>2025-08-08T19:07:43.000Z</time>
        <extensions>
          <ns3:TrackPointExtension/>
        </extensions>
      </trkpt>
      <trkpt lat="43.98151092231273651123046875" lon="-121.5181461162865161895751953125">
        <ele>1618.5999755859375</ele>
        <time>2025-08-08T19:07:45.000Z</time>
        <extensions>
          <ns3:TrackPointExtension/>
        </extensions>
      </trkpt>
      <trkpt lat="43.9814145304262638092041015625" lon="-121.51749257929623126983642578125">
        <ele>1617.5999755859375</ele>
        <time>2025-08-08T19:07:47.000Z</time>
        <extensions>
          <ns3:TrackPointExtension/>
        </extensions>
      </trkpt>
      <trkpt lat="43.9813179709017276763916015625" lon="-121.51683845557272434234619140625">
        <ele>1616.800048828125</ele>
        <time>2025-08-08T19:07:49.000Z</time>
        <extensions>
          <ns3:TrackPointExtension/>
        </extensions>
      </trkpt>
      <trkpt lat="43.9812676794826984405517578125" lon="-121.5165133215487003326416015625">
        <ele>1616.4000244140625</ele>
        <time>2025-08-08T19:07:50.000Z</time>
        <extensions>
          <ns3:TrackPointExtension/>
        </extensions>
      </trkpt>
      <trkpt lat="43.98116801865398883819580078125" lon="-121.51586146093904972076416015625">
        <ele>1615.5999755859375</ele>
        <time>2025-08-08T19:07:52.000Z</time>
        <extensions>
          <ns3:TrackPointExtension/>
        </extensions>
      </trkpt>
      <trkpt lat="43.98107363842427730560302734375" lon="-121.51521001942455768585205078125">
        <ele>1614.800048828125</ele>
        <time>2025-08-08T19:07:54.000Z</time>
        <extensions>
          <ns3:TrackPointExtension/>
        </extensions>
      </trkpt>
      <trkpt lat="43.9809930883347988128662109375" lon="-121.5145539678633213043212890625">
        <ele>1613.800048828125</ele>
        <time>2025-08-08T19:07:56.000Z</time>
        <extensions>
          <ns3:TrackPointExtension/>
        </extensions>
      </trkpt>
      <trkpt lat="43.9809598959982395172119140625" lon="-121.514222882688045501708984375">
        <ele>1613.4000244140625</ele>
        <time>2025-08-08T19:07:57.000Z</time>
        <extensions>
          <ns3:TrackPointExtension/>
        </extensions>
      </trkpt>
      <trkpt lat="43.9809109456837177276611328125" lon="-121.51355844922363758087158203125">
        <ele>1612.5999755859375</ele>
        <time>2025-08-08T19:07:59.000Z</time>
        <extensions>
          <ns3:TrackPointExtension/>
        </extensions>
      </trkpt>
      <trkpt lat="43.9808871410787105560302734375" lon="-121.51289409957826137542724609375">
        <ele>1611.5999755859375</ele>
        <time>2025-08-08T19:08:01.000Z</time>
        <extensions>
          <ns3:TrackPointExtension/>
        </extensions>
      </trkpt>
      <trkpt lat="43.980886638164520263671875" lon="-121.51222606189548969268798828125">
        <ele>1610.800048828125</ele>
        <time>2025-08-08T19:08:03.000Z</time>
        <extensions>
          <ns3:TrackPointExtension/>
        </extensions>
      </trkpt>
      <trkpt lat="43.98091203533113002777099609375" lon="-121.51155919767916202545166015625">
        <ele>1609.800048828125</ele>
        <time>2025-08-08T19:08:05.000Z</time>
        <extensions>
          <ns3:TrackPointExtension/>
        </extensions>
      </trkpt>
      <trkpt lat="43.98095729760825634002685546875" lon="-121.510894931852817535400390625">
        <ele>1608.4000244140625</ele>
        <time>2025-08-08T19:08:07.000Z</time>
        <extensions>
          <ns3:TrackPointExtension/>
        </extensions>
      </trkpt>
      <trkpt lat="43.98102267645299434661865234375" lon="-121.51023209095001220703125">
        <ele>1606.5999755859375</ele>
        <time>2025-08-08T19:08:09.000Z</time>
        <extensions>
          <ns3:TrackPointExtension/>
        </extensions>
      </trkpt>
      <trkpt lat="43.98106433451175689697265625" lon="-121.50990159250795841217041015625">
        <ele>1605.4000244140625</ele>
        <time>2025-08-08T19:08:10.000Z</time>
        <extensions>
          <ns3:TrackPointExtension/>
        </extensions>
      </trkpt>
      <trkpt lat="43.981163240969181060791015625" lon="-121.509241349995136260986328125">
        <ele>1603</ele>
        <time>2025-08-08T19:08:12.000Z</time>
        <extensions>
          <ns3:TrackPointExtension/>
        </extensions>
      </trkpt>
      <trkpt lat="43.98128586821258068084716796875" lon="-121.50858613662421703338623046875">
        <ele>1599.800048828125</ele>
        <time>2025-08-08T19:08:14.000Z</time>
        <extensions>
          <ns3:TrackPointExtension/>
        </extensions>
      </trkpt>
      <trkpt lat="43.98135342635214328765869140625" lon="-121.50826024822890758514404296875">
        <ele>1598.4000244140625</ele>
        <time>2025-08-08T19:08:15.000Z</time>
        <extensions>
          <ns3:TrackPointExtension/>
        </extensions>
      </trkpt>
      <trkpt lat="43.981503881514072418212890625" lon="-121.50761065073311328887939453125">
        <ele>1595.4000244140625</ele>
        <time>2025-08-08T19:08:17.000Z</time>
        <extensions>
          <ns3:TrackPointExtension/>
        </extensions>
      </trkpt>
      <trkpt lat="43.981670178472995758056640625" lon="-121.506964825093746185302734375">
        <ele>1592.800048828125</ele>
        <time>2025-08-08T19:08:19.000Z</time>
        <extensions>
          <ns3:TrackPointExtension/>
        </extensions>
      </trkpt>
      <trkpt lat="43.98175575770437717437744140625" lon="-121.50664203800261020660400390625">
        <ele>1591.199951171875</ele>
        <time>2025-08-08T19:08:20.000Z</time>
        <extensions>
          <ns3:TrackPointExtension/>
        </extensions>
      </trkpt>
      <trkpt lat="43.98192574270069599151611328125" lon="-121.50599411688745021820068359375">
        <ele>1588.4000244140625</ele>
        <time>2025-08-08T19:08:22.000Z</time>
        <extensions>
          <ns3:TrackPointExtension/>
        </extensions>
      </trkpt>
      <trkpt lat="43.98209564387798309326171875" lon="-121.50535005144774913787841796875">
        <ele>1585.4000244140625</ele>
        <time>2025-08-08T19:08:24.000Z</time>
        <extensions>
          <ns3:TrackPointExtension/>
        </extensions>
      </trkpt>
      <trkpt lat="43.9822627790272235870361328125" lon="-121.5047122724354267120361328125">
        <ele>1582.800048828125</ele>
        <time>2025-08-08T19:08:26.000Z</time>
        <extensions>
          <ns3:TrackPointExtension/>
        </extensions>
      </trkpt>
      <trkpt lat="43.9824280701577663421630859375" lon="-121.50407851673662662506103515625">
        <ele>1579.800048828125</ele>
        <time>2025-08-08T19:08:28.000Z</time>
        <extensions>
          <ns3:TrackPointExtension/>
        </extensions>
      </trkpt>
      <trkpt lat="43.982591517269611358642578125" lon="-121.5034479461610317230224609375">
        <ele>1576.800048828125</ele>
        <time>2025-08-08T19:08:30.000Z</time>
        <extensions>
          <ns3:TrackPointExtension/>
        </extensions>
      </trkpt>
      <trkpt lat="43.982752449810504913330078125" lon="-121.50282223708927631378173828125">
        <ele>1573.5999755859375</ele>
        <time>2025-08-08T19:08:32.000Z</time>
        <extensions>
          <ns3:TrackPointExtension/>
        </extensions>
      </trkpt>
      <trkpt lat="43.98291078396141529083251953125" lon="-121.502206586301326751708984375">
        <ele>1570.199951171875</ele>
        <time>2025-08-08T19:08:34.000Z</time>
        <extensions>
          <ns3:TrackPointExtension/>
        </extensions>
      </trkpt>
      <trkpt lat="43.98306794464588165283203125" lon="-121.5015859901905059814453125">
        <ele>1566.800048828125</ele>
        <time>2025-08-08T19:08:36.000Z</time>
        <extensions>
          <ns3:TrackPointExtension/>
        </extensions>
      </trkpt>
      <trkpt lat="43.98322879336774349212646484375" lon="-121.50095894001424312591552734375">
        <ele>1563.4000244140625</ele>
        <time>2025-08-08T19:08:38.000Z</time>
        <extensions>
          <ns3:TrackPointExtension/>
        </extensions>
      </trkpt>
      <trkpt lat="43.98339441977441310882568359375" lon="-121.500321663916110992431640625">
        <ele>1560.199951171875</ele>
        <time>2025-08-08T19:08:40.000Z</time>
        <extensions>
          <ns3:TrackPointExtension/>
        </extensions>
      </trkpt>
      <trkpt lat="43.9835609681904315948486328125" lon="-121.4996767602860927581787109375">
        <ele>1556.800048828125</ele>
        <time>2025-08-08T19:08:42.000Z</time>
        <extensions>
          <ns3:TrackPointExtension/>
        </extensions>
      </trkpt>
      <trkpt lat="43.98372642695903778076171875" lon="-121.49903361685574054718017578125">
        <ele>1553.5999755859375</ele>
        <time>2025-08-08T19:08:44.000Z</time>
        <extensions>
          <ns3:TrackPointExtension/>
        </extensions>
      </trkpt>
      <trkpt lat="43.98380865342915058135986328125" lon="-121.498715020716190338134765625">
        <ele>1552.199951171875</ele>
        <time>2025-08-08T19:08:45.000Z</time>
        <extensions>
          <ns3:TrackPointExtension/>
        </extensions>
      </trkpt>
      <trkpt lat="43.9839693345129489898681640625" lon="-121.49807833135128021240234375">
        <ele>1549</ele>
        <time>2025-08-08T19:08:47.000Z</time>
        <extensions>
          <ns3:TrackPointExtension/>
        </extensions>
      </trkpt>
      <trkpt lat="43.98411895148456096649169921875" lon="-121.49743996560573577880859375">
        <ele>1546</ele>
        <time>2025-08-08T19:08:49.000Z</time>
        <extensions>
          <ns3:TrackPointExtension/>
        </extensions>
      </trkpt>
      <trkpt lat="43.98424275219440460205078125" lon="-121.49679263122379779815673828125">
        <ele>1542.800048828125</ele>
        <time>2025-08-08T19:08:51.000Z</time>
        <extensions>
          <ns3:TrackPointExtension/>
        </extensions>
      </trkpt>
      <trkpt lat="43.984334953129291534423828125" lon="-121.496142446994781494140625">
        <ele>1539.800048828125</ele>
        <time>2025-08-08T19:08:53.000Z</time>
        <extensions>
          <ns3:TrackPointExtension/>
        </extensions>
      </trkpt>
      <trkpt lat="43.98439857177436351776123046875" lon="-121.49549662135541439056396484375">
        <ele>1536.800048828125</ele>
        <time>2025-08-08T19:08:55.000Z</time>
        <extensions>
          <ns3:TrackPointExtension/>
        </extensions>
      </trkpt>
      <trkpt lat="43.98443184792995452880859375" lon="-121.4948457665741443634033203125">
        <ele>1533.800048828125</ele>
        <time>2025-08-08T19:08:57.000Z</time>
        <extensions>
          <ns3:TrackPointExtension/>
        </extensions>
      </trkpt>
      <trkpt lat="43.98443511687219142913818359375" lon="-121.494189798831939697265625">
        <ele>1531</ele>
        <time>2025-08-08T19:08:59.000Z</time>
        <extensions>
          <ns3:TrackPointExtension/>
        </extensions>
      </trkpt>
      <trkpt lat="43.9844108931720256805419921875" lon="-121.4935294725000858306884765625">
        <ele>1528.199951171875</ele>
        <time>2025-08-08T19:09:01.000Z</time>
        <extensions>
          <ns3:TrackPointExtension/>
        </extensions>
      </trkpt>
      <trkpt lat="43.98437476716935634613037109375" lon="-121.49287073872983455657958984375">
        <ele>1525.4000244140625</ele>
        <time>2025-08-08T19:09:03.000Z</time>
        <extensions>
          <ns3:TrackPointExtension/>
        </extensions>
      </trkpt>
      <trkpt lat="43.98435515351593494415283203125" lon="-121.49254132993519306182861328125">
        <ele>1524.199951171875</ele>
        <time>2025-08-08T19:09:04.000Z</time>
        <extensions>
          <ns3:TrackPointExtension/>
        </extensions>
      </trkpt>
      <trkpt lat="43.98431383073329925537109375" lon="-121.49187446571886539459228515625">
        <ele>1522.4000244140625</ele>
        <time>2025-08-08T19:09:06.000Z</time>
        <extensions>
          <ns3:TrackPointExtension/>
        </extensions>
      </trkpt>
      <trkpt lat="43.98427401669323444366455078125" lon="-121.491208858788013458251953125">
        <ele>1520</ele>
        <time>2025-08-08T19:09:08.000Z</time>
        <extensions>
          <ns3:TrackPointExtension/>
        </extensions>
      </trkpt>
      <trkpt lat="43.98422473110258579254150390625" lon="-121.4905441738665103912353515625">
        <ele>1516.800048828125</ele>
        <time>2025-08-08T19:09:10.000Z</time>
        <extensions>
          <ns3:TrackPointExtension/>
        </extensions>
      </trkpt>
      <trkpt lat="43.98415097035467624664306640625" lon="-121.4898850210011005401611328125">
        <ele>1514.4000244140625</ele>
        <time>2025-08-08T19:09:12.000Z</time>
        <extensions>
          <ns3:TrackPointExtension/>
        </extensions>
      </trkpt>
      <trkpt lat="43.98402792401611804962158203125" lon="-121.4892419613897800445556640625">
        <ele>1512</ele>
        <time>2025-08-08T19:09:14.000Z</time>
        <extensions>
          <ns3:TrackPointExtension/>
        </extensions>
      </trkpt>
      <trkpt lat="43.9839468710124492645263671875" lon="-121.488927640020847320556640625">
        <ele>1510.4000244140625</ele>
        <time>2025-08-08T19:09:15.000Z</time>
        <extensions>
          <ns3:TrackPointExtension/>
        </extensions>
      </trkpt>
      <trkpt lat="43.9837487228214740753173828125" lon="-121.48832037113606929779052734375">
        <ele>1508</ele>
        <time>2025-08-08T19:09:17.000Z</time>
        <extensions>
          <ns3:TrackPointExtension/>
        </extensions>
      </trkpt>
      <trkpt lat="43.9836283586919307708740234375" lon="-121.4880299381911754608154296875">
        <ele>1507.199951171875</ele>
        <time>2025-08-08T19:09:18.000Z</time>
        <extensions>
          <ns3:TrackPointExtension/>
        </extensions>
      </trkpt>
      <trkpt lat="43.9833467267453670501708984375" lon="-121.48748938925564289093017578125">
        <ele>1504.800048828125</ele>
        <time>2025-08-08T19:09:20.000Z</time>
        <extensions>
          <ns3:TrackPointExtension/>
        </extensions>
      </trkpt>
      <trkpt lat="43.98318772204220294952392578125" lon="-121.4872336573898792266845703125">
        <ele>1503.199951171875</ele>
        <time>2025-08-08T19:09:21.000Z</time>
        <extensions>
          <ns3:TrackPointExtension/>
        </extensions>
      </trkpt>
      <trkpt lat="43.98283937014639377593994140625" lon="-121.48675127886235713958740234375">
        <ele>1500.4000244140625</ele>
        <time>2025-08-08T19:09:23.000Z</time>
        <extensions>
          <ns3:TrackPointExtension/>
        </extensions>
      </trkpt>
      <trkpt lat="43.9826486818492412567138671875" lon="-121.48653008043766021728515625">
        <ele>1498.800048828125</ele>
        <time>2025-08-08T19:09:24.000Z</time>
        <extensions>
          <ns3:TrackPointExtension/>
        </extensions>
      </trkpt>
      <trkpt lat="43.98224526084959506988525390625" lon="-121.48611928336322307586669921875">
        <ele>1495.4000244140625</ele>
        <time>2025-08-08T19:09:26.000Z</time>
        <extensions>
          <ns3:TrackPointExtension/>
        </extensions>
      </trkpt>
      <trkpt lat="43.98183236829936504364013671875" lon="-121.4857207238674163818359375">
        <ele>1491.5999755859375</ele>
        <time>2025-08-08T19:09:28.000Z</time>
        <extensions>
          <ns3:TrackPointExtension/>
        </extensions>
      </trkpt>
      <trkpt lat="43.98142618127167224884033203125" lon="-121.485313363373279571533203125">
        <ele>1488.5999755859375</ele>
        <time>2025-08-08T19:09:30.000Z</time>
        <extensions>
          <ns3:TrackPointExtension/>
        </extensions>
      </trkpt>
      <trkpt lat="43.98104715161025524139404296875" lon="-121.48487524129450321197509765625">
        <ele>1484.800048828125</ele>
        <time>2025-08-08T19:09:32.000Z</time>
        <extensions>
          <ns3:TrackPointExtension/>
        </extensions>
      </trkpt>
      <trkpt lat="43.98087196983397006988525390625" lon="-121.4846384525299072265625">
        <ele>1482.800048828125</ele>
        <time>2025-08-08T19:09:33.000Z</time>
        <extensions>
          <ns3:TrackPointExtension/>
        </extensions>
      </trkpt>
      <trkpt lat="43.9805565588176250457763671875" lon="-121.48412707261741161346435546875">
        <ele>1479.4000244140625</ele>
        <time>2025-08-08T19:09:35.000Z</time>
        <extensions>
          <ns3:TrackPointExtension/>
        </extensions>
      </trkpt>
      <trkpt lat="43.980419933795928955078125" lon="-121.48385197855532169342041015625">
        <ele>1478</ele>
        <time>2025-08-08T19:09:36.000Z</time>
        <extensions>
          <ns3:TrackPointExtension/>
        </extensions>
      </trkpt>
      <trkpt lat="43.98018322885036468505859375" lon="-121.483276225626468658447265625">
        <ele>1475.4000244140625</ele>
        <time>2025-08-08T19:09:38.000Z</time>
        <extensions>
          <ns3:TrackPointExtension/>
        </extensions>
      </trkpt>
      <trkpt lat="43.98008574731647968292236328125" lon="-121.48298026062548160552978515625">
        <ele>1473.5999755859375</ele>
        <time>2025-08-08T19:09:39.000Z</time>
        <extensions>
          <ns3:TrackPointExtension/>
        </extensions>
      </trkpt>
      <trkpt lat="43.9799282513558864593505859375" lon="-121.482360251247882843017578125">
        <ele>1471</ele>
        <time>2025-08-08T19:09:41.000Z</time>
        <extensions>
          <ns3:TrackPointExtension/>
        </extensions>
      </trkpt>
      <trkpt lat="43.97986982949078083038330078125" lon="-121.482036374509334564208984375">
        <ele>1469.4000244140625</ele>
        <time>2025-08-08T19:09:42.000Z</time>
        <extensions>
          <ns3:TrackPointExtension/>
        </extensions>
      </trkpt>
      <trkpt lat="43.979793973267078399658203125" lon="-121.481375880539417266845703125">
        <ele>1466</ele>
        <time>2025-08-08T19:09:44.000Z</time>
        <extensions>
          <ns3:TrackPointExtension/>
        </extensions>
      </trkpt>
      <trkpt lat="43.97977343760430812835693359375" lon="-121.48103985004127025604248046875">
        <ele>1464.199951171875</ele>
        <time>2025-08-08T19:09:45.000Z</time>
        <extensions>
          <ns3:TrackPointExtension/>
        </extensions>
      </trkpt>
      <trkpt lat="43.9797693304717540740966796875" lon="-121.48035923950374126434326171875">
        <ele>1460.5999755859375</ele>
        <time>2025-08-08T19:09:47.000Z</time>
        <extensions>
          <ns3:TrackPointExtension/>
        </extensions>
      </trkpt>
      <trkpt lat="43.9797914586961269378662109375" lon="-121.48001365363597869873046875">
        <ele>1458.800048828125</ele>
        <time>2025-08-08T19:09:48.000Z</time>
        <extensions>
          <ns3:TrackPointExtension/>
        </extensions>
      </trkpt>
      <trkpt lat="43.97988273762166500091552734375" lon="-121.479329355061054229736328125">
        <ele>1453.5999755859375</ele>
        <time>2025-08-08T19:09:50.000Z</time>
        <extensions>
          <ns3:TrackPointExtension/>
        </extensions>
      </trkpt>
      <trkpt lat="43.97994359023869037628173828125" lon="-121.4789935760200023651123046875">
        <ele>1451.199951171875</ele>
        <time>2025-08-08T19:09:51.000Z</time>
        <extensions>
          <ns3:TrackPointExtension/>
        </extensions>
      </trkpt>
      <trkpt lat="43.980085663497447967529296875" lon="-121.47833869792520999908447265625">
        <ele>1447.199951171875</ele>
        <time>2025-08-08T19:09:53.000Z</time>
        <extensions>
          <ns3:TrackPointExtension/>
        </extensions>
      </trkpt>
      <trkpt lat="43.98023829795420169830322265625" lon="-121.47769295610487461090087890625">
        <ele>1443.199951171875</ele>
        <time>2025-08-08T19:09:55.000Z</time>
        <extensions>
          <ns3:TrackPointExtension/>
        </extensions>
      </trkpt>
      <trkpt lat="43.9803895913064479827880859375" lon="-121.477052830159664154052734375">
        <ele>1440</ele>
        <time>2025-08-08T19:09:57.000Z</time>
        <extensions>
          <ns3:TrackPointExtension/>
        </extensions>
      </trkpt>
      <trkpt lat="43.9805354364216327667236328125" lon="-121.47641639225184917449951171875">
        <ele>1436.800048828125</ele>
        <time>2025-08-08T19:09:59.000Z</time>
        <extensions>
          <ns3:TrackPointExtension/>
        </extensions>
      </trkpt>
      <trkpt lat="43.98067382164299488067626953125" lon="-121.47578925825655460357666015625">
        <ele>1434.199951171875</ele>
        <time>2025-08-08T19:10:01.000Z</time>
        <extensions>
          <ns3:TrackPointExtension/>
        </extensions>
      </trkpt>
      <trkpt lat="43.98081094957888126373291015625" lon="-121.4751653932034969329833984375">
        <ele>1432</ele>
        <time>2025-08-08T19:10:03.000Z</time>
        <extensions>
          <ns3:TrackPointExtension/>
        </extensions>
      </trkpt>
      <trkpt lat="43.98094573058187961578369140625" lon="-121.47453985176980495452880859375">
        <ele>1430.199951171875</ele>
        <time>2025-08-08T19:10:05.000Z</time>
        <extensions>
          <ns3:TrackPointExtension/>
        </extensions>
      </trkpt>
      <trkpt lat="43.98108403198421001434326171875" lon="-121.47391162812709808349609375">
        <ele>1428.199951171875</ele>
        <time>2025-08-08T19:10:07.000Z</time>
        <extensions>
          <ns3:TrackPointExtension/>
        </extensions>
      </trkpt>
      <trkpt lat="43.9812210761010646820068359375" lon="-121.47326789796352386474609375">
        <ele>1426.199951171875</ele>
        <time>2025-08-08T19:10:09.000Z</time>
        <extensions>
          <ns3:TrackPointExtension/>
        </extensions>
      </trkpt>
      <trkpt lat="43.98134085349738597869873046875" lon="-121.4726129360496997833251953125">
        <ele>1423.800048828125</ele>
        <time>2025-08-08T19:10:11.000Z</time>
        <extensions>
          <ns3:TrackPointExtension/>
        </extensions>
      </trkpt>
      <trkpt lat="43.9814198948442935943603515625" lon="-121.47194062359631061553955078125">
        <ele>1421.800048828125</ele>
        <time>2025-08-08T19:10:13.000Z</time>
        <extensions>
          <ns3:TrackPointExtension/>
        </extensions>
      </trkpt>
      <trkpt lat="43.9814396761357784271240234375" lon="-121.4716017432510852813720703125">
        <ele>1421</ele>
        <time>2025-08-08T19:10:14.000Z</time>
        <extensions>
          <ns3:TrackPointExtension/>
        </extensions>
      </trkpt>
      <trkpt lat="43.98143506608903408050537109375" lon="-121.4709264971315860748291015625">
        <ele>1418.800048828125</ele>
        <time>2025-08-08T19:10:16.000Z</time>
        <extensions>
          <ns3:TrackPointExtension/>
        </extensions>
      </trkpt>
      <trkpt lat="43.98141059093177318572998046875" lon="-121.47058996371924877166748046875">
        <ele>1417.800048828125</ele>
        <time>2025-08-08T19:10:17.000Z</time>
        <extensions>
          <ns3:TrackPointExtension/>
        </extensions>
      </trkpt>
      <trkpt lat="43.9813303761184215545654296875" lon="-121.4699263684451580047607421875">
        <ele>1416.5999755859375</ele>
        <time>2025-08-08T19:10:19.000Z</time>
        <extensions>
          <ns3:TrackPointExtension/>
        </extensions>
      </trkpt>
      <trkpt lat="43.98122283630073070526123046875" lon="-121.46927886642515659332275390625">
        <ele>1414.800048828125</ele>
        <time>2025-08-08T19:10:21.000Z</time>
        <extensions>
          <ns3:TrackPointExtension/>
        </extensions>
      </trkpt>
      <trkpt lat="43.98110515438020229339599609375" lon="-121.4686311967670917510986328125">
        <ele>1413.199951171875</ele>
        <time>2025-08-08T19:10:23.000Z</time>
        <extensions>
          <ns3:TrackPointExtension/>
        </extensions>
      </trkpt>
      <trkpt lat="43.98099116049706935882568359375" lon="-121.4679859578609466552734375">
        <ele>1411.5999755859375</ele>
        <time>2025-08-08T19:10:25.000Z</time>
        <extensions>
          <ns3:TrackPointExtension/>
        </extensions>
      </trkpt>
      <trkpt lat="43.9808757416903972625732421875" lon="-121.46733879111707210540771484375">
        <ele>1409.5999755859375</ele>
        <time>2025-08-08T19:10:27.000Z</time>
        <extensions>
          <ns3:TrackPointExtension/>
        </extensions>
      </trkpt>
      <trkpt lat="43.9807590655982494354248046875" lon="-121.4666889421641826629638671875">
        <ele>1407.800048828125</ele>
        <time>2025-08-08T19:10:29.000Z</time>
        <extensions>
          <ns3:TrackPointExtension/>
        </extensions>
      </trkpt>
      <trkpt lat="43.98063912056386470794677734375" lon="-121.4660306274890899658203125">
        <ele>1406</ele>
        <time>2025-08-08T19:10:31.000Z</time>
        <extensions>
          <ns3:TrackPointExtension/>
        </extensions>
      </trkpt>
      <trkpt lat="43.980524875223636627197265625" lon="-121.465368457138538360595703125">
        <ele>1403.5999755859375</ele>
        <time>2025-08-08T19:10:33.000Z</time>
        <extensions>
          <ns3:TrackPointExtension/>
        </extensions>
      </trkpt>
      <trkpt lat="43.98042353801429271697998046875" lon="-121.4646940492093563079833984375">
        <ele>1401.199951171875</ele>
        <time>2025-08-08T19:10:35.000Z</time>
        <extensions>
          <ns3:TrackPointExtension/>
        </extensions>
      </trkpt>
      <trkpt lat="43.98038573563098907470703125" lon="-121.46435315720736980438232421875">
        <ele>1399.4000244140625</ele>
        <time>2025-08-08T19:10:36.000Z</time>
        <extensions>
          <ns3:TrackPointExtension/>
        </extensions>
      </trkpt>
      <trkpt lat="43.98034977726638317108154296875" lon="-121.46366332657635211944580078125">
        <ele>1396</ele>
        <time>2025-08-08T19:10:38.000Z</time>
        <extensions>
          <ns3:TrackPointExtension/>
        </extensions>
      </trkpt>
      <trkpt lat="43.98035715334117412567138671875" lon="-121.46331598050892353057861328125">
        <ele>1393.800048828125</ele>
        <time>2025-08-08T19:10:39.000Z</time>
        <extensions>
          <ns3:TrackPointExtension/>
        </extensions>
      </trkpt>
      <trkpt lat="43.980425633490085601806640625" lon="-121.46263654343783855438232421875">
        <ele>1390</ele>
        <time>2025-08-08T19:10:41.000Z</time>
        <extensions>
          <ns3:TrackPointExtension/>
        </extensions>
      </trkpt>
      <trkpt lat="43.980485983192920684814453125" lon="-121.4623031951487064361572265625">
        <ele>1388.4000244140625</ele>
        <time>2025-08-08T19:10:42.000Z</time>
        <extensions>
          <ns3:TrackPointExtension/>
        </extensions>
      </trkpt>
      <trkpt lat="43.98065152578055858612060546875" lon="-121.46166273392736911773681640625">
        <ele>1384.800048828125</ele>
        <time>2025-08-08T19:10:44.000Z</time>
        <extensions>
          <ns3:TrackPointExtension/>
        </extensions>
      </trkpt>
      <trkpt lat="43.98074909113347530364990234375" lon="-121.4613520167768001556396484375">
        <ele>1383</ele>
        <time>2025-08-08T19:10:45.000Z</time>
        <extensions>
          <ns3:TrackPointExtension/>
        </extensions>
      </trkpt>
      <trkpt lat="43.98096282966434955596923828125" lon="-121.460753045976161956787109375">
        <ele>1379.4000244140625</ele>
        <time>2025-08-08T19:10:47.000Z</time>
        <extensions>
          <ns3:TrackPointExtension/>
        </extensions>
      </trkpt>
      <trkpt lat="43.98117539472877979278564453125" lon="-121.46016773767769336700439453125">
        <ele>1376.4000244140625</ele>
        <time>2025-08-08T19:10:49.000Z</time>
        <extensions>
          <ns3:TrackPointExtension/>
        </extensions>
      </trkpt>
      <trkpt lat="43.98128159344196319580078125" lon="-121.4598776400089263916015625">
        <ele>1375</ele>
        <time>2025-08-08T19:10:50.000Z</time>
        <extensions>
          <ns3:TrackPointExtension/>
        </extensions>
      </trkpt>
      <trkpt lat="43.981492817401885986328125" lon="-121.4592977799475193023681640625">
        <ele>1372.5999755859375</ele>
        <time>2025-08-08T19:10:52.000Z</time>
        <extensions>
          <ns3:TrackPointExtension/>
        </extensions>
      </trkpt>
      <trkpt lat="43.98170177824795246124267578125" lon="-121.4587177522480487823486328125">
        <ele>1370.199951171875</ele>
        <time>2025-08-08T19:10:54.000Z</time>
        <extensions>
          <ns3:TrackPointExtension/>
        </extensions>
      </trkpt>
      <trkpt lat="43.98191803134977817535400390625" lon="-121.4581296779215335845947265625">
        <ele>1367.800048828125</ele>
        <time>2025-08-08T19:10:56.000Z</time>
        <extensions>
          <ns3:TrackPointExtension/>
        </extensions>
      </trkpt>
      <trkpt lat="43.98202364332973957061767578125" lon="-121.45782952196896076202392578125">
        <ele>1366.5999755859375</ele>
        <time>2025-08-08T19:10:57.000Z</time>
        <extensions>
          <ns3:TrackPointExtension/>
        </extensions>
      </trkpt>
      <trkpt lat="43.98223235271871089935302734375" lon="-121.4572200737893581390380859375">
        <ele>1364.5999755859375</ele>
        <time>2025-08-08T19:10:59.000Z</time>
        <extensions>
          <ns3:TrackPointExtension/>
        </extensions>
      </trkpt>
      <trkpt lat="43.98244676180183887481689453125" lon="-121.45660936832427978515625">
        <ele>1362.5999755859375</ele>
        <time>2025-08-08T19:11:01.000Z</time>
        <extensions>
          <ns3:TrackPointExtension/>
        </extensions>
      </trkpt>
      <trkpt lat="43.9826627634465694427490234375" lon="-121.45600025542080402374267578125">
        <ele>1361</ele>
        <time>2025-08-08T19:11:03.000Z</time>
        <extensions>
          <ns3:TrackPointExtension/>
        </extensions>
      </trkpt>
      <trkpt lat="43.982770554721355438232421875" lon="-121.45569599233567714691162109375">
        <ele>1360.199951171875</ele>
        <time>2025-08-08T19:11:04.000Z</time>
        <extensions>
          <ns3:TrackPointExtension/>
        </extensions>
      </trkpt>
      <trkpt lat="43.9829849638044834136962890625" lon="-121.45509014837443828582763671875">
        <ele>1358.5999755859375</ele>
        <time>2025-08-08T19:11:06.000Z</time>
        <extensions>
          <ns3:TrackPointExtension/>
        </extensions>
      </trkpt>
      <trkpt lat="43.9831968583166599273681640625" lon="-121.45448866300284862518310546875">
        <ele>1357</ele>
        <time>2025-08-08T19:11:08.000Z</time>
        <extensions>
          <ns3:TrackPointExtension/>
        </extensions>
      </trkpt>
      <trkpt lat="43.9834077470004558563232421875" lon="-121.4538894407451152801513671875">
        <ele>1355.4000244140625</ele>
        <time>2025-08-08T19:11:10.000Z</time>
        <extensions>
          <ns3:TrackPointExtension/>
        </extensions>
      </trkpt>
      <trkpt lat="43.98361939005553722381591796875" lon="-121.45329206250607967376708984375">
        <ele>1353.800048828125</ele>
        <time>2025-08-08T19:11:12.000Z</time>
        <extensions>
          <ns3:TrackPointExtension/>
        </extensions>
      </trkpt>
      <trkpt lat="43.98382969200611114501953125" lon="-121.452696360647678375244140625">
        <ele>1352.4000244140625</ele>
        <time>2025-08-08T19:11:14.000Z</time>
        <extensions>
          <ns3:TrackPointExtension/>
        </extensions>
      </trkpt>
      <trkpt lat="43.98403823375701904296875" lon="-121.452100239694118499755859375">
        <ele>1350.800048828125</ele>
        <time>2025-08-08T19:11:16.000Z</time>
        <extensions>
          <ns3:TrackPointExtension/>
        </extensions>
      </trkpt>
      <trkpt lat="43.98414242081344127655029296875" lon="-121.45180217921733856201171875">
        <ele>1350</ele>
        <time>2025-08-08T19:11:17.000Z</time>
        <extensions>
          <ns3:TrackPointExtension/>
        </extensions>
      </trkpt>
      <trkpt lat="43.984351716935634613037109375" lon="-121.45120664499700069427490234375">
        <ele>1348.4000244140625</ele>
        <time>2025-08-08T19:11:19.000Z</time>
        <extensions>
          <ns3:TrackPointExtension/>
        </extensions>
      </trkpt>
      <trkpt lat="43.98456235416233539581298828125" lon="-121.45060918293893337249755859375">
        <ele>1347</ele>
        <time>2025-08-08T19:11:21.000Z</time>
        <extensions>
          <ns3:TrackPointExtension/>
        </extensions>
      </trkpt>
      <trkpt lat="43.98477324284613132476806640625" lon="-121.4500099606812000274658203125">
        <ele>1345.5999755859375</ele>
        <time>2025-08-08T19:11:23.000Z</time>
        <extensions>
          <ns3:TrackPointExtension/>
        </extensions>
      </trkpt>
      <trkpt lat="43.98497692309319972991943359375" lon="-121.44940151832997798919677734375">
        <ele>1344.199951171875</ele>
        <time>2025-08-08T19:11:25.000Z</time>
        <extensions>
          <ns3:TrackPointExtension/>
        </extensions>
      </trkpt>
      <trkpt lat="43.9851649291813373565673828125" lon="-121.4487811736762523651123046875">
        <ele>1343</ele>
        <time>2025-08-08T19:11:27.000Z</time>
        <extensions>
          <ns3:TrackPointExtension/>
        </extensions>
      </trkpt>
      <trkpt lat="43.98533851839601993560791015625" lon="-121.44815529696643352508544921875">
        <ele>1342.199951171875</ele>
        <time>2025-08-08T19:11:29.000Z</time>
        <extensions>
          <ns3:TrackPointExtension/>
        </extensions>
      </trkpt>
      <trkpt lat="43.9854948408901691436767578125" lon="-121.447525732219219207763671875">
        <ele>1341.800048828125</ele>
        <time>2025-08-08T19:11:31.000Z</time>
        <extensions>
          <ns3:TrackPointExtension/>
        </extensions>
      </trkpt>
      <trkpt lat="43.9856373332440853118896484375" lon="-121.4468945749104022979736328125">
        <ele>1342</ele>
        <time>2025-08-08T19:11:33.000Z</time>
        <extensions>
          <ns3:TrackPointExtension/>
        </extensions>
      </trkpt>
      <trkpt lat="43.9857722818851470947265625" lon="-121.44626283086836338043212890625">
        <ele>1343</ele>
        <time>2025-08-08T19:11:35.000Z</time>
        <extensions>
          <ns3:TrackPointExtension/>
        </extensions>
      </trkpt>
      <trkpt lat="43.98590127937495708465576171875" lon="-121.44563284702599048614501953125">
        <ele>1343.4000244140625</ele>
        <time>2025-08-08T19:11:37.000Z</time>
        <extensions>
          <ns3:TrackPointExtension/>
        </extensions>
      </trkpt>
      <trkpt lat="43.986020721495151519775390625" lon="-121.4449982531368732452392578125">
        <ele>1343.5999755859375</ele>
        <time>2025-08-08T19:11:39.000Z</time>
        <extensions>
          <ns3:TrackPointExtension/>
        </extensions>
      </trkpt>
      <trkpt lat="43.98613479919731616973876953125" lon="-121.444354690611362457275390625">
        <ele>1343.4000244140625</ele>
        <time>2025-08-08T19:11:41.000Z</time>
        <extensions>
          <ns3:TrackPointExtension/>
        </extensions>
      </trkpt>
      <trkpt lat="43.9862518943846225738525390625" lon="-121.4437044225633144378662109375">
        <ele>1342.4000244140625</ele>
        <time>2025-08-08T19:11:43.000Z</time>
        <extensions>
          <ns3:TrackPointExtension/>
        </extensions>
      </trkpt>
      <trkpt lat="43.98636848665773868560791015625" lon="-121.44305289722979068756103515625">
        <ele>1341.199951171875</ele>
        <time>2025-08-08T19:11:45.000Z</time>
        <extensions>
          <ns3:TrackPointExtension/>
        </extensions>
      </trkpt>
      <trkpt lat="43.98648616857826709747314453125" lon="-121.44239843823015689849853515625">
        <ele>1339.5999755859375</ele>
        <time>2025-08-08T19:11:47.000Z</time>
        <extensions>
          <ns3:TrackPointExtension/>
        </extensions>
      </trkpt>
      <trkpt lat="43.98660711944103240966796875" lon="-121.441744230687618255615234375">
        <ele>1337.800048828125</ele>
        <time>2025-08-08T19:11:49.000Z</time>
        <extensions>
          <ns3:TrackPointExtension/>
        </extensions>
      </trkpt>
      <trkpt lat="43.98666772060096263885498046875" lon="-121.4414191804826259613037109375">
        <ele>1337</ele>
        <time>2025-08-08T19:11:50.000Z</time>
        <extensions>
          <ns3:TrackPointExtension/>
        </extensions>
      </trkpt>
      <trkpt lat="43.9867859892547130584716796875" lon="-121.44077553413808345794677734375">
        <ele>1335.199951171875</ele>
        <time>2025-08-08T19:11:52.000Z</time>
        <extensions>
          <ns3:TrackPointExtension/>
        </extensions>
      </trkpt>
      <trkpt lat="43.98690023459494113922119140625" lon="-121.440136246383190155029296875">
        <ele>1334</ele>
        <time>2025-08-08T19:11:54.000Z</time>
        <extensions>
          <ns3:TrackPointExtension/>
        </extensions>
      </trkpt>
      <trkpt lat="43.987016491591930389404296875" lon="-121.4394987188279628753662109375">
        <ele>1332.800048828125</ele>
        <time>2025-08-08T19:11:56.000Z</time>
        <extensions>
          <ns3:TrackPointExtension/>
        </extensions>
      </trkpt>
      <trkpt lat="43.9871346764266490936279296875" lon="-121.43885808996856212615966796875">
        <ele>1331.5999755859375</ele>
        <time>2025-08-08T19:11:58.000Z</time>
        <extensions>
          <ns3:TrackPointExtension/>
        </extensions>
      </trkpt>
      <trkpt lat="43.9872533641755580902099609375" lon="-121.43821335397660732269287109375">
        <ele>1330.800048828125</ele>
        <time>2025-08-08T19:12:00.000Z</time>
        <extensions>
          <ns3:TrackPointExtension/>
        </extensions>
      </trkpt>
      <trkpt lat="43.9873743988573551177978515625" lon="-121.43756979145109653472900390625">
        <ele>1330.199951171875</ele>
        <time>2025-08-08T19:12:02.000Z</time>
        <extensions>
          <ns3:TrackPointExtension/>
        </extensions>
      </trkpt>
      <trkpt lat="43.98750574328005313873291015625" lon="-121.4369284920394420623779296875">
        <ele>1329.4000244140625</ele>
        <time>2025-08-08T19:12:04.000Z</time>
        <extensions>
          <ns3:TrackPointExtension/>
        </extensions>
      </trkpt>
      <trkpt lat="43.9876516722142696380615234375" lon="-121.43629188649356365203857421875">
        <ele>1328.4000244140625</ele>
        <time>2025-08-08T19:12:06.000Z</time>
        <extensions>
          <ns3:TrackPointExtension/>
        </extensions>
      </trkpt>
      <trkpt lat="43.9878129400312900543212890625" lon="-121.43566466867923736572265625">
        <ele>1327.4000244140625</ele>
        <time>2025-08-08T19:12:08.000Z</time>
        <extensions>
          <ns3:TrackPointExtension/>
        </extensions>
      </trkpt>
      <trkpt lat="43.9879936538636684417724609375" lon="-121.4350475929677486419677734375">
        <ele>1326.4000244140625</ele>
        <time>2025-08-08T19:12:10.000Z</time>
        <extensions>
          <ns3:TrackPointExtension/>
        </extensions>
      </trkpt>
      <trkpt lat="43.98819473572075366973876953125" lon="-121.4344427548348903656005859375">
        <ele>1325.199951171875</ele>
        <time>2025-08-08T19:12:12.000Z</time>
        <extensions>
          <ns3:TrackPointExtension/>
        </extensions>
      </trkpt>
      <trkpt lat="43.988303951919078826904296875" lon="-121.43414494581520557403564453125">
        <ele>1324.5999755859375</ele>
        <time>2025-08-08T19:12:13.000Z</time>
        <extensions>
          <ns3:TrackPointExtension/>
        </extensions>
      </trkpt>
      <trkpt lat="43.9885357953608036041259765625" lon="-121.43355913460254669189453125">
        <ele>1323.5999755859375</ele>
        <time>2025-08-08T19:12:15.000Z</time>
        <extensions>
          <ns3:TrackPointExtension/>
        </extensions>
      </trkpt>
      <trkpt lat="43.988784737884998321533203125" lon="-121.4329884946346282958984375">
        <ele>1322.5999755859375</ele>
        <time>2025-08-08T19:12:17.000Z</time>
        <extensions>
          <ns3:TrackPointExtension/>
        </extensions>
      </trkpt>
      <trkpt lat="43.9889166690409183502197265625" lon="-121.4327103830873966217041015625">
        <ele>1322</ele>
        <time>2025-08-08T19:12:18.000Z</time>
        <extensions>
          <ns3:TrackPointExtension/>
        </extensions>
      </trkpt>
      <trkpt lat="43.98919251747429370880126953125" lon="-121.43216614611446857452392578125">
        <ele>1320.800048828125</ele>
        <time>2025-08-08T19:12:20.000Z</time>
        <extensions>
          <ns3:TrackPointExtension/>
        </extensions>
      </trkpt>
      <trkpt lat="43.98947666399180889129638671875" lon="-121.4316314645111560821533203125">
        <ele>1319.800048828125</ele>
        <time>2025-08-08T19:12:22.000Z</time>
        <extensions>
          <ns3:TrackPointExtension/>
        </extensions>
      </trkpt>
      <trkpt lat="43.9897632412612438201904296875" lon="-121.43109695054590702056884765625">
        <ele>1318.199951171875</ele>
        <time>2025-08-08T19:12:24.000Z</time>
        <extensions>
          <ns3:TrackPointExtension/>
        </extensions>
      </trkpt>
      <trkpt lat="43.9900522492825984954833984375" lon="-121.43056386150419712066650390625">
        <ele>1316.4000244140625</ele>
        <time>2025-08-08T19:12:26.000Z</time>
        <extensions>
          <ns3:TrackPointExtension/>
        </extensions>
      </trkpt>
      <trkpt lat="43.9903419278562068939208984375" lon="-121.43002524040639400482177734375">
        <ele>1314.199951171875</ele>
        <time>2025-08-08T19:12:28.000Z</time>
        <extensions>
          <ns3:TrackPointExtension/>
        </extensions>
      </trkpt>
      <trkpt lat="43.99063101969659328460693359375" lon="-121.42948259599506855010986328125">
        <ele>1312</ele>
        <time>2025-08-08T19:12:30.000Z</time>
        <extensions>
          <ns3:TrackPointExtension/>
        </extensions>
      </trkpt>
      <trkpt lat="43.99092019535601139068603515625" lon="-121.42893643118441104888916015625">
        <ele>1309.4000244140625</ele>
        <time>2025-08-08T19:12:32.000Z</time>
        <extensions>
          <ns3:TrackPointExtension/>
        </extensions>
      </trkpt>
      <trkpt lat="43.99121205322444438934326171875" lon="-121.42838917672634124755859375">
        <ele>1306.5999755859375</ele>
        <time>2025-08-08T19:12:34.000Z</time>
        <extensions>
          <ns3:TrackPointExtension/>
        </extensions>
      </trkpt>
      <trkpt lat="43.9915063418447971343994140625" lon="-121.42784007824957370758056640625">
        <ele>1303.5999755859375</ele>
        <time>2025-08-08T19:12:36.000Z</time>
        <extensions>
          <ns3:TrackPointExtension/>
        </extensions>
      </trkpt>
      <trkpt lat="43.99180197156965732574462890625" lon="-121.4272886328399181365966796875">
        <ele>1300.800048828125</ele>
        <time>2025-08-08T19:12:38.000Z</time>
        <extensions>
          <ns3:TrackPointExtension/>
        </extensions>
      </trkpt>
      <trkpt lat="43.99209768511354923248291015625" lon="-121.42673467285931110382080078125">
        <ele>1297.800048828125</ele>
        <time>2025-08-08T19:12:40.000Z</time>
        <extensions>
          <ns3:TrackPointExtension/>
        </extensions>
      </trkpt>
      <trkpt lat="43.992395661771297454833984375" lon="-121.4261795394122600555419921875">
        <ele>1295</ele>
        <time>2025-08-08T19:12:42.000Z</time>
        <extensions>
          <ns3:TrackPointExtension/>
        </extensions>
      </trkpt>
      <trkpt lat="43.9926908724009990692138671875" lon="-121.42561904154717922210693359375">
        <ele>1292.199951171875</ele>
        <time>2025-08-08T19:12:44.000Z</time>
        <extensions>
          <ns3:TrackPointExtension/>
        </extensions>
      </trkpt>
      <trkpt lat="43.99298532865941524505615234375" lon="-121.4250637404620647430419921875">
        <ele>1289.199951171875</ele>
        <time>2025-08-08T19:12:46.000Z</time>
        <extensions>
          <ns3:TrackPointExtension/>
        </extensions>
      </trkpt>
      <trkpt lat="43.993276767432689666748046875" lon="-121.42451631836593151092529296875">
        <ele>1286.4000244140625</ele>
        <time>2025-08-08T19:12:48.000Z</time>
        <extensions>
          <ns3:TrackPointExtension/>
        </extensions>
      </trkpt>
      <trkpt lat="43.99356753565371036529541015625" lon="-121.42397484742105007171630859375">
        <ele>1283.800048828125</ele>
        <time>2025-08-08T19:12:50.000Z</time>
        <extensions>
          <ns3:TrackPointExtension/>
        </extensions>
      </trkpt>
      <trkpt lat="43.9938559569418430328369140625" lon="-121.42343404702842235565185546875">
        <ele>1281</ele>
        <time>2025-08-08T19:12:52.000Z</time>
        <extensions>
          <ns3:TrackPointExtension/>
        </extensions>
      </trkpt>
      <trkpt lat="43.994141779839992523193359375" lon="-121.42289592884480953216552734375">
        <ele>1278.199951171875</ele>
        <time>2025-08-08T19:12:54.000Z</time>
        <extensions>
          <ns3:TrackPointExtension/>
        </extensions>
      </trkpt>
      <trkpt lat="43.9944245852530002593994140625" lon="-121.422367952764034271240234375">
        <ele>1275.5999755859375</ele>
        <time>2025-08-08T19:12:56.000Z</time>
        <extensions>
          <ns3:TrackPointExtension/>
        </extensions>
      </trkpt>
      <trkpt lat="43.9947055466473102569580078125" lon="-121.421843580901622772216796875">
        <ele>1272.800048828125</ele>
        <time>2025-08-08T19:12:58.000Z</time>
        <extensions>
          <ns3:TrackPointExtension/>
        </extensions>
      </trkpt>
      <trkpt lat="43.99498902261257171630859375" lon="-121.42131728120148181915283203125">
        <ele>1270.199951171875</ele>
        <time>2025-08-08T19:13:00.000Z</time>
        <extensions>
          <ns3:TrackPointExtension/>
        </extensions>
      </trkpt>
      <trkpt lat="43.99527325294911861419677734375" lon="-121.42078653909265995025634765625">
        <ele>1267.5999755859375</ele>
        <time>2025-08-08T19:13:02.000Z</time>
        <extensions>
          <ns3:TrackPointExtension/>
        </extensions>
      </trkpt>
      <trkpt lat="43.9955596625804901123046875" lon="-121.42024909146130084991455078125">
        <ele>1265</ele>
        <time>2025-08-08T19:13:04.000Z</time>
        <extensions>
          <ns3:TrackPointExtension/>
        </extensions>
      </trkpt>
      <trkpt lat="43.99585026316344738006591796875" lon="-121.4197043515741825103759765625">
        <ele>1262.199951171875</ele>
        <time>2025-08-08T19:13:06.000Z</time>
        <extensions>
          <ns3:TrackPointExtension/>
        </extensions>
      </trkpt>
      <trkpt lat="43.9961425401270389556884765625" lon="-121.4191521517932415008544921875">
        <ele>1259.4000244140625</ele>
        <time>2025-08-08T19:13:08.000Z</time>
        <extensions>
          <ns3:TrackPointExtension/>
        </extensions>
      </trkpt>
      <trkpt lat="43.99643565528094768524169921875" lon="-121.4185959286987781524658203125">
        <ele>1256.5999755859375</ele>
        <time>2025-08-08T19:13:10.000Z</time>
        <extensions>
          <ns3:TrackPointExtension/>
        </extensions>
      </trkpt>
      <trkpt lat="43.996728770434856414794921875" lon="-121.41803543083369731903076171875">
        <ele>1254</ele>
        <time>2025-08-08T19:13:12.000Z</time>
        <extensions>
          <ns3:TrackPointExtension/>
        </extensions>
      </trkpt>
      <trkpt lat="43.99700998328626155853271484375" lon="-121.4174638688564300537109375">
        <ele>1251.800048828125</ele>
        <time>2025-08-08T19:13:14.000Z</time>
        <extensions>
          <ns3:TrackPointExtension/>
        </extensions>
      </trkpt>
      <trkpt lat="43.99726487696170806884765625" lon="-121.41687302850186824798583984375">
        <ele>1250</ele>
        <time>2025-08-08T19:13:16.000Z</time>
        <extensions>
          <ns3:TrackPointExtension/>
        </extensions>
      </trkpt>
      <trkpt lat="43.99747786112129688262939453125" lon="-121.4162640832364559173583984375">
        <ele>1249.199951171875</ele>
        <time>2025-08-08T19:13:18.000Z</time>
        <extensions>
          <ns3:TrackPointExtension/>
        </extensions>
      </trkpt>
      <trkpt lat="43.997567631304264068603515625" lon="-121.4159542880952358245849609375">
        <ele>1249</ele>
        <time>2025-08-08T19:13:19.000Z</time>
        <extensions>
          <ns3:TrackPointExtension/>
        </extensions>
      </trkpt>
      <trkpt lat="43.997717835009098052978515625" lon="-121.41532103531062602996826171875">
        <ele>1248.800048828125</ele>
        <time>2025-08-08T19:13:21.000Z</time>
        <extensions>
          <ns3:TrackPointExtension/>
        </extensions>
      </trkpt>
      <trkpt lat="43.9977756701409816741943359375" lon="-121.414996571838855743408203125">
        <ele>1248.800048828125</ele>
        <time>2025-08-08T19:13:22.000Z</time>
        <extensions>
          <ns3:TrackPointExtension/>
        </extensions>
      </trkpt>
      <trkpt lat="43.99785672314465045928955078125" lon="-121.414335072040557861328125">
        <ele>1248.5999755859375</ele>
        <time>2025-08-08T19:13:24.000Z</time>
        <extensions>
          <ns3:TrackPointExtension/>
        </extensions>
      </trkpt>
      <trkpt lat="43.99788002483546733856201171875" lon="-121.41400055028498172760009765625">
        <ele>1248.5999755859375</ele>
        <time>2025-08-08T19:13:25.000Z</time>
        <extensions>
          <ns3:TrackPointExtension/>
        </extensions>
      </trkpt>
      <trkpt lat="43.99789645336568355560302734375" lon="-121.41333083622157573699951171875">
        <ele>1248.199951171875</ele>
        <time>2025-08-08T19:13:27.000Z</time>
        <extensions>
          <ns3:TrackPointExtension/>
        </extensions>
      </trkpt>
      <trkpt lat="43.99788714945316314697265625" lon="-121.4129931293427944183349609375">
        <ele>1248</ele>
        <time>2025-08-08T19:13:28.000Z</time>
        <extensions>
          <ns3:TrackPointExtension/>
        </extensions>
      </trkpt>
      <trkpt lat="43.99784515611827373504638671875" lon="-121.41232182271778583526611328125">
        <ele>1247.5999755859375</ele>
        <time>2025-08-08T19:13:30.000Z</time>
        <extensions>
          <ns3:TrackPointExtension/>
        </extensions>
      </trkpt>
      <trkpt lat="43.99778212420642375946044921875" lon="-121.41165177337825298309326171875">
        <ele>1246.800048828125</ele>
        <time>2025-08-08T19:13:32.000Z</time>
        <extensions>
          <ns3:TrackPointExtension/>
        </extensions>
      </trkpt>
      <trkpt lat="43.99774775840342044830322265625" lon="-121.41131691634654998779296875">
        <ele>1246.199951171875</ele>
        <time>2025-08-08T19:13:33.000Z</time>
        <extensions>
          <ns3:TrackPointExtension/>
        </extensions>
      </trkpt>
      <trkpt lat="43.99768355302512645721435546875" lon="-121.4106552489101886749267578125">
        <ele>1245.4000244140625</ele>
        <time>2025-08-08T19:13:35.000Z</time>
        <extensions>
          <ns3:TrackPointExtension/>
        </extensions>
      </trkpt>
      <trkpt lat="43.99762018583714962005615234375" lon="-121.40999182127416133880615234375">
        <ele>1245.199951171875</ele>
        <time>2025-08-08T19:13:37.000Z</time>
        <extensions>
          <ns3:TrackPointExtension/>
        </extensions>
      </trkpt>
      <trkpt lat="43.997552879154682159423828125" lon="-121.4093312434852123260498046875">
        <ele>1244.800048828125</ele>
        <time>2025-08-08T19:13:39.000Z</time>
        <extensions>
          <ns3:TrackPointExtension/>
        </extensions>
      </trkpt>
      <trkpt lat="43.997485153377056121826171875" lon="-121.40867049805819988250732421875">
        <ele>1244</ele>
        <time>2025-08-08T19:13:41.000Z</time>
        <extensions>
          <ns3:TrackPointExtension/>
        </extensions>
      </trkpt>
      <trkpt lat="43.99742237292230129241943359375" lon="-121.4080144464969635009765625">
        <ele>1243.199951171875</ele>
        <time>2025-08-08T19:13:43.000Z</time>
        <extensions>
          <ns3:TrackPointExtension/>
        </extensions>
      </trkpt>
      <trkpt lat="43.99736487306654453277587890625" lon="-121.4073574729263782501220703125">
        <ele>1242.199951171875</ele>
        <time>2025-08-08T19:13:45.000Z</time>
        <extensions>
          <ns3:TrackPointExtension/>
        </extensions>
      </trkpt>
      <trkpt lat="43.99730469100177288055419921875" lon="-121.406700499355792999267578125">
        <ele>1241.199951171875</ele>
        <time>2025-08-08T19:13:47.000Z</time>
        <extensions>
          <ns3:TrackPointExtension/>
        </extensions>
      </trkpt>
      <trkpt lat="43.99724769406020641326904296875" lon="-121.4060418494045734405517578125">
        <ele>1240.800048828125</ele>
        <time>2025-08-08T19:13:49.000Z</time>
        <extensions>
          <ns3:TrackPointExtension/>
        </extensions>
      </trkpt>
      <trkpt lat="43.99718499742448329925537109375" lon="-121.40538479201495647430419921875">
        <ele>1239.800048828125</ele>
        <time>2025-08-08T19:13:51.000Z</time>
        <extensions>
          <ns3:TrackPointExtension/>
        </extensions>
      </trkpt>
      <trkpt lat="43.9971168525516986846923828125" lon="-121.40472865663468837738037109375">
        <ele>1238.800048828125</ele>
        <time>2025-08-08T19:13:53.000Z</time>
        <extensions>
          <ns3:TrackPointExtension/>
        </extensions>
      </trkpt>
      <trkpt lat="43.99705566465854644775390625" lon="-121.40406916849315166473388671875">
        <ele>1237.800048828125</ele>
        <time>2025-08-08T19:13:55.000Z</time>
        <extensions>
          <ns3:TrackPointExtension/>
        </extensions>
      </trkpt>
      <trkpt lat="43.997003696858882904052734375" lon="-121.4034035615622997283935546875">
        <ele>1236.5999755859375</ele>
        <time>2025-08-08T19:13:57.000Z</time>
        <extensions>
          <ns3:TrackPointExtension/>
        </extensions>
      </trkpt>
      <trkpt lat="43.9969535730779170989990234375" lon="-121.40274046920239925384521484375">
        <ele>1235.199951171875</ele>
        <time>2025-08-08T19:13:59.000Z</time>
        <extensions>
          <ns3:TrackPointExtension/>
        </extensions>
      </trkpt>
      <trkpt lat="43.99691459722816944122314453125" lon="-121.402071677148342132568359375">
        <ele>1233.800048828125</ele>
        <time>2025-08-08T19:14:01.000Z</time>
        <extensions>
          <ns3:TrackPointExtension/>
        </extensions>
      </trkpt>
      <trkpt lat="43.99690286256372928619384765625" lon="-121.4017342217266559600830078125">
        <ele>1233.199951171875</ele>
        <time>2025-08-08T19:14:02.000Z</time>
        <extensions>
          <ns3:TrackPointExtension/>
        </extensions>
      </trkpt>
      <trkpt lat="43.9969042874872684478759765625" lon="-121.4010608196258544921875">
        <ele>1231.199951171875</ele>
        <time>2025-08-08T19:14:04.000Z</time>
        <extensions>
          <ns3:TrackPointExtension/>
        </extensions>
      </trkpt>
      <trkpt lat="43.9969441853463649749755859375" lon="-121.4003870822489261627197265625">
        <ele>1228.4000244140625</ele>
        <time>2025-08-08T19:14:06.000Z</time>
        <extensions>
          <ns3:TrackPointExtension/>
        </extensions>
      </trkpt>
      <trkpt lat="43.99702725000679492950439453125" lon="-121.39972063712775707244873046875">
        <ele>1225.5999755859375</ele>
        <time>2025-08-08T19:14:08.000Z</time>
        <extensions>
          <ns3:TrackPointExtension/>
        </extensions>
      </trkpt>
      <trkpt lat="43.997081816196441650390625" lon="-121.3993906415998935699462890625">
        <ele>1224.4000244140625</ele>
        <time>2025-08-08T19:14:09.000Z</time>
        <extensions>
          <ns3:TrackPointExtension/>
        </extensions>
      </trkpt>
      <trkpt lat="43.99720176123082637786865234375" lon="-121.39873274601995944976806640625">
        <ele>1221.4000244140625</ele>
        <time>2025-08-08T19:14:11.000Z</time>
        <extensions>
          <ns3:TrackPointExtension/>
        </extensions>
      </trkpt>
      <trkpt lat="43.99732883088290691375732421875" lon="-121.3980714976787567138671875">
        <ele>1218.199951171875</ele>
        <time>2025-08-08T19:14:13.000Z</time>
        <extensions>
          <ns3:TrackPointExtension/>
        </extensions>
      </trkpt>
      <trkpt lat="43.99745405651628971099853515625" lon="-121.3974064774811267852783203125">
        <ele>1215.199951171875</ele>
        <time>2025-08-08T19:14:15.000Z</time>
        <extensions>
          <ns3:TrackPointExtension/>
        </extensions>
      </trkpt>
      <trkpt lat="43.9975785277783870697021484375" lon="-121.3967426307499408721923828125">
        <ele>1212.800048828125</ele>
        <time>2025-08-08T19:14:17.000Z</time>
        <extensions>
          <ns3:TrackPointExtension/>
        </extensions>
      </trkpt>
      <trkpt lat="43.9977052621543407440185546875" lon="-121.39608255587518215179443359375">
        <ele>1210.800048828125</ele>
        <time>2025-08-08T19:14:19.000Z</time>
        <extensions>
          <ns3:TrackPointExtension/>
        </extensions>
      </trkpt>
      <trkpt lat="43.997832834720611572265625" lon="-121.395431198179721832275390625">
        <ele>1209.5999755859375</ele>
        <time>2025-08-08T19:14:21.000Z</time>
        <extensions>
          <ns3:TrackPointExtension/>
        </extensions>
      </trkpt>
      <trkpt lat="43.997961245477199554443359375" lon="-121.394792832434177398681640625">
        <ele>1208.5999755859375</ele>
        <time>2025-08-08T19:14:23.000Z</time>
        <extensions>
          <ns3:TrackPointExtension/>
        </extensions>
      </trkpt>
      <trkpt lat="43.9980918355286121368408203125" lon="-121.394157148897647857666015625">
        <ele>1207.800048828125</ele>
        <time>2025-08-08T19:14:25.000Z</time>
        <extensions>
          <ns3:TrackPointExtension/>
        </extensions>
      </trkpt>
      <trkpt lat="43.9981585554778575897216796875" lon="-121.393837295472621917724609375">
        <ele>1207.199951171875</ele>
        <time>2025-08-08T19:14:26.000Z</time>
        <extensions>
          <ns3:TrackPointExtension/>
        </extensions>
      </trkpt>
      <trkpt lat="43.998295851051807403564453125" lon="-121.3931979238986968994140625">
        <ele>1206.5999755859375</ele>
        <time>2025-08-08T19:14:28.000Z</time>
        <extensions>
          <ns3:TrackPointExtension/>
        </extensions>
      </trkpt>
      <trkpt lat="43.99845317937433719635009765625" lon="-121.39256559312343597412109375">
        <ele>1205.800048828125</ele>
        <time>2025-08-08T19:14:30.000Z</time>
        <extensions>
          <ns3:TrackPointExtension/>
        </extensions>
      </trkpt>
      <trkpt lat="43.998548984527587890625" lon="-121.39225839637219905853271484375">
        <ele>1205.199951171875</ele>
        <time>2025-08-08T19:14:31.000Z</time>
        <extensions>
          <ns3:TrackPointExtension/>
        </extensions>
      </trkpt>
      <trkpt lat="43.99879415519535541534423828125" lon="-121.39168155379593372344970703125">
        <ele>1204.4000244140625</ele>
        <time>2025-08-08T19:14:33.000Z</time>
        <extensions>
          <ns3:TrackPointExtension/>
        </extensions>
      </trkpt>
      <trkpt lat="43.9989447779953479766845703125" lon="-121.39142054133117198944091796875">
        <ele>1203.800048828125</ele>
        <time>2025-08-08T19:14:34.000Z</time>
        <extensions>
          <ns3:TrackPointExtension/>
        </extensions>
      </trkpt>
      <trkpt lat="43.999302349984645843505859375" lon="-121.39097479172050952911376953125">
        <ele>1202.800048828125</ele>
        <time>2025-08-08T19:14:36.000Z</time>
        <extensions>
          <ns3:TrackPointExtension/>
        </extensions>
      </trkpt>
      <trkpt lat="43.999715745449066162109375" lon="-121.3906332291662693023681640625">
        <ele>1201</ele>
        <time>2025-08-08T19:14:38.000Z</time>
        <extensions>
          <ns3:TrackPointExtension/>
        </extensions>
      </trkpt>
      <trkpt lat="44.0001678653061389923095703125" lon="-121.3903958536684513092041015625">
        <ele>1199.5999755859375</ele>
        <time>2025-08-08T19:14:40.000Z</time>
        <extensions>
          <ns3:TrackPointExtension/>
        </extensions>
      </trkpt>
      <trkpt lat="44.00040599517524242401123046875" lon="-121.3903091847896575927734375">
        <ele>1199</ele>
        <time>2025-08-08T19:14:41.000Z</time>
        <extensions>
          <ns3:TrackPointExtension/>
        </extensions>
      </trkpt>
      <trkpt lat="44.00087672285735607147216796875" lon="-121.39013626612722873687744140625">
        <ele>1197.800048828125</ele>
        <time>2025-08-08T19:14:43.000Z</time>
        <extensions>
          <ns3:TrackPointExtension/>
        </extensions>
      </trkpt>
      <trkpt lat="44.0013450197875499725341796875" lon="-121.389965526759624481201171875">
        <ele>1197.4000244140625</ele>
        <time>2025-08-08T19:14:45.000Z</time>
        <extensions>
          <ns3:TrackPointExtension/>
        </extensions>
      </trkpt>
      <trkpt lat="44.0018090419471263885498046875" lon="-121.38979059644043445587158203125">
        <ele>1196.4000244140625</ele>
        <time>2025-08-08T19:14:47.000Z</time>
        <extensions>
          <ns3:TrackPointExtension/>
        </extensions>
      </trkpt>
      <trkpt lat="44.00204314850270748138427734375" lon="-121.3897075317800045013427734375">
        <ele>1196.199951171875</ele>
        <time>2025-08-08T19:14:48.000Z</time>
        <extensions>
          <ns3:TrackPointExtension/>
        </extensions>
      </trkpt>
      <trkpt lat="44.00251672603189945220947265625" lon="-121.3895291648805141448974609375">
        <ele>1196</ele>
        <time>2025-08-08T19:14:50.000Z</time>
        <extensions>
          <ns3:TrackPointExtension/>
        </extensions>
      </trkpt>
      <trkpt lat="44.00298896245658397674560546875" lon="-121.38934182934463024139404296875">
        <ele>1195.5999755859375</ele>
        <time>2025-08-08T19:14:52.000Z</time>
        <extensions>
          <ns3:TrackPointExtension/>
        </extensions>
      </trkpt>
      <trkpt lat="44.003455750644207000732421875" lon="-121.3891687430441379547119140625">
        <ele>1196.800048828125</ele>
        <time>2025-08-08T19:14:54.000Z</time>
        <extensions>
          <ns3:TrackPointExtension/>
        </extensions>
      </trkpt>
      <trkpt lat="44.0036880970001220703125" lon="-121.389080397784709930419921875">
        <ele>1196.800048828125</ele>
        <time>2025-08-08T19:14:55.000Z</time>
        <extensions>
          <ns3:TrackPointExtension/>
        </extensions>
      </trkpt>
      <trkpt lat="44.004143066704273223876953125" lon="-121.388902030885219573974609375">
        <ele>1197.4000244140625</ele>
        <time>2025-08-08T19:14:57.000Z</time>
        <extensions>
          <ns3:TrackPointExtension/>
        </extensions>
      </trkpt>
      <trkpt lat="44.004579596221446990966796875" lon="-121.3887325488030910491943359375">
        <ele>1197.800048828125</ele>
        <time>2025-08-08T19:14:59.000Z</time>
        <extensions>
          <ns3:TrackPointExtension/>
        </extensions>
      </trkpt>
      <trkpt lat="44.00518703274428844451904296875" lon="-121.38849559240043163299560546875">
        <ele>1198.5999755859375</ele>
        <time>2025-08-08T19:15:02.000Z</time>
        <extensions>
          <ns3:TrackPointExtension/>
        </extensions>
      </trkpt>
      <trkpt lat="44.00578357279300689697265625" lon="-121.38827397488057613372802734375">
        <ele>1200.199951171875</ele>
        <time>2025-08-08T19:15:05.000Z</time>
        <extensions>
          <ns3:TrackPointExtension/>
        </extensions>
      </trkpt>
      <trkpt lat="44.00618347339332103729248046875" lon="-121.3881216756999492645263671875">
        <ele>1201.4000244140625</ele>
        <time>2025-08-08T19:15:07.000Z</time>
        <extensions>
          <ns3:TrackPointExtension/>
        </extensions>
      </trkpt>
      <trkpt lat="44.0067739784717559814453125" lon="-121.38788069598376750946044921875">
        <ele>1203</ele>
        <time>2025-08-08T19:15:10.000Z</time>
        <extensions>
          <ns3:TrackPointExtension/>
        </extensions>
      </trkpt>
      <trkpt lat="44.00717563927173614501953125" lon="-121.38772227801382541656494140625">
        <ele>1204.199951171875</ele>
        <time>2025-08-08T19:15:12.000Z</time>
        <extensions>
          <ns3:TrackPointExtension/>
        </extensions>
      </trkpt>
      <trkpt lat="44.007776118814945220947265625" lon="-121.38748892582952976226806640625">
        <ele>1205.5999755859375</ele>
        <time>2025-08-08T19:15:15.000Z</time>
        <extensions>
          <ns3:TrackPointExtension/>
        </extensions>
      </trkpt>
      <trkpt lat="44.00817886926233768463134765625" lon="-121.38733394443988800048828125">
        <ele>1207</ele>
        <time>2025-08-08T19:15:17.000Z</time>
        <extensions>
          <ns3:TrackPointExtension/>
        </extensions>
      </trkpt>
      <trkpt lat="44.008783958852291107177734375" lon="-121.3870905339717864990234375">
        <ele>1207.4000244140625</ele>
        <time>2025-08-08T19:15:20.000Z</time>
        <extensions>
          <ns3:TrackPointExtension/>
        </extensions>
      </trkpt>
      <trkpt lat="44.00940882973372936248779296875" lon="-121.38684016652405261993408203125">
        <ele>1207.4000244140625</ele>
        <time>2025-08-08T19:15:23.000Z</time>
        <extensions>
          <ns3:TrackPointExtension/>
        </extensions>
      </trkpt>
      <trkpt lat="44.01002548635005950927734375" lon="-121.386593319475650787353515625">
        <ele>1206</ele>
        <time>2025-08-08T19:15:26.000Z</time>
        <extensions>
          <ns3:TrackPointExtension/>
        </extensions>
      </trkpt>
      <trkpt lat="44.01022874750196933746337890625" lon="-121.3865143619477748870849609375">
        <ele>1205.800048828125</ele>
        <time>2025-08-08T19:15:27.000Z</time>
        <extensions>
          <ns3:TrackPointExtension/>
        </extensions>
      </trkpt>
      <trkpt lat="44.010837860405445098876953125" lon="-121.386278830468654632568359375">
        <ele>1204.800048828125</ele>
        <time>2025-08-08T19:15:30.000Z</time>
        <extensions>
          <ns3:TrackPointExtension/>
        </extensions>
      </trkpt>
      <trkpt lat="44.0114478953182697296142578125" lon="-121.386034749448299407958984375">
        <ele>1203.5999755859375</ele>
        <time>2025-08-08T19:15:33.000Z</time>
        <extensions>
          <ns3:TrackPointExtension/>
        </extensions>
      </trkpt>
      <trkpt lat="44.012050218880176544189453125" lon="-121.3857861422002315521240234375">
        <ele>1202.800048828125</ele>
        <time>2025-08-08T19:15:36.000Z</time>
        <extensions>
          <ns3:TrackPointExtension/>
        </extensions>
      </trkpt>
      <trkpt lat="44.01265866123139858245849609375" lon="-121.3855450786650180816650390625">
        <ele>1202</ele>
        <time>2025-08-08T19:15:39.000Z</time>
        <extensions>
          <ns3:TrackPointExtension/>
        </extensions>
      </trkpt>
      <trkpt lat="44.0132758207619190216064453125" lon="-121.38528817333281040191650390625">
        <ele>1201.4000244140625</ele>
        <time>2025-08-08T19:15:42.000Z</time>
        <extensions>
          <ns3:TrackPointExtension/>
        </extensions>
      </trkpt>
      <trkpt lat="44.01390404440462589263916015625" lon="-121.3849942199885845184326171875">
        <ele>1201.199951171875</ele>
        <time>2025-08-08T19:15:45.000Z</time>
        <extensions>
          <ns3:TrackPointExtension/>
        </extensions>
      </trkpt>
      <trkpt lat="44.0145253948867321014404296875" lon="-121.38463237322866916656494140625">
        <ele>1202</ele>
        <time>2025-08-08T19:15:48.000Z</time>
        <extensions>
          <ns3:TrackPointExtension/>
        </extensions>
      </trkpt>
      <trkpt lat="44.014726392924785614013671875" lon="-121.38449256308376789093017578125">
        <ele>1202.199951171875</ele>
        <time>2025-08-08T19:15:49.000Z</time>
        <extensions>
          <ns3:TrackPointExtension/>
        </extensions>
      </trkpt>
      <trkpt lat="44.0153116174042224884033203125" lon="-121.38402946293354034423828125">
        <ele>1202.5999755859375</ele>
        <time>2025-08-08T19:15:52.000Z</time>
        <extensions>
          <ns3:TrackPointExtension/>
        </extensions>
      </trkpt>
      <trkpt lat="44.01549962349236011505126953125" lon="-121.3838572986423969268798828125">
        <ele>1202.800048828125</ele>
        <time>2025-08-08T19:15:53.000Z</time>
        <extensions>
          <ns3:TrackPointExtension/>
        </extensions>
      </trkpt>
      <trkpt lat="44.0158664993941783905029296875" lon="-121.38348908163607120513916015625">
        <ele>1202.5999755859375</ele>
        <time>2025-08-08T19:15:55.000Z</time>
        <extensions>
          <ns3:TrackPointExtension/>
        </extensions>
      </trkpt>
      <trkpt lat="44.01621376164257526397705078125" lon="-121.383094377815723419189453125">
        <ele>1202</ele>
        <time>2025-08-08T19:15:57.000Z</time>
        <extensions>
          <ns3:TrackPointExtension/>
        </extensions>
      </trkpt>
      <trkpt lat="44.016699828207492828369140625" lon="-121.3824578560888767242431640625">
        <ele>1201.199951171875</ele>
        <time>2025-08-08T19:16:00.000Z</time>
        <extensions>
          <ns3:TrackPointExtension/>
        </extensions>
      </trkpt>
      <trkpt lat="44.01685045100748538970947265625" lon="-121.3822355680167675018310546875">
        <ele>1201</ele>
        <time>2025-08-08T19:16:01.000Z</time>
        <extensions>
          <ns3:TrackPointExtension/>
        </extensions>
      </trkpt>
      <trkpt lat="44.01726384647190570831298828125" lon="-121.3815438933670520782470703125">
        <ele>1200</ele>
        <time>2025-08-08T19:16:04.000Z</time>
        <extensions>
          <ns3:TrackPointExtension/>
        </extensions>
      </trkpt>
      <trkpt lat="44.0173903293907642364501953125" lon="-121.38130743987858295440673828125">
        <ele>1199.5999755859375</ele>
        <time>2025-08-08T19:16:05.000Z</time>
        <extensions>
          <ns3:TrackPointExtension/>
        </extensions>
      </trkpt>
      <trkpt lat="44.01773557998239994049072265625" lon="-121.38057905249297618865966796875">
        <ele>1198.199951171875</ele>
        <time>2025-08-08T19:16:08.000Z</time>
        <extensions>
          <ns3:TrackPointExtension/>
        </extensions>
      </trkpt>
      <trkpt lat="44.0178402699530124664306640625" lon="-121.38033178634941577911376953125">
        <ele>1197.800048828125</ele>
        <time>2025-08-08T19:16:09.000Z</time>
        <extensions>
          <ns3:TrackPointExtension/>
        </extensions>
      </trkpt>
      <trkpt lat="44.01811595074832439422607421875" lon="-121.37957842089235782623291015625">
        <ele>1196.199951171875</ele>
        <time>2025-08-08T19:16:12.000Z</time>
        <extensions>
          <ns3:TrackPointExtension/>
        </extensions>
      </trkpt>
      <trkpt lat="44.0181996859610080718994140625" lon="-121.37932495214045047760009765625">
        <ele>1195.800048828125</ele>
        <time>2025-08-08T19:16:13.000Z</time>
        <extensions>
          <ns3:TrackPointExtension/>
        </extensions>
      </trkpt>
      <trkpt lat="44.018418453633785247802734375" lon="-121.3785404898226261138916015625">
        <ele>1194.199951171875</ele>
        <time>2025-08-08T19:16:16.000Z</time>
        <extensions>
          <ns3:TrackPointExtension/>
        </extensions>
      </trkpt>
      <trkpt lat="44.01848374865949153900146484375" lon="-121.3782695867121219635009765625">
        <ele>1193.800048828125</ele>
        <time>2025-08-08T19:16:17.000Z</time>
        <extensions>
          <ns3:TrackPointExtension/>
        </extensions>
      </trkpt>
      <trkpt lat="44.01868407614529132843017578125" lon="-121.37744053266942501068115234375">
        <ele>1192</ele>
        <time>2025-08-08T19:16:20.000Z</time>
        <extensions>
          <ns3:TrackPointExtension/>
        </extensions>
      </trkpt>
      <trkpt lat="44.0188950486481189727783203125" lon="-121.37658365070819854736328125">
        <ele>1190.199951171875</ele>
        <time>2025-08-08T19:16:23.000Z</time>
        <extensions>
          <ns3:TrackPointExtension/>
        </extensions>
      </trkpt>
      <trkpt lat="44.0190351940691471099853515625" lon="-121.3759987615048885345458984375">
        <ele>1189.5999755859375</ele>
        <time>2025-08-08T19:16:25.000Z</time>
        <extensions>
          <ns3:TrackPointExtension/>
        </extensions>
      </trkpt>
      <trkpt lat="44.019251279532909393310546875" lon="-121.37512209825217723846435546875">
        <ele>1189</ele>
        <time>2025-08-08T19:16:28.000Z</time>
        <extensions>
          <ns3:TrackPointExtension/>
        </extensions>
      </trkpt>
      <trkpt lat="44.0194710530340671539306640625" lon="-121.37425473891198635101318359375">
        <ele>1188.4000244140625</ele>
        <time>2025-08-08T19:16:31.000Z</time>
        <extensions>
          <ns3:TrackPointExtension/>
        </extensions>
      </trkpt>
      <trkpt lat="44.01968923397362232208251953125" lon="-121.3733896426856517791748046875">
        <ele>1187.800048828125</ele>
        <time>2025-08-08T19:16:34.000Z</time>
        <extensions>
          <ns3:TrackPointExtension/>
        </extensions>
      </trkpt>
      <trkpt lat="44.01990967802703380584716796875" lon="-121.37251473963260650634765625">
        <ele>1187.199951171875</ele>
        <time>2025-08-08T19:16:37.000Z</time>
        <extensions>
          <ns3:TrackPointExtension/>
        </extensions>
      </trkpt>
      <trkpt lat="44.020127691328525543212890625" lon="-121.371646039187908172607421875">
        <ele>1186.4000244140625</ele>
        <time>2025-08-08T19:16:40.000Z</time>
        <extensions>
          <ns3:TrackPointExtension/>
        </extensions>
      </trkpt>
      <trkpt lat="44.02034662663936614990234375" lon="-121.37077608145773410797119140625">
        <ele>1185.4000244140625</ele>
        <time>2025-08-08T19:16:43.000Z</time>
        <extensions>
          <ns3:TrackPointExtension/>
        </extensions>
      </trkpt>
      <trkpt lat="44.02057168073952198028564453125" lon="-121.3698933832347393035888671875">
        <ele>1184.199951171875</ele>
        <time>2025-08-08T19:16:46.000Z</time>
        <extensions>
          <ns3:TrackPointExtension/>
        </extensions>
      </trkpt>
      <trkpt lat="44.0207219682633876800537109375" lon="-121.369300447404384613037109375">
        <ele>1183.4000244140625</ele>
        <time>2025-08-08T19:16:48.000Z</time>
        <extensions>
          <ns3:TrackPointExtension/>
        </extensions>
      </trkpt>
      <trkpt lat="44.02087141759693622589111328125" lon="-121.36870642192661762237548828125">
        <ele>1182.5999755859375</ele>
        <time>2025-08-08T19:16:50.000Z</time>
        <extensions>
          <ns3:TrackPointExtension/>
        </extensions>
      </trkpt>
      <trkpt lat="44.02101986110210418701171875" lon="-121.36811189353466033935546875">
        <ele>1181.5999755859375</ele>
        <time>2025-08-08T19:16:52.000Z</time>
        <extensions>
          <ns3:TrackPointExtension/>
        </extensions>
      </trkpt>
      <trkpt lat="44.021171070635318756103515625" lon="-121.36751434765756130218505859375">
        <ele>1180.5999755859375</ele>
        <time>2025-08-08T19:16:54.000Z</time>
        <extensions>
          <ns3:TrackPointExtension/>
        </extensions>
      </trkpt>
      <trkpt lat="44.02132353745400905609130859375" lon="-121.36691671796143054962158203125">
        <ele>1179.4000244140625</ele>
        <time>2025-08-08T19:16:56.000Z</time>
        <extensions>
          <ns3:TrackPointExtension/>
        </extensions>
      </trkpt>
      <trkpt lat="44.0214751660823822021484375" lon="-121.366321854293346405029296875">
        <ele>1178.199951171875</ele>
        <time>2025-08-08T19:16:58.000Z</time>
        <extensions>
          <ns3:TrackPointExtension/>
        </extensions>
      </trkpt>
      <trkpt lat="44.021626375615596771240234375" lon="-121.36573143303394317626953125">
        <ele>1177</ele>
        <time>2025-08-08T19:17:00.000Z</time>
        <extensions>
          <ns3:TrackPointExtension/>
        </extensions>
      </trkpt>
      <trkpt lat="44.02184036560356616973876953125" lon="-121.36488092131912708282470703125">
        <ele>1175.5999755859375</ele>
        <time>2025-08-08T19:17:03.000Z</time>
        <extensions>
          <ns3:TrackPointExtension/>
        </extensions>
      </trkpt>
      <trkpt lat="44.02202703058719635009765625" lon="-121.36413292028009891510009765625">
        <ele>1175</ele>
        <time>2025-08-08T19:17:06.000Z</time>
        <extensions>
          <ns3:TrackPointExtension/>
        </extensions>
      </trkpt>
      <trkpt lat="44.02208545245230197906494140625" lon="-121.3638974726200103759765625">
        <ele>1174.800048828125</ele>
        <time>2025-08-08T19:17:07.000Z</time>
        <extensions>
          <ns3:TrackPointExtension/>
        </extensions>
      </trkpt>
      <trkpt lat="44.02225761674344539642333984375" lon="-121.363205127418041229248046875">
        <ele>1174.800048828125</ele>
        <time>2025-08-08T19:17:10.000Z</time>
        <extensions>
          <ns3:TrackPointExtension/>
        </extensions>
      </trkpt>
      <trkpt lat="44.02237077243626117706298828125" lon="-121.3627486489713191986083984375">
        <ele>1174.5999755859375</ele>
        <time>2025-08-08T19:17:12.000Z</time>
        <extensions>
          <ns3:TrackPointExtension/>
        </extensions>
      </trkpt>
      <trkpt lat="44.02253623120486736297607421875" lon="-121.3620643503963947296142578125">
        <ele>1173.800048828125</ele>
        <time>2025-08-08T19:17:15.000Z</time>
        <extensions>
          <ns3:TrackPointExtension/>
        </extensions>
      </trkpt>
      <trkpt lat="44.022702276706695556640625" lon="-121.36138885281980037689208984375">
        <ele>1172.800048828125</ele>
        <time>2025-08-08T19:17:18.000Z</time>
        <extensions>
          <ns3:TrackPointExtension/>
        </extensions>
      </trkpt>
      <trkpt lat="44.0227567590773105621337890625" lon="-121.3611644692718982696533203125">
        <ele>1172.4000244140625</ele>
        <time>2025-08-08T19:17:19.000Z</time>
        <extensions>
          <ns3:TrackPointExtension/>
        </extensions>
      </trkpt>
      <trkpt lat="44.02292045764625072479248046875" lon="-121.36049148626625537872314453125">
        <ele>1170.800048828125</ele>
        <time>2025-08-08T19:17:22.000Z</time>
        <extensions>
          <ns3:TrackPointExtension/>
        </extensions>
      </trkpt>
      <trkpt lat="44.023096896708011627197265625" lon="-121.35979427956044673919677734375">
        <ele>1168.800048828125</ele>
        <time>2025-08-08T19:17:25.000Z</time>
        <extensions>
          <ns3:TrackPointExtension/>
        </extensions>
      </trkpt>
      <trkpt lat="44.02327769435942173004150390625" lon="-121.3590820692479610443115234375">
        <ele>1166.5999755859375</ele>
        <time>2025-08-08T19:17:28.000Z</time>
        <extensions>
          <ns3:TrackPointExtension/>
        </extensions>
      </trkpt>
      <trkpt lat="44.0233377926051616668701171875" lon="-121.3588433526456356048583984375">
        <ele>1165.800048828125</ele>
        <time>2025-08-08T19:17:29.000Z</time>
        <extensions>
          <ns3:TrackPointExtension/>
        </extensions>
      </trkpt>
      <trkpt lat="44.0235205180943012237548828125" lon="-121.358126699924468994140625">
        <ele>1164.5999755859375</ele>
        <time>2025-08-08T19:17:32.000Z</time>
        <extensions>
          <ns3:TrackPointExtension/>
        </extensions>
      </trkpt>
      <trkpt lat="44.02370274066925048828125" lon="-121.35741599835455417633056640625">
        <ele>1163.800048828125</ele>
        <time>2025-08-08T19:17:35.000Z</time>
        <extensions>
          <ns3:TrackPointExtension/>
        </extensions>
      </trkpt>
      <trkpt lat="44.023887477815151214599609375" lon="-121.3567156903445720672607421875">
        <ele>1163.199951171875</ele>
        <time>2025-08-08T19:17:38.000Z</time>
        <extensions>
          <ns3:TrackPointExtension/>
        </extensions>
      </trkpt>
      <trkpt lat="44.02407296933233737945556640625" lon="-121.3560095988214015960693359375">
        <ele>1162.4000244140625</ele>
        <time>2025-08-08T19:17:41.000Z</time>
        <extensions>
          <ns3:TrackPointExtension/>
        </extensions>
      </trkpt>
      <trkpt lat="44.02426508255302906036376953125" lon="-121.35529655031859874725341796875">
        <ele>1161.4000244140625</ele>
        <time>2025-08-08T19:17:44.000Z</time>
        <extensions>
          <ns3:TrackPointExtension/>
        </extensions>
      </trkpt>
      <trkpt lat="44.0244760550558567047119140625" lon="-121.35459758341312408447265625">
        <ele>1160.5999755859375</ele>
        <time>2025-08-08T19:17:47.000Z</time>
        <extensions>
          <ns3:TrackPointExtension/>
        </extensions>
      </trkpt>
      <trkpt lat="44.02470127679407596588134765625" lon="-121.35391638614237308502197265625">
        <ele>1160.199951171875</ele>
        <time>2025-08-08T19:17:50.000Z</time>
        <extensions>
          <ns3:TrackPointExtension/>
        </extensions>
      </trkpt>
      <trkpt lat="44.02495139278471469879150390625" lon="-121.3532646931707859039306640625">
        <ele>1160</ele>
        <time>2025-08-08T19:17:53.000Z</time>
        <extensions>
          <ns3:TrackPointExtension/>
        </extensions>
      </trkpt>
      <trkpt lat="44.025218524038791656494140625" lon="-121.35263512842357158660888671875">
        <ele>1160.4000244140625</ele>
        <time>2025-08-08T19:17:56.000Z</time>
        <extensions>
          <ns3:TrackPointExtension/>
        </extensions>
      </trkpt>
      <trkpt lat="44.02549202553927898406982421875" lon="-121.35199206881225109100341796875">
        <ele>1160.4000244140625</ele>
        <time>2025-08-08T19:17:59.000Z</time>
        <extensions>
          <ns3:TrackPointExtension/>
        </extensions>
      </trkpt>
      <trkpt lat="44.02568916790187358856201171875" lon="-121.35157079435884952545166015625">
        <ele>1160</ele>
        <time>2025-08-08T19:18:01.000Z</time>
        <extensions>
          <ns3:TrackPointExtension/>
        </extensions>
      </trkpt>
      <trkpt lat="44.02598689310252666473388671875" lon="-121.350942738354206085205078125">
        <ele>1159.800048828125</ele>
        <time>2025-08-08T19:18:04.000Z</time>
        <extensions>
          <ns3:TrackPointExtension/>
        </extensions>
      </trkpt>
      <trkpt lat="44.02628042735159397125244140625" lon="-121.350325830280780792236328125">
        <ele>1159.4000244140625</ele>
        <time>2025-08-08T19:18:07.000Z</time>
        <extensions>
          <ns3:TrackPointExtension/>
        </extensions>
      </trkpt>
      <trkpt lat="44.026579074561595916748046875" lon="-121.34970582090318202972412109375">
        <ele>1158.800048828125</ele>
        <time>2025-08-08T19:18:10.000Z</time>
        <extensions>
          <ns3:TrackPointExtension/>
        </extensions>
      </trkpt>
      <trkpt lat="44.02688677422702312469482421875" lon="-121.349058486521244049072265625">
        <ele>1158.199951171875</ele>
        <time>2025-08-08T19:18:13.000Z</time>
        <extensions>
          <ns3:TrackPointExtension/>
        </extensions>
      </trkpt>
      <trkpt lat="44.02719455771148204803466796875" lon="-121.3484050333499908447265625">
        <ele>1157.800048828125</ele>
        <time>2025-08-08T19:18:16.000Z</time>
        <extensions>
          <ns3:TrackPointExtension/>
        </extensions>
      </trkpt>
      <trkpt lat="44.02750066481530666351318359375" lon="-121.34774328209459781646728515625">
        <ele>1157.5999755859375</ele>
        <time>2025-08-08T19:18:19.000Z</time>
        <extensions>
          <ns3:TrackPointExtension/>
        </extensions>
      </trkpt>
      <trkpt lat="44.027808196842670440673828125" lon="-121.34708647616207599639892578125">
        <ele>1157.199951171875</ele>
        <time>2025-08-08T19:18:22.000Z</time>
        <extensions>
          <ns3:TrackPointExtension/>
        </extensions>
      </trkpt>
      <trkpt lat="44.02812109328806400299072265625" lon="-121.3464253954589366912841796875">
        <ele>1156.199951171875</ele>
        <time>2025-08-08T19:18:25.000Z</time>
        <extensions>
          <ns3:TrackPointExtension/>
        </extensions>
      </trkpt>
      <trkpt lat="44.0284381806850433349609375" lon="-121.3457588665187358856201171875">
        <ele>1155.800048828125</ele>
        <time>2025-08-08T19:18:28.000Z</time>
        <extensions>
          <ns3:TrackPointExtension/>
        </extensions>
      </trkpt>
      <trkpt lat="44.02864496223628520965576171875" lon="-121.345313452184200286865234375">
        <ele>1155.5999755859375</ele>
        <time>2025-08-08T19:18:30.000Z</time>
        <extensions>
          <ns3:TrackPointExtension/>
        </extensions>
      </trkpt>
      <trkpt lat="44.02895073406398296356201171875" lon="-121.34465689770877361297607421875">
        <ele>1155</ele>
        <time>2025-08-08T19:18:33.000Z</time>
        <extensions>
          <ns3:TrackPointExtension/>
        </extensions>
      </trkpt>
      <trkpt lat="44.02924745343625545501708984375" lon="-121.3440117426216602325439453125">
        <ele>1155.800048828125</ele>
        <time>2025-08-08T19:18:36.000Z</time>
        <extensions>
          <ns3:TrackPointExtension/>
        </extensions>
      </trkpt>
      <trkpt lat="44.0294391475617885589599609375" lon="-121.34358468465507030487060546875">
        <ele>1156</ele>
        <time>2025-08-08T19:18:38.000Z</time>
        <extensions>
          <ns3:TrackPointExtension/>
        </extensions>
      </trkpt>
      <trkpt lat="44.02973662130534648895263671875" lon="-121.342940032482147216796875">
        <ele>1155.800048828125</ele>
        <time>2025-08-08T19:18:41.000Z</time>
        <extensions>
          <ns3:TrackPointExtension/>
        </extensions>
      </trkpt>
      <trkpt lat="44.03004792518913745880126953125" lon="-121.3422860763967037200927734375">
        <ele>1155</ele>
        <time>2025-08-08T19:18:44.000Z</time>
        <extensions>
          <ns3:TrackPointExtension/>
        </extensions>
      </trkpt>
      <trkpt lat="44.03026032261550426483154296875" lon="-121.3418471999466419219970703125">
        <ele>1154.5999755859375</ele>
        <time>2025-08-08T19:18:46.000Z</time>
        <extensions>
          <ns3:TrackPointExtension/>
        </extensions>
      </trkpt>
      <trkpt lat="44.03056626208126544952392578125" lon="-121.34119818918406963348388671875">
        <ele>1153.5999755859375</ele>
        <time>2025-08-08T19:18:49.000Z</time>
        <extensions>
          <ns3:TrackPointExtension/>
        </extensions>
      </trkpt>
      <trkpt lat="44.03089097701013088226318359375" lon="-121.340590082108974456787109375">
        <ele>1152.5999755859375</ele>
        <time>2025-08-08T19:18:52.000Z</time>
        <extensions>
          <ns3:TrackPointExtension/>
        </extensions>
      </trkpt>
      <trkpt lat="44.03100865893065929412841796875" lon="-121.34039805270731449127197265625">
        <ele>1152.4000244140625</ele>
        <time>2025-08-08T19:18:53.000Z</time>
        <extensions>
          <ns3:TrackPointExtension/>
        </extensions>
      </trkpt>
      <trkpt lat="44.0313911251723766326904296875" lon="-121.33986345492303371429443359375">
        <ele>1152.800048828125</ele>
        <time>2025-08-08T19:18:56.000Z</time>
        <extensions>
          <ns3:TrackPointExtension/>
        </extensions>
      </trkpt>
      <trkpt lat="44.03152666054666042327880859375" lon="-121.3397012650966644287109375">
        <ele>1153</ele>
        <time>2025-08-08T19:18:57.000Z</time>
        <extensions>
          <ns3:TrackPointExtension/>
        </extensions>
      </trkpt>
      <trkpt lat="44.03194692917168140411376953125" lon="-121.339262388646602630615234375">
        <ele>1153.4000244140625</ele>
        <time>2025-08-08T19:19:00.000Z</time>
        <extensions>
          <ns3:TrackPointExtension/>
        </extensions>
      </trkpt>
      <trkpt lat="44.0320901758968830108642578125" lon="-121.33913205005228519439697265625">
        <ele>1153.199951171875</ele>
        <time>2025-08-08T19:19:01.000Z</time>
        <extensions>
          <ns3:TrackPointExtension/>
        </extensions>
      </trkpt>
      <trkpt lat="44.0325407870113849639892578125" lon="-121.3387760706245899200439453125">
        <ele>1152.4000244140625</ele>
        <time>2025-08-08T19:19:04.000Z</time>
        <extensions>
          <ns3:TrackPointExtension/>
        </extensions>
      </trkpt>
      <trkpt lat="44.032851755619049072265625" lon="-121.3385718874633312225341796875">
        <ele>1151.5999755859375</ele>
        <time>2025-08-08T19:19:06.000Z</time>
        <extensions>
          <ns3:TrackPointExtension/>
        </extensions>
      </trkpt>
      <trkpt lat="44.03333145193755626678466796875" lon="-121.3383227773010730743408203125">
        <ele>1150.4000244140625</ele>
        <time>2025-08-08T19:19:09.000Z</time>
        <extensions>
          <ns3:TrackPointExtension/>
        </extensions>
      </trkpt>
      <trkpt lat="44.03365365229547023773193359375" lon="-121.33819059468805789947509765625">
        <ele>1150.199951171875</ele>
        <time>2025-08-08T19:19:11.000Z</time>
        <extensions>
          <ns3:TrackPointExtension/>
        </extensions>
      </trkpt>
      <trkpt lat="44.03413594700396060943603515625" lon="-121.33806184865534305572509765625">
        <ele>1150.199951171875</ele>
        <time>2025-08-08T19:19:14.000Z</time>
        <extensions>
          <ns3:TrackPointExtension/>
        </extensions>
      </trkpt>
      <trkpt lat="44.0342976339161396026611328125" lon="-121.3380337692797183990478515625">
        <ele>1150.4000244140625</ele>
        <time>2025-08-08T19:19:15.000Z</time>
        <extensions>
          <ns3:TrackPointExtension/>
        </extensions>
      </trkpt>
      <trkpt lat="44.03477565385401248931884765625" lon="-121.3379720784723758697509765625">
        <ele>1150.199951171875</ele>
        <time>2025-08-08T19:19:18.000Z</time>
        <extensions>
          <ns3:TrackPointExtension/>
        </extensions>
      </trkpt>
      <trkpt lat="44.03535618446767330169677734375" lon="-121.3379068672657012939453125">
        <ele>1149.199951171875</ele>
        <time>2025-08-08T19:19:22.000Z</time>
        <extensions>
          <ns3:TrackPointExtension/>
        </extensions>
      </trkpt>
      <trkpt lat="44.03568207286298274993896484375" lon="-121.337869651615619659423828125">
        <ele>1148.199951171875</ele>
        <time>2025-08-08T19:19:25.000Z</time>
        <extensions>
          <ns3:TrackPointExtension/>
        </extensions>
      </trkpt>
      <trkpt lat="44.0359859168529510498046875" lon="-121.33783637546002864837646484375">
        <ele>1146.5999755859375</ele>
        <time>2025-08-08T19:19:29.000Z</time>
        <extensions>
          <ns3:TrackPointExtension/>
        </extensions>
      </trkpt>
      <trkpt lat="44.03617828153073787689208984375" lon="-121.33780963718891143798828125">
        <ele>1145.199951171875</ele>
        <time>2025-08-08T19:19:33.000Z</time>
        <extensions>
          <ns3:TrackPointExtension/>
        </extensions>
      </trkpt>
      <trkpt lat="44.03623846359550952911376953125" lon="-121.33780159056186676025390625">
        <ele>1144.800048828125</ele>
        <time>2025-08-08T19:19:36.000Z</time>
        <extensions>
          <ns3:TrackPointExtension/>
        </extensions>
      </trkpt>
      <trkpt lat="44.03633619658648967742919921875" lon="-121.33777803741395473480224609375">
        <ele>1144.4000244140625</ele>
        <time>2025-08-08T19:19:41.000Z</time>
        <extensions>
          <ns3:TrackPointExtension/>
        </extensions>
      </trkpt>
      <trkpt lat="44.0365211851894855499267578125" lon="-121.33773964829742908477783203125">
        <ele>1143.4000244140625</ele>
        <time>2025-08-08T19:19:51.000Z</time>
        <extensions>
          <ns3:TrackPointExtension/>
        </extensions>
      </trkpt>
      <trkpt lat="44.036859981715679168701171875" lon="-121.33765465579926967620849609375">
        <ele>1141.800048828125</ele>
        <time>2025-08-08T19:20:04.000Z</time>
        <extensions>
          <ns3:TrackPointExtension/>
        </extensions>
      </trkpt>
      <trkpt lat="44.03716064058244228363037109375" lon="-121.33752398192882537841796875">
        <ele>1141</ele>
        <time>2025-08-08T19:20:11.000Z</time>
        <extensions>
          <ns3:TrackPointExtension/>
        </extensions>
      </trkpt>
      <trkpt lat="44.0375216491520404815673828125" lon="-121.3372706808149814605712890625">
        <ele>1140.199951171875</ele>
        <time>2025-08-08T19:20:18.000Z</time>
        <extensions>
          <ns3:TrackPointExtension/>
        </extensions>
      </trkpt>
      <trkpt lat="44.037923477590084075927734375" lon="-121.336862482130527496337890625">
        <ele>1139.5999755859375</ele>
        <time>2025-08-08T19:20:27.000Z</time>
        <extensions>
          <ns3:TrackPointExtension/>
        </extensions>
      </trkpt>
      <trkpt lat="44.03824626468122005462646484375" lon="-121.33641547523438930511474609375">
        <ele>1138.800048828125</ele>
        <time>2025-08-08T19:20:35.000Z</time>
        <extensions>
          <ns3:TrackPointExtension/>
        </extensions>
      </trkpt>
      <trkpt lat="44.03831851668655872344970703125" lon="-121.336309276521205902099609375">
        <ele>1138.5999755859375</ele>
        <time>2025-08-08T19:20:38.000Z</time>
        <extensions>
          <ns3:TrackPointExtension/>
        </extensions>
      </trkpt>
      <trkpt lat="44.038339219987392425537109375" lon="-121.3362705521285533905029296875">
        <ele>1138.4000244140625</ele>
        <time>2025-08-08T19:20:42.000Z</time>
        <extensions>
          <ns3:TrackPointExtension/>
        </extensions>
      </trkpt>
      <trkpt lat="44.03835824690759181976318359375" lon="-121.336226128041744232177734375">
        <ele>1138.199951171875</ele>
        <time>2025-08-08T19:20:47.000Z</time>
        <extensions>
          <ns3:TrackPointExtension/>
        </extensions>
      </trkpt>
      <trkpt lat="44.0383752621710300445556640625" lon="-121.3361535407602787017822265625">
        <ele>1138.4000244140625</ele>
        <time>2025-08-08T19:20:52.000Z</time>
        <extensions>
          <ns3:TrackPointExtension/>
        </extensions>
      </trkpt>
      <trkpt lat="44.03838255442678928375244140625" lon="-121.3360888324677944183349609375">
        <ele>1138.199951171875</ele>
        <time>2025-08-08T19:20:53.000Z</time>
        <extensions>
          <ns3:TrackPointExtension/>
        </extensions>
      </trkpt>
      <trkpt lat="44.03840652666985988616943359375" lon="-121.3359342701733112335205078125">
        <ele>1138.199951171875</ele>
        <time>2025-08-08T19:20:55.000Z</time>
        <extensions>
          <ns3:TrackPointExtension/>
        </extensions>
      </trkpt>
      <trkpt lat="44.0384386293590068817138671875" lon="-121.3358578272163867950439453125">
        <ele>1138</ele>
        <time>2025-08-08T19:20:56.000Z</time>
        <extensions>
          <ns3:TrackPointExtension/>
        </extensions>
      </trkpt>
      <trkpt lat="44.03848699294030666351318359375" lon="-121.335794627666473388671875">
        <ele>1138</ele>
        <time>2025-08-08T19:20:57.000Z</time>
        <extensions>
          <ns3:TrackPointExtension/>
        </extensions>
      </trkpt>
      <trkpt lat="44.03861724771559238433837890625" lon="-121.33573092520236968994140625">
        <ele>1137.800048828125</ele>
        <time>2025-08-08T19:20:59.000Z</time>
        <extensions>
          <ns3:TrackPointExtension/>
        </extensions>
      </trkpt>
      <trkpt lat="44.0387641824781894683837890625" lon="-121.33568339981138706207275390625">
        <ele>1137.800048828125</ele>
        <time>2025-08-08T19:21:01.000Z</time>
        <extensions>
          <ns3:TrackPointExtension/>
        </extensions>
      </trkpt>
      <trkpt lat="44.03891815803945064544677734375" lon="-121.335542835295200347900390625">
        <ele>1137.199951171875</ele>
        <time>2025-08-08T19:21:03.000Z</time>
        <extensions>
          <ns3:TrackPointExtension/>
        </extensions>
      </trkpt>
      <trkpt lat="44.03909166343510150909423828125" lon="-121.3353384844958782196044921875">
        <ele>1136.5999755859375</ele>
        <time>2025-08-08T19:21:05.000Z</time>
        <extensions>
          <ns3:TrackPointExtension/>
        </extensions>
      </trkpt>
      <trkpt lat="44.03947077691555023193359375" lon="-121.33482492528855800628662109375">
        <ele>1135</ele>
        <time>2025-08-08T19:21:09.000Z</time>
        <extensions>
          <ns3:TrackPointExtension/>
        </extensions>
      </trkpt>
      <trkpt lat="44.03989515267312526702880859375" lon="-121.33424875326454639434814453125">
        <ele>1131.5999755859375</ele>
        <time>2025-08-08T19:21:13.000Z</time>
        <extensions>
          <ns3:TrackPointExtension/>
        </extensions>
      </trkpt>
      <trkpt lat="44.04000629670917987823486328125" lon="-121.33409888483583927154541015625">
        <ele>1130.800048828125</ele>
        <time>2025-08-08T19:21:14.000Z</time>
        <extensions>
          <ns3:TrackPointExtension/>
        </extensions>
      </trkpt>
      <trkpt lat="44.0403399802744388580322265625" lon="-121.33365129120647907257080078125">
        <ele>1128.800048828125</ele>
        <time>2025-08-08T19:21:17.000Z</time>
        <extensions>
          <ns3:TrackPointExtension/>
        </extensions>
      </trkpt>
      <trkpt lat="44.0406675450503826141357421875" lon="-121.33321794681251049041748046875">
        <ele>1127.199951171875</ele>
        <time>2025-08-08T19:21:20.000Z</time>
        <extensions>
          <ns3:TrackPointExtension/>
        </extensions>
      </trkpt>
      <trkpt lat="44.041060321033000946044921875" lon="-121.33270329795777797698974609375">
        <ele>1125.800048828125</ele>
        <time>2025-08-08T19:21:24.000Z</time>
        <extensions>
          <ns3:TrackPointExtension/>
        </extensions>
      </trkpt>
      <trkpt lat="44.04123776592314243316650390625" lon="-121.3324889726936817169189453125">
        <ele>1124.800048828125</ele>
        <time>2025-08-08T19:21:26.000Z</time>
        <extensions>
          <ns3:TrackPointExtension/>
        </extensions>
      </trkpt>
      <trkpt lat="44.04145133681595325469970703125" lon="-121.33227598853409290313720703125">
        <ele>1123.800048828125</ele>
        <time>2025-08-08T19:21:29.000Z</time>
        <extensions>
          <ns3:TrackPointExtension/>
        </extensions>
      </trkpt>
      <trkpt lat="44.041519649326801300048828125" lon="-121.33216492831707000732421875">
        <ele>1123.199951171875</ele>
        <time>2025-08-08T19:21:31.000Z</time>
        <extensions>
          <ns3:TrackPointExtension/>
        </extensions>
      </trkpt>
      <trkpt lat="44.04154479503631591796875" lon="-121.33209175430238246917724609375">
        <ele>1123.199951171875</ele>
        <time>2025-08-08T19:21:32.000Z</time>
        <extensions>
          <ns3:TrackPointExtension/>
        </extensions>
      </trkpt>
      <trkpt lat="44.04160656966269016265869140625" lon="-121.33192487061023712158203125">
        <ele>1122.800048828125</ele>
        <time>2025-08-08T19:21:34.000Z</time>
        <extensions>
          <ns3:TrackPointExtension/>
        </extensions>
      </trkpt>
      <trkpt lat="44.04167965985834598541259765625" lon="-121.33174524642527103424072265625">
        <ele>1122.199951171875</ele>
        <time>2025-08-08T19:21:36.000Z</time>
        <extensions>
          <ns3:TrackPointExtension/>
        </extensions>
      </trkpt>
      <trkpt lat="44.04174168594181537628173828125" lon="-121.331358589231967926025390625">
        <ele>1122.199951171875</ele>
        <time>2025-08-08T19:21:39.000Z</time>
        <extensions>
          <ns3:TrackPointExtension/>
        </extensions>
      </trkpt>
      <trkpt lat="44.04186925850808620452880859375" lon="-121.33072793483734130859375">
        <ele>1122.5999755859375</ele>
        <time>2025-08-08T19:21:43.000Z</time>
        <extensions>
          <ns3:TrackPointExtension/>
        </extensions>
      </trkpt>
      <trkpt lat="44.04202868230640888214111328125" lon="-121.3300256989896297454833984375">
        <ele>1122.800048828125</ele>
        <time>2025-08-08T19:21:47.000Z</time>
        <extensions>
          <ns3:TrackPointExtension/>
        </extensions>
      </trkpt>
      <trkpt lat="44.04220218770205974578857421875" lon="-121.32928297854959964752197265625">
        <ele>1123</ele>
        <time>2025-08-08T19:21:51.000Z</time>
        <extensions>
          <ns3:TrackPointExtension/>
        </extensions>
      </trkpt>
      <trkpt lat="44.042247198522090911865234375" lon="-121.329097487032413482666015625">
        <ele>1123</ele>
        <time>2025-08-08T19:21:52.000Z</time>
        <extensions>
          <ns3:TrackPointExtension/>
        </extensions>
      </trkpt>
      <trkpt lat="44.0424656309187412261962890625" lon="-121.32839986123144626617431640625">
        <ele>1122.4000244140625</ele>
        <time>2025-08-08T19:21:56.000Z</time>
        <extensions>
          <ns3:TrackPointExtension/>
        </extensions>
      </trkpt>
      <trkpt lat="44.04253184795379638671875" lon="-121.32824077270925045013427734375">
        <ele>1122.199951171875</ele>
        <time>2025-08-08T19:21:57.000Z</time>
        <extensions>
          <ns3:TrackPointExtension/>
        </extensions>
      </trkpt>
      <trkpt lat="44.042837955057621002197265625" lon="-121.32768304087221622467041015625">
        <ele>1122.199951171875</ele>
        <time>2025-08-08T19:22:01.000Z</time>
        <extensions>
          <ns3:TrackPointExtension/>
        </extensions>
      </trkpt>
      <trkpt lat="44.04317482374608516693115234375" lon="-121.32723544724285602569580078125">
        <ele>1121.800048828125</ele>
        <time>2025-08-08T19:22:05.000Z</time>
        <extensions>
          <ns3:TrackPointExtension/>
        </extensions>
      </trkpt>
      <trkpt lat="44.04325805604457855224609375" lon="-121.327134780585765838623046875">
        <ele>1121.5999755859375</ele>
        <time>2025-08-08T19:22:06.000Z</time>
        <extensions>
          <ns3:TrackPointExtension/>
        </extensions>
      </trkpt>
      <trkpt lat="44.043619818985462188720703125" lon="-121.32663262076675891876220703125">
        <ele>1121</ele>
        <time>2025-08-08T19:22:11.000Z</time>
        <extensions>
          <ns3:TrackPointExtension/>
        </extensions>
      </trkpt>
      <trkpt lat="44.043818973004817962646484375" lon="-121.3262124359607696533203125">
        <ele>1120.5999755859375</ele>
        <time>2025-08-08T19:22:15.000Z</time>
        <extensions>
          <ns3:TrackPointExtension/>
        </extensions>
      </trkpt>
      <trkpt lat="44.04394461773335933685302734375" lon="-121.3257522694766521453857421875">
        <ele>1119.5999755859375</ele>
        <time>2025-08-08T19:22:20.000Z</time>
        <extensions>
          <ns3:TrackPointExtension/>
        </extensions>
      </trkpt>
      <trkpt lat="44.0439790673553943634033203125" lon="-121.3255430571734905242919921875">
        <ele>1118.800048828125</ele>
        <time>2025-08-08T19:22:24.000Z</time>
        <extensions>
          <ns3:TrackPointExtension/>
        </extensions>
      </trkpt>
      <trkpt lat="44.04394495300948619842529296875" lon="-121.32540852762758731842041015625">
        <ele>1118.800048828125</ele>
        <time>2025-08-08T19:22:27.000Z</time>
        <extensions>
          <ns3:TrackPointExtension/>
        </extensions>
      </trkpt>
      <trkpt lat="44.04390807263553142547607421875" lon="-121.32535387761890888214111328125">
        <ele>1118.5999755859375</ele>
        <time>2025-08-08T19:22:28.000Z</time>
        <extensions>
          <ns3:TrackPointExtension/>
        </extensions>
      </trkpt>
      <trkpt lat="44.0438556857407093048095703125" lon="-121.325307525694370269775390625">
        <ele>1118.4000244140625</ele>
        <time>2025-08-08T19:22:29.000Z</time>
        <extensions>
          <ns3:TrackPointExtension/>
        </extensions>
      </trkpt>
      <trkpt lat="44.0437168814241886138916015625" lon="-121.3252339325845241546630859375">
        <ele>1118</ele>
        <time>2025-08-08T19:22:31.000Z</time>
        <extensions>
          <ns3:TrackPointExtension/>
        </extensions>
      </trkpt>
      <trkpt lat="44.04355955310165882110595703125" lon="-121.325154639780521392822265625">
        <ele>1116.800048828125</ele>
        <time>2025-08-08T19:22:33.000Z</time>
        <extensions>
          <ns3:TrackPointExtension/>
        </extensions>
      </trkpt>
      <trkpt lat="44.04348738491535186767578125" lon="-121.32509755901992321014404296875">
        <ele>1116.199951171875</ele>
        <time>2025-08-08T19:22:34.000Z</time>
        <extensions>
          <ns3:TrackPointExtension/>
        </extensions>
      </trkpt>
      <trkpt lat="44.04342477209866046905517578125" lon="-121.32503067143261432647705078125">
        <ele>1115.5999755859375</ele>
        <time>2025-08-08T19:22:35.000Z</time>
        <extensions>
          <ns3:TrackPointExtension/>
        </extensions>
      </trkpt>
      <trkpt lat="44.043347574770450592041015625" lon="-121.32486705668270587921142578125">
        <ele>1115</ele>
        <time>2025-08-08T19:22:37.000Z</time>
        <extensions>
          <ns3:TrackPointExtension/>
        </extensions>
      </trkpt>
      <trkpt lat="44.0433276258409023284912109375" lon="-121.324685253202915191650390625">
        <ele>1114.5999755859375</ele>
        <time>2025-08-08T19:22:39.000Z</time>
        <extensions>
          <ns3:TrackPointExtension/>
        </extensions>
      </trkpt>
      <trkpt lat="44.043336845934391021728515625" lon="-121.32458793930709362030029296875">
        <ele>1114.4000244140625</ele>
        <time>2025-08-08T19:22:40.000Z</time>
        <extensions>
          <ns3:TrackPointExtension/>
        </extensions>
      </trkpt>
      <trkpt lat="44.04335863888263702392578125" lon="-121.32448903284966945648193359375">
        <ele>1114</ele>
        <time>2025-08-08T19:22:41.000Z</time>
        <extensions>
          <ns3:TrackPointExtension/>
        </extensions>
      </trkpt>
      <trkpt lat="44.04347506351768970489501953125" lon="-121.32416079752147197723388671875">
        <ele>1113.199951171875</ele>
        <time>2025-08-08T19:22:44.000Z</time>
        <extensions>
          <ns3:TrackPointExtension/>
        </extensions>
      </trkpt>
      <trkpt lat="44.04376155696809291839599609375" lon="-121.323567442595958709716796875">
        <ele>1110.800048828125</ele>
        <time>2025-08-08T19:22:49.000Z</time>
        <extensions>
          <ns3:TrackPointExtension/>
        </extensions>
      </trkpt>
      <trkpt lat="44.0440223179757595062255859375" lon="-121.32302639074623584747314453125">
        <ele>1109</ele>
        <time>2025-08-08T19:22:54.000Z</time>
        <extensions>
          <ns3:TrackPointExtension/>
        </extensions>
      </trkpt>
      <trkpt lat="44.0440513193607330322265625" lon="-121.322912983596324920654296875">
        <ele>1108.4000244140625</ele>
        <time>2025-08-08T19:22:55.000Z</time>
        <extensions>
          <ns3:TrackPointExtension/>
        </extensions>
      </trkpt>
      <trkpt lat="44.0440672449767589569091796875" lon="-121.3227931223809719085693359375">
        <ele>1107.5999755859375</ele>
        <time>2025-08-08T19:22:56.000Z</time>
        <extensions>
          <ns3:TrackPointExtension/>
        </extensions>
      </trkpt>
      <trkpt lat="44.04406531713902950286865234375" lon="-121.32254158146679401397705078125">
        <ele>1106.4000244140625</ele>
        <time>2025-08-08T19:22:58.000Z</time>
        <extensions>
          <ns3:TrackPointExtension/>
        </extensions>
      </trkpt>
      <trkpt lat="44.044013433158397674560546875" lon="-121.32197345606982707977294921875">
        <ele>1104.4000244140625</ele>
        <time>2025-08-08T19:23:04.000Z</time>
        <extensions>
          <ns3:TrackPointExtension/>
        </extensions>
      </trkpt>
      <trkpt lat="44.0439904667437076568603515625" lon="-121.32176424376666545867919921875">
        <ele>1104.199951171875</ele>
        <time>2025-08-08T19:23:08.000Z</time>
        <extensions>
          <ns3:TrackPointExtension/>
        </extensions>
      </trkpt>
      <trkpt lat="44.04397428967058658599853515625" lon="-121.32163834758102893829345703125">
        <ele>1104.199951171875</ele>
        <time>2025-08-08T19:23:12.000Z</time>
        <extensions>
          <ns3:TrackPointExtension/>
        </extensions>
      </trkpt>
      <trkpt lat="44.04396347701549530029296875" lon="-121.3215425424277782440185546875">
        <ele>1104.5999755859375</ele>
        <time>2025-08-08T19:23:17.000Z</time>
        <extensions>
          <ns3:TrackPointExtension/>
        </extensions>
      </trkpt>
      <trkpt lat="44.043947719037532806396484375" lon="-121.32147858850657939910888671875">
        <ele>1104.800048828125</ele>
        <time>2025-08-08T19:23:24.000Z</time>
        <extensions>
          <ns3:TrackPointExtension/>
        </extensions>
      </trkpt>
      <trkpt lat="44.04390002600848674774169921875" lon="-121.321226544678211212158203125">
        <ele>1104</ele>
        <time>2025-08-08T19:23:35.000Z</time>
        <extensions>
          <ns3:TrackPointExtension/>
        </extensions>
      </trkpt>
      <trkpt lat="44.04380782507359981536865234375" lon="-121.3207908533513545989990234375">
        <ele>1103.800048828125</ele>
        <time>2025-08-08T19:23:49.000Z</time>
        <extensions>
          <ns3:TrackPointExtension/>
        </extensions>
      </trkpt>
      <trkpt lat="44.043753929436206817626953125" lon="-121.3205730915069580078125">
        <ele>1104</ele>
        <time>2025-08-08T19:23:57.000Z</time>
        <extensions>
          <ns3:TrackPointExtension/>
        </extensions>
      </trkpt>
      <trkpt lat="44.0436756424605846405029296875" lon="-121.32019422948360443115234375">
        <ele>1104.4000244140625</ele>
        <time>2025-08-08T19:24:01.000Z</time>
        <extensions>
          <ns3:TrackPointExtension/>
        </extensions>
      </trkpt>
      <trkpt lat="44.04360766522586345672607421875" lon="-121.3195369206368923187255859375">
        <ele>1105</ele>
        <time>2025-08-08T19:24:06.000Z</time>
        <extensions>
          <ns3:TrackPointExtension/>
        </extensions>
      </trkpt>
      <trkpt lat="44.0435639955103397369384765625" lon="-121.3189743272960186004638671875">
        <ele>1104.800048828125</ele>
        <time>2025-08-08T19:24:10.000Z</time>
        <extensions>
          <ns3:TrackPointExtension/>
        </extensions>
      </trkpt>
      <trkpt lat="44.0435443818569183349609375" lon="-121.3182382285594940185546875">
        <ele>1104.5999755859375</ele>
        <time>2025-08-08T19:24:15.000Z</time>
        <extensions>
          <ns3:TrackPointExtension/>
        </extensions>
      </trkpt>
      <trkpt lat="44.04354664497077465057373046875" lon="-121.31809229962527751922607421875">
        <ele>1104.5999755859375</ele>
        <time>2025-08-08T19:24:16.000Z</time>
        <extensions>
          <ns3:TrackPointExtension/>
        </extensions>
      </trkpt>
      <trkpt lat="44.04352493584156036376953125" lon="-121.3173772394657135009765625">
        <ele>1105.199951171875</ele>
        <time>2025-08-08T19:24:21.000Z</time>
        <extensions>
          <ns3:TrackPointExtension/>
        </extensions>
      </trkpt>
      <trkpt lat="44.04350347816944122314453125" lon="-121.317235417664051055908203125">
        <ele>1105.199951171875</ele>
        <time>2025-08-08T19:24:22.000Z</time>
        <extensions>
          <ns3:TrackPointExtension/>
        </extensions>
      </trkpt>
      <trkpt lat="44.043334163725376129150390625" lon="-121.3165457546710968017578125">
        <ele>1104.800048828125</ele>
        <time>2025-08-08T19:24:27.000Z</time>
        <extensions>
          <ns3:TrackPointExtension/>
        </extensions>
      </trkpt>
      <trkpt lat="44.04315722174942493438720703125" lon="-121.31591702811419963836669921875">
        <ele>1104</ele>
        <time>2025-08-08T19:24:32.000Z</time>
        <extensions>
          <ns3:TrackPointExtension/>
        </extensions>
      </trkpt>
      <trkpt lat="44.0430629253387451171875" lon="-121.31568769924342632293701171875">
        <ele>1103.5999755859375</ele>
        <time>2025-08-08T19:24:34.000Z</time>
        <extensions>
          <ns3:TrackPointExtension/>
        </extensions>
      </trkpt>
      <trkpt lat="44.04300617985427379608154296875" lon="-121.31558309309184551239013671875">
        <ele>1103.199951171875</ele>
        <time>2025-08-08T19:24:35.000Z</time>
        <extensions>
          <ns3:TrackPointExtension/>
        </extensions>
      </trkpt>
      <trkpt lat="44.04280484654009342193603515625" lon="-121.3152993656694889068603515625">
        <ele>1102.5999755859375</ele>
        <time>2025-08-08T19:24:38.000Z</time>
        <extensions>
          <ns3:TrackPointExtension/>
        </extensions>
      </trkpt>
      <trkpt lat="44.04245607554912567138671875" lon="-121.314833499491214752197265625">
        <ele>1102.800048828125</ele>
        <time>2025-08-08T19:24:43.000Z</time>
        <extensions>
          <ns3:TrackPointExtension/>
        </extensions>
      </trkpt>
      <trkpt lat="44.04240385629236698150634765625" lon="-121.31474171765148639678955078125">
        <ele>1103</ele>
        <time>2025-08-08T19:24:44.000Z</time>
        <extensions>
          <ns3:TrackPointExtension/>
        </extensions>
      </trkpt>
      <trkpt lat="44.042363874614238739013671875" lon="-121.3146536238491535186767578125">
        <ele>1103</ele>
        <time>2025-08-08T19:24:45.000Z</time>
        <extensions>
          <ns3:TrackPointExtension/>
        </extensions>
      </trkpt>
      <trkpt lat="44.04233545996248722076416015625" lon="-121.3145731575787067413330078125">
        <ele>1103.199951171875</ele>
        <time>2025-08-08T19:24:46.000Z</time>
        <extensions>
          <ns3:TrackPointExtension/>
        </extensions>
      </trkpt>
      <trkpt lat="44.0422959811985492706298828125" lon="-121.31445405073463916778564453125">
        <ele>1103.199951171875</ele>
        <time>2025-08-08T19:24:48.000Z</time>
        <extensions>
          <ns3:TrackPointExtension/>
        </extensions>
      </trkpt>
      <trkpt lat="44.04222247190773487091064453125" lon="-121.3143632747232913970947265625">
        <ele>1103</ele>
        <time>2025-08-08T19:24:52.000Z</time>
        <extensions>
          <ns3:TrackPointExtension/>
        </extensions>
      </trkpt>
      <trkpt lat="44.0420981682837009429931640625" lon="-121.3143624365329742431640625">
        <ele>1102.800048828125</ele>
        <time>2025-08-08T19:24:56.000Z</time>
        <extensions>
          <ns3:TrackPointExtension/>
        </extensions>
      </trkpt>
      <trkpt lat="44.04184511862695217132568359375" lon="-121.31450216285884380340576171875">
        <ele>1103.199951171875</ele>
        <time>2025-08-08T19:25:06.000Z</time>
        <extensions>
          <ns3:TrackPointExtension/>
        </extensions>
      </trkpt>
      <trkpt lat="44.041659794747829437255859375" lon="-121.3146834634244441986083984375">
        <ele>1103.4000244140625</ele>
        <time>2025-08-08T19:25:17.000Z</time>
        <extensions>
          <ns3:TrackPointExtension/>
        </extensions>
      </trkpt>
      <trkpt lat="44.04148335568606853485107421875" lon="-121.314953863620758056640625">
        <ele>1103.5999755859375</ele>
        <time>2025-08-08T19:25:28.000Z</time>
        <extensions>
          <ns3:TrackPointExtension/>
        </extensions>
      </trkpt>
      <trkpt lat="44.0414078347384929656982421875" lon="-121.315101720392704010009765625">
        <ele>1103.800048828125</ele>
        <time>2025-08-08T19:25:37.000Z</time>
        <extensions>
          <ns3:TrackPointExtension/>
        </extensions>
      </trkpt>
      <trkpt lat="44.0413692779839038848876953125" lon="-121.3152153789997100830078125">
        <ele>1104.199951171875</ele>
        <time>2025-08-08T19:25:46.000Z</time>
        <extensions>
          <ns3:TrackPointExtension/>
        </extensions>
      </trkpt>
      <trkpt lat="44.04130674898624420166015625" lon="-121.3154770620167255401611328125">
        <ele>1105</ele>
        <time>2025-08-08T19:25:55.000Z</time>
        <extensions>
          <ns3:TrackPointExtension/>
        </extensions>
      </trkpt>
      <trkpt lat="44.04119518585503101348876953125" lon="-121.31584913469851016998291015625">
        <ele>1105.800048828125</ele>
        <time>2025-08-08T19:26:05.000Z</time>
        <extensions>
          <ns3:TrackPointExtension/>
        </extensions>
      </trkpt>
      <trkpt lat="44.04108253307640552520751953125" lon="-121.3160607777535915374755859375">
        <ele>1107</ele>
        <time>2025-08-08T19:26:13.000Z</time>
        <extensions>
          <ns3:TrackPointExtension/>
        </extensions>
      </trkpt>
      <trkpt lat="44.0409367717802524566650390625" lon="-121.3162592612206935882568359375">
        <ele>1108.199951171875</ele>
        <time>2025-08-08T19:26:24.000Z</time>
        <extensions>
          <ns3:TrackPointExtension/>
        </extensions>
      </trkpt>
      <trkpt lat="44.0407795272767543792724609375" lon="-121.31644877605140209197998046875">
        <ele>1108.199951171875</ele>
        <time>2025-08-08T19:26:38.000Z</time>
        <extensions>
          <ns3:TrackPointExtension/>
        </extensions>
      </trkpt>
      <trkpt lat="44.04067282564938068389892578125" lon="-121.31672906689345836639404296875">
        <ele>1109.4000244140625</ele>
        <time>2025-08-08T19:26:45.000Z</time>
        <extensions>
          <ns3:TrackPointExtension/>
        </extensions>
      </trkpt>
      <trkpt lat="44.04060375876724720001220703125" lon="-121.31694263778626918792724609375">
        <ele>1109.4000244140625</ele>
        <time>2025-08-08T19:26:48.000Z</time>
        <extensions>
          <ns3:TrackPointExtension/>
        </extensions>
      </trkpt>
      <trkpt lat="44.040559418499469757080078125" lon="-121.31698957644402980804443359375">
        <ele>1109.199951171875</ele>
        <time>2025-08-08T19:26:49.000Z</time>
        <extensions>
          <ns3:TrackPointExtension/>
        </extensions>
      </trkpt>
      <trkpt lat="44.040506780147552490234375" lon="-121.317015476524829864501953125">
        <ele>1109.4000244140625</ele>
        <time>2025-08-08T19:26:50.000Z</time>
        <extensions>
          <ns3:TrackPointExtension/>
        </extensions>
      </trkpt>
      <trkpt lat="44.040405191481113433837890625" lon="-121.31700064055621623992919921875">
        <ele>1109.5999755859375</ele>
        <time>2025-08-08T19:26:52.000Z</time>
        <extensions>
          <ns3:TrackPointExtension/>
        </extensions>
      </trkpt>
      <trkpt lat="44.04033503495156764984130859375" lon="-121.3169237785041332244873046875">
        <ele>1109.800048828125</ele>
        <time>2025-08-08T19:26:54.000Z</time>
        <extensions>
          <ns3:TrackPointExtension/>
        </extensions>
      </trkpt>
      <trkpt lat="44.04030938632786273956298828125" lon="-121.31686736829578876495361328125">
        <ele>1110</ele>
        <time>2025-08-08T19:26:55.000Z</time>
        <extensions>
          <ns3:TrackPointExtension/>
        </extensions>
      </trkpt>
      <trkpt lat="44.040291868150234222412109375" lon="-121.3168007321655750274658203125">
        <ele>1110.199951171875</ele>
        <time>2025-08-08T19:26:56.000Z</time>
        <extensions>
          <ns3:TrackPointExtension/>
        </extensions>
      </trkpt>
      <trkpt lat="44.04028977267444133758544921875" lon="-121.316638290882110595703125">
        <ele>1109.800048828125</ele>
        <time>2025-08-08T19:26:58.000Z</time>
        <extensions>
          <ns3:TrackPointExtension/>
        </extensions>
      </trkpt>
      <trkpt lat="44.0402742661535739898681640625" lon="-121.31643989123404026031494140625">
        <ele>1110</ele>
        <time>2025-08-08T19:27:00.000Z</time>
        <extensions>
          <ns3:TrackPointExtension/>
        </extensions>
      </trkpt>
      <trkpt lat="44.04021777212619781494140625" lon="-121.31622363813221454620361328125">
        <ele>1110.800048828125</ele>
        <time>2025-08-08T19:27:02.000Z</time>
        <extensions>
          <ns3:TrackPointExtension/>
        </extensions>
      </trkpt>
      <trkpt lat="44.04006161727011203765869140625" lon="-121.31566272117197513580322265625">
        <ele>1112</ele>
        <time>2025-08-08T19:27:06.000Z</time>
        <extensions>
          <ns3:TrackPointExtension/>
        </extensions>
      </trkpt>
      <trkpt lat="44.0399617888033390045166015625" lon="-121.31499183364212512969970703125">
        <ele>1115</ele>
        <time>2025-08-08T19:27:10.000Z</time>
        <extensions>
          <ns3:TrackPointExtension/>
        </extensions>
      </trkpt>
      <trkpt lat="44.03986464254558086395263671875" lon="-121.314349360764026641845703125">
        <ele>1119.5999755859375</ele>
        <time>2025-08-08T19:27:14.000Z</time>
        <extensions>
          <ns3:TrackPointExtension/>
        </extensions>
      </trkpt>
      <trkpt lat="44.03983262367546558380126953125" lon="-121.31418415345251560211181640625">
        <ele>1120.199951171875</ele>
        <time>2025-08-08T19:27:15.000Z</time>
        <extensions>
          <ns3:TrackPointExtension/>
        </extensions>
      </trkpt>
      <trkpt lat="44.039706476032733917236328125" lon="-121.31350605748593807220458984375">
        <ele>1122.4000244140625</ele>
        <time>2025-08-08T19:27:19.000Z</time>
        <extensions>
          <ns3:TrackPointExtension/>
        </extensions>
      </trkpt>
      <trkpt lat="44.03961134143173694610595703125" lon="-121.31297917105257511138916015625">
        <ele>1120.199951171875</ele>
        <time>2025-08-08T19:27:22.000Z</time>
        <extensions>
          <ns3:TrackPointExtension/>
        </extensions>
      </trkpt>
      <trkpt lat="44.03946449048817157745361328125" lon="-121.3122738339006900787353515625">
        <ele>1120.4000244140625</ele>
        <time>2025-08-08T19:27:26.000Z</time>
        <extensions>
          <ns3:TrackPointExtension/>
        </extensions>
      </trkpt>
      <trkpt lat="44.03934714384377002716064453125" lon="-121.311807967722415924072265625">
        <ele>1121</ele>
        <time>2025-08-08T19:27:29.000Z</time>
        <extensions>
          <ns3:TrackPointExtension/>
        </extensions>
      </trkpt>
      <trkpt lat="44.0392050705850124359130859375" lon="-121.31115744821727275848388671875">
        <ele>1123.199951171875</ele>
        <time>2025-08-08T19:27:34.000Z</time>
        <extensions>
          <ns3:TrackPointExtension/>
        </extensions>
      </trkpt>
      <trkpt lat="44.03918386436998844146728515625" lon="-121.31106155924499034881591796875">
        <ele>1123.4000244140625</ele>
        <time>2025-08-08T19:27:35.000Z</time>
        <extensions>
          <ns3:TrackPointExtension/>
        </extensions>
      </trkpt>
      <trkpt lat="44.03915704227983951568603515625" lon="-121.310932226479053497314453125">
        <ele>1123.4000244140625</ele>
        <time>2025-08-08T19:27:37.000Z</time>
        <extensions>
          <ns3:TrackPointExtension/>
        </extensions>
      </trkpt>
      <trkpt lat="44.0391309745609760284423828125" lon="-121.31078026257455348968505859375">
        <ele>1125.199951171875</ele>
        <time>2025-08-08T19:27:41.000Z</time>
        <extensions>
          <ns3:TrackPointExtension/>
        </extensions>
      </trkpt>
      <trkpt lat="44.03909124433994293212890625" lon="-121.310559399425983428955078125">
        <ele>1127.800048828125</ele>
        <time>2025-08-08T19:27:44.000Z</time>
        <extensions>
          <ns3:TrackPointExtension/>
        </extensions>
      </trkpt>
      <trkpt lat="44.0390060842037200927734375" lon="-121.31009395234286785125732421875">
        <ele>1131.800048828125</ele>
        <time>2025-08-08T19:27:48.000Z</time>
        <extensions>
          <ns3:TrackPointExtension/>
        </extensions>
      </trkpt>
      <trkpt lat="44.03889468871057033538818359375" lon="-121.3094601966440677642822265625">
        <ele>1134.800048828125</ele>
        <time>2025-08-08T19:27:53.000Z</time>
        <extensions>
          <ns3:TrackPointExtension/>
        </extensions>
      </trkpt>
      <trkpt lat="44.03884724713861942291259765625" lon="-121.3091943226754665374755859375">
        <ele>1136.199951171875</ele>
        <time>2025-08-08T19:27:55.000Z</time>
        <extensions>
          <ns3:TrackPointExtension/>
        </extensions>
      </trkpt>
      <trkpt lat="44.038699977099895477294921875" lon="-121.30843936465680599212646484375">
        <ele>1137.5999755859375</ele>
        <time>2025-08-08T19:28:00.000Z</time>
        <extensions>
          <ns3:TrackPointExtension/>
        </extensions>
      </trkpt>
      <trkpt lat="44.0386686287820339202880859375" lon="-121.30828253924846649169921875">
        <ele>1137.5999755859375</ele>
        <time>2025-08-08T19:28:01.000Z</time>
        <extensions>
          <ns3:TrackPointExtension/>
        </extensions>
      </trkpt>
      <trkpt lat="44.0385489352047443389892578125" lon="-121.30753688514232635498046875">
        <ele>1136.800048828125</ele>
        <time>2025-08-08T19:28:06.000Z</time>
        <extensions>
          <ns3:TrackPointExtension/>
        </extensions>
      </trkpt>
      <trkpt lat="44.03853544034063816070556640625" lon="-121.3073918782174587249755859375">
        <ele>1136.4000244140625</ele>
        <time>2025-08-08T19:28:07.000Z</time>
        <extensions>
          <ns3:TrackPointExtension/>
        </extensions>
      </trkpt>
      <trkpt lat="44.03851515613496303558349609375" lon="-121.306669525802135467529296875">
        <ele>1134</ele>
        <time>2025-08-08T19:28:12.000Z</time>
        <extensions>
          <ns3:TrackPointExtension/>
        </extensions>
      </trkpt>
      <trkpt lat="44.0385150723159313201904296875" lon="-121.30652912892401218414306640625">
        <ele>1133.199951171875</ele>
        <time>2025-08-08T19:28:13.000Z</time>
        <extensions>
          <ns3:TrackPointExtension/>
        </extensions>
      </trkpt>
      <trkpt lat="44.038512893021106719970703125" lon="-121.30602789111435413360595703125">
        <ele>1131.4000244140625</ele>
        <time>2025-08-08T19:28:18.000Z</time>
        <extensions>
          <ns3:TrackPointExtension/>
        </extensions>
      </trkpt>
      <trkpt lat="44.0384506992995738983154296875" lon="-121.3059391267597675323486328125">
        <ele>1131.4000244140625</ele>
        <time>2025-08-08T19:28:20.000Z</time>
        <extensions>
          <ns3:TrackPointExtension/>
        </extensions>
      </trkpt>
      <trkpt lat="44.03840593993663787841796875" lon="-121.30592823028564453125">
        <ele>1131.5999755859375</ele>
        <time>2025-08-08T19:28:21.000Z</time>
        <extensions>
          <ns3:TrackPointExtension/>
        </extensions>
      </trkpt>
      <trkpt lat="44.0383584983646869659423828125" lon="-121.305927895009517669677734375">
        <ele>1131.800048828125</ele>
        <time>2025-08-08T19:28:22.000Z</time>
        <extensions>
          <ns3:TrackPointExtension/>
        </extensions>
      </trkpt>
      <trkpt lat="44.03812875039875507354736328125" lon="-121.30592529661953449249267578125">
        <ele>1132.5999755859375</ele>
        <time>2025-08-08T19:28:26.000Z</time>
        <extensions>
          <ns3:TrackPointExtension/>
        </extensions>
      </trkpt>
      <trkpt lat="44.03782934881746768951416015625" lon="-121.305917166173458099365234375">
        <ele>1134</ele>
        <time>2025-08-08T19:28:32.000Z</time>
        <extensions>
          <ns3:TrackPointExtension/>
        </extensions>
      </trkpt>
      <trkpt lat="44.03775139711797237396240234375" lon="-121.3059136457741260528564453125">
        <ele>1134.4000244140625</ele>
        <time>2025-08-08T19:28:37.000Z</time>
        <extensions>
          <ns3:TrackPointExtension/>
        </extensions>
      </trkpt>
      <trkpt lat="44.0377509780228137969970703125" lon="-121.30591683089733123779296875">
        <ele>1134.4000244140625</ele>
        <time>2025-08-08T19:28:39.000Z</time>
        <extensions>
          <ns3:TrackPointExtension/>
        </extensions>
      </trkpt>
      <trkpt lat="44.0377523191273212432861328125" lon="-121.3059176690876483917236328125">
        <ele>1134.199951171875</ele>
        <time>2025-08-08T19:28:40.000Z</time>
        <extensions>
          <ns3:TrackPointExtension/>
        </extensions>
      </trkpt>
      <trkpt lat="44.03775424696505069732666015625" lon="-121.30591859109699726104736328125">
        <ele>1134.4000244140625</ele>
        <time>2025-08-08T19:28:43.000Z</time>
        <extensions>
          <ns3:TrackPointExtension/>
        </extensions>
      </trkpt>
      <trkpt lat="44.03775508515536785125732421875" lon="-121.30591892637312412261962890625">
        <ele>1134.4000244140625</ele>
        <time>2025-08-08T19:28:48.000Z</time>
        <extensions>
          <ns3:TrackPointExtension/>
        </extensions>
      </trkpt>
      <trkpt lat="44.037593565881252288818359375" lon="-121.30590132437646389007568359375">
        <ele>1135</ele>
        <time>2025-08-08T19:29:02.000Z</time>
        <extensions>
          <ns3:TrackPointExtension/>
        </extensions>
      </trkpt>
      <trkpt lat="44.03736297972500324249267578125" lon="-121.305830664932727813720703125">
        <ele>1135.5999755859375</ele>
        <time>2025-08-08T19:29:06.000Z</time>
        <extensions>
          <ns3:TrackPointExtension/>
        </extensions>
      </trkpt>
      <trkpt lat="44.03720053844153881072998046875" lon="-121.30572983063757419586181640625">
        <ele>1136</ele>
        <time>2025-08-08T19:29:08.000Z</time>
        <extensions>
          <ns3:TrackPointExtension/>
        </extensions>
      </trkpt>
      <trkpt lat="44.03703667223453521728515625" lon="-121.30558465607464313507080078125">
        <ele>1136.4000244140625</ele>
        <time>2025-08-08T19:29:10.000Z</time>
        <extensions>
          <ns3:TrackPointExtension/>
        </extensions>
      </trkpt>
      <trkpt lat="44.03688789345324039459228515625" lon="-121.30540444515645503997802734375">
        <ele>1136.800048828125</ele>
        <time>2025-08-08T19:29:12.000Z</time>
        <extensions>
          <ns3:TrackPointExtension/>
        </extensions>
      </trkpt>
      <trkpt lat="44.03657524846494197845458984375" lon="-121.30497948266565799713134765625">
        <ele>1137.800048828125</ele>
        <time>2025-08-08T19:29:17.000Z</time>
        <extensions>
          <ns3:TrackPointExtension/>
        </extensions>
      </trkpt>
      <trkpt lat="44.03644792735576629638671875" lon="-121.30494126118719577789306640625">
        <ele>1137.800048828125</ele>
        <time>2025-08-08T19:29:19.000Z</time>
        <extensions>
          <ns3:TrackPointExtension/>
        </extensions>
      </trkpt>
      <trkpt lat="44.03630669228732585906982421875" lon="-121.30502306856215000152587890625">
        <ele>1137.5999755859375</ele>
        <time>2025-08-08T19:29:21.000Z</time>
        <extensions>
          <ns3:TrackPointExtension/>
        </extensions>
      </trkpt>
      <trkpt lat="44.03622773475944995880126953125" lon="-121.3050873577594757080078125">
        <ele>1137.4000244140625</ele>
        <time>2025-08-08T19:29:22.000Z</time>
        <extensions>
          <ns3:TrackPointExtension/>
        </extensions>
      </trkpt>
      <trkpt lat="44.03595448471605777740478515625" lon="-121.3053389824926853179931640625">
        <ele>1137.5999755859375</ele>
        <time>2025-08-08T19:29:25.000Z</time>
        <extensions>
          <ns3:TrackPointExtension/>
        </extensions>
      </trkpt>
      <trkpt lat="44.03556003235280513763427734375" lon="-121.30573586560785770416259765625">
        <ele>1138.199951171875</ele>
        <time>2025-08-08T19:29:29.000Z</time>
        <extensions>
          <ns3:TrackPointExtension/>
        </extensions>
      </trkpt>
      <trkpt lat="44.03546665795147418975830078125" lon="-121.30583192221820354461669921875">
        <ele>1138.4000244140625</ele>
        <time>2025-08-08T19:29:30.000Z</time>
        <extensions>
          <ns3:TrackPointExtension/>
        </extensions>
      </trkpt>
      <trkpt lat="44.03502291999757289886474609375" lon="-121.30627297796308994293212890625">
        <ele>1139.199951171875</ele>
        <time>2025-08-08T19:29:35.000Z</time>
        <extensions>
          <ns3:TrackPointExtension/>
        </extensions>
      </trkpt>
      <trkpt lat="44.034936167299747467041015625" lon="-121.30635939538478851318359375">
        <ele>1139.4000244140625</ele>
        <time>2025-08-08T19:29:36.000Z</time>
        <extensions>
          <ns3:TrackPointExtension/>
        </extensions>
      </trkpt>
      <trkpt lat="44.03449502773582935333251953125" lon="-121.30680539645254611968994140625">
        <ele>1140.4000244140625</ele>
        <time>2025-08-08T19:29:41.000Z</time>
        <extensions>
          <ns3:TrackPointExtension/>
        </extensions>
      </trkpt>
      <trkpt lat="44.03412044048309326171875" lon="-121.3071853481233119964599609375">
        <ele>1141.199951171875</ele>
        <time>2025-08-08T19:29:45.000Z</time>
        <extensions>
          <ns3:TrackPointExtension/>
        </extensions>
      </trkpt>
      <trkpt lat="44.03402362950146198272705078125" lon="-121.3072852604091167449951171875">
        <ele>1141.4000244140625</ele>
        <time>2025-08-08T19:29:46.000Z</time>
        <extensions>
          <ns3:TrackPointExtension/>
        </extensions>
      </trkpt>
      <trkpt lat="44.03365381993353366851806640625" lon="-121.30766672082245349884033203125">
        <ele>1142</ele>
        <time>2025-08-08T19:29:50.000Z</time>
        <extensions>
          <ns3:TrackPointExtension/>
        </extensions>
      </trkpt>
      <trkpt lat="44.03335005976259708404541015625" lon="-121.3080315850675106048583984375">
        <ele>1142.800048828125</ele>
        <time>2025-08-08T19:29:54.000Z</time>
        <extensions>
          <ns3:TrackPointExtension/>
        </extensions>
      </trkpt>
      <trkpt lat="44.0332366526126861572265625" lon="-121.3081693835556507110595703125">
        <ele>1143</ele>
        <time>2025-08-08T19:29:56.000Z</time>
        <extensions>
          <ns3:TrackPointExtension/>
        </extensions>
      </trkpt>
      <trkpt lat="44.03321142308413982391357421875" lon="-121.3082335889339447021484375">
        <ele>1142.800048828125</ele>
        <time>2025-08-08T19:29:57.000Z</time>
        <extensions>
          <ns3:TrackPointExtension/>
        </extensions>
      </trkpt>
      <trkpt lat="44.033208824694156646728515625" lon="-121.30830005742609500885009765625">
        <ele>1142.4000244140625</ele>
        <time>2025-08-08T19:29:58.000Z</time>
        <extensions>
          <ns3:TrackPointExtension/>
        </extensions>
      </trkpt>
      <trkpt lat="44.03324067592620849609375" lon="-121.30842545069754123687744140625">
        <ele>1141.5999755859375</ele>
        <time>2025-08-08T19:30:00.000Z</time>
        <extensions>
          <ns3:TrackPointExtension/>
        </extensions>
      </trkpt>
      <trkpt lat="44.0333705954253673553466796875" lon="-121.30873239599168300628662109375">
        <ele>1140.800048828125</ele>
        <time>2025-08-08T19:30:05.000Z</time>
        <extensions>
          <ns3:TrackPointExtension/>
        </extensions>
      </trkpt>
      <trkpt lat="44.03349892236292362213134765625" lon="-121.30898536182940006256103515625">
        <ele>1140.800048828125</ele>
        <time>2025-08-08T19:30:10.000Z</time>
        <extensions>
          <ns3:TrackPointExtension/>
        </extensions>
      </trkpt>
      <trkpt lat="44.0335137583315372467041015625" lon="-121.30912014283239841461181640625">
        <ele>1140.800048828125</ele>
        <time>2025-08-08T19:30:14.000Z</time>
        <extensions>
          <ns3:TrackPointExtension/>
        </extensions>
      </trkpt>
      <trkpt lat="44.0334564261138439178466796875" lon="-121.309235394001007080078125">
        <ele>1140.800048828125</ele>
        <time>2025-08-08T19:30:16.000Z</time>
        <extensions>
          <ns3:TrackPointExtension/>
        </extensions>
      </trkpt>
      <trkpt lat="44.03341175056993961334228515625" lon="-121.3092808239161968231201171875">
        <ele>1140.800048828125</ele>
        <time>2025-08-08T19:30:17.000Z</time>
        <extensions>
          <ns3:TrackPointExtension/>
        </extensions>
      </trkpt>
      <trkpt lat="44.033286273479461669921875" lon="-121.3093797303736209869384765625">
        <ele>1141</ele>
        <time>2025-08-08T19:30:21.000Z</time>
        <extensions>
          <ns3:TrackPointExtension/>
        </extensions>
      </trkpt>
      <trkpt lat="44.03328434564173221588134765625" lon="-121.30937243811786174774169921875">
        <ele>1140.800048828125</ele>
        <time>2025-08-08T19:30:28.000Z</time>
        <extensions>
          <ns3:TrackPointExtension/>
        </extensions>
      </trkpt>
      <trkpt lat="44.0331821702420711517333984375" lon="-121.3094642199575901031494140625">
        <ele>1141</ele>
        <time>2025-08-08T19:30:51.000Z</time>
        <extensions>
          <ns3:TrackPointExtension/>
        </extensions>
      </trkpt>
      <trkpt lat="44.03316783718764781951904296875" lon="-121.30947955884039402008056640625">
        <ele>1141.199951171875</ele>
        <time>2025-08-08T19:30:54.000Z</time>
        <extensions>
          <ns3:TrackPointExtension/>
        </extensions>
      </trkpt>
      <trkpt lat="44.03316984884440898895263671875" lon="-121.30947955884039402008056640625">
        <ele>1141.199951171875</ele>
        <time>2025-08-08T19:30:56.000Z</time>
        <extensions>
          <ns3:TrackPointExtension/>
        </extensions>
      </trkpt>
      <trkpt lat="44.03299458324909210205078125" lon="-121.30964367650449275970458984375">
        <ele>1141.800048828125</ele>
        <time>2025-08-08T19:31:05.000Z</time>
        <extensions>
          <ns3:TrackPointExtension/>
        </extensions>
      </trkpt>
      <trkpt lat="44.03276181779801845550537109375" lon="-121.30988893099129199981689453125">
        <ele>1142.4000244140625</ele>
        <time>2025-08-08T19:31:11.000Z</time>
        <extensions>
          <ns3:TrackPointExtension/>
        </extensions>
      </trkpt>
      <trkpt lat="44.03276014141738414764404296875" lon="-121.3099245540797710418701171875">
        <ele>1142.5999755859375</ele>
        <time>2025-08-08T19:31:12.000Z</time>
        <extensions>
          <ns3:TrackPointExtension/>
        </extensions>
      </trkpt>
      <trkpt lat="44.03278939425945281982421875" lon="-121.30998708307743072509765625">
        <ele>1143</ele>
        <time>2025-08-08T19:31:14.000Z</time>
        <extensions>
          <ns3:TrackPointExtension/>
        </extensions>
      </trkpt>
      <trkpt lat="44.032986871898174285888671875" lon="-121.3102430664002895355224609375">
        <ele>1142.800048828125</ele>
        <time>2025-08-08T19:31:20.000Z</time>
        <extensions>
          <ns3:TrackPointExtension/>
        </extensions>
      </trkpt>
      <trkpt lat="44.033074043691158294677734375" lon="-121.310385055840015411376953125">
        <ele>1142.800048828125</ele>
        <time>2025-08-08T19:31:23.000Z</time>
        <extensions>
          <ns3:TrackPointExtension/>
        </extensions>
      </trkpt>
      <trkpt lat="44.03315576724708080291748046875" lon="-121.3104841299355030059814453125">
        <ele>1142.800048828125</ele>
        <time>2025-08-08T19:31:26.000Z</time>
        <extensions>
          <ns3:TrackPointExtension/>
        </extensions>
      </trkpt>
      <trkpt lat="44.03325299732387065887451171875" lon="-121.310689151287078857421875">
        <ele>1142</ele>
        <time>2025-08-08T19:31:31.000Z</time>
        <extensions>
          <ns3:TrackPointExtension/>
        </extensions>
      </trkpt>
      <trkpt lat="44.033233635127544403076171875" lon="-121.3108720444142818450927734375">
        <ele>1142.4000244140625</ele>
        <time>2025-08-08T19:31:35.000Z</time>
        <extensions>
          <ns3:TrackPointExtension/>
        </extensions>
      </trkpt>
      <trkpt lat="44.03313062153756618499755859375" lon="-121.31093063391745090484619140625">
        <ele>1142.199951171875</ele>
        <time>2025-08-08T19:31:39.000Z</time>
        <extensions>
          <ns3:TrackPointExtension/>
        </extensions>
      </trkpt>
      <trkpt lat="44.03300522826611995697021484375" lon="-121.3109077513217926025390625">
        <ele>1142.199951171875</ele>
        <time>2025-08-08T19:31:46.000Z</time>
        <extensions>
          <ns3:TrackPointExtension/>
        </extensions>
      </trkpt>
      <trkpt lat="44.03298578225076198577880859375" lon="-121.3108961842954158782958984375">
        <ele>1142.199951171875</ele>
        <time>2025-08-08T19:31:53.000Z</time>
        <extensions>
          <ns3:TrackPointExtension/>
        </extensions>
      </trkpt>
      <trkpt lat="44.03299097903072834014892578125" lon="-121.3108928315341472625732421875">
        <ele>1141.800048828125</ele>
        <time>2025-08-08T19:31:59.000Z</time>
        <extensions>
          <ns3:TrackPointExtension/>
        </extensions>
      </trkpt>
      <trkpt lat="44.03299617581069469451904296875" lon="-121.31088889203965663909912109375">
        <ele>1141.800048828125</ele>
        <time>2025-08-08T19:32:07.000Z</time>
        <extensions>
          <ns3:TrackPointExtension/>
        </extensions>
      </trkpt>
      <trkpt lat="44.0330034680664539337158203125" lon="-121.31088889203965663909912109375">
        <ele>1141.4000244140625</ele>
        <time>2025-08-08T19:32:18.000Z</time>
        <extensions>
          <ns3:TrackPointExtension/>
        </extensions>
      </trkpt>
      <trkpt lat="44.03300288133323192596435546875" lon="-121.3108857907354831695556640625">
        <ele>1141.4000244140625</ele>
        <time>2025-08-08T19:32:27.000Z</time>
        <extensions>
          <ns3:TrackPointExtension/>
        </extensions>
      </trkpt>
      <trkpt lat="44.0329898893833160400390625" lon="-121.31088428199291229248046875">
        <ele>1141</ele>
        <time>2025-08-08T19:32:39.000Z</time>
        <extensions>
          <ns3:TrackPointExtension/>
        </extensions>
      </trkpt>
      <trkpt lat="44.0328187309205532073974609375" lon="-121.31100154481828212738037109375">
        <ele>1143.199951171875</ele>
        <time>2025-08-08T19:32:47.000Z</time>
        <extensions>
          <ns3:TrackPointExtension/>
        </extensions>
      </trkpt>
      <trkpt lat="44.03272845782339572906494140625" lon="-121.31095963530242443084716796875">
        <ele>1143.5999755859375</ele>
        <time>2025-08-08T19:32:51.000Z</time>
        <extensions>
          <ns3:TrackPointExtension/>
        </extensions>
      </trkpt>
      <trkpt lat="44.032719321548938751220703125" lon="-121.3109313882887363433837890625">
        <ele>1143.5999755859375</ele>
        <time>2025-08-08T19:32:52.000Z</time>
        <extensions>
          <ns3:TrackPointExtension/>
        </extensions>
      </trkpt>
      <trkpt lat="44.03271219693124294281005859375" lon="-121.3108559511601924896240234375">
        <ele>1144.5999755859375</ele>
        <time>2025-08-08T19:32:57.000Z</time>
        <extensions>
          <ns3:TrackPointExtension/>
        </extensions>
      </trkpt>
      <trkpt lat="44.03271496295928955078125" lon="-121.31081513129174709320068359375">
        <ele>1144.5999755859375</ele>
        <time>2025-08-08T19:33:04.000Z</time>
        <extensions>
          <ns3:TrackPointExtension/>
        </extensions>
      </trkpt>
      <trkpt lat="44.0327094309031963348388671875" lon="-121.3107999600470066070556640625">
        <ele>1142.5999755859375</ele>
        <time>2025-08-08T19:33:12.000Z</time>
        <extensions>
          <ns3:TrackPointExtension/>
        </extensions>
      </trkpt>
      <trkpt lat="44.032713286578655242919921875" lon="-121.31080172024667263031005859375">
        <ele>1142.4000244140625</ele>
        <time>2025-08-08T19:33:23.000Z</time>
        <extensions>
          <ns3:TrackPointExtension/>
        </extensions>
      </trkpt>
      <trkpt lat="44.0327023901045322418212890625" lon="-121.3108039833605289459228515625">
        <ele>1142.4000244140625</ele>
        <time>2025-08-08T19:33:32.000Z</time>
        <extensions>
          <ns3:TrackPointExtension/>
        </extensions>
      </trkpt>
      <trkpt lat="44.03269727714359760284423828125" lon="-121.31078713573515415191650390625">
        <ele>1142</ele>
        <time>2025-08-08T19:33:46.000Z</time>
        <extensions>
          <ns3:TrackPointExtension/>
        </extensions>
      </trkpt>
      <trkpt lat="44.03268872760236263275146484375" lon="-121.3107295520603656768798828125">
        <ele>1142.800048828125</ele>
        <time>2025-08-08T19:33:58.000Z</time>
        <extensions>
          <ns3:TrackPointExtension/>
        </extensions>
      </trkpt>
      <trkpt lat="44.032662995159626007080078125" lon="-121.31068336777389049530029296875">
        <ele>1143.5999755859375</ele>
        <time>2025-08-08T19:34:08.000Z</time>
        <extensions>
          <ns3:TrackPointExtension/>
        </extensions>
      </trkpt>
      <trkpt lat="44.03267246671020984649658203125" lon="-121.31065403111279010772705078125">
        <ele>1143.800048828125</ele>
        <time>2025-08-08T19:34:16.000Z</time>
        <extensions>
          <ns3:TrackPointExtension/>
        </extensions>
      </trkpt>
      <trkpt lat="44.032674729824066162109375" lon="-121.3106078468263149261474609375">
        <ele>1144.4000244140625</ele>
        <time>2025-08-08T19:34:27.000Z</time>
        <extensions>
          <ns3:TrackPointExtension/>
        </extensions>
      </trkpt>
      <trkpt lat="44.0326748974621295928955078125" lon="-121.3105644285678863525390625">
        <ele>1145.199951171875</ele>
        <time>2025-08-08T19:34:38.000Z</time>
        <extensions>
          <ns3:TrackPointExtension/>
        </extensions>
      </trkpt>
      <trkpt lat="44.03267196379601955413818359375" lon="-121.3105350919067859649658203125">
        <ele>1145.4000244140625</ele>
        <time>2025-08-08T19:34:47.000Z</time>
        <extensions>
          <ns3:TrackPointExtension/>
        </extensions>
      </trkpt>
      <trkpt lat="44.0326680243015289306640625" lon="-121.3105002231895923614501953125">
        <ele>1145.800048828125</ele>
        <time>2025-08-08T19:34:59.000Z</time>
        <extensions>
          <ns3:TrackPointExtension/>
        </extensions>
      </trkpt>
      <trkpt lat="44.03267498128116130828857421875" lon="-121.3104559667408466339111328125">
        <ele>1146.4000244140625</ele>
        <time>2025-08-08T19:35:10.000Z</time>
        <extensions>
          <ns3:TrackPointExtension/>
        </extensions>
      </trkpt>
      <trkpt lat="44.032667018473148345947265625" lon="-121.31041447632014751434326171875">
        <ele>1146.5999755859375</ele>
        <time>2025-08-08T19:35:21.000Z</time>
        <extensions>
          <ns3:TrackPointExtension/>
        </extensions>
      </trkpt>
      <trkpt lat="44.032679088413715362548828125" lon="-121.3104070164263248443603515625">
        <ele>1147</ele>
        <time>2025-08-08T19:35:28.000Z</time>
        <extensions>
          <ns3:TrackPointExtension/>
        </extensions>
      </trkpt>
      <trkpt lat="44.032717645168304443359375" lon="-121.31039033643901348114013671875">
        <ele>1146.5999755859375</ele>
        <time>2025-08-08T19:35:37.000Z</time>
        <extensions>
          <ns3:TrackPointExtension/>
        </extensions>
      </trkpt>
      <trkpt lat="44.03276902623474597930908203125" lon="-121.31030484102666378021240234375">
        <ele>1145.5999755859375</ele>
        <time>2025-08-08T19:35:46.000Z</time>
        <extensions>
          <ns3:TrackPointExtension/>
        </extensions>
      </trkpt>
      <trkpt lat="44.0327597223222255706787109375" lon="-121.3102698884904384613037109375">
        <ele>1144.4000244140625</ele>
        <time>2025-08-08T19:35:53.000Z</time>
        <extensions>
          <ns3:TrackPointExtension/>
        </extensions>
      </trkpt>
      <trkpt lat="44.0327672660350799560546875" lon="-121.31014508195221424102783203125">
        <ele>1144.199951171875</ele>
        <time>2025-08-08T19:36:01.000Z</time>
        <extensions>
          <ns3:TrackPointExtension/>
        </extensions>
      </trkpt>
      <trkpt lat="44.03277992270886898040771484375" lon="-121.31013217382133007049560546875">
        <ele>1144.4000244140625</ele>
        <time>2025-08-08T19:36:02.000Z</time>
        <extensions>
          <ns3:TrackPointExtension/>
        </extensions>
      </trkpt>
      <trkpt lat="44.0328180603682994842529296875" lon="-121.31007266230881214141845703125">
        <ele>1145.800048828125</ele>
        <time>2025-08-08T19:36:07.000Z</time>
        <extensions>
          <ns3:TrackPointExtension/>
        </extensions>
      </trkpt>
      <trkpt lat="44.03281445614993572235107421875" lon="-121.31002128124237060546875">
        <ele>1146.4000244140625</ele>
        <time>2025-08-08T19:36:09.000Z</time>
        <extensions>
          <ns3:TrackPointExtension/>
        </extensions>
      </trkpt>
      <trkpt lat="44.03276768513023853302001953125" lon="-121.30992379970848560333251953125">
        <ele>1147.4000244140625</ele>
        <time>2025-08-08T19:36:16.000Z</time>
        <extensions>
          <ns3:TrackPointExtension/>
        </extensions>
      </trkpt>
      <trkpt lat="44.03276768513023853302001953125" lon="-121.309921033680438995361328125">
        <ele>1147.4000244140625</ele>
        <time>2025-08-08T19:36:17.000Z</time>
        <extensions>
          <ns3:TrackPointExtension/>
        </extensions>
      </trkpt>
      <trkpt lat="44.03276382945477962493896484375" lon="-121.30990527570247650146484375">
        <ele>1146.800048828125</ele>
        <time>2025-08-08T19:36:20.000Z</time>
        <extensions>
          <ns3:TrackPointExtension/>
        </extensions>
      </trkpt>
      <trkpt lat="44.0328021347522735595703125" lon="-121.3096744380891323089599609375">
        <ele>1145.4000244140625</ele>
        <time>2025-08-08T19:36:26.000Z</time>
        <extensions>
          <ns3:TrackPointExtension/>
        </extensions>
      </trkpt>
      <trkpt lat="44.03286776505410671234130859375" lon="-121.30958735011518001556396484375">
        <ele>1145.5999755859375</ele>
        <time>2025-08-08T19:36:33.000Z</time>
        <extensions>
          <ns3:TrackPointExtension/>
        </extensions>
      </trkpt>
      <trkpt lat="44.03286877088248729705810546875" lon="-121.30958936177194118499755859375">
        <ele>1145.800048828125</ele>
        <time>2025-08-08T19:36:34.000Z</time>
        <extensions>
          <ns3:TrackPointExtension/>
        </extensions>
      </trkpt>
      <trkpt lat="44.0328703634440898895263671875" lon="-121.30959372036159038543701171875">
        <ele>1146</ele>
        <time>2025-08-08T19:36:36.000Z</time>
        <extensions>
          <ns3:TrackPointExtension/>
        </extensions>
      </trkpt>
      <trkpt lat="44.03287748806178569793701171875" lon="-121.30952431820333003997802734375">
        <ele>1146.4000244140625</ele>
        <time>2025-08-08T19:36:40.000Z</time>
        <extensions>
          <ns3:TrackPointExtension/>
        </extensions>
      </trkpt>
      <trkpt lat="44.03286508284509181976318359375" lon="-121.3094692490994930267333984375">
        <ele>1146.800048828125</ele>
        <time>2025-08-08T19:36:41.000Z</time>
        <extensions>
          <ns3:TrackPointExtension/>
        </extensions>
      </trkpt>
      <trkpt lat="44.03283926658332347869873046875" lon="-121.30940512754023075103759765625">
        <ele>1147</ele>
        <time>2025-08-08T19:36:42.000Z</time>
        <extensions>
          <ns3:TrackPointExtension/>
        </extensions>
      </trkpt>
      <trkpt lat="44.0327318944036960601806640625" lon="-121.30917646922171115875244140625">
        <ele>1147.800048828125</ele>
        <time>2025-08-08T19:36:45.000Z</time>
        <extensions>
          <ns3:TrackPointExtension/>
        </extensions>
      </trkpt>
      <trkpt lat="44.032548330724239349365234375" lon="-121.308738850057125091552734375">
        <ele>1148.800048828125</ele>
        <time>2025-08-08T19:36:49.000Z</time>
        <extensions>
          <ns3:TrackPointExtension/>
        </extensions>
      </trkpt>
      <trkpt lat="44.0324371866881847381591796875" lon="-121.30838337354362010955810546875">
        <ele>1149.4000244140625</ele>
        <time>2025-08-08T19:36:52.000Z</time>
        <extensions>
          <ns3:TrackPointExtension/>
        </extensions>
      </trkpt>
      <trkpt lat="44.03240852057933807373046875" lon="-121.30815454758703708648681640625">
        <ele>1149.5999755859375</ele>
        <time>2025-08-08T19:36:54.000Z</time>
        <extensions>
          <ns3:TrackPointExtension/>
        </extensions>
      </trkpt>
      <trkpt lat="44.03242369182407855987548828125" lon="-121.3079799525439739227294921875">
        <ele>1149</ele>
        <time>2025-08-08T19:36:56.000Z</time>
        <extensions>
          <ns3:TrackPointExtension/>
        </extensions>
      </trkpt>
      <trkpt lat="44.03247113339602947235107421875" lon="-121.30786143243312835693359375">
        <ele>1149</ele>
        <time>2025-08-08T19:36:58.000Z</time>
        <extensions>
          <ns3:TrackPointExtension/>
        </extensions>
      </trkpt>
      <trkpt lat="44.0324951894581317901611328125" lon="-121.30780108273029327392578125">
        <ele>1149</ele>
        <time>2025-08-08T19:36:59.000Z</time>
        <extensions>
          <ns3:TrackPointExtension/>
        </extensions>
      </trkpt>
      <trkpt lat="44.03258998878300189971923828125" lon="-121.30759161897003650665283203125">
        <ele>1148.5999755859375</ele>
        <time>2025-08-08T19:37:02.000Z</time>
        <extensions>
          <ns3:TrackPointExtension/>
        </extensions>
      </trkpt>
      <trkpt lat="44.03264111839234828948974609375" lon="-121.3074217177927494049072265625">
        <ele>1148.4000244140625</ele>
        <time>2025-08-08T19:37:04.000Z</time>
        <extensions>
          <ns3:TrackPointExtension/>
        </extensions>
      </trkpt>
      <trkpt lat="44.03267079032957553863525390625" lon="-121.30723857320845127105712890625">
        <ele>1148.199951171875</ele>
        <time>2025-08-08T19:37:06.000Z</time>
        <extensions>
          <ns3:TrackPointExtension/>
        </extensions>
      </trkpt>
      <trkpt lat="44.03267665766179561614990234375" lon="-121.30697437562048435211181640625">
        <ele>1146.800048828125</ele>
        <time>2025-08-08T19:37:09.000Z</time>
        <extensions>
          <ns3:TrackPointExtension/>
        </extensions>
      </trkpt>
      <trkpt lat="44.03267799876630306243896484375" lon="-121.30673683248460292816162109375">
        <ele>1145</ele>
        <time>2025-08-08T19:37:12.000Z</time>
        <extensions>
          <ns3:TrackPointExtension/>
        </extensions>
      </trkpt>
      <trkpt lat="44.03265654109418392181396484375" lon="-121.30664362572133541107177734375">
        <ele>1143.800048828125</ele>
        <time>2025-08-08T19:37:14.000Z</time>
        <extensions>
          <ns3:TrackPointExtension/>
        </extensions>
      </trkpt>
      <trkpt lat="44.03264455497264862060546875" lon="-121.3066054880619049072265625">
        <ele>1142.800048828125</ele>
        <time>2025-08-08T19:37:16.000Z</time>
        <extensions>
          <ns3:TrackPointExtension/>
        </extensions>
      </trkpt>
      <trkpt lat="44.0326185710728168487548828125" lon="-121.30653499625623226165771484375">
        <ele>1142</ele>
        <time>2025-08-08T19:37:22.000Z</time>
        <extensions>
          <ns3:TrackPointExtension/>
        </extensions>
      </trkpt>
      <trkpt lat="44.0326249413192272186279296875" lon="-121.306483447551727294921875">
        <ele>1142</ele>
        <time>2025-08-08T19:37:23.000Z</time>
        <extensions>
          <ns3:TrackPointExtension/>
        </extensions>
      </trkpt>
      <trkpt lat="44.03268453665077686309814453125" lon="-121.306353695690631866455078125">
        <ele>1141.800048828125</ele>
        <time>2025-08-08T19:37:25.000Z</time>
        <extensions>
          <ns3:TrackPointExtension/>
        </extensions>
      </trkpt>
      <trkpt lat="44.03288863599300384521484375" lon="-121.3061575591564178466796875">
        <ele>1142.800048828125</ele>
        <time>2025-08-08T19:37:28.000Z</time>
        <extensions>
          <ns3:TrackPointExtension/>
        </extensions>
      </trkpt>
      <trkpt lat="44.03328669257462024688720703125" lon="-121.30581364966928958892822265625">
        <ele>1142</ele>
        <time>2025-08-08T19:37:32.000Z</time>
        <extensions>
          <ns3:TrackPointExtension/>
        </extensions>
      </trkpt>
      <trkpt lat="44.0337256528437137603759765625" lon="-121.305432021617889404296875">
        <ele>1141.800048828125</ele>
        <time>2025-08-08T19:37:36.000Z</time>
        <extensions>
          <ns3:TrackPointExtension/>
        </extensions>
      </trkpt>
      <trkpt lat="44.03416226617991924285888671875" lon="-121.30504838190972805023193359375">
        <ele>1143.800048828125</ele>
        <time>2025-08-08T19:37:40.000Z</time>
        <extensions>
          <ns3:TrackPointExtension/>
        </extensions>
      </trkpt>
      <trkpt lat="44.03438136912882328033447265625" lon="-121.30485601723194122314453125">
        <ele>1143.5999755859375</ele>
        <time>2025-08-08T19:37:42.000Z</time>
        <extensions>
          <ns3:TrackPointExtension/>
        </extensions>
      </trkpt>
      <trkpt lat="44.034810774028301239013671875" lon="-121.30446173250675201416015625">
        <ele>1142.5999755859375</ele>
        <time>2025-08-08T19:37:46.000Z</time>
        <extensions>
          <ns3:TrackPointExtension/>
        </extensions>
      </trkpt>
      <trkpt lat="44.03520916588604450225830078125" lon="-121.30411815829575061798095703125">
        <ele>1142.5999755859375</ele>
        <time>2025-08-08T19:37:50.000Z</time>
        <extensions>
          <ns3:TrackPointExtension/>
        </extensions>
      </trkpt>
      <trkpt lat="44.03555165044963359832763671875" lon="-121.303924955427646636962890625">
        <ele>1141.800048828125</ele>
        <time>2025-08-08T19:37:54.000Z</time>
        <extensions>
          <ns3:TrackPointExtension/>
        </extensions>
      </trkpt>
      <trkpt lat="44.0356471203267574310302734375" lon="-121.3038540445268154144287109375">
        <ele>1141.199951171875</ele>
        <time>2025-08-08T19:37:56.000Z</time>
        <extensions>
          <ns3:TrackPointExtension/>
        </extensions>
      </trkpt>
      <trkpt lat="44.03567436151206493377685546875" lon="-121.30382009781897068023681640625">
        <ele>1141.199951171875</ele>
        <time>2025-08-08T19:37:57.000Z</time>
        <extensions>
          <ns3:TrackPointExtension/>
        </extensions>
      </trkpt>
      <trkpt lat="44.03568609617650508880615234375" lon="-121.30367777310311794281005859375">
        <ele>1141</ele>
        <time>2025-08-08T19:38:00.000Z</time>
        <extensions>
          <ns3:TrackPointExtension/>
        </extensions>
      </trkpt>
      <trkpt lat="44.0356209687888622283935546875" lon="-121.30354768596589565277099609375">
        <ele>1141.199951171875</ele>
        <time>2025-08-08T19:38:02.000Z</time>
        <extensions>
          <ns3:TrackPointExtension/>
        </extensions>
      </trkpt>
      <trkpt lat="44.0355726890265941619873046875" lon="-121.30347526632249355316162109375">
        <ele>1141.199951171875</ele>
        <time>2025-08-08T19:38:03.000Z</time>
        <extensions>
          <ns3:TrackPointExtension/>
        </extensions>
      </trkpt>
      <trkpt lat="44.0352826751768589019775390625" lon="-121.30308433435857295989990234375">
        <ele>1140.800048828125</ele>
        <time>2025-08-08T19:38:07.000Z</time>
        <extensions>
          <ns3:TrackPointExtension/>
        </extensions>
      </trkpt>
      <trkpt lat="44.03489216230809688568115234375" lon="-121.30254822783172130584716796875">
        <ele>1143</ele>
        <time>2025-08-08T19:38:11.000Z</time>
        <extensions>
          <ns3:TrackPointExtension/>
        </extensions>
      </trkpt>
      <trkpt lat="44.034507684409618377685546875" lon="-121.30210138857364654541015625">
        <ele>1145.800048828125</ele>
        <time>2025-08-08T19:38:15.000Z</time>
        <extensions>
          <ns3:TrackPointExtension/>
        </extensions>
      </trkpt>
      <trkpt lat="44.034030921757221221923828125" lon="-121.30182285793125629425048828125">
        <ele>1145</ele>
        <time>2025-08-08T19:38:19.000Z</time>
        <extensions>
          <ns3:TrackPointExtension/>
        </extensions>
      </trkpt>
      <trkpt lat="44.03349305503070354461669921875" lon="-121.301687657833099365234375">
        <ele>1142.4000244140625</ele>
        <time>2025-08-08T19:38:23.000Z</time>
        <extensions>
          <ns3:TrackPointExtension/>
        </extensions>
      </trkpt>
      <trkpt lat="44.032898359000682830810546875" lon="-121.30170484073460102081298828125">
        <ele>1141.199951171875</ele>
        <time>2025-08-08T19:38:27.000Z</time>
        <extensions>
          <ns3:TrackPointExtension/>
        </extensions>
      </trkpt>
      <trkpt lat="44.0324304811656475067138671875" lon="-121.3016995601356029510498046875">
        <ele>1142</ele>
        <time>2025-08-08T19:38:30.000Z</time>
        <extensions>
          <ns3:TrackPointExtension/>
        </extensions>
      </trkpt>
      <trkpt lat="44.0319671295583248138427734375" lon="-121.30170132033526897430419921875">
        <ele>1141.5999755859375</ele>
        <time>2025-08-08T19:38:33.000Z</time>
        <extensions>
          <ns3:TrackPointExtension/>
        </extensions>
      </trkpt>
      <trkpt lat="44.0314910374581813812255859375" lon="-121.3017131388187408447265625">
        <ele>1140.800048828125</ele>
        <time>2025-08-08T19:38:36.000Z</time>
        <extensions>
          <ns3:TrackPointExtension/>
        </extensions>
      </trkpt>
      <trkpt lat="44.0310139395296573638916015625" lon="-121.3017223589122295379638671875">
        <ele>1140.4000244140625</ele>
        <time>2025-08-08T19:38:39.000Z</time>
        <extensions>
          <ns3:TrackPointExtension/>
        </extensions>
      </trkpt>
      <trkpt lat="44.03070959262549877166748046875" lon="-121.3017317466437816619873046875">
        <ele>1140</ele>
        <time>2025-08-08T19:38:41.000Z</time>
        <extensions>
          <ns3:TrackPointExtension/>
        </extensions>
      </trkpt>
      <trkpt lat="44.03014599345624446868896484375" lon="-121.30175538361072540283203125">
        <ele>1139.5999755859375</ele>
        <time>2025-08-08T19:38:45.000Z</time>
        <extensions>
          <ns3:TrackPointExtension/>
        </extensions>
      </trkpt>
      <trkpt lat="44.02981641702353954315185546875" lon="-121.30170081742107868194580078125">
        <ele>1141.199951171875</ele>
        <time>2025-08-08T19:38:48.000Z</time>
        <extensions>
          <ns3:TrackPointExtension/>
        </extensions>
      </trkpt>
      <trkpt lat="44.0296832285821437835693359375" lon="-121.30152597092092037200927734375">
        <ele>1141.5999755859375</ele>
        <time>2025-08-08T19:38:50.000Z</time>
        <extensions>
          <ns3:TrackPointExtension/>
        </extensions>
      </trkpt>
      <trkpt lat="44.02966068126261234283447265625" lon="-121.30140133202075958251953125">
        <ele>1141.4000244140625</ele>
        <time>2025-08-08T19:38:51.000Z</time>
        <extensions>
          <ns3:TrackPointExtension/>
        </extensions>
      </trkpt>
      <trkpt lat="44.02965632267296314239501953125" lon="-121.3012625277042388916015625">
        <ele>1141.199951171875</ele>
        <time>2025-08-08T19:38:52.000Z</time>
        <extensions>
          <ns3:TrackPointExtension/>
        </extensions>
      </trkpt>
      <trkpt lat="44.02966386638581752777099609375" lon="-121.30096614360809326171875">
        <ele>1141</ele>
        <time>2025-08-08T19:38:54.000Z</time>
        <extensions>
          <ns3:TrackPointExtension/>
        </extensions>
      </trkpt>
      <trkpt lat="44.0296812169253826141357421875" lon="-121.300294585525989532470703125">
        <ele>1141.800048828125</ele>
        <time>2025-08-08T19:38:58.000Z</time>
        <extensions>
          <ns3:TrackPointExtension/>
        </extensions>
      </trkpt>
      <trkpt lat="44.0296845696866512298583984375" lon="-121.29952018149197101593017578125">
        <ele>1142.5999755859375</ele>
        <time>2025-08-08T19:39:02.000Z</time>
        <extensions>
          <ns3:TrackPointExtension/>
        </extensions>
      </trkpt>
      <trkpt lat="44.0296818874776363372802734375" lon="-121.29931616596877574920654296875">
        <ele>1142.5999755859375</ele>
        <time>2025-08-08T19:39:03.000Z</time>
        <extensions>
          <ns3:TrackPointExtension/>
        </extensions>
      </trkpt>
      <trkpt lat="44.02967627160251140594482421875" lon="-121.29869087599217891693115234375">
        <ele>1142.800048828125</ele>
        <time>2025-08-08T19:39:06.000Z</time>
        <extensions>
          <ns3:TrackPointExtension/>
        </extensions>
      </trkpt>
      <trkpt lat="44.02967342175543308258056640625" lon="-121.29826876334846019744873046875">
        <ele>1142.4000244140625</ele>
        <time>2025-08-08T19:39:08.000Z</time>
        <extensions>
          <ns3:TrackPointExtension/>
        </extensions>
      </trkpt>
      <trkpt lat="44.0296765230596065521240234375" lon="-121.29762553609907627105712890625">
        <ele>1142</ele>
        <time>2025-08-08T19:39:11.000Z</time>
        <extensions>
          <ns3:TrackPointExtension/>
        </extensions>
      </trkpt>
      <trkpt lat="44.029681049287319183349609375" lon="-121.29697811789810657501220703125">
        <ele>1141.800048828125</ele>
        <time>2025-08-08T19:39:14.000Z</time>
        <extensions>
          <ns3:TrackPointExtension/>
        </extensions>
      </trkpt>
      <trkpt lat="44.02968582697212696075439453125" lon="-121.2965445220470428466796875">
        <ele>1141.5999755859375</ele>
        <time>2025-08-08T19:39:16.000Z</time>
        <extensions>
          <ns3:TrackPointExtension/>
        </extensions>
      </trkpt>
      <trkpt lat="44.0296855755150318145751953125" lon="-121.29590607248246669769287109375">
        <ele>1142</ele>
        <time>2025-08-08T19:39:19.000Z</time>
        <extensions>
          <ns3:TrackPointExtension/>
        </extensions>
      </trkpt>
      <trkpt lat="44.02968063019216060638427734375" lon="-121.29508397541940212249755859375">
        <ele>1140.800048828125</ele>
        <time>2025-08-08T19:39:23.000Z</time>
        <extensions>
          <ns3:TrackPointExtension/>
        </extensions>
      </trkpt>
      <trkpt lat="44.0296773612499237060546875" lon="-121.294676028192043304443359375">
        <ele>1140.4000244140625</ele>
        <time>2025-08-08T19:39:25.000Z</time>
        <extensions>
          <ns3:TrackPointExtension/>
        </extensions>
      </trkpt>
      <trkpt lat="44.0296349488198757171630859375" lon="-121.2939271889626979827880859375">
        <ele>1140.800048828125</ele>
        <time>2025-08-08T19:39:29.000Z</time>
        <extensions>
          <ns3:TrackPointExtension/>
        </extensions>
      </trkpt>
      <trkpt lat="44.029612652957439422607421875" lon="-121.29376499913632869720458984375">
        <ele>1140.800048828125</ele>
        <time>2025-08-08T19:39:30.000Z</time>
        <extensions>
          <ns3:TrackPointExtension/>
        </extensions>
      </trkpt>
      <trkpt lat="44.0295098908245563507080078125" lon="-121.2932321615517139434814453125">
        <ele>1140.4000244140625</ele>
        <time>2025-08-08T19:39:34.000Z</time>
        <extensions>
          <ns3:TrackPointExtension/>
        </extensions>
      </trkpt>
      <trkpt lat="44.0294636227190494537353515625" lon="-121.29308355040848255157470703125">
        <ele>1140.5999755859375</ele>
        <time>2025-08-08T19:39:36.000Z</time>
        <extensions>
          <ns3:TrackPointExtension/>
        </extensions>
      </trkpt>
      <trkpt lat="44.0294465236365795135498046875" lon="-121.29304583184421062469482421875">
        <ele>1140.5999755859375</ele>
        <time>2025-08-08T19:39:37.000Z</time>
        <extensions>
          <ns3:TrackPointExtension/>
        </extensions>
      </trkpt>
      <trkpt lat="44.02941106818616390228271484375" lon="-121.29301942884922027587890625">
        <ele>1141</ele>
        <time>2025-08-08T19:39:39.000Z</time>
        <extensions>
          <ns3:TrackPointExtension/>
        </extensions>
      </trkpt>
      <trkpt lat="44.02937804348766803741455078125" lon="-121.293024122714996337890625">
        <ele>1141</ele>
        <time>2025-08-08T19:39:40.000Z</time>
        <extensions>
          <ns3:TrackPointExtension/>
        </extensions>
      </trkpt>
      <trkpt lat="44.0293315239250659942626953125" lon="-121.29305002279579639434814453125">
        <ele>1141</ele>
        <time>2025-08-08T19:39:41.000Z</time>
        <extensions>
          <ns3:TrackPointExtension/>
        </extensions>
      </trkpt>
      <trkpt lat="44.029217697679996490478515625" lon="-121.2931754998862743377685546875">
        <ele>1141</ele>
        <time>2025-08-08T19:39:43.000Z</time>
        <extensions>
          <ns3:TrackPointExtension/>
        </extensions>
      </trkpt>
      <trkpt lat="44.02897286228835582733154296875" lon="-121.29345302470028400421142578125">
        <ele>1140.800048828125</ele>
        <time>2025-08-08T19:39:46.000Z</time>
        <extensions>
          <ns3:TrackPointExtension/>
        </extensions>
      </trkpt>
      <trkpt lat="44.028607495129108428955078125" lon="-121.29372359253466129302978515625">
        <ele>1140.4000244140625</ele>
        <time>2025-08-08T19:39:49.000Z</time>
        <extensions>
          <ns3:TrackPointExtension/>
        </extensions>
      </trkpt>
      <trkpt lat="44.02817725203931331634521484375" lon="-121.293890140950679779052734375">
        <ele>1139.4000244140625</ele>
        <time>2025-08-08T19:39:52.000Z</time>
        <extensions>
          <ns3:TrackPointExtension/>
        </extensions>
      </trkpt>
      <trkpt lat="44.0280246175825595855712890625" lon="-121.2939100898802280426025390625">
        <ele>1138.800048828125</ele>
        <time>2025-08-08T19:39:53.000Z</time>
        <extensions>
          <ns3:TrackPointExtension/>
        </extensions>
      </trkpt>
      <trkpt lat="44.027718342840671539306640625" lon="-121.293912269175052642822265625">
        <ele>1137.5999755859375</ele>
        <time>2025-08-08T19:39:55.000Z</time>
        <extensions>
          <ns3:TrackPointExtension/>
        </extensions>
      </trkpt>
      <trkpt lat="44.027261696755886077880859375" lon="-121.29390715621411800384521484375">
        <ele>1136.199951171875</ele>
        <time>2025-08-08T19:39:58.000Z</time>
        <extensions>
          <ns3:TrackPointExtension/>
        </extensions>
      </trkpt>
      <trkpt lat="44.02679909951984882354736328125" lon="-121.29390849731862545013427734375">
        <ele>1135.4000244140625</ele>
        <time>2025-08-08T19:40:01.000Z</time>
        <extensions>
          <ns3:TrackPointExtension/>
        </extensions>
      </trkpt>
      <trkpt lat="44.02664587832987308502197265625" lon="-121.29391319118440151214599609375">
        <ele>1135.199951171875</ele>
        <time>2025-08-08T19:40:02.000Z</time>
        <extensions>
          <ns3:TrackPointExtension/>
        </extensions>
      </trkpt>
      <trkpt lat="44.02605302631855010986328125" lon="-121.29391729831695556640625">
        <ele>1136</ele>
        <time>2025-08-08T19:40:06.000Z</time>
        <extensions>
          <ns3:TrackPointExtension/>
        </extensions>
      </trkpt>
      <trkpt lat="44.02547509409487247467041015625" lon="-121.2939305417239665985107421875">
        <ele>1136.199951171875</ele>
        <time>2025-08-08T19:40:10.000Z</time>
        <extensions>
          <ns3:TrackPointExtension/>
        </extensions>
      </trkpt>
      <trkpt lat="44.025040157139301300048828125" lon="-121.29393196664750576019287109375">
        <ele>1137</ele>
        <time>2025-08-08T19:40:13.000Z</time>
        <extensions>
          <ns3:TrackPointExtension/>
        </extensions>
      </trkpt>
      <trkpt lat="44.0244757197797298431396484375" lon="-121.2939328886568546295166015625">
        <ele>1137.800048828125</ele>
        <time>2025-08-08T19:40:17.000Z</time>
        <extensions>
          <ns3:TrackPointExtension/>
        </extensions>
      </trkpt>
      <trkpt lat="44.0239117853343486785888671875" lon="-121.29393406212329864501953125">
        <ele>1138</ele>
        <time>2025-08-08T19:40:21.000Z</time>
        <extensions>
          <ns3:TrackPointExtension/>
        </extensions>
      </trkpt>
      <trkpt lat="44.02332815341651439666748046875" lon="-121.2939335592091083526611328125">
        <ele>1138.199951171875</ele>
        <time>2025-08-08T19:40:25.000Z</time>
        <extensions>
          <ns3:TrackPointExtension/>
        </extensions>
      </trkpt>
      <trkpt lat="44.0231778658926486968994140625" lon="-121.29393272101879119873046875">
        <ele>1138.199951171875</ele>
        <time>2025-08-08T19:40:26.000Z</time>
        <extensions>
          <ns3:TrackPointExtension/>
        </extensions>
      </trkpt>
      <trkpt lat="44.0227215550839900970458984375" lon="-121.29393045790493488311767578125">
        <ele>1137.5999755859375</ele>
        <time>2025-08-08T19:40:29.000Z</time>
        <extensions>
          <ns3:TrackPointExtension/>
        </extensions>
      </trkpt>
      <trkpt lat="44.02226516045629978179931640625" lon="-121.2939194776117801666259765625">
        <ele>1137</ele>
        <time>2025-08-08T19:40:32.000Z</time>
        <extensions>
          <ns3:TrackPointExtension/>
        </extensions>
      </trkpt>
      <trkpt lat="44.0219567902386188507080078125" lon="-121.2939191423356533050537109375">
        <ele>1137.199951171875</ele>
        <time>2025-08-08T19:40:34.000Z</time>
        <extensions>
          <ns3:TrackPointExtension/>
        </extensions>
      </trkpt>
      <trkpt lat="44.02149595320224761962890625" lon="-121.29392308183014392852783203125">
        <ele>1138.5999755859375</ele>
        <time>2025-08-08T19:40:37.000Z</time>
        <extensions>
          <ns3:TrackPointExtension/>
        </extensions>
      </trkpt>
      <trkpt lat="44.0209016762673854827880859375" lon="-121.29392308183014392852783203125">
        <ele>1139.4000244140625</ele>
        <time>2025-08-08T19:40:41.000Z</time>
        <extensions>
          <ns3:TrackPointExtension/>
        </extensions>
      </trkpt>
      <trkpt lat="44.02034352533519268035888671875" lon="-121.29392408765852451324462890625">
        <ele>1139.4000244140625</ele>
        <time>2025-08-08T19:40:45.000Z</time>
        <extensions>
          <ns3:TrackPointExtension/>
        </extensions>
      </trkpt>
      <trkpt lat="44.01994756422936916351318359375" lon="-121.29391537047922611236572265625">
        <ele>1139.199951171875</ele>
        <time>2025-08-08T19:40:48.000Z</time>
        <extensions>
          <ns3:TrackPointExtension/>
        </extensions>
      </trkpt>
      <trkpt lat="44.01948169805109500885009765625" lon="-121.29390866495668888092041015625">
        <ele>1140.4000244140625</ele>
        <time>2025-08-08T19:40:52.000Z</time>
        <extensions>
          <ns3:TrackPointExtension/>
        </extensions>
      </trkpt>
      <trkpt lat="44.01938949711620807647705078125" lon="-121.29390589892864227294921875">
        <ele>1140.4000244140625</ele>
        <time>2025-08-08T19:40:53.000Z</time>
        <extensions>
          <ns3:TrackPointExtension/>
        </extensions>
      </trkpt>
      <trkpt lat="44.01920911855995655059814453125" lon="-121.293883435428142547607421875">
        <ele>1141.5999755859375</ele>
        <time>2025-08-08T19:40:56.000Z</time>
        <extensions>
          <ns3:TrackPointExtension/>
        </extensions>
      </trkpt>
      <trkpt lat="44.01918766088783740997314453125" lon="-121.293892152607440948486328125">
        <ele>1143</ele>
        <time>2025-08-08T19:40:59.000Z</time>
        <extensions>
          <ns3:TrackPointExtension/>
        </extensions>
      </trkpt>
      <trkpt lat="44.0191853977739810943603515625" lon="-121.2938926555216312408447265625">
        <ele>1142.4000244140625</ele>
        <time>2025-08-08T19:41:05.000Z</time>
        <extensions>
          <ns3:TrackPointExtension/>
        </extensions>
      </trkpt>
      <trkpt lat="44.01896872557699680328369140625" lon="-121.29401897080242633819580078125">
        <ele>1141.5999755859375</ele>
        <time>2025-08-08T19:41:11.000Z</time>
        <extensions>
          <ns3:TrackPointExtension/>
        </extensions>
      </trkpt>
      <trkpt lat="44.01881952770054340362548828125" lon="-121.2940009497106075286865234375">
        <ele>1141.4000244140625</ele>
        <time>2025-08-08T19:41:14.000Z</time>
        <extensions>
          <ns3:TrackPointExtension/>
        </extensions>
      </trkpt>
      <trkpt lat="44.0187639556825160980224609375" lon="-121.29389525391161441802978515625">
        <ele>1141.199951171875</ele>
        <time>2025-08-08T19:41:16.000Z</time>
        <extensions>
          <ns3:TrackPointExtension/>
        </extensions>
      </trkpt>
      <trkpt lat="44.0187619440257549285888671875" lon="-121.2938239239156246185302734375">
        <ele>1140.800048828125</ele>
        <time>2025-08-08T19:41:17.000Z</time>
        <extensions>
          <ns3:TrackPointExtension/>
        </extensions>
      </trkpt>
      <trkpt lat="44.01878164149820804595947265625" lon="-121.2937454693019390106201171875">
        <ele>1140.5999755859375</ele>
        <time>2025-08-08T19:41:18.000Z</time>
        <extensions>
          <ns3:TrackPointExtension/>
        </extensions>
      </trkpt>
      <trkpt lat="44.018856994807720184326171875" lon="-121.293566264212131500244140625">
        <ele>1139.5999755859375</ele>
        <time>2025-08-08T19:41:20.000Z</time>
        <extensions>
          <ns3:TrackPointExtension/>
        </extensions>
      </trkpt>
      <trkpt lat="44.01889546774327754974365234375" lon="-121.2934574671089649200439453125">
        <ele>1139.5999755859375</ele>
        <time>2025-08-08T19:41:21.000Z</time>
        <extensions>
          <ns3:TrackPointExtension/>
        </extensions>
      </trkpt>
      <trkpt lat="44.01892497204244136810302734375" lon="-121.29333199001848697662353515625">
        <ele>1139.4000244140625</ele>
        <time>2025-08-08T19:41:22.000Z</time>
        <extensions>
          <ns3:TrackPointExtension/>
        </extensions>
      </trkpt>
      <trkpt lat="44.0189758501946926116943359375" lon="-121.2928710691630840301513671875">
        <ele>1140</ele>
        <time>2025-08-08T19:41:25.000Z</time>
        <extensions>
          <ns3:TrackPointExtension/>
        </extensions>
      </trkpt>
      <trkpt lat="44.0190053544938564300537109375" lon="-121.2921483814716339111328125">
        <ele>1141.199951171875</ele>
        <time>2025-08-08T19:41:29.000Z</time>
        <extensions>
          <ns3:TrackPointExtension/>
        </extensions>
      </trkpt>
      <trkpt lat="44.01901164092123508453369140625" lon="-121.2919534184038639068603515625">
        <ele>1141.4000244140625</ele>
        <time>2025-08-08T19:41:30.000Z</time>
        <extensions>
          <ns3:TrackPointExtension/>
        </extensions>
      </trkpt>
      <trkpt lat="44.01902966201305389404296875" lon="-121.2913415394723415374755859375">
        <ele>1142</ele>
        <time>2025-08-08T19:41:33.000Z</time>
        <extensions>
          <ns3:TrackPointExtension/>
        </extensions>
      </trkpt>
      <trkpt lat="44.01904986239969730377197265625" lon="-121.29070996306836605072021484375">
        <ele>1143.199951171875</ele>
        <time>2025-08-08T19:41:36.000Z</time>
        <extensions>
          <ns3:TrackPointExtension/>
        </extensions>
      </trkpt>
      <trkpt lat="44.01907567866146564483642578125" lon="-121.29006304778158664703369140625">
        <ele>1145.800048828125</ele>
        <time>2025-08-08T19:41:39.000Z</time>
        <extensions>
          <ns3:TrackPointExtension/>
        </extensions>
      </trkpt>
      <trkpt lat="44.019102416932582855224609375" lon="-121.28942652605473995208740234375">
        <ele>1147.800048828125</ele>
        <time>2025-08-08T19:41:42.000Z</time>
        <extensions>
          <ns3:TrackPointExtension/>
        </extensions>
      </trkpt>
      <trkpt lat="44.01913703419268131256103515625" lon="-121.2886056862771511077880859375">
        <ele>1147.4000244140625</ele>
        <time>2025-08-08T19:41:46.000Z</time>
        <extensions>
          <ns3:TrackPointExtension/>
        </extensions>
      </trkpt>
      <trkpt lat="44.01915748603641986846923828125" lon="-121.288408376276493072509765625">
        <ele>1146.800048828125</ele>
        <time>2025-08-08T19:41:47.000Z</time>
        <extensions>
          <ns3:TrackPointExtension/>
        </extensions>
      </trkpt>
      <trkpt lat="44.01919168420135974884033203125" lon="-121.28821383230388164520263671875">
        <ele>1146</ele>
        <time>2025-08-08T19:41:48.000Z</time>
        <extensions>
          <ns3:TrackPointExtension/>
        </extensions>
      </trkpt>
      <trkpt lat="44.01929997839033603668212890625" lon="-121.2878407537937164306640625">
        <ele>1144</ele>
        <time>2025-08-08T19:41:50.000Z</time>
        <extensions>
          <ns3:TrackPointExtension/>
        </extensions>
      </trkpt>
      <trkpt lat="44.019462168216705322265625" lon="-121.28749986179172992706298828125">
        <ele>1141.800048828125</ele>
        <time>2025-08-08T19:41:52.000Z</time>
        <extensions>
          <ns3:TrackPointExtension/>
        </extensions>
      </trkpt>
      <trkpt lat="44.019565097987651824951171875" lon="-121.28734764643013477325439453125">
        <ele>1140.800048828125</ele>
        <time>2025-08-08T19:41:53.000Z</time>
        <extensions>
          <ns3:TrackPointExtension/>
        </extensions>
      </trkpt>
      <trkpt lat="44.01967967860400676727294921875" lon="-121.2872075848281383514404296875">
        <ele>1139.800048828125</ele>
        <time>2025-08-08T19:41:54.000Z</time>
        <extensions>
          <ns3:TrackPointExtension/>
        </extensions>
      </trkpt>
      <trkpt lat="44.0200507454574108123779296875" lon="-121.2868109531700611114501953125">
        <ele>1137</ele>
        <time>2025-08-08T19:41:57.000Z</time>
        <extensions>
          <ns3:TrackPointExtension/>
        </extensions>
      </trkpt>
      <trkpt lat="44.0202783979475498199462890625" lon="-121.28652605228126049041748046875">
        <ele>1135.199951171875</ele>
        <time>2025-08-08T19:41:59.000Z</time>
        <extensions>
          <ns3:TrackPointExtension/>
        </extensions>
      </trkpt>
      <trkpt lat="44.020372442901134490966796875" lon="-121.2863663770258426666259765625">
        <ele>1134.5999755859375</ele>
        <time>2025-08-08T19:42:00.000Z</time>
        <extensions>
          <ns3:TrackPointExtension/>
        </extensions>
      </trkpt>
      <trkpt lat="44.0204537473618984222412109375" lon="-121.286197565495967864990234375">
        <ele>1134.199951171875</ele>
        <time>2025-08-08T19:42:01.000Z</time>
        <extensions>
          <ns3:TrackPointExtension/>
        </extensions>
      </trkpt>
      <trkpt lat="44.02057335712015628814697265625" lon="-121.285849548876285552978515625">
        <ele>1133.5999755859375</ele>
        <time>2025-08-08T19:42:03.000Z</time>
        <extensions>
          <ns3:TrackPointExtension/>
        </extensions>
      </trkpt>
      <trkpt lat="44.02065105736255645751953125" lon="-121.28536666743457317352294921875">
        <ele>1133.5999755859375</ele>
        <time>2025-08-08T19:42:06.000Z</time>
        <extensions>
          <ns3:TrackPointExtension/>
        </extensions>
      </trkpt>
      <trkpt lat="44.0206570923328399658203125" lon="-121.28512375988066196441650390625">
        <ele>1134</ele>
        <time>2025-08-08T19:42:08.000Z</time>
        <extensions>
          <ns3:TrackPointExtension/>
        </extensions>
      </trkpt>
      <trkpt lat="44.02064426802098751068115234375" lon="-121.2850212492048740386962890625">
        <ele>1134.199951171875</ele>
        <time>2025-08-08T19:42:09.000Z</time>
        <extensions>
          <ns3:TrackPointExtension/>
        </extensions>
      </trkpt>
      <trkpt lat="44.0206168591976165771484375" lon="-121.2849290482699871063232421875">
        <ele>1134.199951171875</ele>
        <time>2025-08-08T19:42:10.000Z</time>
        <extensions>
          <ns3:TrackPointExtension/>
        </extensions>
      </trkpt>
      <trkpt lat="44.02056564576923847198486328125" lon="-121.28476216457784175872802734375">
        <ele>1134.4000244140625</ele>
        <time>2025-08-08T19:42:12.000Z</time>
        <extensions>
          <ns3:TrackPointExtension/>
        </extensions>
      </trkpt>
      <trkpt lat="44.02057872153818607330322265625" lon="-121.28460475243628025054931640625">
        <ele>1134.199951171875</ele>
        <time>2025-08-08T19:42:14.000Z</time>
        <extensions>
          <ns3:TrackPointExtension/>
        </extensions>
      </trkpt>
      <trkpt lat="44.02060772292315959930419921875" lon="-121.28453149460256099700927734375">
        <ele>1134</ele>
        <time>2025-08-08T19:42:15.000Z</time>
        <extensions>
          <ns3:TrackPointExtension/>
        </extensions>
      </trkpt>
      <trkpt lat="44.02063806541264057159423828125" lon="-121.28444968722760677337646484375">
        <ele>1133.5999755859375</ele>
        <time>2025-08-08T19:42:16.000Z</time>
        <extensions>
          <ns3:TrackPointExtension/>
        </extensions>
      </trkpt>
      <trkpt lat="44.02066119946539402008056640625" lon="-121.28424768336117267608642578125">
        <ele>1133</ele>
        <time>2025-08-08T19:42:18.000Z</time>
        <extensions>
          <ns3:TrackPointExtension/>
        </extensions>
      </trkpt>
      <trkpt lat="44.02061845175921916961669921875" lon="-121.28403729759156703948974609375">
        <ele>1132.800048828125</ele>
        <time>2025-08-08T19:42:20.000Z</time>
        <extensions>
          <ns3:TrackPointExtension/>
        </extensions>
      </trkpt>
      <trkpt lat="44.0205818228423595428466796875" lon="-121.2839483655989170074462890625">
        <ele>1133</ele>
        <time>2025-08-08T19:42:21.000Z</time>
        <extensions>
          <ns3:TrackPointExtension/>
        </extensions>
      </trkpt>
      <trkpt lat="44.02054334990680217742919921875" lon="-121.28387846052646636962890625">
        <ele>1132.800048828125</ele>
        <time>2025-08-08T19:42:22.000Z</time>
        <extensions>
          <ns3:TrackPointExtension/>
        </extensions>
      </trkpt>
      <trkpt lat="44.0204798988997936248779296875" lon="-121.2838018499314785003662109375">
        <ele>1133</ele>
        <time>2025-08-08T19:42:24.000Z</time>
        <extensions>
          <ns3:TrackPointExtension/>
        </extensions>
      </trkpt>
      <trkpt lat="44.020308740437030792236328125" lon="-121.283614598214626312255859375">
        <ele>1134.5999755859375</ele>
        <time>2025-08-08T19:42:29.000Z</time>
        <extensions>
          <ns3:TrackPointExtension/>
        </extensions>
      </trkpt>
      <trkpt lat="44.0202708542346954345703125" lon="-121.28354477696120738983154296875">
        <ele>1135.5999755859375</ele>
        <time>2025-08-08T19:42:30.000Z</time>
        <extensions>
          <ns3:TrackPointExtension/>
        </extensions>
      </trkpt>
      <trkpt lat="44.0202026255428791046142578125" lon="-121.28336272202432155609130859375">
        <ele>1136.4000244140625</ele>
        <time>2025-08-08T19:42:32.000Z</time>
        <extensions>
          <ns3:TrackPointExtension/>
        </extensions>
      </trkpt>
      <trkpt lat="44.02017169632017612457275390625" lon="-121.2831473909318447113037109375">
        <ele>1137</ele>
        <time>2025-08-08T19:42:34.000Z</time>
        <extensions>
          <ns3:TrackPointExtension/>
        </extensions>
      </trkpt>
      <trkpt lat="44.0201684273779392242431640625" lon="-121.28303834237158298492431640625">
        <ele>1137</ele>
        <time>2025-08-08T19:42:35.000Z</time>
        <extensions>
          <ns3:TrackPointExtension/>
        </extensions>
      </trkpt>
      <trkpt lat="44.02016934938728809356689453125" lon="-121.2823869846761226654052734375">
        <ele>1136</ele>
        <time>2025-08-08T19:42:41.000Z</time>
        <extensions>
          <ns3:TrackPointExtension/>
        </extensions>
      </trkpt>
      <trkpt lat="44.020166583359241485595703125" lon="-121.28180134110152721405029296875">
        <ele>1134.5999755859375</ele>
        <time>2025-08-08T19:42:48.000Z</time>
        <extensions>
          <ns3:TrackPointExtension/>
        </extensions>
      </trkpt>
      <trkpt lat="44.02012442238628864288330078125" lon="-121.2816815637052059173583984375">
        <ele>1134.5999755859375</ele>
        <time>2025-08-08T19:42:52.000Z</time>
        <extensions>
          <ns3:TrackPointExtension/>
        </extensions>
      </trkpt>
      <trkpt lat="44.02009106241166591644287109375" lon="-121.28166588954627513885498046875">
        <ele>1134.5999755859375</ele>
        <time>2025-08-08T19:42:53.000Z</time>
        <extensions>
          <ns3:TrackPointExtension/>
        </extensions>
      </trkpt>
      <trkpt lat="44.020006656646728515625" lon="-121.28166303969919681549072265625">
        <ele>1134.5999755859375</ele>
        <time>2025-08-08T19:42:55.000Z</time>
        <extensions>
          <ns3:TrackPointExtension/>
        </extensions>
      </trkpt>
      <trkpt lat="44.0198120288550853729248046875" lon="-121.28162196837365627288818359375">
        <ele>1134.5999755859375</ele>
        <time>2025-08-08T19:43:01.000Z</time>
        <extensions>
          <ns3:TrackPointExtension/>
        </extensions>
      </trkpt>
      <trkpt lat="44.0197907388210296630859375" lon="-121.2815370596945285797119140625">
        <ele>1135.4000244140625</ele>
        <time>2025-08-08T19:43:05.000Z</time>
        <extensions>
          <ns3:TrackPointExtension/>
        </extensions>
      </trkpt>
      <trkpt lat="44.019786380231380462646484375" lon="-121.28149959258735179901123046875">
        <ele>1136.4000244140625</ele>
        <time>2025-08-08T19:43:08.000Z</time>
        <extensions>
          <ns3:TrackPointExtension/>
        </extensions>
      </trkpt>
      <trkpt lat="44.01978394947946071624755859375" lon="-121.28148785792291164398193359375">
        <ele>1136.800048828125</ele>
        <time>2025-08-08T19:43:10.000Z</time>
        <extensions>
          <ns3:TrackPointExtension/>
        </extensions>
      </trkpt>
      <trkpt lat="44.01979744434356689453125" lon="-121.28148115240037441253662109375">
        <ele>1137.4000244140625</ele>
        <time>2025-08-08T19:43:16.000Z</time>
        <extensions>
          <ns3:TrackPointExtension/>
        </extensions>
      </trkpt>
      <trkpt lat="44.0198049880564212799072265625" lon="-121.28146313130855560302734375">
        <ele>1137.5999755859375</ele>
        <time>2025-08-08T19:43:24.000Z</time>
        <extensions>
          <ns3:TrackPointExtension/>
        </extensions>
      </trkpt>
      <trkpt lat="44.0198053233325481414794921875" lon="-121.28145718015730381011962890625">
        <ele>1137.800048828125</ele>
        <time>2025-08-08T19:43:37.000Z</time>
        <extensions>
          <ns3:TrackPointExtension/>
        </extensions>
      </trkpt>
      <trkpt lat="44.01982099749147891998291015625" lon="-121.281468831002712249755859375">
        <ele>1137.4000244140625</ele>
        <time>2025-08-08T19:43:45.000Z</time>
        <extensions>
          <ns3:TrackPointExtension/>
        </extensions>
      </trkpt>
      <trkpt lat="44.019827283918857574462890625" lon="-121.28150747157633304595947265625">
        <ele>1137.4000244140625</ele>
        <time>2025-08-08T19:43:51.000Z</time>
        <extensions>
          <ns3:TrackPointExtension/>
        </extensions>
      </trkpt>
      <trkpt lat="44.0198214165866374969482421875" lon="-121.2815652228891849517822265625">
        <ele>1137.800048828125</ele>
        <time>2025-08-08T19:44:04.000Z</time>
        <extensions>
          <ns3:TrackPointExtension/>
        </extensions>
      </trkpt>
      <trkpt lat="44.01980808936059474945068359375" lon="-121.28156983293592929840087890625">
        <ele>1137.5999755859375</ele>
        <time>2025-08-08T19:44:11.000Z</time>
        <extensions>
          <ns3:TrackPointExtension/>
        </extensions>
      </trkpt>
      <trkpt lat="44.01980213820934295654296875" lon="-121.28156983293592929840087890625">
        <ele>1137.800048828125</ele>
        <time>2025-08-08T19:44:22.000Z</time>
        <extensions>
          <ns3:TrackPointExtension/>
        </extensions>
      </trkpt>
      <trkpt lat="44.01978713460266590118408203125" lon="-121.2816004268825054168701171875">
        <ele>1138</ele>
        <time>2025-08-08T19:44:35.000Z</time>
        <extensions>
          <ns3:TrackPointExtension/>
        </extensions>
      </trkpt>
      <trkpt lat="44.01980624534189701080322265625" lon="-121.28161408938467502593994140625">
        <ele>1138.4000244140625</ele>
        <time>2025-08-08T19:44:43.000Z</time>
        <extensions>
          <ns3:TrackPointExtension/>
        </extensions>
      </trkpt>
      <trkpt lat="44.01980482041835784912109375" lon="-121.2816104851663112640380859375">
        <ele>1138.5999755859375</ele>
        <time>2025-08-08T19:44:52.000Z</time>
        <extensions>
          <ns3:TrackPointExtension/>
        </extensions>
      </trkpt>
      <trkpt lat="44.0197848714888095855712890625" lon="-121.281563378870487213134765625">
        <ele>1139.800048828125</ele>
        <time>2025-08-08T19:45:00.000Z</time>
        <extensions>
          <ns3:TrackPointExtension/>
        </extensions>
      </trkpt>
      <trkpt lat="44.0197731368243694305419921875" lon="-121.28150193952023983001708984375">
        <ele>1140.199951171875</ele>
        <time>2025-08-08T19:45:07.000Z</time>
        <extensions>
          <ns3:TrackPointExtension/>
        </extensions>
      </trkpt>
      <trkpt lat="44.01977523230016231536865234375" lon="-121.281490623950958251953125">
        <ele>1140.5999755859375</ele>
        <time>2025-08-08T19:45:13.000Z</time>
        <extensions>
          <ns3:TrackPointExtension/>
        </extensions>
      </trkpt>
      <trkpt lat="44.0198309719562530517578125" lon="-121.28142683766782283782958984375">
        <ele>1140</ele>
        <time>2025-08-08T19:45:21.000Z</time>
        <extensions>
          <ns3:TrackPointExtension/>
        </extensions>
      </trkpt>
      <trkpt lat="44.01983105577528476715087890625" lon="-121.2813873589038848876953125">
        <ele>1139.4000244140625</ele>
        <time>2025-08-08T19:45:29.000Z</time>
        <extensions>
          <ns3:TrackPointExtension/>
        </extensions>
      </trkpt>
      <trkpt lat="44.01981814764440059661865234375" lon="-121.28133715130388736724853515625">
        <ele>1139</ele>
        <time>2025-08-08T19:45:39.000Z</time>
        <extensions>
          <ns3:TrackPointExtension/>
        </extensions>
      </trkpt>
      <trkpt lat="44.0198016352951526641845703125" lon="-121.28132675774395465850830078125">
        <ele>1139</ele>
        <time>2025-08-08T19:45:47.000Z</time>
        <extensions>
          <ns3:TrackPointExtension/>
        </extensions>
      </trkpt>
      <trkpt lat="44.01980758644640445709228515625" lon="-121.28134855069220066070556640625">
        <ele>1139</ele>
        <time>2025-08-08T19:45:56.000Z</time>
        <extensions>
          <ns3:TrackPointExtension/>
        </extensions>
      </trkpt>
    </trkseg>
  </trk>
</gpx>
